time,open,high,low,close,volume
1780828500000,62462,62492.88,62298.39,62370.52,232.89012
1780830000000,62370.53,62754.45,62359.44,62621.96,794.29873
1780833600000,62621.97,62643.97,61577.12,61900.67,1957.0674
1780837200000,61900.66,61907.64,61649.12,61700.13,1146.18923
1780840800000,61700.14,62312.67,61696.98,61905.49,923.54392
1780844400000,61905.49,62219.92,61674.51,62093.99,527.33835
1780848000000,62093.99,62332,61966,62083.64,482.9603
1780851600000,62083.64,62330,62046.62,62160.01,573.97699
1780855200000,62160.01,62296,62022,62030.14,373.61361
1780858800000,62030.15,62036.78,61184,61328,1046.65633
1780862400000,61327.99,61962.47,61217.17,61878.01,569.10903
1780866000000,61878,62017.71,61652.01,61778.41,374.19369
1780869600000,61778.42,64234.68,61728.11,62865.87,4892.75492
1780873200000,62865.87,63444.11,62803.42,63332.01,1159.24525
1780876800000,63332.01,63863.06,63138.37,63631.42,1255.61981
1780880400000,63631.43,63643.99,62720.86,63211.41,1129.10442
1780884000000,63211.41,63260,62918,63129.93,502.88284
1780887600000,63129.94,63458,62978.36,63130.12,427.85473
1780891200000,63130.12,63171.1,62657.07,62684.61,553.63898
1780894800000,62684.61,62825.27,62408,62764,674.10723
1780898400000,62763.99,63144,62734,62988.03,629.53051
1780902000000,62988.58,63350,62812,63283.99,976.9078
1780905600000,63284,63284,62992.01,63132.83,490.75057
1780909200000,63132.84,63577.86,63128.47,63502,706.93226
1780912800000,63501.99,63568.19,63096.88,63172.3,982.6729
1780916400000,63172.3,63873.08,63058,63479.61,1572.11873
1780920000000,63479.62,63933.18,62718.3,63872,2589.09295
1780923600000,63872,63943.56,63362.1,63758,1304.57724
1780927200000,63758,64077.57,63560.68,63964.08,1937.84618
1780930800000,63964.07,64200,63711,63774.48,2295.29096
1780934400000,63774.48,64046.86,63472,63532.01,873.93622
1780938000000,63532.01,63646,63268.01,63550,1044.76064
1780941600000,63549.99,63690,63339.98,63466.83,414.77155
1780945200000,63466.83,63596,63356,63372.01,379.67287
1780948800000,63372.01,63485.49,63160.31,63485.49,793.95609
1780952400000,63485.49,63850,63483.41,63728.96,413.19539
1780956000000,63728.96,63728.96,63210,63440.01,571.04903
1780959600000,63440,63594,62978.66,63085.99,533.11634
1780963200000,63086,63184,62423.07,62562,1868.43384
1780966800000,62562,62879.1,62546.62,62764.01,752.22836
1780970400000,62764,62874,62544.11,62868,357.79841
1780974000000,62867.99,62979.94,62702,62875.17,780.82683
1780977600000,62875.18,63424,62748,63242.36,1115.32376
1780981200000,63242.36,63526.01,63120.24,63338.68,946.88593
1780984800000,63338.69,63506,63230,63300,975.96129
1780988400000,63300,63443.6,63012,63198.44,669.83742
1780992000000,63198.44,63208.86,62769.52,62849.75,844.01531
1780995600000,62849.75,62944.43,62590,62715.37,709.2584
1780999200000,62715.37,62835.37,62596,62786.01,503.06926
1781002800000,62786,62818,62498.75,62711.12,472.29218
1781006400000,62711.12,62895.18,62421.24,62645.15,693.6037
1781010000000,62645.14,62738,62140,62273.61,1172.01624
1781013600000,62273.62,62395.01,61148.07,61541.95,2741.42922
1781017200000,61541.95,61706.86,61037,61131.84,1576.3984
1781020800000,61131.85,61484.67,60780,61390.51,2117.17514
1781024400000,61390.51,61889,61390.51,61692.01,925.52892
1781028000000,61692.01,61964,61602,61792.01,528.51144
1781031600000,61792,62103.39,61722,62098.09,436.3094
1781035200000,62098.09,62272,61954.39,62160,406.81988
1781038800000,62159.99,62176.86,61698,61761.2,425.20913
1781042400000,61761.21,61976,61666.66,61717.5,276.69194
1781046000000,61717.5,61878,61556,61730,340.59519
1781049600000,61730,61930,61440,61923.16,538.2675
1781053200000,61923.16,61974.7,61590,61714,336.41204
1781056800000,61714,61837.67,61235.29,61302.36,512.06602
1781060400000,61302.37,61594,61286,61549.64,334.76343
1781064000000,61549.64,61560,61182.65,61295.99,306.03442
1781067600000,61296,61400.01,61080,61361.17,464.90737
1781071200000,61361.17,61521.99,61145.5,61472.89,511.66925
1781074800000,61472.89,61813.34,61440,61687.56,937.80783
1781078400000,61687.56,61736,61168,61261.55,739.92297
1781082000000,61261.56,61421.46,60755,61334.94,906.84186
1781085600000,61334.95,61456,61151.4,61386.09,340.43647
1781089200000,61386.09,61430,60867.19,61034.04,826.04256
1781092800000,61034.04,61950,60960,61564.01,1340.16125
1781096400000,61564,62446,61444.87,62146.42,1199.64944
1781100000000,62146.43,62258.01,61814.79,62195.99,902.47236
1781103600000,62195.99,62857.99,61852,62639.23,1341.51604
1781107200000,62639.23,62646,61930,62219.33,748.11357
1781110800000,62219.33,62360,61654.54,61969.99,885.28682
1781114400000,61969.99,62162.9,61588.8,61882,641.1773
1781118000000,61881.99,62062.98,61673.79,61942.44,400.79146
1781121600000,61942.45,61949.21,61688,61805.51,307.34434
1781125200000,61805.5,61805.51,61179.19,61356.18,571.34637
1781128800000,61356.18,61574,61104.24,61381.46,578.03926
1781132400000,61381.46,61604,61166,61510.99,327.64659
1781136000000,61510.99,61974.7,61510.99,61812,597.44488
1781139600000,61812,62378,61812,62206.01,839.43174
1781143200000,62206.01,62304,61944.19,62148,429.18601
1781146800000,62148.01,62848,62012,62689.48,986.08995
1781150400000,62689.47,62854,62546.34,62726.86,589.32674
1781154000000,62726.85,62726.86,62556.84,62610,295.46093
1781157600000,62610,62997.53,62544.89,62772,1198.75098
1781161200000,62772.01,62842.92,62612.01,62719.39,399.47563
1781164800000,62719.39,63050,62719.38,62957.99,546.92925
1781168400000,62958,62989.97,62790,62927.49,401.22464
1781172000000,62927.49,63214.97,62789.62,63148,666.36315
1781175600000,63148,63257.21,63040.01,63108,563.58106
1781179200000,63108.01,63190,62500,63010.01,1835.01045
1781182800000,63010,63239.43,62677.84,63077.57,1087.23984
1781186400000,63077.71,63100,62732.6,62734.02,782.87001
1781190000000,62734.02,62887.88,62518.1,62749.44,633.18968
1781193600000,62749.44,62842,62548.79,62582.45,564.46406
1781197200000,62582.45,63655.83,62348,63644.19,1821.97042
1781200800000,63644.18,63788,63324.35,63461.12,793.20489
1781204400000,63461.12,63933.02,63390,63605.68,946.18552
1781208000000,63605.69,63663.4,63270,63393.67,556.54606
1781211600000,63393.67,63599.99,63393.66,63519.99,269.29173
1781215200000,63519.99,63670,63462,63500.01,226.24918
1781218800000,63500,63700,63362,63625.99,351.45962
1781222400000,63626,63810.01,63520.86,63648.8,1229.6005
1781226000000,63648.8,63648.8,63301.53,63426.2,745.50942
1781229600000,63426.21,63779.11,63426.2,63624.07,398.45121
1781233200000,63624.07,63649.99,63357.7,63524.82,280.54894
1781236800000,63524.81,63863.98,63426.48,63700,742.01132
1781240400000,63700,63721.31,63310,63358.2,603.70673
1781244000000,63358.2,63411.5,62829.81,62980.45,1027.41759
1781247600000,62980.46,63211.74,62956,63100.8,852.55681
1781251200000,63100.8,63615.84,63100.8,63470.81,600.81984
1781254800000,63470.81,63953.84,63438,63752.93,524.52211
1781258400000,63752.93,63852,63588.34,63702.01,872.53513
1781262000000,63702.01,63884.49,63684.44,63766.01,380.80932
1781265600000,63766.01,63775,63378,63465.51,515.59574
1781269200000,63465.52,63532.59,63045.29,63229.1,851.49099
1781272800000,63229.1,64000,63190,63999.99,1065.08825
1781276400000,63999.99,64394.44,63551.9,63593.02,1669.96199
1781280000000,63593.02,63996,63510.16,63982.48,776.01025
1781283600000,63982.48,64111.1,63745.99,63865.44,456.29271
1781287200000,63865.45,63934.34,63686,63694,561.84193
1781290800000,63694.01,63830.93,63589.27,63589.27,462.65176
1781294400000,63589.28,63696.41,63400,63449,328.72463
1781298000000,63449.01,63624.62,63440.01,63472,330.50626
1781301600000,63471.99,63658,63471.99,63502,711.15075
1781305200000,63502,63580.01,63426.83,63580.01,409.24822
1781308800000,63580,63652.11,63507.39,63600.01,578.94188
1781312400000,63600.01,63840,63600.01,63837.89,509.63359
1781316000000,63837.88,63837.89,63558,63646.01,450.79285
1781319600000,63646.01,63720.88,63418.66,63532,268.55023
1781323200000,63532,63663.91,63484,63512.01,144.15296
1781326800000,63512.01,63596,63493.16,63584.03,658.62782
1781330400000,63584.03,63740,63550.51,63735.74,299.54013
1781334000000,63736,63883.47,63674.98,63846,436.97737
1781337600000,63845.99,63910,63766.18,63806,227.43934
1781341200000,63806,63867.65,63742.57,63743.12,301.95833
1781344800000,63743.13,63908.48,63726.57,63843.01,188.76787
1781348400000,63843.01,63984.53,63843.01,63971.28,479.05156
1781352000000,63971.28,64214,63921.33,64133.12,878.04841
1781355600000,64133.12,64245.88,64060,64102.69,499.73169
1781359200000,64102.61,64233.73,64090.09,64220.97,206.46033
1781362800000,64220.96,64350,64186.97,64296.15,584.92205
1781366400000,64296.15,64307.52,63920.05,64029.17,720.7481
1781370000000,64029.17,64120,63944,63971.19,301.75645
1781373600000,63971.2,64282.19,63971.19,64161.46,278.72154
1781377200000,64161.46,64333.62,64152,64296.59,308.7181
1781380800000,64296.59,64296.6,64226.83,64278.31,179.3189
1781384400000,64278.31,64762.77,64226.38,64471.04,552.39519
1781388000000,64471.04,64556,64383.61,64456.47,316.2712
1781391600000,64456.46,64596.99,64382.42,64458.01,589.21574
1781395200000,64458.01,64579.03,64380.7,64565,595.05205
1781398800000,64565.01,64710,64507.25,64563,821.19702
1781402400000,64563,64636,64476.01,64490.01,260.23317
1781406000000,64490.01,64545.4,64466,64545.3,155.67419
1781409600000,64545.3,64563.48,64325.61,64339.07,253.74802
1781413200000,64339.07,64411.2,64293.41,64338,429.46847
1781416800000,64338,64487.8,64232.12,64286.1,839.75348
1781420400000,64286.1,64445.95,64214,64429.39,256.82492
1781424000000,64429.39,64513.82,64392,64456.33,192.66954
1781427600000,64456.33,64617.99,64321.18,64616,237.3813
1781431200000,64616,64664,64498.01,64521.13,184.13016
1781434800000,64521.13,64641.9,64460,64546,228.11339
1781438400000,64546.01,64560.66,64295.06,64327.53,334.09454
1781442000000,64327.54,64398.14,64244,64317.99,308.61157
1781445600000,64318,64341.43,63866.66,63983.55,781.47067
1781449200000,63983.56,64153.75,63980.35,64025.07,366.74561
1781452800000,64025.06,64208.92,63936,63942.63,256.58722
1781456400000,63942.63,64019.38,63694.11,63732.64,617.57994
1781460000000,63732.65,63813.3,63678.83,63813.3,258.88821
1781463600000,63813.3,63861.86,63734.71,63802,107.594
1781467200000,63801.99,64092.4,63794.09,64008.64,243.2036
1781470800000,64008.64,65666,64007.24,65311.59,2955.01268
1781474400000,65311.59,65580,64946.12,65426.78,1554.15469
1781478000000,65426.78,65800,65256.21,65746.45,964.84531
1781481600000,65746.45,65923,65480.69,65625.99,1043.52596
1781485200000,65626,65734.87,65354,65525,855.38843
1781488800000,65525.01,65775.15,65415.02,65472.01,587.73145
1781492400000,65472.01,65995,65422.83,65927.1,767.65798
1781496000000,65927.11,65927.11,65633.28,65644.01,564.25779
1781499600000,65644,65872,65611.01,65858.01,477.26671
1781503200000,65858,65967.27,65775.45,65812.01,365.24859
1781506800000,65812.01,66000,65628.45,65674.76,574.31747
1781510400000,65674.76,65800,65620,65662.01,363.0048
1781514000000,65662,65779.5,65512,65596.86,344.30264
1781517600000,65596.86,65973.15,65584.37,65917.37,544.78922
1781521200000,65917.37,66385.12,65832.78,66233.9,1293.72734
1781524800000,66233.89,66600.91,66106,66563.49,987.26981
1781528400000,66563.48,66949.22,66412,66447.05,1919.26303
1781532000000,66447.06,66675.83,66251.58,66591.55,940.8464
1781535600000,66591.54,67292.15,66580.42,67292.14,1466.9579
1781539200000,67292.15,67292.15,67088.83,67157.99,1096.95936
1781542800000,67158,67158,66585.26,66851.79,1340.24388
1781546400000,66851.8,66933.86,66715.61,66766.12,590.69175
1781550000000,66766.13,66889.85,66348,66614.35,780.39583
1781553600000,66615.98,66681.3,66489.86,66519.98,339.47285
1781557200000,66519.99,66567.38,66314.34,66368.15,347.81382
1781560800000,66368.15,66476.64,66076.56,66206.34,520.15584
1781564400000,66206.34,66368,66116.59,66328.74,448.51217
1781568000000,66328.74,66463.26,66242,66250,457.62239
1781571600000,66250,66418.01,66248.93,66346.52,456.63949
1781575200000,66346.51,66367.69,65678.14,65741.99,964.73227
1781578800000,65742,66166.61,65650,66165.21,802.10485
1781582400000,66165.21,66301.83,65802,65840.09,694.50218
1781586000000,65840.1,66150.22,65840.09,66045,739.41945
1781589600000,66044.99,66572.99,66044.99,66446,556.56171
1781593200000,66446.01,66527.23,66300.1,66372,385.79165
1781596800000,66372,66992,66345.06,66899.61,688.96018
1781600400000,66899.61,66923.99,66474.74,66510,600.75927
1781604000000,66510.01,66778,66486.38,66514,387.22813
1781607600000,66514.01,66643.23,66368.36,66481.73,467.239
1781611200000,66481.73,66818,66368,66429.83,562.31913
1781614800000,66429.84,66463.13,65928.16,66052,1347.85119
1781618400000,66052.01,66265.8,65360.92,65654.9,1491.76291
1781622000000,65654.9,65999.78,65614.3,65859.76,788.81576
1781625600000,65859.76,65953.97,65706,65758.07,338.72091
1781629200000,65758.07,66011.47,65710.34,65978.79,383.38742
1781632800000,65978.78,66248.69,65802,65847.99,522.72648
1781636400000,65848,65848,65560,65675.88,617.37667
1781640000000,65675.89,65865.92,65592,65854,261.11445
1781643600000,65854,65938,65654.9,65776.97,351.42219
1781647200000,65776.97,65882,65680,65780,228.62751
1781650800000,65780.01,65834.19,65626.9,65675.01,206.37282
1781654400000,65675.02,65848,65675.02,65700,332.30374
1781658000000,65700,65956.56,65477.5,65940,549.42502
1781661600000,65940,66200,65788,65904,974.93815
1781665200000,65903.99,65904,65703.45,65851.99,563.57309
1781668800000,65852,66048.19,65788.31,65892,473.33682
1781672400000,65892.01,65978,65746.51,65836.3,536.04504
1781676000000,65836.3,65896.45,65582.63,65624,378.80773
1781679600000,65624.01,65710,65251,65539.5,697.28548
1781683200000,65539.51,65574,64833.07,64926.02,992.25057
1781686800000,64926.02,65076.76,64842.01,64909.44,859.97592
1781690400000,64909.44,64993.97,64768,64798,597.7384
1781694000000,64798,64868.21,64565,64810.01,641.24645
1781697600000,64810.01,65108,64590.53,65040.88,557.73466
1781701200000,65040.88,65369.53,64850,65278,961.56723
1781704800000,65278,65461.38,64772.72,65101.45,799.61288
1781708400000,65101.45,65855.66,64987.74,65752,1172.17515
1781712000000,65751.99,66445.93,65722,65864.12,1421.90632
1781715600000,65864.13,66191.98,65800,66104.08,377.59846
1781719200000,66107.99,66107.99,64800,65516,2242.57142
1781722800000,65516,65666,63998.35,64301.85,2173.5643
1781726400000,64301.85,64488.96,64181.33,64434.36,504.85432
1781730000000,64434.36,64452,64142,64257.77,458.08471
1781733600000,64257.77,64434.84,63915.77,64300.01,492.23769
1781737200000,64300.01,64529.2,64248,64509.4,289.82054
1781740800000,64509.4,64702,64457.67,64468.01,396.7915
1781744400000,64468.01,64806,64466.3,64548.74,382.95414
1781748000000,64548.75,64776.66,64488,64689.5,323.93999
1781751600000,64689.5,64689.5,64267.86,64282.82,548.57792
1781755200000,64282.82,64347.09,63826.93,63883.41,831.20199
1781758800000,63883.26,64020,63696.29,63994,597.91477
1781762400000,63994,64134.33,63850,64083.41,767.55142
1781766000000,64084,64510.5,64015.42,64510.44,524.85633
1781769600000,64510.45,64646.75,64378.25,64399.92,714.20438
1781773200000,64399.93,64478,64196.14,64199.53,300.31875
1781776800000,64199.53,64223.79,63910,64078.61,445.57306
1781780400000,64078.61,64196,63878.14,63974.4,378.00473
1781784000000,63974.4,64402.01,63922,64378.07,417.60478
1781787600000,64378.06,64445.19,63800,63984,984.80789
1781791200000,63983.99,64203.66,63587.3,63816.61,998.41474
1781794800000,63816.61,63825.99,62293.76,62369.44,2793.66043
1781798400000,62369.43,62814,62349.42,62688,1271.71361
1781802000000,62688,62750,62272.07,62606,1003.68212
1781805600000,62606,62959.75,62580.01,62708.92,727.06223
1781809200000,62708.93,63008.33,62636,62950.79,577.63764
1781812800000,62950.79,63274.19,62950.79,63086,684.93429
1781816400000,63086,63121.81,62870.39,62971.32,466.34172
1781820000000,62971.32,62990,62742,62885.85,290.36064
1781823600000,62885.84,62985.12,62756.6,62958.01,507.48754
1781827200000,62958.01,63086,62840,63020,786.22825
1781830800000,63020,63100,62852.01,63021.86,542.43308
1781834400000,63021.86,63110.29,62893.71,63006,304.818
1781838000000,63006.01,63029.64,62386.9,62773.51,835.4402
1781841600000,62773.52,62916.66,62409.55,62452.01,390.96231
1781845200000,62452.01,62744.92,62452,62739.2,361.83315
1781848800000,62739.2,62914.73,62728,62894.08,252.94439
1781852400000,62894.09,62917.32,62504.27,62629.99,636.21109
1781856000000,62630,62782,62533.33,62603.99,431.84041
1781859600000,62604,62654,62316.44,62390,921.6732
1781863200000,62390.01,62587.27,62383.76,62533.25,761.99981
1781866800000,62533.24,62684,62452.52,62626,1001.15104
1781870400000,62626,62872.99,62353,62830.01,630.52118
1781874000000,62830.01,63415,62666,63210,1078.35943
1781877600000,63210,63419.27,63010,63203.53,665.42698
1781881200000,63203.54,63283.86,63019.26,63214.01,527.206
1781884800000,63214.01,63387.8,62918.98,62971.99,1021.4111
1781888400000,62972,63263.49,62866.99,63198.01,840.75861
1781892000000,63198,63201.95,62991.37,63110.01,341.96414
1781895600000,63110.01,63140,62942,63021.6,283.46164
1781899200000,63021.6,63274,62958.59,63250.01,217.92541
1781902800000,63250.01,63275.64,63060,63075.98,181.69443
1781906400000,63075.99,63369.48,63048,63315.28,541.93138
1781910000000,63315.29,63666,63276,63543.91,689.22877
1781913600000,63543.9,63777,63470,63530.01,640.14667
1781917200000,63530.01,63616.23,63404,63586.28,348.64849
1781920800000,63586.27,63586.27,63336.01,63340.57,358.87789
1781924400000,63340.58,63510,63320.14,63476.79,268.88477
1781928000000,63476.79,63613.59,63402,63583.53,228.62975
1781931600000,63583.53,63907.07,63543.46,63678.07,477.24749
1781935200000,63678.07,63761.99,63640.36,63744.61,191.88822
1781938800000,63744.61,63800,63594.37,63655.21,448.4829
1781942400000,63655.21,63664.39,63392.41,63417.97,547.04803
1781946000000,63417.98,63787.74,63417.98,63741.16,349.02093
1781949600000,63741.16,63777.5,63592.44,63674.7,270.1692
1781953200000,63674.71,63798.76,63620.74,63688,315.13807
1781956800000,63688,63785.76,63537.99,63655.09,292.10361
1781960400000,63655.1,63655.1,63278,63397.78,412.69589
1781964000000,63397.77,64150,63184.21,63949.9,1101.98952
1781967600000,63949.9,64388,63836,64160.04,916.57166
1781971200000,64160.04,64167.26,63902.58,64034.31,403.42996
1781974800000,64034.31,64041.07,63730.21,63834.7,482.18112
1781978400000,63834.7,63928.4,63788,63805.89,119.99479
1781982000000,63805.9,63968,63798,63936,173.41555
1781985600000,63935.99,63981.09,63853.31,63925.99,210.00109
1781989200000,63926,64092.91,63918.29,64012.4,272.00511
1781992800000,64012.39,64350,63978.12,64272.01,446.43904
1781996400000,64272,64336.91,64250.02,64298.01,247.09349
1782000000000,64298.01,64322.91,64237.31,64294,425.19081
1782003600000,64294,64323.68,64206.17,64248,486.06931
1782007200000,64248,64275.12,64216.05,64241.25,230.0633
1782010800000,64241.26,64472.99,64234,64426,409.22163
1782014400000,64426,64588,64269.45,64276.12,379.39058
1782018000000,64276.12,64365.43,64225.6,64256.55,166.55047
1782021600000,64256.56,64323.99,64200,64303.46,142.55901
1782025200000,64303.47,64303.47,64173.08,64191.07,302.97907
1782028800000,64191.06,64228,63900.17,64014,328.07237
1782032400000,64014,64246,63961.28,64209.16,221.03822
1782036000000,64209.16,64408,64204,64365.99,286.23088
1782039600000,64366,64483.95,64112.01,64176,438.27788
1782043200000,64176,64235.13,63952,64200,359.32606
1782046800000,64200,64200,64020.01,64146,161.65202
1782050400000,64146,64154,64004,64145.97,189.32902
1782054000000,64145.97,64355.88,64120,64224,390.79222
1782057600000,64224,64254.38,64046,64145.31,236.79134
1782061200000,64145.32,64221.44,64080,64151.46,205.04149
1782064800000,64151.47,64240,63933.47,64213.81,270.92869
1782068400000,64213.82,64298.84,64168.73,64207.12,189.28721
1782072000000,64207.13,64271.21,63700,63848,420.72845
1782075600000,63848,63969.59,63510,63808.01,752.88497
1782079200000,63808,63864,63575.04,63801.59,437.50041
1782082800000,63801.6,63801.6,63270,63311.99,604.75792
1782086400000,63312,64094,63312,63896.01,709.82748
1782090000000,63896,64823.52,63850.8,64606,1331.90666
1782093600000,64606,64663.99,64250,64257.99,370.38632
1782097200000,64258,64459.44,63894.98,63974.01,796.48727
1782100800000,63974.01,64116.44,63868.41,64100.02,327.45142
1782104400000,64100.01,64344.17,64088.64,64247.74,1091.63692
1782108000000,64247.74,64326,63946,63989.95,416.9007
1782111600000,63989.96,64397.57,63968.23,64211.19,352.4108
1782115200000,64211.2,64350.58,64044,64165.99,368.11506
1782118800000,64166,64256.2,64052.17,64145.39,200.06309
1782122400000,64145.4,64272,64065.18,64139.21,240.0862
1782126000000,64139.21,64768.46,64097.08,64657.22,1063.60877
1782129600000,64657.22,65222.45,64579.08,65149.57,1156.05989
1782133200000,65149.58,65589.76,64945.53,65578,1368.64481
1782136800000,65577.99,65622.83,64835,64980.39,1096.28772
1782140400000,64980.39,65146,64757.11,64836.95,593.12998
1782144000000,64836.95,64862,64519,64719.77,680.43904
1782147600000,64719.77,64769.98,64388.16,64602,523.74444
1782151200000,64602,64730.15,64311,64334.01,548.78709
1782154800000,64334.01,64499.28,64276,64472,579.92511
1782158400000,64472.51,64659.43,64356.95,64433.8,399.51938
1782162000000,64433.8,64480,64134.39,64320.57,263.4342
1782165600000,64320.57,64396.45,63804.59,63971.12,510.07647
1782169200000,63971.13,64053.33,63877.61,64020.01,434.17969
1782172800000,64020.01,64162.02,63828.93,64154.99,679.20038
1782176400000,64154.99,64273.09,63893.33,64156,540.18098
1782180000000,64156,64275.38,64042.01,64204.01,319.7542
1782183600000,64204.01,64204.01,63968.42,64065.35,236.76285
1782187200000,64065.34,64095.55,63612.62,63623.02,408.1299
1782190800000,63623.03,63728,63342.34,63400,850.99416
1782194400000,63400,63400,62568.9,62936.01,1620.65692
1782198000000,62936.01,63095,62872,62886.03,1074.96381
1782201600000,62886.04,62945.08,61938,62385.99,4988.90507
1782205200000,62386,62528.13,62350.44,62386,613.23414
1782208800000,62386,62586,62247.2,62328.01,387.47153
1782212400000,62328.01,62643.99,62328,62507.06,456.80185
1782216000000,62507.05,62558,62189.42,62256.6,873.94501
1782219600000,62256.61,62538.72,61960,62475.99,1294.09387
1782223200000,62476,62855.98,62406.25,62493.63,1302.27666
1782226800000,62493.63,62507.99,62198,62487.79,630.16435
1782230400000,62487.79,62846,62428.01,62558,728.22737
1782234000000,62558,62693.48,62327.95,62358.02,533.28034
1782237600000,62358.03,62445.21,62104.7,62241.99,492.79838
1782241200000,62242,62480,62230,62388.49,707.45732
1782244800000,62388.49,62531.27,62380.25,62470.7,373.02429
1782248400000,62470.7,62658.93,62470.7,62599.77,367.76027
1782252000000,62599.77,62779.82,62526,62590,430.92568
1782255600000,62590,62799.99,62480.39,62734.57,311.98359
1782259200000,62734.57,63024.4,62733.29,63014,799.18478
1782262800000,63014,63119.45,62772.15,62932.19,599.06927
1782266400000,62932.19,63013.12,62606.09,62630,593.50541
1782270000000,62630.01,62830,62461.87,62729.78,770.64134
1782273600000,62729.78,62799.62,62525.49,62744.42,650.06924
1782277200000,62744.41,63073.44,62706,62890,366.0273
1782280800000,62889.99,62909.98,62728.73,62780,219.5109
1782284400000,62780.01,62844,62610.11,62657.99,589.75592
1782288000000,62658,62807.46,62605.28,62800,475.30761
1782291600000,62800,62800.01,62637.08,62681.7,493.71643
1782295200000,62681.7,62681.7,62412.05,62445.99,530.71886
1782298800000,62445.99,63239.06,62318.88,62921.19,815.18681
1782302400000,62921.19,62973.2,62585.2,62618.31,517.25346
1782306000000,62618.31,62628.75,61255.74,61338.01,2775.24015
1782309600000,61338,61456,60888,61113.1,2839.40106
1782313200000,61113.1,61150.13,60249.82,60250,3237.99155
1782316800000,60250,60678.1,59622,59850,4274.39737
1782320400000,59850,60057.18,59102.7,59404,3790.1806
1782324000000,59404,59930,59310.85,59599.99,1583.51728
1782327600000,59600,60000,59530,59958.3,1195.52715
1782331200000,59958.3,61208.48,59854,60956,1821.39287
1782334800000,60956,61144.63,60665.75,61110,801.00882
1782338400000,61109.99,61276,60802.66,60873.99,523.65642
1782342000000,60874,61112,60830.01,61077.99,416.02483
1782345600000,61078,61163.16,60726.77,60832,766.62145
1782349200000,60832,60988,60720.23,60928,615.84376
1782352800000,60928,60966,60700.01,60799.08,580.03112
1782356400000,60799.08,60910.63,60684.94,60883.65,479.47033
1782360000000,60883.66,61410,60792,61357.63,536.03927
1782363600000,61357.63,61807.04,61280,61600.01,1223.4059
1782367200000,61600.02,61869.02,61600.01,61732.06,539.2877
1782370800000,61732.06,61962.4,61670,61911.04,937.71339
1782374400000,61911.03,61920,61684.87,61712.35,337.43778
1782378000000,61712.36,61792,61614.32,61739.29,327.48572
1782381600000,61739.29,61751.07,61257.79,61269.94,686.26895
1782385200000,61269.95,61422.52,61066,61282.01,605.95603
1782388800000,61282,61761.35,61080,61244.01,1124.99959
1782392400000,61244.01,61369.18,58115.01,58290.17,6396.00513
1782396000000,58291.7,60485.51,58291.7,59471.5,6002.27451
1782399600000,59471.49,59655.86,58874.85,59557.99,2456.01373
1782403200000,59557.99,60067,59157.63,59312.64,1765.10919
1782406800000,59312.64,59740.9,59139.96,59676.01,1062.87634
1782410400000,59676,59793.34,59364,59512.71,978.75101
1782414000000,59512.71,59516,59168.82,59320,917.28893
1782417600000,59319.99,59741.95,59319.99,59456.62,539.40098
1782421200000,59456.62,60273.81,59452.01,60211.87,617.22274
1782424800000,60211.86,60211.86,59740,59851.27,431.60976
1782428400000,59851.27,60191.55,59739.99,59794,458.89363
1782432000000,59794.64,59906.71,59642.77,59667.09,875.61527
1782435600000,59667.09,59789.07,59228,59431.5,833.71293
1782439200000,59431.49,59456,58358.77,58561.99,2633.6835
1782442800000,58562,60131.37,58337,60036.01,1886.07235
1782446400000,60036,60238.77,59836.17,59920.47,843.9784
1782450000000,59920.47,60047.68,59736,59953.3,883.13649
1782453600000,59953.3,60459.55,59702,60324,1504.97927
1782457200000,60324,60759.99,60283.08,60532,2153.07079
1782460800000,60532,60580,60150.56,60245.67,803.85464
1782464400000,60245.9,60259.37,59583.33,59736.01,832.22202
1782468000000,59736.01,59858.93,59239.78,59313.26,1050.97441
1782471600000,59313.26,59588,59259.78,59413.24,1048.3329
1782475200000,59413.24,60007.91,58969.9,59185.02,1710.35381
1782478800000,59185.02,60216.14,58500.1,60175.43,2730.33879
1782482400000,60175.42,60294,59390,59590.73,1745.27867
1782486000000,59590.73,60500,59584.01,60328.32,1582.87088
1782489600000,60328.18,60583,59970,60041.75,1128.46917
1782493200000,60041.76,60287.9,59952,60023.97,546.63522
1782496800000,60023.96,60158,59556,59668.01,504.21141
1782500400000,59668.01,60098,59617.37,59751.97,708.47753
1782504000000,59751.96,59994,59571.31,59718,454.05927
1782507600000,59717.99,60050,59678,59918.7,287.90036
1782511200000,59918.7,60080,59754,60048,335.92054
1782514800000,60048,60117.64,59923.27,60097.27,319.40861
1782518400000,60097.27,60197,59876.22,60059.07,360.77885
1782522000000,60059.09,60068,59936.07,59945.53,245.35114
1782525600000,59945.53,60378.23,59921.68,60290.01,695.38686
1782529200000,60290.01,60412,60159.91,60305.73,438.61125
1782532800000,60305.73,60482,60217.26,60239.99,303.30454
1782536400000,60240,60311,60136,60236.76,444.9193
1782540000000,60236.75,60500,60093.33,60370.62,581.81791
1782543600000,60370.63,60574,60300,60548.07,825.68653
1782547200000,60548.06,60548.74,60371.62,60456,470.55782
1782550800000,60456,60511.99,60289.55,60414.62,307.96541
1782554400000,60414.62,60487.31,60380,60420.28,137.8511
1782558000000,60420.28,60447.8,60198.94,60363.65,275.39332
1782561600000,60363.65,60430.01,60257.03,60430,349.0457
1782565200000,60430,60665.74,60394,60588.35,434.13389
1782568800000,60588.35,60728,60510,60611.5,306.64293
1782572400000,60611.49,60941.17,60570,60840.06,606.25294
1782576000000,60840.06,60855.03,60673.64,60807.99,239.6938
1782579600000,60808,60818.76,60413.15,60524.88,548.67896
1782583200000,60524.89,60576.03,60446.25,60570.86,229.00634
1782586800000,60570.86,60605.41,60085.88,60175.95,414.61342
1782590400000,60175.95,60306,60173.07,60300,220.12001
1782594000000,60300,60482.18,60142,60203.82,280.50282
1782597600000,60203.83,60256.56,59855.16,60228.95,377.17485
1782601200000,60228.96,60320,59952,60029,493.73947
1782604800000,60029.01,60190,60018,60146,462.24707
1782608400000,60146,60273.38,59986,60222.22,267.56528
1782612000000,60222.21,60339.99,60054,60150.45,403.64282
1782615600000,60150.46,60275,60150.45,60197.04,255.71231
1782619200000,60197.03,60231.83,60088.04,60133,191.50597
1782622800000,60133.01,60140,59753.48,59989.17,345.08439
1782626400000,59989.18,60030,59808,60002.82,217.95005
1782630000000,60002.82,60259.68,60000,60219.99,361.83587
1782633600000,60220,60545.01,60140.14,60370,491.6084
1782637200000,60370.01,60462,60250.81,60258.84,222.4062
1782640800000,60258.85,60292.48,60068,60166.71,181.18756
1782644400000,60166.71,60374.05,60100,60342,225.05378
1782648000000,60341.99,60457.02,60190,60293.51,212.9354
1782651600000,60293.5,60293.51,59963.86,60071.88,369.88204
1782655200000,60071.89,60250,60018,60033,318.13606
1782658800000,60033.01,60130,59817.28,59890,467.03244
1782662400000,59890.35,59943.9,59582.34,59690.62,567.70369
1782666000000,59690.62,59848,59403.77,59586.01,519.06441
1782669600000,59586,59700,59502,59614.46,272.01169
1782673200000,59614.46,59682,59270.26,59481.79,301.99561
1782676800000,59481.78,59765.9,59474.28,59660,227.14803
1782680400000,59660,59796.66,59333.33,59445.95,531.65984
1782684000000,59445.96,59906,58905,59067.01,983.67622
1782687600000,59067,59848,59011.99,59577.01,510.09283
1782691200000,59577.01,59700,59000.01,59667.01,549.31747
1782694800000,59667,59697,59206,59440.95,647.05387
1782698400000,59440.95,59812,58900.01,59757.46,1223.86338
1782702000000,59757.47,60233,59757.47,60049.46,780.88525
1782705600000,60049.45,60053.99,59746,59830,361.46912
1782709200000,59830.01,60102.8,59392.02,60102.8,496.75535
1782712800000,60102.8,60346.27,60050.67,60075.49,683.16036
1782716400000,60075.5,60186.94,59936,60026,536.94262
1782720000000,60026.01,60093.99,59745.46,59840,550.67382
1782723600000,59840.01,60104,59778.76,60057,747.08903
1782727200000,60057,60311.95,60056.99,60088,441.90219
1782730800000,60088,60216,59796,59956.05,515.67042
1782734400000,59956.05,60780.57,59595.09,59948.78,2600.10754
1782738000000,59948.79,60340,59319.9,59580,2144.2543
1782741600000,59580,59699.99,59011,59469.67,1999.07246
1782745200000,59469.45,59960,59097.58,59824.01,1368.0568
1782748800000,59824.01,60030,59584.48,59892.86,663.03532
1782752400000,59892.87,60683.84,59892,60413.99,1795.75633
1782756000000,60413.99,60520,60193.87,60295,525.48841
1782759600000,60295,60557.5,60153.35,60433.49,501.01522
1782763200000,60433.5,60553.06,60295.32,60296,312.86249
1782766800000,60296.01,60585.99,60261.89,60479.72,294.76243
1782770400000,60479.71,60516,60350,60352.31,211.76202
1782774000000,60352.31,60379.23,60194.01,60260.21,252.18558
1782777600000,60260.2,60276.54,59700,59838.01,709.83194
1782781200000,59838.01,60048.98,59771,59939.94,341.19535
1782784800000,59939.94,60042.54,59755,59948.24,424.27619
1782788400000,59948.24,60031.75,59600,59627.48,381.85931
1782792000000,59627.47,59700,59433.36,59492.01,774.8482
1782795600000,59492.01,59656.89,59360,59652.13,807.92024
1782799200000,59652.13,59712.88,59513.72,59592,708.76994
1782802800000,59592,59632,59444,59524.01,762.40668
1782806400000,59524.01,59551.03,59189,59311.92,879.64073
1782810000000,59311.26,59420,59252,59374.96,442.65865
1782813600000,59374.96,59420,59286.36,59334.01,300.40182
1782817200000,59334.01,59413.27,59123.01,59192.7,466.77156
1782820800000,59192.71,59192.71,58403.51,58412,2043.39825
1782824400000,58411.99,58802.66,58228.33,58737.18,2504.50868
1782828000000,58737.17,59276.6,58433,58482.81,1779.99006
1782831600000,58482.81,58796,58201,58381.99,1563.15031
1782835200000,58382,58632,58241.79,58497.65,1178.89718
1782838800000,58497.65,58618.65,58310.72,58417.99,632.53618
1782842400000,58417.99,58699.98,58351.56,58680.87,605.07781
1782846000000,58680.86,58839.16,58586.01,58818.05,678.6415
1782849600000,58818,58874.99,58648.26,58732.01,428.82351
1782853200000,58732,58770,58509.99,58639.99,398.14222
1782856800000,58639.99,58806.91,58513.8,58607.99,274.43078
1782860400000,58607.99,58664,58555,58624.71,551.65078
1782864000000,58624.71,58750.68,58310,58576,670.64661
1782867600000,58575.99,59022.81,57800.19,58770.57,2987.12539
1782871200000,58770.58,59171.63,58663.95,59085,692.74758
1782874800000,59085,59318,58850,59197.13,715.44075
1782878400000,59197.12,59457,59062,59339.99,480.11636
1782882000000,59339.99,59376.48,59126.42,59154.33,432.30487
1782885600000,59154.33,59156,58534.31,58755.8,794.13401
1782889200000,58755.8,58823.9,58600,58768.65,479.85852
1782892800000,58768.64,58984,58500,58973.99,381.93254
1782896400000,58973.99,59091.99,58825.61,58944.55,417.79405
1782900000000,58944.55,58948.47,58624,58659.98,405.70309
1782903600000,58659.97,58755.9,58550,58622.03,396.69177
1782907200000,58622.02,58676,58326,58538.01,1716.61119
1782910800000,58538,59508,58536,59498.03,2321.79547
1782914400000,59498.03,60092,59278,59542,3726.2091
1782918000000,59541.99,60536.55,59520.51,60147.15,2322.06211
1782921600000,60147.15,60267.17,59865.75,59920,862.80045
1782925200000,59920,60239.84,59787.35,60190.6,480.08928
1782928800000,60190.59,60298,60016.4,60171.16,343.31457
1782932400000,60171.16,60352.93,60000,60028.67,548.14825
1782936000000,60029.39,60198,59876,60126,313.10277
1782939600000,60126,60846.95,60124.89,60815.99,1153.57611
1782943200000,60815.99,61334,60339,60478.01,1877.61599
1782946800000,60478,60478,59984.86,60024,573.62579
1782950400000,60024,60028,59588,59761.73,857.93081
1782954000000,59761.74,60324.99,59715.8,60175.92,634.42084
1782957600000,60175.91,60495.24,60015.68,60423.1,520.9397
1782961200000,60423.11,61121.78,60300.02,61058,891.65369
1782964800000,61057.99,61058,60728,60787.98,793.20588
1782968400000,60787.98,60877.69,60488,60504.54,836.16486
1782972000000,60504.54,60652.74,60260,60274.01,838.53408
1782975600000,60274.01,60315.93,60104,60149.99,593.99067
1782979200000,60149.99,60555.06,60132.51,60511.99,573.38622
1782982800000,60512,61437.49,60376.13,61184,1895.63178
1782986400000,61184,61350,61051.07,61263.68,711.1086
1782990000000,61263.93,61388,61125.58,61358.01,823.29588
1782993600000,61358,61614,61147.23,61542.53,1476.64291
1782997200000,61542.53,62053,61506,61939.04,2503.04906
1783000800000,61939.04,62200,61394.49,61696.61,1834.43153
1783004400000,61696.61,61850.86,61427.39,61612.93,955.089
1783008000000,61612.93,61790.13,61108.99,61682.34,1526.68052
1783011600000,61682.34,61962.43,61619.69,61667.39,742.84693
1783015200000,61667.4,61900.29,61664.39,61761.36,457.24217
1783018800000,61761.36,61763.81,61424,61479.6,567.93379
1783022400000,61479.59,61596,61342,61584.78,435.70751
1783026000000,61584.77,61653.43,61516,61592.26,335.09994
1783029600000,61592.26,61596.62,61406.28,61465.26,313.41399
1783033200000,61465.26,61606,61350.02,61560,263.74127
1783036800000,61560,61578,61248.86,61308.75,803.35853
1783040400000,61308.75,61733.11,61286,61588,365.29608
1783044000000,61588,61664.62,61294,61440.01,718.15053
1783047600000,61440.01,61575.15,61324,61434,592.37701
1783051200000,61434,61524.01,61332.76,61448,597.68744
1783054800000,61448,61808,61430,61700.49,669.42027
1783058400000,61700.49,61850,61612,61710.01,821.5655
1783062000000,61710.01,61864.99,61659.32,61750.47,1075.23435
1783065600000,61750.47,61896.99,61554.07,61584,341.60269
1783069200000,61583.99,61783.89,61510.01,61718.68,336.50784
1783072800000,61718.69,62038,61663.98,61916.46,481.39402
1783076400000,61916.46,62103.1,61840,62024.02,549.87382
1783080000000,62024.01,62174.47,61871.66,61983.99,627.72129
1783083600000,61984,62282,61944,62116.01,790.28341
1783087200000,62116,62280,61700,62167.48,768.79968
1783090800000,62167.47,62400,61820,61922.72,627.67216
1783094400000,61922.71,62125.99,61911.65,62104.81,308.0973
1783098000000,62104.81,62292.51,62068.78,62194,345.47791
1783101600000,62193.99,62250,62118,62204.01,298.61687
1783105200000,62204,62317.64,62146,62210,345.20311
1783108800000,62210,62907.77,62186.01,62776.92,1103.81636
1783112400000,62776.91,62979.86,62518.72,62732,530.36622
1783116000000,62732,62748.01,62538.47,62578,461.77097
1783119600000,62578,62707.67,62529.03,62583.26,488.69291
1783123200000,62583.26,62946,62578.55,62756.29,451.82518
1783126800000,62756.29,62756.29,62404.25,62468.44,740.55394
1783130400000,62468.44,62576,62432,62538.96,288.40853
1783134000000,62538.96,62750,62484.01,62627.29,272.8732
1783137600000,62627.28,62749.97,62590.06,62700,372.06056
1783141200000,62700,62700.01,62441.29,62471.52,289.90978
1783144800000,62471.53,62559.43,62328.24,62500.01,328.21302
1783148400000,62500.01,62634.24,62470,62576,488.37245
1783152000000,62576,62674.47,62516.46,62553.78,325.39629
1783155600000,62553.78,62583.99,62415.87,62494,256.44372
1783159200000,62494.01,62545.02,62445.38,62513,261.05012
1783162800000,62512.99,62563.84,62456.24,62482.01,236.75332
1783166400000,62482,62696.78,62482,62664.01,160.12973
1783170000000,62664.01,62776.92,62542,62588.84,234.91268
1783173600000,62588.84,62738.28,62585.53,62693.99,214.12592
1783177200000,62693.99,63075.46,62687.89,62943.29,746.82104
1783180800000,62943.29,62968.29,62786,62927.29,446.2616
1783184400000,62927.3,63439.62,62803,63280.38,752.34234
1783188000000,63280.38,63346,63092.02,63172.78,347.58599
1783191600000,63172.79,63461.99,63123.49,63294.72,328.68996
1783195200000,63294.72,63392,63155.37,63233.78,287.12408
1783198800000,63233.79,63448,63202,63297.84,239.07967
1783202400000,63297.83,63310,63160,63184.99,486.87752
1783206000000,63185,63241.33,62927.98,63144.01,584.01676
1783209600000,63144.01,63144.01,62888.86,62991.29,348.66174
1783213200000,62991.3,63043.15,62800,62887.94,447.61772
1783216800000,62887.93,62926,62596.08,62693.56,307.64194
1783220400000,62693.57,62796.39,62658,62769.04,211.72564
1783224000000,62769.03,62952.93,62712,62815.99,288.42759
1783227600000,62815.99,62815.99,62659.65,62740.5,312.61219
1783231200000,62740.5,62819.91,62669.99,62782.18,269.63913
1783234800000,62782.18,63059.99,62718.31,63020.21,393.71695
1783238400000,63020.21,63104,62900,62915,337.45972
1783242000000,62915,62930.16,62436.59,62622.18,562.27226
1783245600000,62622.18,62756.25,62536.57,62756.12,183.32618
1783249200000,62756.12,62812,62600.03,62658.92,268.20384
1783252800000,62658.92,62772,62569.37,62745.01,294.54856
1783256400000,62745,62819.66,62644.12,62792,337.44331
1783260000000,62791.99,62818.37,62656.02,62812.25,219.35892
1783263600000,62812.25,62943.59,62679.76,62740.01,243.82359
1783267200000,62740.01,62772.86,62590.02,62637.48,344.55738
1783270800000,62637.48,62820,62594.38,62624.93,275.09476
1783274400000,62624.93,62880,62616,62820.33,372.13939
1783278000000,62820.33,62888.14,62714.98,62768.88,297.34041
1783281600000,62768.87,62836.01,62700,62730.61,164.5638
1783285200000,62730.61,63220,62609.47,63092.01,428.51084
1783288800000,63092,63964.48,63005.04,63736,1512.51245
1783292400000,63735.99,63999,63577.36,63650,750.87927
1783296000000,63650.01,63772.52,63350,63761.99,854.38324
1783299600000,63761.98,63920,63550,63576,432.9767
1783303200000,63576,63669.45,63373.13,63460.01,398.01222
1783306800000,63460.01,63495.14,63136.01,63294,420.90012
1783310400000,63294,63402.77,63187.98,63267.99,278.63053
1783314000000,63267.99,63268,62950,63114,702.75025
1783317600000,63113.99,63152.7,62972,62976,622.44998
1783321200000,62976,63120,62890,63089.42,529.35201
1783324800000,63089.42,63244,62800.13,62904.01,536.0688
1783328400000,62904.01,62914,62630.85,62664.77,432.26087
1783332000000,62664.77,63030,62664.76,62822.06,454.82776
1783335600000,62822.07,63000,62483.83,62483.84,610.79996
1783339200000,62483.84,62487.98,61668.2,61754.01,2426.65551
1783342800000,61754.01,62034,61306.84,61768.21,3623.91016
1783346400000,61768.2,62411.41,61712.54,62052,1203.78704
1783350000000,62052,63550,62052,63545.98,2153.37389
1783353600000,63545.98,63863,63386.01,63732,1748.98599
1783357200000,63732,63976.16,63570.16,63587.38,885.44922
1783360800000,63587.38,63886,63560,63696.4,345.76423
1783364400000,63696.4,63887.93,63652.42,63738.52,308.11427
1783368000000,63738.52,63892.65,63589.41,63828,314.93037
1783371600000,63828,64700,63810,64489.98,1489.51024
1783375200000,64489.97,64500,64151.01,64244,313.47871
1783378800000,64244,64340.76,64017.78,64042.02,347.9123
1783382400000,64042.93,64314,63997.5,64203.99,545.80462
1783386000000,64203.99,64204,63767.04,63840,600.7847
1783389600000,63840,63908,63288.01,63322.01,624.33941
1783393200000,63322.01,63414,63150,63191.01,378.30046
1783396800000,63191.01,63288.33,63064,63100.01,658.55856
1783400400000,63100,63278.99,62800,63128.01,725.48406
1783404000000,63128,63400,62984.42,63340,869.08707
1783407600000,63340.01,63445.7,63072.1,63083.18,615.24857
1783411200000,63083.19,63184,62984.58,63104,444.0167
1783414800000,63104,63348.73,63063.28,63256,320.22634
1783418400000,63256.01,63467.15,63228.17,63284,496.91971
1783422000000,63284,63452,63116.02,63406,399.36572
1783425600000,63405.99,63872,63396.58,63481.39,618.18499
1783429200000,63481.39,63482.5,63000,63056,1055.47861
1783432800000,63056,63634,62671.39,63562.05,1684.44273
1783436400000,63562.05,64105,63376.22,63930.51,2129.05569
1783440000000,63930.5,64243.75,63810,63983.27,825.1364
1783443600000,63983.28,64232,63896.21,64186,713.19138
1783447200000,64185.99,64188,63672.01,63679.99,804.35069
1783450800000,63679.99,63894.58,63379.69,63817.99,809.87318
1783454400000,63818,63901.75,63585,63697.99,461.15497
1783458000000,63698,63866,63313.1,63423.94,445.13714
1783461600000,63423.93,63660,63218,63551.02,344.82337
1783465200000,63551.02,63708,63320,63363.99,265.24316
1783468800000,63364,63761.99,63307.36,63612.77,656.59812
1783472400000,63612.78,63649.5,62921.78,63038.01,690.76172
1783476000000,63038,63066,62525.47,62979.99,1271.45366
1783479600000,62979.98,63094,62700.18,62766,326.19539
1783483200000,62766,62901.49,62676,62800,435.16461
1783486800000,62800.01,62876.95,62558,62637.88,716.63481
1783490400000,62637.88,62746,62477.04,62657.81,457.84929
1783494000000,62657.82,62894.89,62550,62888.35,483.7238
1783497600000,62888.34,62941.46,61855.26,62018.36,1707.6886
1783501200000,62018.36,62190.01,61743.83,62057.67,2058.44174
1783504800000,62057.68,62199.97,61903.45,62183.12,934.16537
1783508400000,62183.11,62392.04,62055.63,62299.99,576.86496
1783512000000,62300,62451.08,61953.58,61957.73,877.49143
1783515600000,61957.74,62090,61632.23,61945.49,1130.9924
1783519200000,61945.49,62173.56,61712,61889.83,1415.74086
1783522800000,61889.83,61922,61544.56,61704.01,1055.91275
1783526400000,61704.01,62164.6,61692,62113.03,762.49481
1783530000000,62113.02,62394.32,62032,62104.62,518.57431
1783533600000,62104.62,62351.97,62045.2,62185.32,301.10629
1783537200000,62185.33,62292.19,62068,62277.98,295.91802
1783540800000,62277.98,62306.54,62082.8,62099.61,601.65946
1783544400000,62099.62,62251.22,61956,62187.17,844.23046
1783548000000,62187.17,62350.63,62178,62330.4,268.9098
1783551600000,62330.4,62346.6,62174,62290,231.5253
1783555200000,62290.01,62309.88,62058.51,62129.99,419.84137
1783558800000,62129.99,62642,61837.1,61916,891.27709
1783562400000,61916,62121.21,61705.29,61788.8,588.18699
1783566000000,61788.79,62062.99,61730,61974.34,608.39784
1783569600000,61974.34,62456.29,61956.46,62453.74,475.51774
1783573200000,62453.74,62624.61,62236,62589.61,907.8536
1783576800000,62589.61,62980,62485.58,62959.96,790.33126
1783580400000,62959.96,63283.26,62788.06,63000,902.61366
1783584000000,62999.99,63100.1,62855.63,62903.65,872.78917
1783587600000,62903.66,63002,62786.82,62953.4,549.43771
1783591200000,62953.4,63056.98,62688,62786.04,490.23056
1783594800000,62786.05,62830,62614.66,62786.34,613.79257
1783598400000,62786.33,62952,62465.39,62614.02,2694.46367
1783602000000,62614.01,63240.15,62523.08,63028.35,732.96491
1783605600000,63028.36,63144.79,62666.66,63016,598.40365
1783609200000,63016,63261,62811.1,62868.05,857.13379
1783612800000,62868.06,62996,62559.59,62700.01,532.13757
1783616400000,62700.01,63165.12,62668,63142.79,730.95491
1783620000000,63142.79,63500,63080,63219.03,776.88222
1783623600000,63219.03,63375.73,63118.45,63248.1,606.23375
1783627200000,63248.09,63330.85,63177.36,63313.38,236.61262
1783630800000,63313.38,63397.94,63208.91,63274.59,261.44616
1783634400000,63274.6,63418,63218.77,63218.78,274.28375
1783638000000,63218.78,63325,63060.91,63230,331.02016
1783641600000,63230.01,63255.49,62926.01,63113.93,626.86453
1783645200000,63113.92,63999.99,62962,63749.86,1229.10229
1783648800000,63749.86,64050.23,63692.76,63961.99,1017.85326
1783652400000,63961.99,64050,63822.8,63947.2,410.93478
1783656000000,63947.2,64176.86,63857.64,64047.88,567.80609
1783659600000,64047.89,64200,63944.05,64115.99,507.936
1783663200000,64116,64162,63836,63854.71,352.90834
1783666800000,63854.71,64011.9,63802.02,63963,566.0984
1783670400000,63963,64392,63962.99,64246.01,945.88564
1783674000000,64246,64480.01,64102,64385.09,1051.0085
1783677600000,64385.09,64494.84,64274.47,64407.8,400.85807
1783681200000,64407.8,64480,64341.83,64425.18,337.28843
1783684800000,64425.18,64608,63999,64286.64,1081.95063
1783688400000,64286.65,64692.83,64152.84,64484,826.67946
1783692000000,64484,64516,63793.43,63914.87,1338.73193
1783695600000,63914.88,64210,63898,64040,737.82713
1783699200000,64039.99,64220,63826.57,64140.01,671.46586
1783702800000,64140,64158.58,63821.88,63823.99,491.57909
1783706400000,63824,64003.99,63732.66,63810,566.18067
1783710000000,63809.99,64077.56,63780,63917.88,1227.53052
1783713600000,63917.88,63946.36,63656,63841.25,1126.81538
1783717200000,63841.25,64099.56,63835.05,64011.99,307.30047
1783720800000,64012,64169.39,63981.37,64112.29,508.14182
1783724400000,64112.3,64222.61,64024,64161.72,690.25393
1783728000000,64161.72,64168.49,64028.43,64124,315.78502
1783731600000,64123.99,64310,64004.01,64012.95,405.42387
1783735200000,64012.95,64166,63984.07,64158.04,205.49018
1783738800000,64158.04,64195.04,64068,64150.42,174.79238
1783742400000,64150.42,64213.55,64080.26,64152,223.52551
1783746000000,64152,64221.99,64121.07,64176.01,535.97468
1783749600000,64176,64278,64124,64219.1,302.84507
1783753200000,64219.09,64256.55,64152,64162.18,422.67072
1783756800000,64162.18,64300,64153.87,64265.98,169.11443
1783760400000,64265.98,64300,64159.7,64167.34,347.53946
1783764000000,64167.35,64204.02,64129.99,64196,421.25234
1783767600000,64196,64215.32,64167.99,64198,417.44096
1783771200000,64197.99,64228,64130.65,64195.49,408.31399
1783774800000,64195.48,64266,64159.99,64235.66,352.18455
1783778400000,64235.67,64504.11,64235.66,64350.07,551.43161
1783782000000,64350.07,64484.01,63896.18,64175.75,1185.62457
1783785600000,64175.75,64273.63,64084,64180.01,468.52631
1783789200000,64180,64402,64164.08,64315.53,272.95245
1783792800000,64315.53,64395.17,64288.91,64327.99,274.24491
1783796400000,64327.99,64338,64233.23,64286,202.32307
1783800000000,64286,64463.83,64285.99,64382.45,197.23083
1783803600000,64382.44,64427.56,64338.09,64355.99,116.51883
1783807200000,64355.99,64424.03,64144.47,64203.08,303.31895
1783810800000,64203.09,64246,63819,63819,877.44963
1783814400000,63819.01,63909.92,63702.16,63828.47,2302.50352
1783818000000,63828.48,64172.66,63812,64133.61,394.25068
1783821600000,64133.61,64133.62,64029.51,64070.39,908.56961
1783825200000,64070.4,64223.74,64035.68,64223.73,488.95119
1783828800000,64223.73,64245.87,63943.68,63999.93,412.9132
1783832400000,63999.94,64024.48,63900,63959.93,291.33944
1783836000000,63959.93,63962.85,63640.83,63762.46,526.52081
1783839600000,63762.47,63908.39,63740.12,63885.27,506.72582
1783843200000,63885.28,64100.32,63884.2,63983.18,1349.77159
1783846800000,63983.18,64062.17,63764,63961.61,3089.49803
1783850400000,63961.6,63961.6,63843.4,63865.76,250.37178
1783854000000,63865.76,64030,63826.01,64018.01,158.66802
1783857600000,64018,64135,63970.55,64026,320.06272
1783861200000,64026.01,64097.99,63987.4,64023.14,369.91648
1783864800000,64023.13,64290.11,63958.71,64203.08,261.44826
1783868400000,64203.08,64262.15,64117.97,64176,230.70025
1783872000000,64176,64209.64,64042,64177.7,260.32939
1783875600000,64177.7,64177.74,64029.12,64078,243.96602
1783879200000,64078,64150,64018.69,64147.99,207.74726
1783882800000,64148,64270,64147.3,64228.59,178.3269
1783886400000,64228.59,64254,64178.03,64198.89,158.2404
1783890000000,64198.9,64232.02,63891.84,63920.4,317.29013
1783893600000,63920.4,63923.99,63668,63886.87,425.91972
1783897200000,63886.86,63914.85,63726.62,63780,260.80581
1783900800000,63780,64425,63568,64072.01,1134.90308
1783904400000,64072,64072.01,63376.53,63412.01,1113.66129
1783908000000,63412.01,63541.94,63237.26,63375.99,621.99474
1783911600000,63376,63382.95,62741.04,62806.41,1068.82271
1783915200000,62806.41,62911.94,62620.13,62672,670.25607
1783918800000,62672,62905.68,62500.76,62799,816.14848
1783922400000,62799.01,62880,62710.45,62797.55,385.11506
1783926000000,62797.55,63070.01,62753.69,62985.52,1476.1879
1783929600000,62985.53,63302.88,62935.92,63206.97,1893.03927
1783933200000,63206.98,63210,63086.12,63100.02,663.43575
1783936800000,63100.02,63157.85,62862.28,62867.89,788.29364
1783940400000,62867.9,63135.55,62867.9,62901.99,458.30123
1783944000000,62901.99,62990.04,62570,62625.15,689.69237
1783947600000,62625.15,62766.37,62164,62318,2175.34811
1783951200000,62318.01,62794.97,62101,62791.85,1780.86024
1783954800000,62791.85,62983.83,62559.58,62618.01,1226.00074
1783958400000,62618,62629.35,62212,62276,970.69108
1783962000000,62276.01,62370,61900,61904.99,1161.78052
1783965600000,61904.99,62100,61824.97,62020,662.51495
1783969200000,62020,62292.84,61990,62288.23,503.43262
1783972800000,62288.23,62324.74,62050.71,62210.99,294.43026
1783976400000,62211,62216.35,61897.45,62065.06,385.18322
1783980000000,62065.05,62224,61911.31,61924,386.45256
1783983600000,61924,62347.46,61882.88,62334.52,355.95615
1783987200000,62334.52,62666.66,62272.2,62549.54,827.98236
1783990800000,62549.55,62640,62460.03,62540.42,471.32047
1783994400000,62540.41,62645,62329.98,62544,510.10327
1783998000000,62544,62604,62314,62572.89,439.89615
1784001600000,62572.88,62768.95,62539.71,62745.23,314.71779
1784005200000,62745.24,62872,62697.69,62737,625.4247
1784008800000,62737,62772.48,62566.01,62624.05,742.03175
1784012400000,62624.06,62655.99,62516.93,62560.92,406.16223
1784016000000,62560.92,62807.94,62500,62713.85,377.86259
1784019600000,62713.85,62742,62534.29,62629.55,614.55321
1784023200000,62629.56,62908.8,62609.47,62800,437.22084
1784026800000,62800.01,62923.06,62713.6,62844.99,302.90008
1784030400000,62844.99,63989.54,62780.84,63960,3109.78866
1784034000000,63959.99,64181.99,63699.03,63840.01,1522.71413
1784037600000,63840.01,64346.49,63580.99,64305.02,1089.85313
1784041200000,64305.01,64966.43,64194.64,64743.99,3074.26518
1784044800000,64744,64896.86,64606,64730,1264.07966
1784048400000,64730.01,64730.01,64231.77,64621.43,1156.00933
1784052000000,64621.43,64648.88,64477.23,64571.98,502.24971
1784055600000,64571.99,64704,64487.38,64569.59,367.96179
1784059200000,64569.59,64599,64419.99,64572.02,281.25074
1784062800000,64572.02,64893.92,64526,64676.9,427.49727
1784066400000,64676.89,65100,64516,64860.89,1268.06322
1784070000000,64860.89,65048,64782,65043.98,418.50558
1784073600000,65043.99,65065.01,64765.12,64824.58,352.45343
1784077200000,64824.57,64853.08,64644.48,64674.35,610.20031
1784080800000,64674.35,64755.99,64488,64490.87,350.99185
1784084400000,64490.87,64840,64490.86,64792.01,379.79444
1784088000000,64792,64885.99,64714,64746.01,289.24746
1784091600000,64746.01,64964.96,64602.5,64944.06,686.5094
1784095200000,64944.06,65277.37,64814,64814,974.06143
1784098800000,64814.01,64876,64485,64549.34,1209.74716
1784102400000,64549.33,64797.02,64549.33,64768.01,958.47053
1784106000000,64768,64917.94,64653.18,64671.83,542.47841
1784109600000,64671.84,64855.56,64614,64663,316.30209
1784113200000,64663,64767.37,64616.11,64732.15,500.13863
1784116800000,64732.15,65249.9,64606,65164,1837.40143
1784120400000,65164,65577,64888,65117.99,1942.12357
1784124000000,65118,65517.05,65070,65399.81,1187.13269
1784127600000,65399.8,65600,65261.71,65427.61,1153.25811
1784131200000,65427.6,65470,64784.83,65120.79,1423.19665
1784134800000,65120.8,65194.72,64972.95,65056.1,1119.69712
1784138400000,65056.1,65143.57,64847.42,64860,1076.85531
1784142000000,64860,65000,64738.49,64977.34,377.96921
1784145600000,64977.34,65055.39,64899,64968.01,239.51973
1784149200000,64968.02,65018.74,64789.89,64834.31,289.23644
1784152800000,64834.31,64982.47,64772,64866.93,275.16571
1784156400000,64866.93,64938,64691.89,64756.28,309.9463
1784160000000,64756.28,64845.5,64500,64584.07,762.20624
1784163600000,64584.07,64830,64392.01,64730.01,462.87658
1784167200000,64730,64735.09,64574.02,64642.01,327.49099
1784170800000,64642,64745.55,64555,64619.95,221.04888
1784174400000,64619.96,64692,64544.04,64650.05,615.61718
1784178000000,64650.05,64997.52,64592.67,64917.99,618.6053
1784181600000,64917.99,64978,64630.01,64777.32,355.62558
1784185200000,64777.33,64777.33,64086.12,64238,1138.76345
1784188800000,64238,64380,63888,64126.85,3967.6065
1784192400000,64126.86,64186.83,64019.02,64090,3387.73889
1784196000000,64090,64269.42,64077.75,64221.34,351.18175
1784199600000,64221.34,64269.42,64101,64256.53,377.01841
1784203200000,64256.52,64256.52,63838.28,63966.01,728.30687
1784206800000,63966.01,64480,63961.14,64376,827.04997
1784210400000,64375.99,64863.07,64332.57,64543.51,993.97642
1784214000000,64543.51,64896,64320,64704.73,620.57363
1784217600000,64704.73,64712,64333.33,64484,523.57946
1784221200000,64484.01,64484.01,63984.09,64069.03,616.12218
1784224800000,64069.04,64330,64052.14,64246.01,275.58322
1784228400000,64246.01,64301.99,64152,64271.84,368.59969
1784232000000,64271.85,64276,64108,64114.27,169.71905
1784235600000,64114.25,64253.25,64101.18,64161.99,188.0978
1784239200000,64162,64240.12,63950.01,63968,351.60652
1784242800000,63968.01,64010.58,63748.74,63830.2,515.53223
1784246400000,63830.2,63912,63612.62,63886,435.36884
1784250000000,63886,64067.69,63476,63546.24,735.77497
1784253600000,63546.25,63657.99,63380.28,63482,818.39465
1784257200000,63482,63720,63482,63570,676.04775
1784260800000,63570,63576,63320,63486.01,490.83509
1784264400000,63486.01,63486.01,62804.3,62839.76,1190.44758
1784268000000,62839.77,62998.52,62710,62948,1200.24888
1784271600000,62948,62983.99,62800,62828.11,1288.47496
1784275200000,62828.11,62939.04,62666,62888,838.1557
1784278800000,62888.01,63069.06,62852.89,62989.46,603.45822
1784282400000,62989.47,63201.91,62989.47,63179.92,534.56662
1784286000000,63179.91,63361.7,63063.67,63298.01,617.19974
1784289600000,63298,63348,63069.09,63099.75,618.64826
1784293200000,63099.75,63180,62537.56,63153.99,1381.50027
1784296800000,63154,63518,63051.77,63174,1199.38162
1784300400000,63174.01,63452,62856.16,63452,702.84059
1784304000000,63452,63706.75,63312.01,63594,881.75053
1784307600000,63594,64228.27,63594,64049.86,1210.18889
1784311200000,64049.85,64387.99,63894,64259.73,761.86335
1784314800000,64259.73,64259.73,63981.2,64160.8,578.45246
1784318400000,64160.8,64192.57,63958.19,64120,456.18305
1784322000000,64120.01,64216.61,64064,64110,284.21145
1784325600000,64110.01,64147,63903.63,63986,255.88006
1784329200000,63986.01,64011.08,63884.35,63931.67,430.02036
1784332800000,63931.67,64012.39,63895.33,63910.04,217.92923
1784336400000,63910.05,64000,63886.65,63952.98,200.93158
1784340000000,63952.97,64032.6,63930.54,63967.61,372.4998
1784343600000,63967.61,64017.85,63928.15,64017.84,578.99589
1784347200000,64017.84,64017.85,63947.09,63967.99,311.74394
1784350800000,63968,63998,63926.39,63967.95,153.28461
1784354400000,63967.95,64005.99,63950,63979.67,193.68533
1784358000000,63979.67,64026.03,63974.94,64002.75,290.3862
1784361600000,64002.75,64019.64,63960,64006.01,293.43528
1784365200000,64006.01,64006.01,63887.73,63987.76,286.53507
1784368800000,63987.77,64026.39,63982.34,64016.43,264.0947
1784372400000,64016.43,64097.22,64010.99,64069.89,259.43503
1784376000000,64069.89,64274.47,64057.27,64218,554.94465
1784379600000,64218.01,64218.01,63963,64106,300.90627
1784383200000,64105.99,64195.01,64101.42,64126,182.82691
1784386800000,64126,64163.99,64037.45,64123.12,202.91031
1784390400000,64123.13,64314,64091.48,64303.47,325.76583
1784394000000,64303.48,64492,64280.22,64480.29,572.40254
1784397600000,64480.28,64669.5,64462,64512.41,531.00754
1784401200000,64512.41,64597.9,64482,64552.79,294.01495
1784404800000,64552.8,64739.64,64528.69,64693.01,554.55726
1784408400000,64693.02,64846.83,64614.36,64731.72,365.29033
1784412000000,64731.73,64865,64712.29,64805.05,503.12891
1784415600000,64805.04,64843.3,64709.28,64834.22,220.46796
1784419200000,64834.21,64906.4,64769.47,64792.08,443.04046
1784422800000,64792.08,64792.09,64765.99,64765.99,211.03912
1784426400000,64766,64967.25,64700.84,64826.01,574.09127
1784430000000,64826.01,64842.92,64620.44,64706.18,416.11384
1784433600000,64706.18,64795.43,64610.89,64720.17,249.31584
1784437200000,64720.17,64815.65,64676,64724.01,206.27533
1784440800000,64724,64759.33,64694.66,64711.69,244.79532
1784444400000,64711.69,64784,64675,64711.05,401.27453
1784448000000,64711.04,64743,64631.54,64707.49,602.66232
1784451600000,64707.48,64725.74,64500,64509.99,392.93472
1784455200000,64510,64700,64482,64595,334.64364
1784458800000,64595,64636.28,64445,64467.64,208.69371
1784462400000,64467.65,64467.65,64285.24,64441.15,549.2859
1784466000000,64441.16,64516.33,64307.72,64483.31,325.94592
1784469600000,64483.32,64663.04,64425.24,64593.07,328.9706
1784473200000,64593.07,64620,64500,64585.32,260.30458
1784476800000,64585.33,64644,64505.21,64538.72,321.63819
1784480400000,64538.72,64752,64406.3,64547.86,402.19584
1784484000000,64547.86,64554,64280,64419.99,321.71164
1784487600000,64420,64467.82,64352,64462.58,115.02705
1784491200000,64462.58,64560,64462.57,64535.99,100.52602
1784494800000,64536,64562.55,64350,64415.75,221.49991
1784498400000,64415.75,64900,64347.89,64674.67,828.28879
1784502000000,64674.66,64772,64572,64722.54,319.6402
1784505600000,64722.55,65107.99,64416,64553.84,736.05935
1784509200000,64553.85,65029.4,64506,64628.01,401.29098
1784512800000,64628.01,64964,64585,64827.2,378.92701
1784516400000,64827.19,64914.93,64644.01,64869.8,340.53514
1784520000000,64869.79,64869.99,64540,64540.01,333.38076
1784523600000,64540,64562,64082.7,64128,978.47191
1784527200000,64128.01,64220,63765.83,63917.98,852.13818
1784530800000,63917.99,64315.96,63896,64280.01,998.28115
1784534400000,64280.01,64356,63100,64049.99,3901.45477
1784538000000,64050,64276,64012.8,64199.5,508.64903
1784541600000,64199.51,64415.42,64162,64301.18,339.54836
1784545200000,64301.18,65068,64273.33,65002.01,1040.02207
1784548800000,65002,65002.83,64599.89,64640,1301.45682
1784552400000,64640,64763.67,64208,64344.01,1171.73283
1784556000000,64344.01,64575.37,64077.76,64416.01,811.23879
1784559600000,64416.01,65666.8,64398.15,65598.75,2563.16846
1784563200000,65598.75,65637.7,65336,65508.5,1056.62117
1784566800000,65508.5,65646.55,65342.52,65587.98,673.41436
1784570400000,65587.99,65799,65204,65240.01,708.20295
1784574000000,65240.01,65274.58,65041.05,65142,856.15121
1784577600000,65142,65438,65061.92,65367.58,339.09983
1784581200000,65367.57,65445.27,65272.32,65286.02,264.99229
1784584800000,65286.02,65286.02,65092.66,65141.99,333.37114
1784588400000,65142,65272.21,65128.17,65255.51,435.27846
1784592000000,65255.51,65585,65148.75,65568.01,685.78688
1784595600000,65568,65658.78,65232.65,65235.55,421.8846
1784599200000,65235.56,65500,65176.2,65414.01,382.21075
1784602800000,65414.01,65593.11,65411.74,65566.78,795.51369
1784606400000,65566.77,65742.58,65471.69,65522.01,600.76388
1784610000000,65522,65933.24,65485.55,65751.56,864.8195
1784613600000,65751.56,65991.05,65634,65913,733.43884
1784617200000,65913,66245.64,65866,66186.86,1338.71722
1784620800000,66186.86,66354,66129.19,66226.44,1032.71252
1784624400000,66226.43,66350,66144,66291.99,472.96398
1784628000000,66292,66420.65,66176.55,66180,1179.04438
1784631600000,66180,66350,66147.82,66345.59,752.24871
1784635200000,66345.59,66640,66255.73,66558.82,1002.49408
1784638800000,66558.81,66810.97,66315.62,66786,1358.43796
1784642400000,66786,66956.15,66648.27,66842.3,1722.33044
1784646000000,66842.29,66842.3,66517.52,66676.54,948.73464
1784649600000,66676.53,66764,66462.32,66542.01,672.73654
1784653200000,66542.01,66567.59,66052.63,66207.95,1024.8098
1784656800000,66207.96,66358,66098.71,66319.95,619.31647
1784660400000,66319.96,66502.8,66264.12,66444.76,623.55174
1784664000000,66444.76,66496,66359.3,66406.57,288.41886
1784667600000,66406.58,66408.26,66290,66385,330.71956
1784671200000,66385,66388.35,66204,66304.02,432.0724
1784674800000,66304.02,66576,66228.55,66556.16,334.55343
1784678400000,66556.15,66739.89,66525.54,66620.97,961.25987
1784682000000,66620.97,66661.79,66282.65,66433.3,801.8459
1784685600000,66433.29,66532.26,66298,66314.12,584.2039
1784689200000,66314.12,66371.27,66176,66210,535.35393
1784692800000,66209.99,66424,66198,66381.05,1016.50384
1784696400000,66381.05,66381.05,65944.51,65974.9,732.84767
1784700000000,65974.9,66026.93,65830.94,65934.33,677.13061
1784703600000,65934.34,65968.9,65701,65843.48,1698.20928
1784707200000,65843.48,66164.57,65843.47,65987.96,1762.03259
1784710800000,65987.97,66082.5,65850,65928,1983.57551
1784714400000,65928.01,66116.36,65898,66046.02,636.27622
1784718000000,66046.01,66092.59,65909.16,66013.36,789.42664
1784721600000,66013.36,66013.37,65553.67,65636.01,572.31956
1784725200000,65636.01,65982.28,65559.66,65951.39,762.44551
1784728800000,65951.38,66204.98,65588,65793.98,977.66799
1784732400000,65793.98,66125,65793.98,66047.39,689.66439
1784736000000,66047.38,66384,65911.6,66229.01,531.34681
1784739600000,66229.01,66275.29,65944,66024.03,332.68865
1784743200000,66024.02,66075.91,65726.08,65895.46,372.67709
1784746800000,65895.46,65958.56,65691.93,65923.19,284.49057
1784750400000,65923.19,65986,65791.79,65919.68,303.33342
1784754000000,65919.67,66133.98,65892.64,66072.47,345.28683
1784757600000,66072.48,66080.94,65932,66044.17,283.8249
1784761200000,66044.17,66138.24,65844.3,66114.49,440.45434
1784764800000,66114.5,66313.14,66054.58,66058.19,818.52742
1784768400000,66058.2,66208,65751,65830,911.89269
1784772000000,65830,65843.25,65653.23,65805.34,489.67764
1784775600000,65805.35,65816,65585.11,65662.53,518.12407
1784779200000,65662.53,65738.99,65590.12,65616.48,673.83221
1784782800000,65616.49,65797.93,65570.12,65691.01,258.16071
1784786400000,65691.01,65821.17,65625.2,65790,198.22051
1784790000000,65790,65790,65351.02,65442.13,625.4986
1784793600000,65442.12,65665.99,65419.75,65633,617.22753
1784797200000,65632.99,65757.99,65608.18,65638.92,505.16907
1784800800000,65638.92,65792.09,65589.69,65740,314.19369
1784804400000,65740,65740.01,65540.93,65555.21,260.87827
1784808000000,65555.21,65589.41,64988.05,65167.04,1080.21623
1784811600000,65167.05,65221.29,64863.62,64880,1019.68548
1784815200000,64880,65216.24,64822.13,64909.99,1122.58373
1784818800000,64910,65023.68,64728,64958.36,1087.45523
1784822400000,64958.37,64961.15,64704.57,64756.84,823.97347
1784826000000,64756.84,64900,64650,64681.27,610.54166
1784829600000,64681.26,64948.05,64680,64869.12,473.57506
1784833200000,64869.13,64934.75,64686.56,64846.94,525.37224
1784836800000,64846.93,65217.93,64834.52,65147.5,435.69297
1784840400000,65147.5,65210.35,65014,65169.81,348.6782
1784844000000,65169.82,65227.99,65013.94,65195.43,465.02672
1784847600000,65195.43,65235.43,65052.01,65098.97,514.02333
1784851200000,65098.98,65113.86,64762.18,64973.99,343.41298
1784854800000,64974,65168,64944.37,65086,666.39562
1784858400000,65086,65187.57,64925.45,65116.99,432.3739
1784862000000,65116.99,65464.35,65078,65456.7,382.6998
1784865600000,65456.7,65469.86,65272.26,65318,299.6958
1784869200000,65318.01,65394,65248,65325,372.30415
1784872800000,65325.01,65519.93,65278.07,65472,914.26438
1784876400000,65472,65808.59,65320.69,65499.95,1219.60281
1784880000000,65499.94,65508.17,65302.18,65302.18,306.26025
1784883600000,65302.18,65314.66,64952.38,65113.13,478.93491
1784887200000,65113.13,65157.99,64906.85,64950,716.12782
1784890800000,64950.01,65099.99,64857.14,65083.43,751.17375
1784894400000,65083.42,65133.99,64766,64780.01,507.45117
1784898000000,64780,64802,63920.01,64155.46,2007.68582
1784901600000,64155.47,64198.3,63739.75,64055.12,1591.08926
1784905200000,64055.11,64333.33,63858,64093.85,1939.18979
1784908800000,64093.86,64200,63881.46,63958,529.35925
1784912400000,63958.01,64202.91,63905.51,64180,525.47557
1784916000000,64180,64290.1,64129.75,64272,390.98725
1784919600000,64272.01,64292.44,64141.18,64225.32,579.59462
1784923200000,64225.32,64288.02,64128.89,64170.23,214.82759
1784926800000,64170.24,64258.73,64122.29,64155,651.81342
1784930400000,64155,64216.27,64121.86,64169.01,587.59798
1784934000000,64169.01,64187.4,64134.71,64139.99,412.95391
1784937600000,64140,64179.03,64033.18,64073.61,386.54772
1784941200000,64073.61,64160,64006.55,64068.01,493.07694
1784944800000,64068,64099.99,64017.87,64052,479.58839
1784948400000,64052.01,64105.61,64016.65,64085.36,469.51581
1784952000000,64085.36,64205.67,64085.15,64181.46,171.38031
1784955600000,64181.45,64199.76,63980.01,64024,245.62438
1784959200000,64024,64063.37,63964.57,64010,248.54758
1784962800000,64010,64038.52,64000,64003.2,408.36611
1784966400000,64003.2,64010.01,63810,63876.06,507.52898
1784970000000,63876.07,64024.72,63830,63999.99,1813.6121
1784973600000,64000,64070,63996,64070,200.57959
1784977200000,64069.99,64113,64047.09,64064.01,226.46632
1784980800000,64064.01,64123.8,64043,64123.8,179.4102
1784984400000,64123.8,64267.78,64106.74,64172,285.46591
1784988000000,64172.01,64217.09,64126,64214.04,270.20323
1784991600000,64214.05,64272,64169.99,64182,193.98029
1784995200000,64182.01,64241.71,64123,64206.6,126.61028
1784998800000,64206.61,64356,64194.37,64267.4,187.81706
1785002400000,64267.41,64475.28,64267.41,64415.99,314.52068
1785006000000,64415.99,64438.12,64388.38,64388.38,219.4973
1785009600000,64388.39,64392.74,64313,64339.75,213.90166
1785013200000,64339.75,64430,64263.03,64344.02,177.06463
1785016800000,64344.02,64426,64344.01,64412,625.93723
1785020400000,64412.01,64429.38,64363,64375,417.8076
1785024000000,64375.01,64507,64350,64506.99,256.73658
1785027600000,64506.99,64541.66,64456.67,64462,277.18148
1785031200000,64462,64527.59,64427.59,64527.56,117.0226
1785034800000,64527.57,64582,64488.73,64557,304.96319
1785038400000,64557,64599.95,64491.73,64530.06,425.16453
1785042000000,64530.06,64530.07,64403.95,64417.69,131.14508
1785045600000,64417.68,64457.55,64293.81,64438,408.23581
1785049200000,64438.01,64460,64341.99,64370,273.49735
1785052800000,64370,64493.99,64353,64480.01,204.14991
1785056400000,64480.02,64549.02,64478.38,64538,164.82486
1785060000000,64538.01,64573.73,64497.62,64515.4,137.0474
1785063600000,64515.39,64535.99,64495.17,64507.35,174.84399
1785067200000,64507.36,64662.99,64434,64466.67,319.29329
1785070800000,64466.68,64571.42,64414,64518,319.1541
1785074400000,64517.99,64768.23,64517.99,64712.99,504.24215
1785078000000,64713,64827,64673.42,64768,313.86895
1785081600000,64768,64940.51,64703.23,64734.17,420.05042
1785085200000,64734.17,64794.45,64668.91,64697.2,347.81315
1785088800000,64697.21,64769.99,64668.91,64734.38,114.76281
1785092400000,64734.39,64753,64671.91,64695.52,369.55718
1785096000000,64695.52,64703.36,64631.57,64649.04,120.01782
1785099600000,64649.04,64924,64649.03,64858.02,268.26505
1785103200000,64858.03,65502.6,64858.03,65412.68,1331.07392
1785106800000,65412.69,65577,65273.76,65399.99,630.14927
1785110400000,65400,65418.81,65065.46,65131.95,465.77387
1785114000000,65131.96,65225.75,64892.03,65206.21,478.78723
1785117600000,65206.21,65281.64,65118.08,65172,475.81825
1785121200000,65172.02,65367.73,65161.99,65284,519.18282
1785124800000,65284,65500,65242.69,65282.8,331.55981
1785128400000,65282.81,65493.38,65282.8,65468.38,284.79372
1785132000000,65468.38,65744.6,65404.9,65416.76,867.3473
1785135600000,65416.77,65447.02,65217.16,65221.99,1066.09119
1785139200000,65221.99,65258,65128.85,65162.98,724.97518
1785142800000,65162.98,65348.17,65100,65262.17,1478.16072
1785146400000,65262.18,65432,65230.01,65333.35,412.29993
1785150000000,65333.35,65333.36,65092,65100.79,287.15002
1785153600000,65100.79,65255.76,64836,65086,587.73231
1785157200000,65086,65718,64913.12,65217.37,1076.54142
1785160800000,65217.38,65431.9,64459.82,64687.45,1132.47674
1785164400000,64687.45,64776,64418.01,64554.01,596.28993
1785168000000,64554,64970.93,64517.78,64898.52,473.37301
1785171600000,64898.53,65090,64794.37,65019.81,404.49207
1785175200000,65019.81,65058.32,64755.67,64878,323.26344
1785178800000,64878,65078,64810.9,64984,291.82434
1785182400000,64983.99,65056,64908.01,64960.65,197.69959
1785186000000,64960.64,64960.65,64790.28,64821.25,238.07403
1785189600000,64821.26,64821.26,63792,63792,1130.54656
1785193200000,63792.01,63940.27,63605.56,63755.86,947.65195
1785196800000,63755.86,63827.49,63469.3,63487.88,711.04544
1785200400000,63487.88,63529.89,63059.39,63230.83,1245.20979
1785204000000,63230.82,63305.94,63108,63185.59,429.21894
1785207600000,63185.59,63375.39,63168.01,63343.83,728.50056
1785211200000,63343.82,63361.85,63221.26,63350.95,343.17382
1785214800000,63350.95,63623.5,63323.09,63451.61,390.51839
1785218400000,63451.62,63660.72,63395.13,63640.63,460.72288
1785222000000,63640.63,63668.71,63455.58,63505.99,985.9853
1785225600000,63506,63546.36,63406.11,63428.08,281.48766
1785229200000,63428.07,63581.33,63368.81,63393.99,315.43759
1785232800000,63393.99,63555.18,63294,63473.47,416.0357
1785236400000,63473.48,63593,63352,63450,405.45329
1785240000000,63449.99,63570,63364.96,63546.65,440.98415
1785243600000,63546.65,63588,62742.47,63104,1615.91422
1785247200000,63104,63550,62965.38,63412.45,868.98588
1785250800000,63412.45,64026.62,63269.28,63928.47,945.11572
1785254400000,63928.46,64100,63773.65,64043.26,517.94749
1785258000000,64043.27,64043.27,63504,63685.88,527.24876
1785261600000,63685.88,63849.09,63672.26,63734.49,311.5129
1785265200000,63734.49,63904,63675.93,63904,333.27009
1785268800000,63904,64018.39,63880,63917.55,300.22119
1785272400000,63917.55,64073.3,63892,63972.44,227.23863
1785276000000,63972.44,64020.76,63768.47,63783.71,319.67019
1785279600000,63783.72,63956.4,63562,63915,768.93138
1785283200000,63915,64200,63873.54,63953.99,862.01004
1785286800000,63954,63999,63690,63705.06,643.74129
1785290400000,63705.07,64132.42,63658,63979.96,459.75103
1785294000000,63979.96,64002,63710,63753.03,381.54189
1785297600000,63753.04,63970.92,63598,63968.34,635.48596
1785301200000,63968.34,64094.2,63890.07,64067.32,612.17163
1785304800000,64067.32,64471,64026.64,64435.62,959.62083
1785308400000,64435.63,64575.99,64402.67,64561,512.31101
1785312000000,64561.01,64588,64283.83,64417.31,442.88681
1785315600000,64417.31,64744.81,64386.94,64698,689.93306
1785319200000,64698.01,64718,64410.24,64469.83,337.46395
1785322800000,64469.84,64591.73,64422.5,64507.54,317.77588
1785326400000,64507.53,64507.54,64215.93,64276.81,475.5158
1785330000000,64276.82,64667.18,64139.68,64664.7,795.5697
1785333600000,64664.69,64718.87,64047.71,64108.01,736.50705
1785337200000,64108.01,64195,63886,63964.01,727.70384
1785340800000,63964.01,64146.53,63624.15,63808.33,758.02868
1785344400000,63808.33,64286.71,63709.19,64269.83,486.13508
1785348000000,64269.83,64648.79,63758,64501.52,1896.70634
1785351600000,64501.52,64600,63511,63589.46,1453.05091
1785355200000,63589.46,63746.42,63378.09,63522.01,788.59239
1785358800000,63522.01,63860,63267.34,63860,771.02443
1785362400000,63860,64131.44,63859.99,63942.5,704.70887
1785366000000,63942.5,64067.12,63899,63984.28,331.88265
1785369600000,63984.29,64125.61,63603.92,63696.72,649.94769
1785373200000,63696.73,64370,63690,64266,686.07285
1785376800000,64266.01,64411.76,64159.63,64189.99,575.1734
1785380400000,64190,64300.91,64133.99,64161.98,422.8264
1785384000000,64161.98,64180,64008.5,64023.99,927.45873
1785387600000,64024,64182,63907.85,64033.89,766.12333
1785391200000,64033.9,64080,63957.2,64002,642.99866
1785394800000,64001.99,64144.06,63943.29,64026,710.04842
1785398400000,64026,64358.99,63980.54,64308.01,1143.21426
1785402000000,64308.01,64641.37,64283.8,64567.56,2560.14823
1785405600000,64567.55,64631.99,64562,64570.72,459.04462
1785409200000,64570.72,64885.18,64542.73,64788,630.38864
1785412800000,64788.01,65043.94,64788,64925,819.62205
1785416400000,64925,65176.6,64689.02,65022.01,1173.19736
1785420000000,65022,65042,64620,64683.97,1065.79722
1785423600000,64683.97,64888,64607.31,64730.3,678.51535
1785427200000,64730.29,64963.64,64729.56,64818.01,615.24584
1785430800000,64818.01,64988,64772,64872,452.4677
1785434400000,64871.99,64899.8,64688,64702.8,263.9882
1785438000000,64702.8,64904,64702.79,64800,356.88836
1785441600000,64800,64936,64752.12,64777.37,330.42092
1785445200000,64777.38,64802.48,64700.34,64735.53,227.76045
1785448800000,64735.53,65029.29,64668.91,64851.16,482.45748
1785452400000,64851.16,65086.4,64740,64780.02,491.7787
1785456000000,64780.03,64901.55,64690.29,64724.91,660.4309
1785459600000,64724.92,65409.56,64480.44,64564.01,1217.00276
1785463200000,64564,64614,64203.58,64297.79,855.65776
1785466800000,64297.79,64439.81,64172,64370,548.04563
1785470400000,64370,64438,64236,64300,391.13431
1785474000000,64299.99,64421.68,64268.47,64363.06,529.40293
1785477600000,64363.06,64496.64,64196.08,64231.97,503.77566
1785481200000,64231.97,64245.57,63878.11,63950.01,3088.95651
1785484800000,63950.01,63987.36,63784.67,63834.01,734.18718
1785488400000,63834.01,63847.13,63638.18,63715.9,562.33026
1785492000000,63715.91,63951.77,63610,63918.67,422.39058
1785495600000,63918.68,64011.99,63792.01,63805.51,287.14604
1785499200000,63805.5,63830.62,63627.66,63754.01,516.25828
1785502800000,63754.01,63849.19,63241.71,63270.73,1511.53534
1785506400000,63270.72,63310,62466,62682.06,3628.40429
1785510000000,62682.05,62769.36,62490.24,62716.57,965.95557
1785513600000,62716.57,62931.79,62709.01,62870.88,857.24803
1785517200000,62870.87,63301.68,62800,63245.44,856.72938
1785520800000,63245.44,63302,62966,63097.57,753.45664
1785524400000,63097.57,63158,62936.29,62972,304.88916
1785528000000,62972,63034,62928.35,62953.7,318.42027
1785531600000,62953.7,63062.47,62846,62947.78,334.75985
1785535200000,62947.77,63020,62870.01,62950,440.99494
1785538800000,62950.01,63013.52,62860.64,62887.88,186.49459
1785542400000,62887.88,63024.04,62887.87,62938.01,517.26897
1785546000000,62938.01,62990,62923.47,62975.01,386.71985
1785549600000,62975,63106.55,62975,63075.07,348.67082
1785553200000,63075.08,63075.08,62970.65,63004.48,388.95582
1785556800000,63004.47,63115.37,62993.2,63115.01,223.92941
1785560400000,63115,63142.85,63000.85,63020,458.27671
1785564000000,63020,63086.65,62992.82,63080.64,434.87477
1785567600000,63080.65,63110.89,63034,63050.46,150.69173
1785571200000,63050.45,63150,63050.45,63126.25,106.02817
1785574800000,63126.25,63139.54,63046.33,63053.17,228.45152
1785578400000,63053.17,63111.09,62986.31,63056,321.04349
1785582000000,63055.99,63091.97,63037.72,63076,179.08594
1785585600000,63076,63119.4,63076,63103.68,320.18632
1785589200000,63103.68,63106.83,63051,63069.32,187.46878
1785592800000,63069.31,63127.07,63069.31,63126.52,385.79335
1785596400000,63126.53,63126.53,63007.05,63007.06,164.42533
1785600000000,63007.06,63027.65,62874,62932.32,327.87182
1785603600000,62932.32,62996,62666,62708.07,359.17517
1785607200000,62708.06,62734,62275,62580.56,931.42897
1785610800000,62580.55,62624,62461.17,62529.82,312.52626
1785614400000,62529.81,62674.98,62482.99,62662.13,183.46966
1785618000000,62662.14,62864,62662.13,62812.75,229.38386
1785621600000,62812.76,62866.62,62794.17,62831.28,129.54917
1785625200000,62831.29,62862.8,62769.97,62823.64,287.81315
1785628800000,62823.65,62979.99,62806.58,62833.99,397.27424
1785632400000,62834,63088,62834,62981.87,215.77694
1785636000000,62981.87,63547.7,62958.54,63451.58,1068.41906
1785639600000,63451.58,63550,63380,63461.95,388.55462
1785643200000,63461.95,63612,63461.95,63590,302.37117
1785646800000,63590,63634,63415.26,63453.27,261.31562
1785650400000,63453.27,63498.15,63435.99,63482.49,160.39885
1785654000000,63482.49,63544.51,63480,63506.24,412.11258
1785657600000,63506.23,63530,63172,63193.99,542.79786
1785661200000,63194,63320,63094,63273.94,277.11141
1785664800000,63273.94,63273.94,63125.06,63205.03,200.2751
1785668400000,63205.03,63206,62982.38,63031.99,373.06149
1785672000000,63031.99,63231.67,63031.99,63125.49,247.99863
1785675600000,63125.49,63146.89,63010,63126.92,262.12825
1785679200000,63126.92,63186,63062,63069.37,314.22912
1785682800000,63069.37,63186,63050,63109.14,191.05332
1785686400000,63109.13,63273.49,63064.01,63180.36,267.96361
1785690000000,63180.36,63342,63152,63300.28,318.39177
1785693600000,63300,63610.01,63290,63382.01,518.81545
1785697200000,63382.01,63479.85,63323.89,63456.01,247.35839
1785700800000,63456,63501.48,63404.69,63494.52,140.51262
1785704400000,63494.51,63785,63479.45,63578,457.27756
1785708000000,63578.01,63796.33,63376.71,63424.58,484.1409
1785711600000,63424.58,63596,63344,63570,337.67298
1785715200000,63570.01,63596,63208.3,63317.6,357.32342
1785718800000,63317.61,63350,63111.1,63212.16,372.31318
1785722400000,63212.16,63286,63100,63141.4,334.18959
1785726000000,63141.39,63168.44,62786.04,62870.49,516.46423
1785729600000,62870.48,63001.77,62770.37,62790,320.41763
1785733200000,62790,62875.02,62751.3,62827.17,546.69206
1785736800000,62827.17,62872.58,62613,62623.6,396.31841
1785740400000,62623.6,62700,62552.04,62621.1,1264.72827
1785744000000,62621.1,62647.69,62300,62541.5,657.33122
1785747600000,62541.5,62863.1,62520,62837.4,585.41075
1785751200000,62837.4,62860,62615.11,62742.01,443.80935
1785754800000,62742.01,62778.92,62540.95,62560.01,282.26451
1785758400000,62560.01,62799.3,62445.26,62700,437.23263
1785762000000,62700.01,63390,62562.42,63351.09,1121.39133
1785765600000,63351.09,63992.71,63136,63967.19,2387.82383
1785769200000,63967.19,63989.75,63646.59,63694.91,1368.53804
1785772800000,63694.9,63939.99,63664,63776.46,800.0795
1785776400000,63776.46,64059.75,63714.55,63906,628.1066
1785780000000,63905.99,64000,63768,63870.87,368.04477
1785783600000,63870.87,64080,63846,63869.38,545.18183
1785787200000,63869.38,64023.61,63769.92,63775.43,498.9936
1785790800000,63775.43,63791.98,63548,63590.15,427.95014
1785794400000,63590.15,63680,63392.01,63618,422.48287
1785798000000,63618.01,63621.35,63465.43,63520,460.20967
1785801600000,63520,63585.09,63322.01,63361.99,536.23408
1785805200000,63362,63927.99,63361.99,63847.93,808.63269
1785808800000,63847.92,63972,63686.44,63822.44,596.20908
1785812400000,63822.45,63860,63649,63800.01,343.13285
1785816000000,63800.01,64243.81,63762,64029,795.09044
1785819600000,64029.01,64056,63788.23,63818.48,306.74636
1785823200000,63818.47,63859.71,63654.16,63670,321.82249
1785826800000,63670,63763.63,63506.78,63685.74,779.79552
1785830400000,63685.73,63748.22,63564.99,63588.94,412.14854
1785834000000,63589.04,63610,63516.43,63603.73,356.68509
1785837600000,63603.73,63842,63451.8,63764,613.8334
1785841200000,63763.99,63950,63712,63926,457.77198
1785844800000,63926,64062.46,63788,63906.41,546.54537
1785848400000,63906.41,64097.74,63656,63683.94,1052.90355
1785852000000,63683.95,64193.54,63615.38,64128.72,879.92592
1785855600000,64128.73,64238,63814.29,64125.14,876.1178
1785859200000,64125.14,64130,63897.22,63950.93,546.40306
1785862800000,63950.94,64184,63892,63972.09,719.77508
1785866400000,63972.09,64400,63965.73,64305.99,693.34672
1785870000000,64305.99,64413.21,64193.57,64233.36,534.82384
1785873600000,64233.35,64420,64001.68,64341,558.35238
1785877200000,64341,64341.99,64175.52,64194,220.73608
1785880800000,64193.99,64293.91,64140,64270.61,181.53234
1785884400000,64270.62,64549.16,64081.26,64106.56,551.91443
1785888000000,64106.55,64193.25,63978.44,63988,649.78599
1785891600000,63988,64346,63950,64333.84,393.02738
1785895200000,64333.85,64504,64322.59,64368.26,562.72054
1785898800000,64368.27,64446,64046,64183.27,445.73851
1785902400000,64183.27,64218,64088.01,64176.7,184.21473
1785906000000,64176.69,64525.97,64163.36,64330.87,480.37923
1785909600000,64330.86,64373.31,64229.34,64253.58,396.58374
1785913200000,64253.59,64272,63995.89,64163.99,577.00898
1785916800000,64164,64280,64098,64120.81,335.28683
1785920400000,64120.81,64210.83,64102.95,64155.05,184.00109
1785924000000,64155.06,64242.93,64020,64062.23,387.90421
1785927600000,64062.23,64150,64044.5,64075.28,258.58817
1785931200000,64075.28,64581.43,64050,64332.43,1037.97436
1785934800000,64332.43,64412,63880,64407.99,1022.29322
1785938400000,64407.99,64578,64300,64476.39,1047.50709
1785942000000,64476.4,64744,64385.49,64388.01,986.83874
1785945600000,64388.01,64760.99,64388,64661.99,538.9344
1785949200000,64661.99,64804,64541.71,64770,480.07544
1785952800000,64770,64844.99,64670.01,64799.1,509.17226
1785956400000,64799.1,64936.18,64781.79,64840.28,466.98679
1785960000000,64840.27,65025.22,64806.46,64822.89,498.389
1785963600000,64822.88,64825.78,64657.69,64733.13,467.37291
1785967200000,64733.13,64783.84,64629.81,64636,271.07045
1785970800000,64636,64749.99,64579.15,64665.23,561.00122
1785974400000,64665.24,64724.38,64572,64644.99,476.9934
1785978000000,64644.92,64659.65,64498,64580.07,393.9399
1785981600000,64580.08,64650.62,64439.34,64579.36,432.25507
1785985200000,64579.36,64583.63,64493.2,64531.03,197.99261
1785988800000,64531.03,64755.72,64496.27,64734.65,354.38235
1785992400000,64734.65,64996,64730.26,64908.09,515.23827
1785996000000,64908.1,64908.1,64745.69,64860,233.29381
1785999600000,64860,64965.66,64776,64809.7,679.84082
1786003200000,64809.7,64999,64760,64941.99,323.50568
1786006800000,64942,64944,64630,64683.62,404.08385
1786010400000,64683.62,64685.05,64581.21,64615.95,207.8831
1786014000000,64615.95,64661.26,64503.54,64622.09,372.14171
1786017600000,64622.08,64637.68,64381.96,64424,336.45805
1786021200000,64424.01,64524.21,64172,64434.01,870.19548
1786024800000,64434.01,64850,64362,64778,781.12724
1786028400000,64778.01,64987.26,64624.29,64631.87,772.83402
1786032000000,64631.88,64778,64592.37,64757.99,370.31723
1786035600000,64758,64834,64548.81,64621.69,293.75208
1786039200000,64621.68,64621.69,64378.67,64418.47,347.29306
1786042800000,64418.48,64474.71,64365,64446,449.59357
1786046400000,64446.01,64536.32,64439.7,64439.7,195.47529
1786050000000,64439.71,64513.99,64404.74,64440.74,249.73283
1786053600000,64440.74,64450,64330.4,64351.49,210.70667
1786057200000,64351.48,64360.01,64200,64323.61,395.39675
1786060800000,64323.61,64410,64230.59,64317.99,285.45231
1786064400000,64318,64476.78,64300,64422.55,351.02167
1786068000000,64422.54,64544,64252.09,64399.87,388.69448
1786071600000,64399.88,64407.73,64260,64289.99,199.96303
1786075200000,64289.99,64364.08,64166,64255.13,222.89749
1786078800000,64255.14,64400,64177.62,64336.43,321.20596
1786082400000,64336.42,64463.75,64283.91,64304.12,452.26837
1786086000000,64304.12,64436.13,64264,64319.84,382.39149
1786089600000,64319.84,64672.1,64304.22,64600,433.22408
1786093200000,64600,64965,64599.99,64839.32,917.15159
1786096800000,64839.32,64916,64802,64893.98,362.71626
1786100400000,64893.99,65213.33,64893.64,65029.98,652.67441
1786104000000,65029.98,65390.99,64986.26,65292.32,1412.7636
1786107600000,65292.31,65338,64984.68,65009.24,1271.25225
1786111200000,65009.23,65275.03,64788,64957.98,982.58571
1786114800000,64957.98,65136.17,64894.83,64912.72,468.0279
1786118400000,64912.71,65072.31,64814,64814,485.33624
1786122000000,64814.01,64828.82,64525,64764.33,603.65716
1786125600000,64764.33,64881.13,64676,64735.51,225.44204
1786129200000,64735.52,65039.42,64735.52,64960.47,398.55222
1786132800000,64960.46,65053.56,64948,64972,238.49651
1786136400000,64972,65102,64928,64928.01,187.58406
1786140000000,64928.02,64947.7,64846,64888,304.11479
1786143600000,64888,64923.2,64869.99,64923.19,259.93041
1786147200000,64923.2,64954,64784.19,64929.01,432.5947
1786150800000,64929.01,64965,64908.97,64911.79,283.12303
1786154400000,64911.8,64957.47,64894.49,64923.97,317.46111
1786158000000,64923.98,65074.18,64918.28,65033,277.39242
1786161600000,65033,65071.15,64971.18,65013.58,199.83614
1786165200000,65013.58,65018.64,64976,64995.39,118.91329
1786168800000,64995.39,65014,64959.81,65006.61,298.35674
1786172400000,65006.61,65006.61,64951.34,64960,169.03379
1786176000000,64959.99,65020.5,64948.56,64993.87,150.80437
1786179600000,64993.88,65050,64992.98,64994.31,303.53576
1786183200000,64994.31,65022.43,64994.31,65005.87,144.30853
1786186800000,65005.88,65024.1,64957,64967.35,178.16146
1786190400000,64967.36,65050.55,64924,65008.34,234.45077
1786194000000,65008.33,65018,65000,65015.27,187.85749
1786197600000,65015.27,65192.54,65015.27,65129.02,356.35929
1786201200000,65129.01,65149.57,65061.31,65080.82,186.5848
1786204800000,65080.83,65116.82,65039,65086.45,128.83529
1786208400000,65086.46,65150,65075.46,65119.75,187.72596
1786212000000,65119.75,65119.75,65025.54,65044.07,168.52013
1786215600000,65044.08,65093.7,65017.39,65075.41,205.39734
1786219200000,65075.4,65100.61,65060,65082.41,382.31735
1786222800000,65082.42,65082.42,65000.53,65012.96,216.53129
1786226400000,65012.95,65038,64948.17,64950.61,427.30382
1786230000000,64950.62,64975.99,64936.01,64962.6,204.73811
1786233600000,64962.6,64991.93,64958.17,64973.65,214.05253
1786237200000,64973.65,65002,64838.33,64861.46,330.74593
1786240800000,64861.46,64863.16,64777.92,64820.01,255.40052
1786244400000,64820.01,64820.01,64730.08,64788.8,153.75776
1786248000000,64788.8,64826.13,64785,64785,156.31772
1786251600000,64785.01,64801.58,64777,64801.58,194.39306
1786255200000,64801.57,64867.11,64801.57,64849.99,216.36529
1786258800000,64850,64860.01,64826.14,64826.14,338.38864
1786262400000,64826.15,64960.06,64792.1,64824.16,328.93534
1786266000000,64824.17,64877.86,64809.68,64877.85,149.22124
1786269600000,64877.86,64994.07,64877.85,64959.86,249.48898
1786273200000,64959.87,65000,64950,64950,150.77221
1786276800000,64950.01,64962.41,64914.73,64960.11,166.88575
1786280400000,64960.12,65266,64960.11,65219.78,406.90586
1786284000000,65219.78,65300,65150.95,65260.01,280.8075
1786287600000,65260.01,65264,65214,65228.68,364.1864
1786291200000,65228.68,65266.06,65182.36,65232.14,289.41282
1786294800000,65232.15,65239.18,65198.68,65198.68,130.05099
1786298400000,65198.68,65220,65192,65199.68,83.21999
1786302000000,65199.69,65210,65179.72,65180.66,257.6312
1786305600000,65180.66,65181.99,65046.25,65137.96,465.99754
1786309200000,65137.96,65250,65115.05,65192.99,485.32235
1786312800000,65192.99,65474.46,64971.41,65077.13,941.55321
1786316400000,65077.13,65108,64842.59,64901.59,421.42323
1786320000000,64901.59,65322.58,64826.78,64968.01,556.44925
1786323600000,64968.21,65391.14,64900,65189.99,410.26148
1786327200000,65190,65220,64903.54,65099.99,432.7132
1786330800000,65099.99,65172,64904.99,64982.01,335.63049
1786334400000,64982,65100,64924,65006.73,333.49313
1786338000000,65006.74,65159.25,64979.88,65134,299.63603
1786341600000,65134,65339.7,65130.01,65299.4,433.93661
1786345200000,65299.4,65379.13,65196.53,65202.73,554.01187
1786348800000,65202.72,65328.73,65192,65245.58,316.81156
1786352400000,65245.59,65245.59,64958.87,64967.24,389.34609
1786356000000,64967.25,65074.61,64967.24,65013.06,428.4961
1786359600000,65013.07,65130.16,64977.93,65125.98,160.3373
1786363200000,65125.99,65237.8,64850,64870.75,596.12387
1786366800000,64870.74,64973.72,64518.01,64561.98,1297.24239
1786370400000,64561.98,64888.32,64544.01,64625.77,650.29814
1786374000000,64625.77,64711.43,64203.15,64299.99,1096.33991
1786377600000,64299.99,64354,63830.57,63904.65,1498.06925
1786381200000,63904.65,64027.12,63832,63953.04,1290.55418
1786384800000,63953.04,64020.64,63806.27,63889.39,944.06538
1786388400000,63889.39,64101.34,63888.01,64045.7,543.26284
1786392000000,64045.7,64215.21,64023.06,64158.5,286.34235
1786395600000,64158.49,64158.5,63987,63987,239.68387
1786399200000,63987,64055.95,63944,64016,216.96727
1786402800000,64015.99,64020,63920.69,63970.01,328.33621
1786406400000,63970.01,64058,63895.64,64040,690.26826
1786410000000,64040.01,64080.1,63958.2,64060.8,355.07512
1786413600000,64060.8,64086,64030,64044.59,263.24469
1786417200000,64044.6,64176,64044.59,64155.01,524.13513
1786420800000,64155,64159.65,64021.02,64023.51,360.17249
1786424400000,64023.51,64051.93,63964,64000,217.31247
1786428000000,64000,64050.43,63852,63969.28,681.87714
1786431600000,63969.29,64108,63911.09,64065.99,380.83043
1786435200000,64066,64148.78,64044.72,64136.41,168.66039
1786438800000,64136.41,64300,64121.51,64300,453.24003
1786442400000,64300,64312.7,64200,64233.23,408.12036
1786446000000,64233.23,64400,64233.23,64389.57,538.09782
1786449600000,64389.58,64515.43,64274.57,64330.01,714.43565
1786453200000,64330,64368.42,64050,64200.28,1390.7479
1786456800000,64200.29,64263.83,63714.75,63770.03,985.02313
1786460400000,63770.03,63868,63451,63609.87,1286.57237
1786464000000,63609.86,63660,63459.54,63512.59,740.82749
1786467600000,63512.59,63632.94,63461.88,63607.88,482.84238
1786471200000,63607.87,63626.03,63251.59,63373.07,749.01907
1786474800000,63373.07,63536,63238,63536,452.04779
1786478400000,63536,63748.37,63536,63740,321.5572
1786482000000,63740,63768.58,63622,63672.73,269.417
1786485600000,63672.73,63768,63626.25,63668.49,253.27935
1786489200000,63668.5,63668.5,63543.55,63600,204.82882
1786492800000,63600.01,63745.53,63534.01,63742.07,247.42097
1786496400000,63742.07,63855.5,63698.18,63813.8,499.92358
1786500000000,63813.8,63908.01,63730.72,63749.76,612.29132
1786503600000,63749.77,63845.91,63709.85,63835.59,538.85374
1786507200000,63835.58,63891.42,63739.99,63769.58,568.35931
1786510800000,63769.58,63869.56,63724.25,63849.94,540.4656
1786514400000,63849.94,63849.94,63606.15,63711.97,563.28705
1786518000000,63711.97,63838,63644.1,63837.99,458.43036
1786521600000,63838,63867.2,63773.98,63794.94,303.11959
1786525200000,63794.95,64130.47,63768.01,64108.81,553.52986
1786528800000,64108.82,64218,64059.99,64143.36,996.13758
1786532400000,64143.36,64249.5,64113.5,64240.04,414.30431
1786536000000,64240.04,64500,63976.37,64119.71,1297.05947
1786539600000,64119.72,64159.36,63840,63840,727.44098
1786543200000,63840,63926.13,63362.74,63363.39,1163.88428
1786546800000,63363.39,63570.01,63316,63441.47,771.05562
1786550400000,63441.48,63578,63368.35,63492.12,487.79219
1786554000000,63492.12,63556,63416.4,63471,292.36777
1786557600000,63470.99,63522.56,63373.97,63386.59,396.92257
1786561200000,63386.58,63465.13,63310.34,63421.11,381.53313
1786564800000,63421.11,63600,63421.11,63599.99,307.26199
1786568400000,63600,63661.24,63421.61,63469.83,267.57645
1786572000000,63469.84,63536,63370,63432.28,240.00896
1786575600000,63432.28,63482.89,63378.23,63479.99,998.04154
1786579200000,63479.99,63717.31,63460.32,63556.92,406.77009
1786582800000,63556.91,63631.67,63382.45,63456.11,317.88444
1786586400000,63456.1,63582,63380,63550.01,458.1649
1786590000000,63550.01,63686.4,63514.21,63646.99,401.71819
1786593600000,63647,63778,63591.56,63693.74,223.42484
1786597200000,63693.73,64010,63671.64,63878,500.10882
1786600800000,63878.01,63942.36,63757.47,63942.35,256.03719
1786604400000,63942.36,63947.09,63856.13,63865.84,533.09585
1786608000000,63865.84,63915,63742,63766.8,439.81868
1786611600000,63766.8,63786.49,63587.99,63782.64,337.82326
1786615200000,63782.65,63818.16,63586,63651.19,317.79982
1786618800000,63651.2,63660.76,63350,63484.3,355.63538
1786622400000,63484.31,63710,63450,63697.76,384.47294
1786626000000,63697.76,63850,63566,63724,561.86509
1786629600000,63723.99,63999,63686,63859.45,669.38212
1786633200000,63859.46,63940.08,63420,63420.01,505.15868
1786636800000,63420.01,63568.97,62802.27,63160.13,1752.37181
1786640400000,63160.13,63294.61,63074.44,63144.38,644.48394
1786644000000,63144.37,63369.63,63105.44,63310,325.89181
1786647600000,63310,63519.39,63310,63407.99,349.14796
1786651200000,63408,63474.34,63368,63415.55,239.68311
1786654800000,63415.56,63500,63390,63474,188.33344
1786658400000,63474,63640,63473.99,63530.01,226.97651
1786662000000,63530.01,63539.03,63400,63490.86,397.80966
1786665600000,63490.86,63552.99,63410,63541.45,377.80366
1786669200000,63541.45,63585.92,63458,63575.86,310.91391
1786672800000,63575.86,63617.45,63465.38,63465.39,489.39475
1786676400000,63465.39,63576,63301.58,63310,296.84163
1786680000000,63310,63472.5,63276,63372.56,530.66039
1786683600000,63372.56,63400.3,63286.67,63379.83,201.71573
1786687200000,63379.83,63379.83,62942,62974.14,627.73261
1786690800000,62974.14,63110,62920,62920.78,730.23378
1786694400000,62920.78,62997.83,62700,62940.01,892.48443
1786698000000,62940.01,62940.01,62744,62792.75,501.14919
1786701600000,62792.75,62946,62739.98,62814.14,598.55074
1786705200000,62814.14,62936.82,62814,62868.83,444.92265
1786708800000,62868.83,62913.3,62726.26,62741.69,486.51649
1786712400000,62741.68,62822.33,62605,62668,987.78817
1786716000000,62668,62797.88,62535.24,62620.01,998.23888
1786719600000,62620.01,63089.18,62612,62990.95,988.09918
1786723200000,62990.94,63215.58,62966.86,63133.48,566.22185
1786726800000,63133.49,63247.05,63000,63013.69,454.05828
1786730400000,63013.7,63088.21,62894.85,62930.01,367.77038
1786734000000,62930.01,62996,62830,62968.05,394.98545
1786737600000,62968.06,63020.74,62896.85,62907.59,359.43765
1786741200000,62907.59,62937.22,62873.25,62928.49,179.646
1786744800000,62928.49,62957.28,62800,62886.88,226.57205
1786748400000,62886.87,63066.13,62865.03,63043.56,329.09114
1786752000000,63043.56,63059.5,62992.91,63019.88,208.64233
1786755600000,63019.89,63051.78,62993.57,63045.13,485.23532
1786759200000,63045.14,63134.82,63035.95,63134.41,243.54429
1786762800000,63134.41,63187.98,63039.99,63051.25,184.46775
1786766400000,63051.25,63151.65,63051.25,63122,172.30243
1786770000000,63122.01,63155.76,63039.99,63089,213.28052
1786773600000,63089,63134.84,63027.89,63114.68,373.75318
1786777200000,63114.68,63134.83,63042,63075.43,688.73174
1786780800000,63075.43,63085.8,62933.71,62935.72,177.99645
1786784400000,62935.72,63045.83,62920,63030.38,183.99371
1786788000000,63030.39,63051.74,63002.12,63046.1,79.58111
1786791600000,63046.1,63054.69,62996.85,63022.01,175.71191
1786795200000,63022.01,63055.36,62946.58,63050.13,109.73402
1786798800000,63050.12,63080.88,63028.11,63060.35,132.2968
1786802400000,63060.34,63060.35,62996.77,63040,244.03751
1786806000000,63040.01,63120.09,63032,63100.55,214.37562
1786809600000,63100.55,63124.99,63066.73,63096.63,202.83972
1786813200000,63096.62,63100.69,63066.21,63070.5,96.56413
1786816800000,63070.49,63115.58,63044.37,63057.58,294.79086
1786820400000,63057.58,63127.4,63057.57,63126.08,516.06271
1786824000000,63126.07,63126.08,63076.96,63103.29,55.31906
1786827600000,63103.29,63168.95,63103.29,63159.04,170.99952
1786831200000,63159.04,63175,63135.52,63135.52,95.56932
1786834800000,63135.52,63139.96,63086,63086.01,85.33037
1786838400000,63086.01,63086.01,63061.47,63085.82,94.57372
1786842000000,63085.81,63085.82,63012,63084.78,180.55557
1786845600000,63084.78,63151.59,63024.22,63121.91,245.34897
1786849200000,63121.92,63130.01,63115.61,63130,105.94774
1786852800000,63130.01,63158.8,63090,63090.01,130.32114
1786856400000,63090,63094,63040,63069.43,235.12057
1786860000000,63069.43,63083.79,63043.21,63069.31,280.31849
1786863600000,63069.32,63069.32,63054.34,63061.02,146.93998
1786867200000,63061.03,63079.76,63061.02,63072.42,108.9221
1786870800000,63072.43,63072.43,62968.45,62992.69,290.93169
1786874400000,62992.68,63013.62,62968.45,63008.57,133.29459
1786878000000,63008.56,63013.66,62981.93,63013.66,213.61707
1786881600000,63013.66,63025.42,62997.77,63021.98,78.74312
1786885200000,63021.99,63070.05,63021.98,63060.01,146.76198
1786888800000,63060.01,63102.86,63060,63102.85,159.23473
1786892400000,63102.86,63146.4,63102.86,63146.39,173.3934
1786896000000,63146.39,63390,63137.35,63260.01,394.04188
1786899600000,63260,63276.61,63120.22,63159.3,190.81967
1786903200000,63159.31,63173.71,63120,63140.06,89.92171
1786906800000,63140.05,63230,63100.89,63108.81,186.2917
1786910400000,63108.8,63140,63027.6,63067.79,122.98382
1786914000000,63067.79,63085.15,62754,62929.61,328.59983
1786917600000,62929.61,62954,62716,62913.7,453.8874
1786921200000,62913.7,62993.77,62830,62900,246.66048
1786924800000,62900,62956,62751.1,62917.54,577.24276
1786928400000,62917.54,63246.91,62896,63116.12,495.52019
1786932000000,63116.12,63500,63037.09,63403.34,459.80516
1786935600000,63403.33,63520,63339.78,63429.21,637.65934
1786939200000,63429.21,63580,63429.21,63532.44,714.19197
1786942800000,63532.43,63594.76,63446.59,63520.18,770.70619
1786946400000,63520.18,63717.17,63477.95,63667.99,312.69187
1786950000000,63668,63668,63500,63514.45,696.41924
1786953600000,63514.45,63545.08,63350,63380.84,520.36494
1786957200000,63380.83,63428,63295,63323.96,311.26926
1786960800000,63323.97,63694.26,63300.25,63692.21,683.00101
1786964400000,63692.2,63781.69,63587.05,63631.1,428.28018
1786968000000,63631.11,63680,63533.06,63554.69,405.66003
1786971600000,63554.7,63799.64,63444.17,63672.36,585.29579
1786975200000,63672.37,63904.76,63588,63902.63,583.47166
1786978800000,63902.63,64227.27,63812.35,64200,1356.1435
1786982400000,64200,64216.42,64058,64115.76,671.84426
1786986000000,64115.76,64425,63979.3,64325.99,1418.9831
1786989600000,64325.99,64610.01,64280.49,64428.87,1040.45275
1786993200000,64428.88,64428.88,64288.35,64309.96,452.68874
1786996800000,64309.95,64434,64266,64392.73,244.13801
1787000400000,64392.72,64434.76,64296,64382.02,218.14648
1787004000000,64382.02,64416,64283.49,64291.25,321.62233
1787007600000,64291.26,64578,64288.24,64532.1,350.04837
1787011200000,64532.11,64568.46,64367.27,64383.71,332.9031
1787014800000,64383.72,64387.71,64156,64200.06,378.48537
1787018400000,64200.06,64272,64048,64103.22,442.34864
1787022000000,64103.22,64195.45,64047.73,64185.01,577.49413
1787025600000,64185,64250.69,64090,64210.32,739.25374
1787029200000,64210.33,64276,64140,64242.76,1323.90812
1787032800000,64242.76,64446,64170,64318.03,694.7657
1787036400000,64318.03,64350,64164,64198.97,394.05527
1787040000000,64198.97,64336,64087.98,64296.02,402.40674
1787043600000,64296.01,64296.01,64140,64171.95,269.49893
1787047200000,64171.95,64216,64123.42,64202.8,219.75251
1787050800000,64202.81,64402.35,64192.42,64351.19,310.52659
1787054400000,64351.18,64355.64,64218.45,64230.02,236.94493
1787058000000,64230.02,64284,64027.85,64219.99,1179.78725
1787061600000,64219.99,65058.81,64219.99,64714.16,1757.31459
1787065200000,64714.16,64888,64652,64855.06,513.17463
1787068800000,64855.06,64891.81,64675.5,64840,419.07089
1787072400000,64840,64840.01,64670.02,64670.02,400.18777
1787076000000,64670.02,64822,64656,64772,219.3896
1787079600000,64771.99,64796,64642.36,64643.26,185.09854
1787083200000,64643.27,64654.87,64568,64582.39,191.92081
1787086800000,64582.38,64653.97,64571.48,64604.58,187.67225
1787090400000,64604.58,64648,64562.25,64634,200.09422
1787094000000,64634,64780,64631.15,64725.42,213.8588
1787097600000,64725.42,64736.27,64488,64488,247.80518
1787101200000,64488,64551.47,64389.27,64400.48,314.2814
1787104800000,64400.47,64414.65,64350,64351.9,547.93834
1787108400000,64351.86,64414,64278,64330.71,258.70445
1787112000000,64330.7,64391.8,64293.43,64316.22,402.06932
1787115600000,64316.22,64409.93,64236,64236.01,258.31718
1787119200000,64236.01,64344,64166,64339.8,531.39508
1787122800000,64339.8,64395.78,64271.78,64296,630.66386
1787126400000,64296.01,64510.95,64255,64413.95,381.23164
1787130000000,64413.95,64470.66,64360.7,64427.06,228.1951
1787133600000,64427.07,64456.71,64373.24,64456.71,262.84871
1787137200000,64456.71,64539.05,64454.99,64515.63,286.02228
1787140800000,64515.62,64988,64474.86,64882.15,785.09851
1787144400000,64882.15,65217.86,64793.29,65012.12,1619.46727
1787148000000,65012.12,65970,65012.11,65923.21,2365.56793
1787151600000,65923.21,69500,65892,68554,9262.86965
1787155200000,68554,68997,68416.36,68465.27,2013.58518
1787158800000,68465.26,68546.22,67825.03,68197.29,1708.46485
1787162400000,68197.3,68453.43,68042,68395.99,626.01288
1787166000000,68396,68483.52,68103.71,68429.44,730.52396
1787169600000,68429.44,69579.99,68390,69048.06,1419.23549
1787173200000,69048.06,70000,68984.78,69709.46,2102.52662
1787176800000,69709.47,69833.99,68980,69258.9,1240.65644
1787180400000,69258.9,69453.88,69160,69334.79,830.81844
1787184000000,69334.78,69793.21,69314.01,69420,1392.50902
1787187600000,69420,69894.5,69283.25,69721.92,864.23959
1787191200000,69721.92,69824,69268,69301.27,929.59108
1787194800000,69301.27,69340,68902.22,69195.64,941.77624
1787198400000,69195.64,69599.01,69166,69492.01,712.36152
1787202000000,69492,69668,69349.16,69406.54,1261.47615
1787205600000,69406.53,69927.97,69336.97,69851.99,1346.47743
1787209200000,69851.99,70022,69506.91,69816.45,2107.14536
1787212800000,69816.45,71826.26,69772.36,71592.1,4173.84476
1787216400000,71592.11,72067.46,71500,71789.97,3166.23325
1787220000000,71789.97,72490,71686.58,71995.99,2350.9646
1787223600000,71995.99,72322,71820,71927.07,1357.58479
1787227200000,71927.07,72015.42,71501,71952.04,1576.86402
1787230800000,71952.04,72108.8,71132,71691.99,2151.9086
1787234400000,71692,71990.09,71364.01,71826.85,1441.04171
1787238000000,71826.85,72830,71789.01,72470.83,2926.7352
1787241600000,72470.84,72905,72205.88,72837.15,1324.40386
1787245200000,72837.15,72966,72534.71,72737.5,1268.41951
1787248800000,72737.51,72810,72394,72431.36,968.00662
1787252400000,72431.35,72774,72330,72690.76,818.65084
1787256000000,72690.76,73110.7,72594,72671.75,871.61952
1787259600000,72671.76,72848,72557,72741.81,501.87504
1787263200000,72741.81,72878,72498,72676.22,520.26326
1787266800000,72676.23,73400,72664.56,73025.15,930.8009
1787270400000,73027.02,73990,73027.02,73708.02,1919.94005
1787274000000,73707.82,75785.82,73668,75129.23,3173.32947
1787277600000,75129.23,75197.08,74384.63,74439.74,1716.15486
1787281200000,74439.75,74882.24,74247.46,74510.77,1039.80072
1787284800000,74510.77,75054.46,74510.77,75026,825.51685
1787288400000,75026,75500,74918.79,75472.73,1138.68225
1787292000000,75472.73,75753,75104,75646.21,1382.10073
1787295600000,75646.2,76916.95,75620,76308.65,3775.56433
1787299200000,76308.66,79500,76235.76,79258.03,4366.47306
1787302800000,79258.02,79363.79,77251,77910.71,4167.07817
1787306400000,77910.71,78250,77621.8,77810.02,1604.18384
1787310000000,77810.01,77855.78,76411.38,76722.32,2387.74046
1787313600000,76722.31,77477.24,76538,77223.66,2680.17653
1787317200000,77223.66,77700,76243.04,77266.87,2022.51306
1787320800000,77266.88,77448.26,76552.74,77384.68,1855.76373
1787324400000,77384.69,77871.33,77170,77221.98,1316.36575
1787328000000,77221.98,77563.53,76784.81,77486.01,1368.21973
1787331600000,77486.01,77722.12,77189.95,77392.68,1099.33856
1787335200000,77392.69,77550,76643.72,77146,1247.39698
1787338800000,77145.99,77360,76856.2,77028.94,1151.33799
1787342400000,77028.94,77548.99,76863.56,77520.19,905.49008
1787346000000,77520.19,78675.1,77388,78505.15,1351.97974
1787349600000,78505.14,78760.68,78081.8,78460.14,1022.8221
1787353200000,78460.13,78720,78100.26,78338.03,821.59664
1787356800000,78338.03,78500,77683.37,77953.3,822.10615
1787360400000,77953.3,78234,77816.66,77830.01,612.96043
1787364000000,77830.01,78563.83,77791.19,78470,965.16893
1787367600000,78470,78828.15,78372,78410.98,734.8031
1787371200000,78410.98,78818,78207.61,78470,738.35305
1787374800000,78470,78584,76500,77380.75,3816.352
1787378400000,77380.75,77572.16,76985.14,77486.09,838.31259
1787382000000,77486.09,77669.28,77220,77289.18,634.34953
1787385600000,77289.18,77445.6,77037.42,77210.55,870.47609
1787389200000,77210.55,77395.04,76851.25,77061.99,1089.30988
1787392800000,77062,77187.46,76533.87,76976,1058.83574
1787396400000,76976.01,77204.68,76772.05,77130.02,729.38003
1787400000000,77130.01,77387.99,77073.86,77300.27,529.84412
1787403600000,77300.27,77362.03,77116,77288.62,471.5874
1787407200000,77288.62,77305.14,76930,77003.62,534.05012
1787410800000,77003.62,77100.77,76880,76978.83,465.28762
1787414400000,76978.83,77547.96,76956.36,77288.01,537.52059
1787418000000,77288.01,77369.99,77066.66,77278.01,367.89271
1787421600000,77278.01,77360.92,77138,77257.86,246.33381
1787425200000,77257.87,77469.64,77206.53,77418.25,260.41653
1787428800000,77418.26,77467.53,77258,77311.69,351.69043
1787432400000,77311.69,77311.69,76828.78,76856.01,472.54194
1787436000000,76856,77155.46,76772,76997.76,933.98314
1787439600000,76997.77,77126.53,76900,77074.93,442.95254
1787443200000,77074.94,77359.53,77042.91,77302.65,422.64795
1787446800000,77302.65,77400,77158,77190.29,315.9346
1787450400000,77190.29,77232.55,77005.88,77079.46,272.44621
1787454000000,77079.46,77136.78,76837,76927.87,542.03792
1787457600000,76927.87,77036.58,76477.04,76602,1142.31377
1787461200000,76602,76730.99,75545.67,76053.37,2021.52468
1787464800000,76053.38,76357.51,75872.89,76096.95,788.44492
1787468400000,76096.96,76345.31,75907.82,76007.13,498.42122
1787472000000,76007.12,76654.78,75952.09,76486.49,773.49224
1787475600000,76486.49,76640.21,76467,76549.98,346.37256
1787479200000,76549.99,76924.29,76542,76790.35,533.71157
1787482800000,76790.35,77400,76744.94,77311.02,784.82342
1787486400000,77311.02,77311.99,76975.63,77206,446.59889
1787490000000,77206.01,77765.8,77192.21,77487.62,955.92825
1787493600000,77487.62,77640.58,76802,77186,1015.68445
1787497200000,77186,77336.93,76913.49,77156.13,562.15936
1787500800000,77156.14,77475,77156.13,77429.88,303.2396
1787504400000,77429.87,77443.95,77148.2,77176.41,396.15987
1787508000000,77176.41,77415.33,77116,77341.98,670.17194
1787511600000,77341.99,77487.04,77255.99,77346.01,294.93858
1787515200000,77346,77460,77200.03,77401.6,169.97755
1787518800000,77401.59,78052.85,77401.59,77833.23,861.63202
1787522400000,77833.23,77979,77560.02,77598.88,587.36494
1787526000000,77598.87,77829.7,77290.22,77734,661.20534
1787529600000,77734,77742,77142.85,77679.5,630.62998
1787533200000,77679.51,77717.28,76918,76922.1,853.47221
1787536800000,76922.11,77545.08,76883.61,77478.69,732.4439
1787540400000,77478.7,77532.37,76933,76933.02,1447.49069
1787544000000,76933.02,77247.12,76670.01,76897.44,1191.36747
1787547600000,76897.44,77226.93,76842.72,77149.4,884.51745
1787551200000,77149.39,77525.09,77071,77464.33,745.9839
1787554800000,77464.33,77790.19,77281.68,77307.15,681.33125
1787558400000,77307.14,77414.88,76838,77041.47,921.46444
1787562000000,77041.46,77602.8,77028,77554.08,523.00977
1787565600000,77554.08,78017,77534.09,77617.22,1113.08488
1787569200000,77617.23,78600,77450,78443.65,1324.46087
1787572800000,78443.65,79326.48,77982,79159.99,1858.84351
1787576400000,79159.98,79450,77851.9,78597.99,3300.58408
1787580000000,78597.99,79841.12,78597.99,79510.92,3230.14333
1787583600000,79510.93,80000,78824.78,79100.01,3666.17565
1787587200000,79100.01,79877.87,78901.1,79047.6,1877.28842
1787590800000,79047.61,79198,78468.61,78761.14,1637.93002
1787594400000,78761.14,79084.22,78718.01,78928.35,783.83103
1787598000000,78928.35,79118.42,78600,78758,1063.06502
1787601600000,78757.99,78996,78560,78932.33,421.20967
1787605200000,78932.33,79049.4,78853.43,78984.23,302.47665
1787608800000,78984.23,78988,78692,78740,351.77026
1787612400000,78740,79017.76,78622.13,78992.75,636.71946
1787616000000,78992.76,79888,78715.63,79739.99,1133.49463
1787619600000,79739.99,79985.41,79478,79828,1067.23419
1787623200000,79828,81272.62,79742,80649.63,3314.90532
1787626800000,80649.62,80956,80314.31,80488.01,1359.49076
1787630400000,80488.01,80608,80150,80363.73,898.81211
1787634000000,80363.74,80821.53,80322,80731.9,994.03992
1787637600000,80731.9,80923.69,80420,80574.09,745.39881
1787641200000,80574.09,80819.67,79369.17,79705.79,1307.68383
1787644800000,79705.79,80249,79622,79930.77,788.31559
1787648400000,79930.76,79958,78888,79187.2,1475.2851
1787652000000,79187.2,79484.01,78992,79309.63,836.94668
1787655600000,79309.63,79463.59,79044.18,79117.99,617.29432
1787659200000,79118,79171.88,78640,78980,1007.3407
1787662800000,78980.01,79222,78120.74,78647.99,1734.1222
1787666400000,78648,79386.94,78531.55,79235.99,1216.06528
1787670000000,79236,79527.09,79020.04,79502.01,794.08262
1787673600000,79502.01,79563.71,79067.72,79156.02,676.1787
1787677200000,79156.02,79256.08,78752.06,79240.01,747.28203
1787680800000,79240.02,79380,79048.44,79128,469.50082
1787684400000,79128.01,79233.57,78728.35,78925.95,702.86873
1787688000000,78925.96,78976,78165.27,78206.13,777.55096
1787691600000,78206.14,78664,77851,78570,840.88883
1787695200000,78569.99,79000,78569.99,78889.51,577.33833
1787698800000,78889.51,78977.49,78396.88,78539.14,690.39348
1787702400000,78539.13,78721.48,78312,78631.79,680.65038
1787706000000,78631.7,78960,78607.29,78815.13,572.39774
1787709600000,78815.13,79251.6,78748.56,79108,505.52805
1787713200000,79108.01,79184,78900,79088.62,453.50631
1787716800000,79088.61,79200,78790.68,78826,482.93427
1787720400000,78826,79143.62,78638,79085.98,515.23689
1787724000000,79085.98,79206,78816,78947.92,459.3577
1787727600000,78947.92,79096,78867,78925.56,516.24118
1787731200000,78925.57,79119.37,78600,78707.59,995.42693
1787734800000,78707.59,78877.02,78244.83,78444.49,553.36821
1787738400000,78444.5,78879.75,78291.09,78727.45,367.28381
1787742000000,78727.46,78782,78317,78487.26,413.44093
1787745600000,78487.26,78713.79,77918.25,78319.59,1022.94925
1787749200000,78319.58,78554,77913.19,78448.66,943.22287
1787752800000,78448.66,78603.41,77774,77790.48,1051.14695
1787756400000,77790.48,78167.26,77632.58,78011.65,712.24119
1787760000000,78011.64,78161.73,77858,77991.3,600.54786
1787763600000,77991.29,78603,77991.29,78442.83,585.12324
1787767200000,78442.84,78650.26,78280.01,78472.41,337.24489
1787770800000,78472.41,78572,78292,78475.49,466.85134
1787774400000,78475.49,78521.7,78200,78452.04,322.22426
1787778000000,78452.04,78845.06,78392.19,78724.01,428.48439
1787781600000,78724,78975.85,78554,78700,931.26213
1787785200000,78700,79174.12,78654,79023.75,697.0881
1787788800000,79023.75,79028.49,78690.01,78690.01,527.82725
1787792400000,78690.02,79017.99,78546.13,78898.67,520.71745
1787796000000,78898.68,78978,78704.62,78717.76,429.02181
1787799600000,78717.76,78990,78643.23,78830.68,357.29079
1787803200000,78830.68,78900,78684.18,78783.99,181.61392
1787806800000,78783.99,78928,78600,78912.55,297.32854
1787810400000,78912.54,78912.55,78604.78,78817.49,399.15003
1787814000000,78817.5,79095.99,78754,79082.17,345.94116
1787817600000,79082.18,80022,79048,79755.99,1705.62217
1787821200000,79756,80520,79683.09,79986,1131.87984
1787824800000,79986,80158.15,79342,79626,684.67175
1787828400000,79625.99,79766.3,79172.65,79477.67,621.11446
1787832000000,79477.66,79596,79266,79282.31,505.96518
1787835600000,79282.31,79568,78920,79533.15,1143.32188
1787839200000,79533.16,80388,79354.47,80204.05,1464.1918
1787842800000,80204.06,80799.91,80094,80302.32,1415.34964
1787846400000,80302.32,80624,80189.39,80374,957.98058
1787850000000,80374,80848.74,80230,80442.46,973.76075
1787853600000,80442.47,80442.47,79749.7,80150.69,662.82544
1787857200000,80150.69,80294.11,79886,79910.19,514.60852
1787860800000,79910.19,80120,79882.86,80096,282.87253
1787864400000,80096,80184,79975.74,80184,278.41542
1787868000000,80184,80432.36,80150,80303.21,534.24073
1787871600000,80303.21,80393.6,80134,80249.58,329.82531
1787875200000,80249.59,80705.37,80153.99,80576,516.59696
1787878800000,80575.99,81478.87,80434.15,80500.38,1463.05089
1787882400000,80500.38,80500.38,79723.02,79926.11,1190.20509
1787886000000,79926.11,80060.01,79775.61,79810.49,530.69453
1787889600000,79810.48,79970.5,79603.81,79643.81,562.86792
1787893200000,79643.8,79872.6,79558.11,79686,326.58104
1787896800000,79686,79999,79685.99,79904.21,359.1323
1787900400000,79904.21,79904.21,79573.36,79660,1018.10642
1787904000000,79660,79840,79480,79516.78,526.20796
1787907600000,79516.77,79516.78,79259.43,79285.19,541.74443
1787911200000,79285.19,79571.99,79001.01,79565.89,548.77151
1787914800000,79565.9,79770.29,79555.22,79604.13,394.07937
1787918400000,79604.12,79727.36,79306.11,79421.05,400.05317
1787922000000,79421.04,79635.01,79034.56,79330.75,843.2247
1787925600000,79330.34,79706.64,78423.03,79542.44,2930.13002
1787929200000,79542.44,79838.73,78312.64,78331.13,1255.01594
1787932800000,78331.13,78404,76888,77788.46,2955.61638
1787936400000,77788.45,78131.86,77642.78,77904,722.76014
1787940000000,77904,77935.5,77270,77554,575.36359
1787943600000,77554,77797.35,77376,77580.03,501.052
1787947200000,77580.03,77609.83,77310.24,77407.34,264.10726
1787950800000,77407.34,77537.33,77255.69,77364,392.38715
1787954400000,77364,77773.2,77342,77758.69,339.14252
1787958000000,77758.69,77846.72,77640.74,77845.87,599.54517
1787961600000,77845.88,77963.92,77722,77733.63,321.80979
1787965200000,77733.63,77849.29,77631.28,77794.11,235.06968
1787968800000,77794.11,77829.72,77584.53,77671.18,367.62079
1787972400000,77671.18,77731.43,77507.16,77507.17,238.89187
1787976000000,77507.17,77678.67,77507.17,77648.91,229.90598
1787979600000,77648.91,77716.12,77604.06,77632.53,195.32253
1787983200000,77632.52,77632.53,77382.37,77466.82,305.02922
1787986800000,77466.83,77672,77438.01,77626.01,933.89852
1787990400000,77626.01,77634,77487.73,77633.99,281.67849
1787994000000,77634,77754.23,77566.01,77650.03,212.52791
1787997600000,77650.02,77732,77526,77635.17,228.16206
1788001200000,77635.17,77724.99,77573.32,77584.67,269.60514
1788004800000,77584.66,77657.99,77506.63,77583.74,316.37633
1788008400000,77583.74,77722,77559.45,77704.32,195.58499
1788012000000,77704.32,78150,77663.83,78014.37,456.42164
1788015600000,78014.37,78014.37,77806.9,77865.36,314.87544
1788019200000,77865.36,78130.43,77858.29,78027.17,330.48346
1788022800000,78027.17,78100,77896,78100,210.10626
1788026400000,78099.99,78250,78018.02,78158.01,252.93546
1788030000000,78158.01,78330,78138.87,78182,231.34566
1788033600000,78181.99,78298,78117.95,78129.92,132.29288
1788037200000,78129.92,78198,78062,78161.63,132.03751
1788040800000,78161.62,78239.4,78086,78228.34,298.22816
1788044400000,78228.33,78283.7,78190,78230,326.0928
1788048000000,78230,78330,78147.17,78179.86,185.20224
1788051600000,78179.86,78190,77994.02,78081.5,257.05271
1788055200000,78081.49,78178.02,78014.74,78106.01,119.64466
1788058800000,78106,78233.7,78065.99,78144.68,254.40453
1788062400000,78144.68,78220,77990,78109.75,215.53426
1788066000000,78109.74,78214,78109.74,78127.71,161.29313
1788069600000,78127.72,78310.71,78106.07,78280.34,208.68022
1788073200000,78280.34,78291.27,78118,78118,137.5055
1788076800000,78118,78207.22,78034,78074.01,143.67594
1788080400000,78074.01,78118.87,77986,78000.01,165.26795
1788084000000,78000.01,78145.29,77962.49,78145.29,168.30514
1788087600000,78145.29,78242,78117.11,78166,172.04094
1788091200000,78165.99,78850.81,78165.99,78785.06,814.10982
1788094800000,78785.06,78966.76,78590.14,78860,488.8202
1788098400000,78860.01,78945.94,78722,78783.71,439.32977
1788102000000,78783.7,78912.94,78626,78823.63,553.82108
1788105600000,78823.62,79400,78750,79337.93,667.56388
1788109200000,79337.93,79337.93,78774.85,79021.02,460.72685
1788112800000,79021.02,79181.99,78776,79036.69,293.7787
1788116400000,79036.68,79041.96,78721.98,78856.39,232.19118
1788120000000,78856.39,78931.49,78438.23,78597.33,294.2134
1788123600000,78597.32,78733.77,78229.82,78653,461.41088
1788127200000,78653,78804,78280,78422.01,390.42367
1788130800000,78422.01,78454,77000,77682,1800.4274
1788134400000,77682,78185.89,77436.4,77937.04,711.43379
1788138000000,77937.03,77993.03,77565.08,77640.94,567.26058
1788141600000,77640.93,78000,77392,77473.99,573.39934
1788145200000,77474,77872,77394,77756.71,278.92536
1788148800000,77756.7,77769.11,77458.83,77622.28,550.02773
1788152400000,77622.29,78156.78,77514,78016,511.92091
1788156000000,78016.01,78156.77,77864.16,78093.87,968.0221
1788159600000,78093.88,78322.56,78034.01,78196.01,716.03378
1788163200000,78196.01,78521.89,77982,78480.8,782.74546
1788166800000,78480.79,78802,78396.35,78511.03,624.76686
1788170400000,78511.03,78732,78316.91,78710.01,576.71834
1788174000000,78710.02,78710.02,78302,78315.43,482.35572
1788177600000,78315.43,78543.86,77675.04,77930.39,816.61258
1788181200000,77930.4,78282,77716.75,77867.39,1083.2716
1788184800000,77867.39,78686.94,77746.6,78600.14,1368.66274
1788188400000,78601.93,78777.9,78212.3,78580.42,1119.65651
1788192000000,78580.43,78884.48,78524,78639.57,576.26452
1788195600000,78639.57,79019.86,78494,78897.36,604.69852
1788199200000,78897.35,79212,78779.24,79016,473.51591
1788202800000,79016.01,79250,78851.93,78898.06,423.46335
1788206400000,78898.06,79172,78784.32,78864.72,366.68341
1788210000000,78864.73,79071.12,78732.22,78964.32,404.71113
1788213600000,78964.33,79015.83,78579.3,78593.15,346.21313
1788217200000,78593.15,78593.61,78405.01,78581.29,376.54265
1788220800000,78581.3,78900.01,78562,78652,522.70913
1788224400000,78652,78797.99,78375.83,78410.62,440.9443
1788228000000,78410.62,78457.55,78189.93,78449.99,524.89493
1788231600000,78449.99,78874,78400.18,78679.01,542.2064
1788235200000,78679.01,78915.09,78653.96,78727.11,444.12648
1788238800000,78727.11,79220.61,78727.11,79179.99,546.96321
1788242400000,79179.99,79179.99,78745.38,78745.39,464.70536
1788246000000,78745.39,78806,78500,78632.37,405.713
1788249600000,78632.37,78658.01,77820,77883.28,939.11065
1788253200000,77883.28,78062.24,77786.18,77915,951.34245
1788256800000,77915,78196,77758.69,78029.67,423.94155
1788260400000,78029.67,78202.52,77890,78098.97,337.44732
1788264000000,78098.96,78156,77742.01,78004,474.45626
1788267600000,78004.01,78202,77510,78071.99,1285.21254
1788271200000,78072,78424,78052,78167.99,800.55583
1788274800000,78168,78169.69,77727.61,77919.06,560.10608
1788278400000,77919.07,77976,77318,77596.01,692.23833
1788282000000,77596.01,77721.26,77241.12,77265.79,484.76204
1788285600000,77265.79,77319.64,76420,77153.9,1485.89835
1788289200000,77153.89,77466.55,77112,77312,445.04268
1788292800000,77312,77471.9,77236.48,77448.45,266.37627
1788296400000,77448.46,77516.3,76920.36,77211.32,414.9871
1788300000000,77211.32,77364.01,77030,77274.02,335.29844
1788303600000,77274.02,77638.18,77218,77439,341.60079
1788307200000,77439.01,77512,77132,77213.25,352.51719
1788310800000,77213.24,77372,76718.48,77020.68,661.59711
1788314400000,77020.67,77343.74,76948.97,77329.2,437.17945
1788318000000,77329.2,77792,77314.51,77563.5,618.37453
1788321600000,77563.5,77612.84,77294.56,77561.82,299.9271
1788325200000,77561.82,77761.93,77438,77651.07,341.8285
1788328800000,77651.08,77724,77462,77611.54,397.05137
1788332400000,77611.53,77765.99,77473.84,77473.85,515.9071
1788336000000,77473.86,77546,76746.81,76854.11,705.11459
1788339600000,76854.11,77049.4,76484.64,76752.26,1036.05232
1788343200000,76752.26,76753.83,76264,76680.88,924.89427
1788346800000,76680.88,76848.73,76356,76828.76,641.75915
1788350400000,76828.75,77049.4,76611.67,76613.88,581.91449
1788354000000,76613.87,77443.61,76613.87,77146,812.83227
1788357600000,77146,77490,77010.24,77066.42,555.40079
1788361200000,77066.42,77386,76748.01,77288.98,824.93813
1788364800000,77288.97,77582,77171.5,77171.5,1179.92404
1788368400000,77171.51,77406,76950.56,77381.66,465.02159
1788372000000,77381.65,77524,77296.52,77377.76,374.99513
1788375600000,77377.76,77416,77124,77341.47,289.4138
1788379200000,77341.48,77520,77207.47,77406.01,382.13526
1788382800000,77406,77431.78,77242,77284,291.06451
1788386400000,77284.01,77284.01,77023.11,77034.03,188.20028
1788390000000,77034.03,77372.62,77007.36,77340.01,192.93523
1788393600000,77340.01,77394,76980.01,77068.01,327.32527
1788397200000,77068,77546.8,76968,77356.7,533.28645
1788400800000,77356.69,77900,77238.89,77816.01,563.52004
1788404400000,77816.02,77880,77642.09,77708,385.93335
1788408000000,77708.01,77833.1,77547.16,77776,336.15526
1788411600000,77775.99,77829.8,77101.01,77809.91,617.52986
1788415200000,77809.91,77856.16,77698.75,77835.19,408.13131
1788418800000,77835.2,78183.91,77600,77663.15,696.21966
1788422400000,77663.14,78066,77663.14,77843.34,363.22912
1788426000000,77843.34,77975.46,77608,77615.24,341.00857
1788429600000,77615.25,77773.26,77478,77735.88,406.3926
1788433200000,77735.88,78004.94,77709.52,77948.39,396.769
1788436800000,77948.39,78782.75,77896.07,78652.38,979.94222
1788440400000,78652.37,79000,78450.25,78840.52,1052.74377
1788444000000,78840.52,80561,78704,80549.97,2513.5082
1788447600000,80549.97,81370.33,80354.65,81348,3056.18534
1788451200000,81348,81360,80613.52,80969.37,1239.78575
1788454800000,80969.37,81188.17,80886,81042,875.49534
1788458400000,81042,81333.33,80904,81254.32,595.62382
1788462000000,81254.31,81790,81171.98,81755.41,1102.96623
1788465600000,81755.41,81780,81392.74,81473,601.53572
1788469200000,81473,82300,81288,81590,1292.57121
1788472800000,81590,81604.65,80905.05,81140,712.57205
1788476400000,81140,81338,81078,81270.37,407.99233
1788480000000,81270.37,81427.75,80960,80972.12,643.20132
1788483600000,80972.11,81097.92,80759.52,80968.01,505.56595
1788487200000,80968.01,80968.01,80669.45,80831.99,433.77504
1788490800000,80832,81021.8,80806,80850,523.81704
1788494400000,80850.01,81288,80820,81070.54,602.46481
1788498000000,81070.54,81143.3,80863.03,80996.15,593.73244
1788501600000,80996.15,81090,80573.21,80797.39,435.61525
1788505200000,80797.4,80966.75,80641.65,80656.87,705.83482
1788508800000,80656.86,81237,80502.87,81147.16,754.04554
1788512400000,81147.16,81310,80934.24,81056.63,968.87345
1788516000000,81056.63,81194,80831.14,81179.63,483.39639
1788519600000,81179.64,81423.03,81080.01,81224.86,512.44736
1788523200000,81224.86,81350,79177.77,79453.96,3691.19669
1788526800000,79453.95,79704,79000,79378.67,1927.84184
1788530400000,79378.66,79572,78660,78915.71,1816.73349
1788534000000,78915.71,79555.32,78800,79429.33,942.77981
1788537600000,79429.33,79877.07,79378.19,79745.73,1059.83504
1788541200000,79745.72,79752.92,79383,79472.22,392.51492
1788544800000,79472.22,79655.86,79472.22,79618.15,263.34116
1788548400000,79618.15,79819.99,79618.14,79793.34,391.97239
1788552000000,79793.35,79862.15,79667.99,79697.04,252.17194
1788555600000,79697.03,79819.3,79512,79624,645.54178
1788559200000,79624,79716,79604,79636.09,498.99738
1788562800000,79636.09,79758,79600.89,79660.77,152.92964
1788566400000,79660.77,79721.57,79562,79573.36,179.53978
1788570000000,79573.37,79710,79533.34,79533.34,251.27651
1788573600000,79533.34,79622,79472.22,79569.09,226.54938
1788577200000,79569.09,79630.74,79510.93,79582,222.17902
1788580800000,79581.99,79589.84,79500,79500.01,283.95874
1788584400000,79500.01,79600.01,79442,79577.53,486.56078
1788588000000,79577.53,79715.72,79576,79644.01,255.76484
1788591600000,79644.01,79763.41,79639.22,79709.96,273.27755
1788595200000,79709.96,79727.95,79568,79650,377.92884
1788598800000,79650.01,79735.97,79612,79631.28,391.22508
1788602400000,79631.29,79664,79600.02,79646.68,222.59803
