time,open,high,low,close,volume
1780828500000,62462,62492.88,62312.66,62362,94.9126
1780829100000,62361.99,62462,62298.39,62370.52,137.97752
1780830000000,62370.53,62520,62359.44,62460.01,145.77057
1780830900000,62460.01,62555.54,62422.71,62531.71,86.48046
1780831800000,62531.7,62680,62448,62680,100.20881
1780832700000,62679.99,62754.45,62567.56,62621.96,461.83889
1780833600000,62621.97,62643.97,62061.25,62085.16,397.61583
1780834500000,62085.16,62232.82,61875,61935.92,753.49001
1780835400000,61935.92,61952.06,61577.12,61648.65,613.58283
1780836300000,61648.65,61998.59,61642.01,61900.67,192.37873
1780837200000,61900.66,61907.64,61649.12,61775.43,478.95117
1780838100000,61775.44,61853.75,61652.98,61848.45,219.44878
1780839000000,61848.44,61906.34,61676,61739.53,212.90885
1780839900000,61739.53,61818,61694,61700.13,234.88043
1780840800000,61700.14,61824.89,61696.98,61793.43,132.24001
1780841700000,61793.44,62159.65,61752,62081.99,361.57769
1780842600000,62081.99,62312.67,61934.81,61996.49,279.5826
1780843500000,61996.5,62001.34,61746,61905.49,150.14362
1780844400000,61905.49,61905.49,61674.51,61838.47,156.81461
1780845300000,61838.47,61972,61718.15,61963.2,116.22641
1780846200000,61963.2,62157.29,61958,62110.8,140.00586
1780847100000,62110.79,62219.92,61978,62093.99,114.29147
1780848000000,62093.99,62188.86,61966,62158,106.18337
1780848900000,62158,62332,62106,62179.15,135.9515
1780849800000,62179.14,62287.51,62154.66,62159.99,77.2149
1780850700000,62159.99,62239.99,61987.52,62083.64,163.61053
1780851600000,62083.64,62324.88,62046.62,62287.44,162.43357
1780852500000,62287.45,62330,62241.05,62251.35,166.14403
1780853400000,62251.36,62320.52,62234.29,62273.65,123.87653
1780854300000,62273.65,62273.65,62096.94,62160.01,121.52286
1780855200000,62160.01,62296,62143.27,62282.2,124.79633
1780856100000,62282.2,62282.2,62144,62227.82,43.94134
1780857000000,62227.82,62292,62165.05,62205.84,112.32199
1780857900000,62205.84,62237.76,62022,62030.14,92.55395
1780858800000,62030.15,62036.78,61584.02,61657.61,272.97247
1780859700000,61657.62,61657.62,61275,61482.97,383.93947
1780860600000,61482.97,61496,61200,61218.01,180.56697
1780861500000,61218.01,61466,61184,61328,209.17742
1780862400000,61327.99,61712,61217.17,61580.18,269.49492
1780863300000,61580.18,61882,61462.12,61745.41,129.22326
1780864200000,61745.42,61828,61699.95,61783.18,80.44537
1780865100000,61783.17,61962.47,61756,61878.01,89.94548
1780866000000,61878,62017.71,61706,61954.49,104.12913
1780866900000,61954.48,62004,61720.04,61781.85,78.38503
1780867800000,61781.86,61846,61680.22,61710,111.42216
1780868700000,61710.01,61788,61652.01,61778.41,80.25737
1780869600000,61778.42,63737.99,61728.11,63586.98,1062.34071
1780870500000,63586.98,64234.68,62882.29,62995.37,2546.84749
1780871400000,62995.38,63399.97,62782.16,63161.57,982.06841
1780872300000,63161.56,63308,62848.76,62865.87,301.49831
1780873200000,62865.87,63060.96,62803.42,63012.72,260.90635
1780874100000,63012.71,63272.5,62812,63260.14,238.77868
1780875000000,63260.14,63327.66,63124,63297.33,165.75191
1780875900000,63297.33,63444.11,63104,63332.01,493.80831
1780876800000,63332.01,63344,63147.1,63242.84,188.88216
1780877700000,63242.84,63521.02,63138.37,63504,230.62888
1780878600000,63504,63863.06,63408.66,63719.01,647.39364
1780879500000,63719,63788,63556,63631.42,188.71513
1780880400000,63631.43,63643.99,63066,63066.01,303.49231
1780881300000,63066.01,63172,62756.36,62827.73,446.08836
1780882200000,62827.74,63122,62720.86,63114,230.38813
1780883100000,63113.99,63244.56,62997.76,63211.41,149.13562
1780884000000,63211.41,63260,63004,63128.01,92.28377
1780884900000,63128.01,63220,62965.07,63107.17,120.80743
1780885800000,63107.18,63190,62918,63069.17,157.04497
1780886700000,63069.17,63139.03,62948,63129.93,132.74667
1780887600000,63129.94,63458,62978.36,63284.01,133.6505
1780888500000,63284.01,63357.99,63149.25,63151.99,111.72542
1780889400000,63152,63234.01,63072.07,63147.99,118.22271
1780890300000,63148,63180,63080,63130.12,64.2561
1780891200000,63130.12,63171.1,62804.17,63004,173.12276
1780892100000,63004,63047.23,62842,62939.81,101.90639
1780893000000,62939.82,62986,62657.07,62704,151.20522
1780893900000,62704.01,62900.64,62684.6,62684.61,127.40461
1780894800000,62684.61,62825.27,62550,62575.46,153.58704
1780895700000,62575.47,62748.84,62500,62722,191.37476
1780896600000,62721.99,62735.07,62408,62478.63,141.74333
1780897500000,62478.01,62782.55,62458,62764,187.4021
1780898400000,62763.99,62972.94,62734,62947.38,178.7157
1780899300000,62947.37,63144,62888,63076.01,226.27549
1780900200000,63076,63099.57,62922.37,63036,159.35114
1780901100000,63035.99,63046.08,62935.05,62988.03,65.18818
1780902000000,62988.58,63204.27,62812,63084.57,245.67012
1780902900000,63084.57,63273.01,62970.94,63189.25,347.61658
1780903800000,63189.26,63276,63082,63114.27,161.92283
1780904700000,63114.26,63350,63107.2,63283.99,221.69827
1780905600000,63284,63284,63062,63190.74,182.69387
1780906500000,63190.74,63220,62992.01,63103.99,128.92215
1780907400000,63103.99,63196,63046,63166,88.57041
1780908300000,63166,63184,63029.05,63132.83,90.56414
1780909200000,63132.84,63339.51,63128.47,63337.2,152.57299
1780910100000,63337.19,63577.86,63294.01,63388.55,222.60256
1780911000000,63388.55,63412.74,63170,63363.13,161.85441
1780911900000,63363.14,63504.81,63333.34,63502,169.9023
1780912800000,63501.99,63568.19,63366.87,63387.99,292.21189
1780913700000,63387.98,63387.99,63109.33,63152,145.01209
1780914600000,63152,63426,63138,63218.01,174.39013
1780915500000,63218.01,63234,63096.88,63172.3,371.05879
1780916400000,63172.3,63454.54,63058,63445.99,249.7342
1780917300000,63446,63670,63370.7,63616.37,228.67974
1780918200000,63616.37,63873.08,63541.94,63632.9,602.07879
1780919100000,63632.89,63663.99,63421.04,63479.61,491.626
1780920000000,63479.62,63656,62718.3,62720.81,1067.19657
1780920900000,62720.81,63104,62720.8,63103.99,336.38363
1780921800000,63103.99,63666.66,63103.99,63638.73,416.25145
1780922700000,63638.73,63933.18,63526,63872,769.2613
1780923600000,63872,63943.56,63717.94,63780.65,233.8191
1780924500000,63780.64,63920,63576,63593.01,390.47406
1780925400000,63593.01,63762.67,63362.1,63486,403.57816
1780926300000,63486,63874,63420.01,63758,276.70592
1780927200000,63758,63910.04,63560.68,63874,251.15416
1780928100000,63874,63887.45,63605.63,63756.37,506.67888
1780929000000,63756.37,63940.4,63756.37,63905.73,394.02689
1780929900000,63905.73,64077.57,63828,63964.08,785.98625
1780930800000,63964.07,64198,63884.01,64184,694.88492
1780931700000,64183.99,64200,63937.53,64000.01,675.81084
1780932600000,64000.01,64006,63800.75,63866,637.70286
1780933500000,63865.99,64028,63711,63774.48,286.89234
1780934400000,63774.48,63938,63668.51,63800.01,196.04296
1780935300000,63800.01,64046.86,63800,63874.01,258.2702
1780936200000,63874.01,63878,63583.28,63677.99,196.84542
1780937100000,63678,63692,63472,63532.01,222.77764
1780938000000,63532.01,63581.77,63301.77,63356.05,294.63965
1780938900000,63356.05,63646,63356.05,63626,141.93923
1780939800000,63625.99,63626,63268.01,63380.55,514.01381
1780940700000,63380.56,63550,63380.17,63550,94.16795
1780941600000,63549.99,63636.12,63517.59,63588.65,126.14054
1780942500000,63588.65,63657.02,63532.47,63640.03,89.18504
1780943400000,63640.03,63690,63433.5,63500.01,99.74548
1780944300000,63500.01,63516,63339.98,63466.83,99.70049
1780945200000,63466.83,63556,63382,63428,79.21932
1780946100000,63428.01,63568,63368,63526,85.86088
1780947000000,63526,63596,63436,63488,93.6709
1780947900000,63488.01,63556.45,63356,63372.01,120.92177
1780948800000,63372.01,63432.84,63210,63250,114.40373
1780949700000,63250,63312,63160.31,63170.9,355.50235
1780950600000,63170.89,63411.98,63166.98,63388,246.59226
1780951500000,63388,63485.49,63368.11,63485.49,77.45775
1780952400000,63485.49,63792.92,63483.41,63730.84,130.28663
1780953300000,63730.83,63770,63622,63714.75,78.49562
1780954200000,63714.76,63850,63633.46,63837.99,81.80472
1780955100000,63838,63838,63728.96,63728.96,122.60842
1780956000000,63728.96,63728.96,63294,63294.01,216.12069
1780956900000,63294.01,63449.33,63210,63364.83,141.95167
1780957800000,63364.83,63387.48,63246,63306.01,126.91508
1780958700000,63306.01,63456,63236.22,63440.01,86.06159
1780959600000,63440,63587.81,63406,63587.81,59.31842
1780960500000,63587.81,63594,63078,63152.01,159.81943
1780961400000,63152.01,63196,63013.5,63134,115.36294
1780962300000,63134,63134,62978.66,63085.99,198.61555
1780963200000,63086,63148.38,63000,63004.7,108.05721
1780964100000,63004.71,63184,62457,62728,935.67989
1780965000000,62728,62775.3,62561.22,62714,389.49671
1780965900000,62714.01,62714.01,62423.07,62562,435.20003
1780966800000,62562,62720.17,62546.62,62666,228.06842
1780967700000,62666,62865.17,62622,62778,251.10226
1780968600000,62778,62879.1,62670.21,62710,169.19489
1780969500000,62710,62855.28,62708,62764.01,103.86279
1780970400000,62764,62870.07,62737.13,62744.63,109.62206
1780971300000,62744.62,62776,62580,62775.99,102.28519
1780972200000,62776,62830,62544.11,62654.38,88.72505
1780973100000,62654.38,62874,62654.38,62868,57.16611
1780974000000,62867.99,62933.89,62814,62914.01,349.60358
1780974900000,62914.01,62979.94,62778,62808,102.63567
1780975800000,62808,62858,62702,62825.06,67.3073
1780976700000,62825.05,62890,62750,62875.17,261.28028
1780977600000,62875.18,62974.72,62748,62899.93,255.8073
1780978500000,62899.93,62911.26,62788.02,62793.65,178.58266
1780979400000,62793.64,63396,62763.11,63244.01,474.44509
1780980300000,63244,63424,63220.09,63242.36,206.48871
1780981200000,63242.36,63310,63120.24,63252.02,141.13952
1780982100000,63252.01,63360,63252.01,63315.84,87.93093
1780983000000,63315.85,63526.01,63308,63367.59,275.21068
1780983900000,63367.59,63453.72,63302.31,63338.68,442.6048
1780984800000,63338.69,63418,63276,63368.98,364.49108
1780985700000,63368.99,63506,63340.39,63429.7,263.57823
1780986600000,63429.69,63460.23,63323.68,63355.58,98.65606
1780987500000,63355.58,63410,63230,63300,249.23592
1780988400000,63300,63443.6,63298.42,63298.43,128.53662
1780989300000,63298.42,63362.72,63012,63030.82,244.17484
1780990200000,63030.82,63207.12,63030.82,63191.03,189.22309
1780991100000,63191.03,63216,63123.73,63198.44,107.90287
1780992000000,63198.44,63208.86,62769.52,62923.49,392.70576
1780992900000,62923.49,62978,62869.16,62869.16,207.16765
1780993800000,62869.15,63012,62806.86,62984.88,125.14684
1780994700000,62984.88,63003.43,62834,62849.75,118.99506
1780995600000,62849.75,62892.93,62714.14,62853.94,162.14664
1780996500000,62853.95,62944.43,62819.68,62819.76,183.84079
1780997400000,62819.76,62819.76,62590,62673.23,281.1865
1780998300000,62673.23,62725.28,62648,62715.37,82.08447
1780999200000,62715.37,62797.36,62596,62776,202.73861
1781000100000,62775.99,62776,62699.65,62741.38,92.03809
1781001000000,62741.39,62755.99,62638,62701.25,66.3952
1781001900000,62701.24,62835.37,62654.02,62786.01,141.89736
1781002800000,62786,62818,62523.55,62526.76,133.48615
1781003700000,62526.76,62640,62498.75,62592,119.18587
1781004600000,62591.99,62669.24,62526,62632.28,76.89888
1781005500000,62632.27,62729.28,62572,62711.12,142.72128
1781006400000,62711.12,62895.18,62691.13,62836.89,184.17158
1781007300000,62836.9,62844,62646.28,62661.06,86.56858
1781008200000,62661.05,62669.99,62517.28,62520.83,100.18738
1781009100000,62520.83,62668.89,62421.24,62645.15,322.67616
1781010000000,62645.14,62738,62545.21,62556.61,118.55646
1781010900000,62556.62,62568,62262.57,62342.28,300.81735
1781011800000,62342.29,62508,62140,62434,416.03812
1781012700000,62433.99,62540,62273.43,62273.61,336.60431
1781013600000,62273.62,62395.01,61962.8,62014.11,642.05236
1781014500000,62014.11,62074,61555,61601.27,722.53721
1781015400000,61601.27,61691.99,61314.04,61362.82,684.01425
1781016300000,61362.83,61541.95,61148.07,61541.95,692.8254
1781017200000,61541.95,61704.29,61335.11,61651.12,461.60078
1781018100000,61651.13,61706.86,61303.7,61311.99,306.62086
1781019000000,61311.32,61422.86,61214.08,61325.59,348.3074
1781019900000,61325.6,61408.93,61037,61131.84,459.86936
1781020800000,61131.85,61215.72,60940,60996.99,473.22081
1781021700000,60997,61127.97,60856,61044,590.04262
1781022600000,61043.99,61322.8,60780,61246.01,623.47378
1781023500000,61246,61484.67,61172,61390.51,430.43793
1781024400000,61390.51,61677.92,61390.51,61599.99,318.84997
1781025300000,61599.99,61889,61579.39,61746.59,278.94833
1781026200000,61746.59,61842.01,61691.59,61692.15,184.54219
1781027100000,61692.15,61858.54,61599.39,61692.01,143.18843
1781028000000,61692.01,61827.92,61609.53,61750.8,134.78825
1781028900000,61750.8,61964,61661.49,61732,172.59076
1781029800000,61732,61820,61602,61602.01,135.86524
1781030700000,61602.01,61826,61602.01,61792.01,85.26719
1781031600000,61792,61914.01,61738,61780.01,90.28659
1781032500000,61780,61911.69,61722,61872.99,82.82024
1781033400000,61872.98,62050,61764.01,61884.95,108.78938
1781034300000,61884.95,62103.39,61770,62098.09,154.41319
1781035200000,62098.09,62212.72,61954.39,62212.72,152.87069
1781036100000,62212.71,62272,62009.33,62091.99,129.81219
1781037000000,62091.99,62180.87,61986,62132,79.75337
1781037900000,62132,62160,62053.55,62160,44.38363
1781038800000,62159.99,62176.86,62044,62134,116.50811
1781039700000,62134,62142,61780.92,61803.66,151.70613
1781040600000,61803.66,61906,61778.5,61792.89,69.59316
1781041500000,61792.9,61831.99,61698,61761.2,87.40173
1781042400000,61761.21,61852,61666.66,61838.81,57.44602
1781043300000,61838.82,61949.98,61786,61810,64.41076
1781044200000,61810,61976,61779.32,61856,86.02632
1781045100000,61856.01,61876,61678.83,61717.5,68.80884
1781046000000,61717.5,61800,61653.03,61750.01,83.52274
1781046900000,61750.01,61878,61684.8,61691.99,77.39367
1781047800000,61691.99,61732,61556,61632,84.91189
1781048700000,61632,61748,61590,61730,94.76689
1781049600000,61730,61896.92,61701.1,61832.58,143.93198
1781050500000,61832.58,61868,61723.82,61852.8,99.87173
1781051400000,61852.8,61873.04,61440,61519.99,195.70551
1781052300000,61519.99,61930,61498,61923.16,98.75828
1781053200000,61923.16,61974.7,61677.74,61824,104.32109
1781054100000,61824,61892,61744.06,61826,84.19979
1781055000000,61826,61896,61590,61638.89,70.48997
1781055900000,61638.9,61846,61620,61714,77.40119
1781056800000,61714,61837.67,61550,61559.36,124.61138
1781057700000,61559.37,61574,61350,61491.99,196.78947
1781058600000,61492,61546.01,61299.49,61373.99,90.50866
1781059500000,61373.99,61384,61235.29,61302.36,100.15651
1781060400000,61302.37,61478,61286,61433.35,100.66335
1781061300000,61433.35,61594,61341.57,61576.48,87.91114
1781062200000,61576.48,61576.49,61435.8,61527.47,84.63948
1781063100000,61527.48,61583.48,61488.28,61549.64,61.54946
1781064000000,61549.64,61560,61446,61509.99,51.13072
1781064900000,61509.98,61546.31,61455.37,61471.99,40.07554
1781065800000,61471.99,61471.99,61182.65,61228.58,130.12348
1781066700000,61228.59,61370,61196.52,61295.99,84.70468
1781067600000,61296,61324,61124.69,61175.39,132.76078
1781068500000,61175.4,61263.99,61080,61263.99,126.32192
1781069400000,61263.99,61337.83,61190,61280.59,111.43839
1781070300000,61280.59,61400.01,61216,61361.17,94.38628
1781071200000,61361.17,61427.5,61296.02,61393.44,106.11002
1781072100000,61393.44,61486,61326,61351.99,161.63761
1781073000000,61351.99,61456,61145.5,61433.57,173.74017
1781073900000,61433.58,61521.99,61427.98,61472.89,70.18145
1781074800000,61472.89,61593.99,61440,61577.68,74.901
1781075700000,61577.68,61720.58,61560.29,61647.76,371.60433
1781076600000,61647.76,61813.34,61566.56,61756,203.4713
1781077500000,61756,61772.49,61661.07,61687.56,287.8312
1781078400000,61687.56,61720.95,61545.71,61620.77,189.43671
1781079300000,61620.77,61736,61500,61537.99,163.89972
1781080200000,61537.99,61607.56,61242.92,61243,248.73402
1781081100000,61243,61323.14,61168,61261.55,137.85252
1781082000000,61261.56,61322,61064,61064.3,139.0073
1781082900000,61064.3,61244,60755,61210.46,449.977
1781083800000,61210.45,61421.46,61192,61268.01,231.55598
1781084700000,61268,61406.64,61160,61334.94,86.30158
1781085600000,61334.95,61347.71,61172,61241.75,94.89988
1781086500000,61241.76,61356.18,61151.4,61335.69,105.3735
1781087400000,61335.7,61456,61268,61310.02,91.0206
1781088300000,61310.02,61410,61286.27,61386.09,49.14249
1781089200000,61386.09,61430,60867.19,61170.01,320.50901
1781090100000,61170.01,61259.99,60888.01,60966.06,234.9759
1781091000000,60966.06,61058,60922.77,61022.01,179.62311
1781091900000,61022,61110,60976,61034.04,90.93454
1781092800000,61034.04,61223.9,60960,61189.99,165.61882
1781093700000,61189.99,61245.99,61047.03,61167.99,151.56197
1781094600000,61168,61950,61141.17,61685.99,802.50337
1781095500000,61685.99,61802.35,61564,61564.01,220.47709
1781096400000,61564,61622,61500,61528.81,95.36784
1781097300000,61528.8,61586,61444.87,61553.79,152.49569
1781098200000,61553.79,62380.01,61498.01,62380.01,622.83102
1781099100000,62380.22,62446,62071.3,62146.42,328.95489
1781100000000,62146.43,62258.01,61998.81,62004.49,202.79042
1781100900000,62004.49,62164,61862,62052.76,210.25853
1781101800000,62052.77,62116,61822,61950.01,200.01205
1781102700000,61950,62196.51,61814.79,62195.99,289.41136
1781103600000,62195.99,62423.36,61866,61942,243.5417
1781104500000,61942,62352,61852,62262,203.29055
1781105400000,62262,62416,62194,62387.5,189.46148
1781106300000,62387.51,62857.99,62134,62639.23,705.22231
1781107200000,62639.23,62646,62324,62340.02,218.05088
1781108100000,62340.02,62450.01,62110,62284,165.73116
1781109000000,62283.99,62411.99,62160.43,62230,124.06371
1781109900000,62230,62230,61930,62219.33,240.26782
1781110800000,62219.33,62360,62012,62092.42,120.82868
1781111700000,62092.43,62192,61894,61903.45,226.88782
1781112600000,61903.45,61926,61654.54,61747.47,352.80215
1781113500000,61747.47,62044.73,61726,61969.99,184.76817
1781114400000,61969.99,62162.9,61916.99,61959.7,104.76384
1781115300000,61959.7,62020.01,61849.49,62016,91.18354
1781116200000,62016,62016,61745.99,61775.99,252.9911
1781117100000,61776,61892,61588.8,61882,192.23882
1781118000000,61881.99,61940,61738,61752,85.37296
1781118900000,61752,61830,61673.79,61793.55,81.85118
1781119800000,61793.54,62062.98,61789.82,62020,99.76723
1781120700000,62019.99,62044.55,61844.4,61942.44,133.80009
1781121600000,61942.45,61949.21,61688,61816.01,87.55415
1781122500000,61816.01,61942,61746,61914,65.35156
1781123400000,61913.99,61924.64,61805.27,61810.9,98.53053
1781124300000,61810.9,61836,61704.23,61805.51,55.9081
1781125200000,61805.5,61805.51,61504.47,61547.5,148.04132
1781126100000,61547.5,61700,61540,61576,120.4367
1781127000000,61576,61717.99,61576,61683.99,47.99388
1781127900000,61684,61692,61179.19,61356.18,254.87447
1781128800000,61356.18,61365.1,61169.99,61245.06,141.76858
1781129700000,61245.07,61344.29,61104.24,61253.99,170.31341
1781130600000,61253.99,61574,61245.99,61555.99,177.32389
1781131500000,61555.99,61561.75,61370,61381.46,88.63338
1781132400000,61381.46,61381.46,61189.77,61207.15,72.99616
1781133300000,61207.15,61573.46,61166,61556,125.94971
1781134200000,61556,61604,61470.5,61544.01,68.96508
1781135100000,61544,61585.44,61478,61510.99,59.73564
1781136000000,61510.99,61692.1,61510.99,61690.01,130.11216
1781136900000,61690,61974.7,61690,61884,200.30491
1781137800000,61884,61898.02,61776.21,61784,69.85647
1781138700000,61784.01,61928,61784.01,61812,197.17134
1781139600000,61812,62114.77,61812,62040,320.69576
1781140500000,62039.54,62228.57,62018,62175.99,114.9106
1781141400000,62176,62378,62098,62263.97,207.51671
1781142300000,62263.96,62294,62177.49,62206.01,196.30867
1781143200000,62206.01,62278,62110,62180.85,160.14323
1781144100000,62180.85,62304,62050.27,62058.59,91.60685
1781145000000,62058.58,62101.92,61944.19,62074.17,113.83963
1781145900000,62074.16,62223.65,62008.07,62148,63.5963
1781146800000,62148.01,62187.99,62012,62065.48,69.27086
1781147700000,62065.48,62126.01,62022,62109.45,38.98329
1781148600000,62109.46,62562,62109.46,62367.87,378.59809
1781149500000,62367.87,62848,62363.91,62689.48,499.23771
1781150400000,62689.47,62736,62578.25,62671.37,179.18313
1781151300000,62671.38,62706,62605.78,62625.19,107.226
1781152200000,62625.19,62696,62546.34,62665.61,117.61005
1781153100000,62665.61,62854,62664.85,62726.86,185.30756
1781154000000,62726.85,62726.86,62556.84,62624.32,86.15605
1781154900000,62624.33,62719.47,62580.01,62636,69.35345
1781155800000,62636,62700,62598,62700,70.5113
1781156700000,62700,62710,62603.56,62610,69.44013
1781157600000,62610,62812.77,62544.89,62781.99,85.95576
1781158500000,62782,62997.53,62731.97,62874.93,274.09244
1781159400000,62874.93,62994,62855.12,62953,357.46544
1781160300000,62952.99,62954,62756,62772,481.23734
1781161200000,62772.01,62784.38,62612.01,62660,121.3932
1781162100000,62660,62798,62646,62787.7,74.56144
1781163000000,62787.71,62842.92,62615.82,62674.01,123.00965
1781163900000,62674,62750,62674,62719.39,80.51134
1781164800000,62719.39,62876.71,62719.38,62833.31,76.01766
1781165700000,62833.3,62955.89,62806,62949.59,131.83756
1781166600000,62949.59,62982.55,62850,62858,156.23042
1781167500000,62858.01,63050,62858,62957.99,182.84361
1781168400000,62958,62961.99,62822.56,62873.11,61.85743
1781169300000,62873.11,62873.11,62790,62817.88,126.51326
1781170200000,62817.89,62963.49,62817.88,62938.95,116.78774
1781171100000,62938.94,62989.97,62901.91,62927.49,96.06621
1781172000000,62927.49,62979.38,62839.48,62913.68,114.52227
1781172900000,62913.69,62926.91,62789.62,62852.91,111.25666
1781173800000,62852.92,62955,62848,62919.7,74.82313
1781174700000,62919.7,63214.97,62919.69,63148,365.76109
1781175600000,63148,63207.5,63040.01,63189.91,175.57479
1781176500000,63189.91,63226,63106,63162,113.88124
1781177400000,63162.01,63257.21,63084,63136.59,168.71704
1781178300000,63136.59,63245.88,63088.52,63108,105.40799
1781179200000,63108.01,63190,63000.01,63157.32,273.91291
1781180100000,63157.32,63187.28,62669.12,62684.01,670.51983
1781181000000,62684,62949.99,62500,62918.01,670.33588
1781181900000,62918,63038.31,62859.66,63010.01,220.24183
1781182800000,63010,63010.01,62862,62907.88,175.619
1781183700000,62907.88,63041.6,62796.85,62815.46,231.02179
1781184600000,62815.46,62964,62677.84,62964,293.62272
1781185500000,62964,63239.43,62946.28,63077.57,386.97633
1781186400000,63077.71,63100,62752,62794.01,289.89055
1781187300000,62794,63029.74,62732.6,63018.32,168.53021
1781188200000,63018.32,63068,62850.01,62858.01,192.04067
1781189100000,62858.01,63008,62734.01,62734.02,132.40858
1781190000000,62734.02,62861.4,62518.1,62700.83,296.15306
1781190900000,62700.83,62813.74,62630,62731.6,101.9261
1781191800000,62729.1,62887.88,62643.99,62686,129.40129
1781192700000,62686,62749.44,62568.65,62749.44,105.70923
1781193600000,62749.44,62832.01,62675.99,62825.99,103.9318
1781194500000,62826,62842,62570,62639.78,174.12864
1781195400000,62639.78,62809.1,62548.79,62662,200.04048
1781196300000,62661.99,62686.78,62582,62582.45,86.36314
1781197200000,62582.45,62630,62385.75,62467.12,220.60595
1781198100000,62467.12,63019.12,62348,63012.41,391.42511
1781199000000,63016.23,63488.88,62979.46,63331.99,682.36178
1781199900000,63331.99,63655.83,63318.02,63644.19,527.57758
1781200800000,63644.18,63788,63324.35,63475.77,396.89663
1781201700000,63475.76,63613.99,63350,63388.51,187.68489
1781202600000,63388.51,63565.6,63376,63544.49,111.64023
1781203500000,63544.49,63581.08,63461.11,63461.12,96.98314
1781204400000,63461.12,63598,63390,63532.01,193.36006
1781205300000,63532.02,63705.18,63532.01,63593.64,212.251
1781206200000,63593.64,63933.02,63593.64,63685.52,350.52972
1781207100000,63685.52,63722.02,63598.41,63605.68,190.04474
1781208000000,63605.69,63663.4,63492.89,63535.05,177.55197
1781208900000,63535.04,63548.78,63327.3,63367.88,162.03178
1781209800000,63367.89,63408,63288.94,63288.95,114.80771
1781210700000,63288.94,63406,63270,63393.67,102.1546
1781211600000,63393.67,63599.99,63393.66,63557.61,82.46613
1781212500000,63557.61,63560,63446.09,63477.99,58.8499
1781213400000,63478,63542,63460,63531.99,44.53773
1781214300000,63532,63584.38,63458,63519.99,83.43797
1781215200000,63519.99,63659.39,63506.13,63631.53,79.30831
1781216100000,63632.97,63670,63536,63592.65,54.52214
1781217000000,63592.65,63639.92,63496,63502.62,45.49914
1781217900000,63502.62,63578,63462,63500.01,46.91959
1781218800000,63500,63500.01,63362,63409.99,75.87358
1781219700000,63409.99,63428,63376,63379.51,47.33913
1781220600000,63379.51,63700,63379.5,63634.34,136.53387
1781221500000,63634.34,63655.79,63520.86,63625.99,91.71304
1781222400000,63626,63810.01,63544.52,63736.58,552.64424
1781223300000,63736.57,63736.58,63520.86,63616,74.47377
1781224200000,63616,63742,63568,63650.78,504.54047
1781225100000,63650.78,63727.44,63632,63648.8,97.94202
1781226000000,63648.8,63648.8,63469.86,63486.46,81.80802
1781226900000,63486.46,63532,63301.53,63355.93,189.82021
1781227800000,63355.79,63414,63313.22,63362,254.15493
1781228700000,63362,63461.67,63362,63426.2,219.72626
1781229600000,63426.21,63779.11,63426.2,63665.21,77.5467
1781230500000,63665.2,63692,63531.94,63555.98,172.71361
1781231400000,63555.98,63645,63499.65,63635.98,69.6238
1781232300000,63635.98,63636,63556,63624.07,78.5671
1781233200000,63624.07,63649.99,63519.14,63531,89.4244
1781234100000,63530.99,63531,63357.7,63441.34,92.5648
1781235000000,63441.34,63525.18,63441.33,63474.56,55.04336
1781235900000,63474.56,63530,63458,63524.82,43.51638
1781236800000,63524.81,63555.21,63426.48,63503.62,62.24678
1781237700000,63503.62,63805,63503.61,63797.51,283.09883
1781238600000,63797.51,63863.98,63692,63721.26,281.91183
1781239500000,63721.26,63752.51,63692,63700,114.75388
1781240400000,63700,63721.31,63420.74,63439.65,165.64388
1781241300000,63439.65,63540,63439.64,63486.82,110.21159
1781242200000,63486.82,63500,63341.81,63400.01,74.67773
1781243100000,63400,63410.01,63310,63358.2,253.17353
1781244000000,63358.2,63411.5,63269.73,63304.35,64.82318
1781244900000,63304.35,63304.35,63103.07,63150.01,214.38623
1781245800000,63150,63150.01,62829.81,62924.08,393.358
1781246700000,62924.08,63020,62914.6,62980.45,354.85018
1781247600000,62980.46,63116.98,62980.46,62983.33,210.27546
1781248500000,62983.32,63079.68,62956,63030.38,93.44647
1781249400000,63030.38,63094.66,62972,63062.09,248.64872
1781250300000,63062.09,63211.74,63008,63100.8,300.18616
1781251200000,63100.8,63346,63100.8,63304.41,144.11828
1781252100000,63304.42,63615.84,63292.71,63533.37,178.01301
1781253000000,63533.36,63541.87,63380.62,63395,126.19624
1781253900000,63395.01,63492.82,63354.69,63470.81,152.49231
1781254800000,63470.81,63584.78,63438,63566,81.05413
1781255700000,63565.99,63789.03,63555.25,63771.85,142.19209
1781256600000,63771.85,63953.84,63766.32,63888.82,217.68843
1781257500000,63888.81,63938,63744.56,63752.93,83.58746
1781258400000,63752.93,63852,63690.46,63771.98,351.50815
1781259300000,63771.99,63814,63588.34,63618.81,277.1421
1781260200000,63618.82,63762.32,63618.81,63684,146.88709
1781261100000,63683.99,63742.21,63666,63702.01,96.99779
1781262000000,63702.01,63884,63684.44,63831.35,98.41343
1781262900000,63831.35,63880,63762.07,63828,83.26427
1781263800000,63828,63828.01,63690,63801.73,97.77398
1781264700000,63801.73,63884.49,63766,63766.01,101.35764
1781265600000,63766.01,63775,63624.07,63634.98,85.22155
1781266500000,63634.97,63681.99,63463.03,63463.19,114.92805
1781267400000,63463.19,63568.56,63388.76,63430.8,177.41792
1781268300000,63430.8,63550.15,63378,63465.51,138.02822
1781269200000,63465.52,63507.76,63368.97,63487.96,110.48812
1781270100000,63487.96,63532.59,63353.64,63407.99,107.13153
1781271000000,63407.99,63452,63045.29,63138.01,457.24654
1781271900000,63138.01,63264,63106.01,63229.1,176.6248
1781272800000,63229.1,63558,63190,63450.48,255.9516
1781273700000,63450.48,63656.27,63320,63631.99,207.85874
1781274600000,63631.99,63784,63482,63504.59,265.33892
1781275500000,63504.6,64000,63463.59,63999.99,335.93899
1781276400000,63999.99,64380,63895,64372,781.18368
1781277300000,64372,64394.44,64132.04,64132.04,276.01267
1781278200000,64132.05,64132.05,63808.2,63900,340.59402
1781279100000,63900,63934,63551.9,63593.02,272.17162
1781280000000,63593.02,63986.71,63510.16,63861.34,289.23312
1781280900000,63861.33,63996,63768,63900,229.28473
1781281800000,63900,63995.25,63762.98,63844.99,149.22234
1781282700000,63844.99,63982.49,63832.01,63982.48,108.27006
1781283600000,63982.48,64111.1,63875.02,63910.09,161.60515
1781284500000,63910.08,63916,63745.99,63832,104.7517
1781285400000,63832,63913.99,63764,63828,116.73835
1781286300000,63828,63884.39,63806,63865.44,73.19751
1781287200000,63865.45,63934.34,63699.77,63818,228.1807
1781288100000,63818.01,63834,63686,63782.62,172.1946
1781289000000,63782.61,63915.82,63728.38,63864.43,78.13045
1781289900000,63864.43,63900,63686,63694,83.33618
1781290800000,63694.01,63780,63671.71,63712.29,88.80173
1781291700000,63712.29,63786.01,63651.04,63726.11,99.57086
1781292600000,63726.1,63830.93,63638,63640.55,157.36812
1781293500000,63640.55,63672,63589.27,63589.27,116.91105
1781294400000,63589.28,63696.41,63568,63626,93.24533
1781295300000,63626,63640,63510,63524.67,59.92427
1781296200000,63524.68,63572,63509.7,63522,55.19548
1781297100000,63522,63533.76,63400,63449,120.35955
1781298000000,63449.01,63624.08,63440.01,63600,80.40371
1781298900000,63600.01,63624.62,63500.03,63510,66.42394
1781299800000,63510,63578.73,63505.64,63537.99,49.93116
1781300700000,63538,63549.99,63450,63472,133.74745
1781301600000,63471.99,63562,63471.99,63510.68,338.59853
1781302500000,63510.79,63658,63494,63604.01,50.9381
1781303400000,63604.01,63619.73,63472.69,63507.99,203.04697
1781304300000,63508,63536.71,63492.01,63502,118.56715
1781305200000,63502,63525.44,63448,63463.92,44.54646
1781306100000,63463.92,63497.61,63426.83,63453.32,73.79587
1781307000000,63453.32,63569.99,63439,63505.01,242.07313
1781307900000,63505.01,63580.01,63505.01,63580.01,48.83276
1781308800000,63580,63608.58,63535.3,63592.05,318.61029
1781309700000,63592.05,63594,63530,63530,86.42851
1781310600000,63530.01,63626.92,63507.39,63588.02,93.65426
1781311500000,63588.01,63652.11,63554.32,63600.01,80.24882
1781312400000,63600.01,63699.58,63600.01,63656,41.5971
1781313300000,63655.99,63676.02,63612,63653.99,66.86293
1781314200000,63654,63839.99,63640.29,63754.91,194.08394
1781315100000,63754.92,63840,63754.91,63837.89,207.08962
1781316000000,63837.88,63837.89,63772.26,63794,26.48999
1781316900000,63794,63802,63694,63713.43,112.79296
1781317800000,63713.43,63726,63624.07,63624.08,214.89354
1781318700000,63624.08,63656,63558,63646.01,96.61636
1781319600000,63646.01,63720.88,63646,63662.51,65.19881
1781320500000,63662.51,63681.19,63418.66,63511.81,132.54502
1781321400000,63511.81,63522.08,63478.92,63504.72,31.77374
1781322300000,63504.72,63556,63500,63532,39.03266
1781323200000,63532,63568.11,63484,63513.73,47.03822
1781324100000,63513.73,63584,63497.31,63542.01,26.22108
1781325000000,63542.01,63625.99,63536,63623.43,35.29524
1781325900000,63623.43,63663.91,63512,63512.01,35.59842
1781326800000,63512.01,63590,63493.16,63568.58,47.50424
1781327700000,63568.59,63596,63536.01,63552,166.91014
1781328600000,63552,63588.92,63523.38,63566.95,397.83676
1781329500000,63566.94,63584.03,63493.17,63584.03,46.37668
1781330400000,63584.03,63611.73,63554.82,63582.54,21.42152
1781331300000,63582.53,63680,63550.51,63679.99,147.90099
1781332200000,63680,63720.29,63648,63681,84.70374
1781333100000,63681,63740,63680.99,63735.74,45.51388
1781334000000,63736,63750,63674.98,63728,48.57638
1781334900000,63728,63808,63680.01,63779.09,99.88742
1781335800000,63779.09,63840.36,63752.45,63821.82,148.58014
1781336700000,63821.82,63883.47,63805.17,63846,139.93343
1781337600000,63845.99,63883.5,63776.62,63792,87.13259
1781338500000,63792,63831.22,63766.18,63810.01,34.08598
1781339400000,63810.01,63910,63795.93,63878.02,70.79967
1781340300000,63878.01,63878.02,63791.01,63806,35.4211
1781341200000,63806,63843.99,63783.41,63806,103.76524
1781342100000,63806,63867.65,63804.85,63815.99,41.42889
1781343000000,63815.99,63831.96,63791.99,63814.27,72.74316
1781343900000,63814.28,63814.28,63742.57,63743.12,84.02104
1781344800000,63743.13,63782,63726.57,63782,32.49339
1781345700000,63781.99,63794,63756,63782,53.22954
1781346600000,63782.01,63888,63782,63854.3,45.57461
1781347500000,63854.3,63908.48,63800,63843.01,57.47033
1781348400000,63843.01,63949.99,63843.01,63924.41,105.73985
1781349300000,63924.41,63984.53,63924.31,63952.18,108.9324
1781350200000,63952.18,63952.19,63890.83,63905.2,186.40821
1781351100000,63905.21,63980.01,63896.85,63971.28,77.9711
1781352000000,63971.28,63971.69,63921.33,63938.42,50.86263
1781352900000,63938.41,63989.47,63928.02,63949.85,285.65932
1781353800000,63949.85,64022,63949.84,64002.61,106.56232
1781354700000,64002.6,64214,64002.6,64133.12,434.96414
1781355600000,64133.12,64175.93,64078.01,64172.23,108.06147
1781356500000,64172.22,64234,64118.73,64230.26,136.96517
1781357400000,64230.25,64245.88,64155.23,64155.24,116.67411
1781358300000,64155.24,64194,64060,64102.69,138.03094
1781359200000,64102.61,64183.98,64090.09,64154.46,48.59138
1781360100000,64154.47,64184.72,64105.48,64132.8,47.74274
1781361000000,64132.81,64211.85,64132.8,64179.97,63.20641
1781361900000,64179.97,64233.73,64179.96,64220.97,46.9198
1781362800000,64220.96,64310.22,64186.97,64287.3,238.93457
1781363700000,64287.3,64331.71,64235.5,64295.54,112.35408
1781364600000,64295.55,64350,64242.01,64242.02,114.2077
1781365500000,64242.02,64326.63,64193.58,64296.15,119.4257
1781366400000,64296.15,64307.52,64002.72,64097.34,299.45337
1781367300000,64097.35,64097.35,63978.79,63982.04,200.39025
1781368200000,63982.05,64072,63975.6,64062.39,44.81487
1781369100000,64062.4,64165.84,63920.05,64029.17,176.08961
1781370000000,64029.17,64057.99,63951.59,63964.16,54.39638
1781370900000,63964.16,64098,63944,64097.99,49.96061
1781371800000,64098,64120,64069.22,64105.99,77.21685
1781372700000,64106,64120,63948,63971.19,120.18261
1781373600000,63971.2,64070.84,63971.19,64057.06,71.17508
1781374500000,64057.06,64206,64028,64194.06,86.44877
1781375400000,64194.05,64282.19,64174.39,64265.76,40.73822
1781376300000,64265.77,64268,64054.48,64161.46,80.35947
1781377200000,64161.46,64210.52,64152,64204.49,64.11211
1781378100000,64204.48,64204.49,64152,64193.94,62.60076
1781379000000,64193.93,64312.75,64158,64290.9,121.08404
1781379900000,64290.9,64333.62,64284.83,64296.59,60.92119
1781380800000,64296.59,64296.6,64234,64274.63,53.0657
1781381700000,64274.62,64288,64241.54,64241.55,37.98577
1781382600000,64241.55,64264.28,64226.83,64254.8,70.04102
1781383500000,64253.81,64290,64243.45,64278.31,18.22641
1781384400000,64278.31,64312,64226.38,64242.28,32.61722
1781385300000,64242.29,64272,64233.6,64244.53,59.27369
1781386200000,64244.52,64762.77,64244.52,64567.77,369.56363
1781387100000,64567.76,64573.36,64441.04,64471.04,90.94065
1781388000000,64471.04,64471.04,64383.61,64421.99,69.34163
1781388900000,64421.99,64532.7,64384,64522.13,96.81513
1781389800000,64522.13,64556,64490.53,64522.73,110.06602
1781390700000,64522.73,64522.74,64456.47,64456.47,40.04842
1781391600000,64456.46,64472.9,64438.99,64439.29,35.91307
1781392500000,64439.3,64596.99,64439.29,64451.69,120.05138
1781393400000,64451.69,64490,64439.29,64454.02,237.07301
1781394300000,64454.02,64464.92,64382.42,64458.01,196.17828
1781395200000,64458.01,64473.99,64380.7,64427.39,279.49762
1781396100000,64427.39,64534,64390,64460,158.77416
1781397000000,64460,64560,64455.79,64555.75,77.24142
1781397900000,64555.74,64579.03,64516,64565,79.53885
1781398800000,64565.01,64689.83,64507.25,64638,128.97103
1781399700000,64637.99,64710,64626.3,64660,130.79354
1781400600000,64660.01,64660.01,64562.9,64564.99,400.35119
1781401500000,64564.99,64636,64561.24,64563,161.08126
1781402400000,64563,64634,64562.99,64621.37,133.04707
1781403300000,64621.38,64636,64520.41,64539.99,45.9801
1781404200000,64540,64560.55,64509.99,64510,57.35549
1781405100000,64510,64510,64476.01,64490.01,23.85051
1781406000000,64490.01,64520,64474.04,64496.01,24.90418
1781406900000,64496.01,64540,64492.76,64530.19,21.19376
1781407800000,64530.19,64539.69,64466,64482.66,47.03576
1781408700000,64482.85,64545.4,64466.46,64545.3,62.54049
1781409600000,64545.3,64563.48,64492.53,64498.39,17.62375
1781410500000,64498.38,64520,64470,64470,29.60363
1781411400000,64470.01,64474.59,64386.59,64393.21,88.38487
1781412300000,64393.21,64393.21,64325.61,64339.07,118.13577
1781413200000,64339.07,64393.64,64332,64373.75,72.13699
1781414100000,64373.75,64373.75,64298,64306.32,49.80859
1781415000000,64306.33,64411.2,64293.41,64360.64,114.06813
1781415900000,64360.64,64386.18,64336,64338,193.45476
1781416800000,64338,64487.8,64338,64475.36,160.09276
1781417700000,64475.37,64475.37,64330,64389.93,245.28947
1781418600000,64389.94,64389.94,64232.12,64244.01,369.51217
1781419500000,64244.01,64293.99,64244.01,64286.1,64.85908
1781420400000,64286.1,64295.01,64214,64217.4,82.54533
1781421300000,64217.4,64372.94,64217.4,64356.96,78.84891
1781422200000,64356.95,64356.96,64298.05,64304.03,57.57109
1781423100000,64304.02,64445.95,64304.02,64429.39,37.85959
1781424000000,64429.39,64460,64392,64440.01,25.87714
1781424900000,64440,64513.82,64440,64485.84,34.30479
1781425800000,64485.85,64502,64448.1,64458.15,74.72722
1781426700000,64458.15,64480.64,64446.02,64456.33,57.76039
1781427600000,64456.33,64482.41,64418,64428.44,35.18951
1781428500000,64428.44,64428.44,64321.18,64353.99,92.38116
1781429400000,64353.98,64590,64347.8,64553.54,75.11737
1781430300000,64553.54,64617.99,64541.56,64616,34.69326
1781431200000,64616,64616,64498.01,64527.14,66.1574
1781432100000,64527.15,64647.5,64517.37,64598,40.39908
1781433000000,64598,64664,64594,64606,41.04771
1781433900000,64606,64613.89,64513.27,64521.13,36.52597
1781434800000,64521.13,64577.99,64460,64562.28,54.50253
1781435700000,64562.27,64592,64509.12,64582.78,44.61043
1781436600000,64582.78,64638.01,64582.77,64612.31,24.77318
1781437500000,64612.31,64641.9,64546,64546,104.22725
1781438400000,64546.01,64560.66,64470.81,64476.53,62.42159
1781439300000,64476.53,64504.99,64466,64467.25,93.01121
1781440200000,64467.25,64476.01,64323.99,64358.12,63.15477
1781441100000,64358.12,64375.98,64295.06,64327.53,115.50697
1781442000000,64327.54,64384.01,64308.59,64360.01,52.02472
1781442900000,64360.01,64398.14,64258.43,64277.56,48.18653
1781443800000,64277.57,64380,64244,64368,97.86734
1781444700000,64368,64387.93,64286,64317.99,110.53298
1781445600000,64318,64341.43,64264.04,64308.33,43.72427
1781446500000,64308.34,64330,64151.2,64158.23,204.77359
1781447400000,64158.24,64175.09,63888,63938,404.59711
1781448300000,63938,63984,63866.66,63983.55,128.3757
1781449200000,63983.56,64153.75,63980.35,64100.21,178.56989
1781450100000,64100.21,64132,63995.67,64059.37,98.81091
1781451000000,64059.36,64114,64000.01,64034.01,49.83407
1781451900000,64034.01,64075.6,64000,64025.07,39.53074
1781452800000,64025.06,64132.84,64006.11,64108.01,49.64086
1781453700000,64108.01,64208.92,64089.33,64135.53,69.93358
1781454600000,64135.52,64190,64135.52,64160.08,37.75502
1781455500000,64160.09,64169.54,63936,63942.63,99.25776
1781456400000,63942.63,64019.38,63891.86,63965.58,248.53206
1781457300000,63965.58,63996,63900.59,63903.25,43.21831
1781458200000,63903.24,63967.28,63760.4,63843.69,168.8843
1781459100000,63843.69,63878,63694.11,63732.64,156.94527
1781460000000,63732.65,63786,63678.83,63727.19,142.79036
1781460900000,63727.19,63776,63681.55,63727.07,46.3429
1781461800000,63727.07,63794.87,63727.06,63777.32,29.84064
1781462700000,63777.32,63813.3,63760,63813.3,39.91431
1781463600000,63813.3,63834.76,63734.71,63790.82,32.18109
1781464500000,63790.83,63861.86,63787.84,63797.57,29.6412
1781465400000,63797.56,63832,63752.5,63760.95,27.2121
1781466300000,63760.95,63802,63741.36,63802,18.55961
1781467200000,63801.99,63864,63794.09,63815.98,26.16402
1781468100000,63815.98,63960,63815.98,63923.99,61.43135
1781469000000,63923.99,64092.4,63919.36,64044.71,102.48308
1781469900000,64044.71,64078.01,64004,64008.64,53.12515
1781470800000,64008.64,64103.53,64007.24,64103.52,27.35769
1781471700000,64103.52,64949,64103.52,64774.97,843.0593
1781472600000,64774.97,65437.74,64680.69,65270.67,1539.37621
1781473500000,65270.67,65666,65250.22,65311.59,545.21948
1781474400000,65311.59,65534.94,64946.12,65122.65,763.3155
1781475300000,65122.64,65256,65000,65216.27,366.2237
1781476200000,65216.28,65580,65175.07,65469.44,246.71147
1781477100000,65469.44,65499.99,65340.27,65426.78,177.90402
1781478000000,65426.78,65620,65256.21,65562,198.85321
1781478900000,65561.99,65740,65501.99,65684.64,381.26908
1781479800000,65684.64,65749.99,65530.45,65569.45,244.87471
1781480700000,65569.45,65800,65558,65746.45,139.84831
1781481600000,65746.45,65923,65630.48,65888,309.22955
1781482500000,65888.01,65888.01,65666.29,65760,305.72736
1781483400000,65760.01,65771.31,65480.69,65555.48,308.78618
1781484300000,65555.49,65647.89,65504,65625.99,119.78287
1781485200000,65626,65626,65354,65511.28,208.95294
1781486100000,65511.28,65529.61,65358,65400.01,146.11906
1781487000000,65400,65734.87,65380.01,65718.01,192.2266
1781487900000,65718,65718.01,65477.44,65525,308.08983
1781488800000,65525.01,65658,65446,65654.9,216.23718
1781489700000,65654.89,65775.15,65636,65639.3,124.52509
1781490600000,65639.29,65670,65570.44,65570.45,82.1552
1781491500000,65570.44,65570.44,65415.02,65472.01,164.81398
1781492400000,65472.01,65730,65422.83,65727.99,202.84485
1781493300000,65727.99,65735.89,65664.78,65726.01,135.40119
1781494200000,65726.01,65930.52,65692,65908.01,187.29651
1781495100000,65908,65995,65834.31,65927.1,242.11543
1781496000000,65927.11,65927.11,65712.52,65718.89,128.39551
1781496900000,65718.9,65772.49,65700,65721.66,71.14705
1781497800000,65721.66,65741.73,65653.5,65695,208.5209
1781498700000,65695.01,65719.79,65633.28,65644.01,156.19433
1781499600000,65644,65688.4,65611.01,65686,283.3405
1781500500000,65686,65872,65685.99,65828.03,81.17642
1781501400000,65828.04,65832.8,65704,65724.01,60.66303
1781502300000,65724.01,65858.01,65712,65858.01,52.08676
1781503200000,65858,65918,65816.53,65890.01,155.85563
1781504100000,65890,65967.27,65859.76,65942.01,77.46337
1781505000000,65942.01,65948.39,65775.45,65812.01,71.86094
1781505900000,65812,65892.16,65801.33,65812.01,60.06865
1781506800000,65812.01,65868,65688,65816.57,112.93065
1781507700000,65816.58,66000,65816.57,65958.02,139.16701
1781508600000,65958.01,65958.02,65726.65,65747.15,160.54278
1781509500000,65747.15,65776,65628.45,65674.76,161.67703
1781510400000,65674.76,65753.66,65628,65732,84.0936
1781511300000,65732,65752,65620,65675.56,88.08638
1781512200000,65675.56,65790,65664,65768.01,59.60727
1781513100000,65768,65800,65638,65662.01,131.21755
1781514000000,65662,65712,65662,65681.39,65.61632
1781514900000,65681.4,65779.5,65644.16,65644.17,100.61382
1781515800000,65644.17,65655.26,65512,65571.99,116.32294
1781516700000,65571.99,65615.16,65516.46,65596.86,61.74956
1781517600000,65596.86,65764,65584.37,65740.01,53.43391
1781518500000,65740.01,65757.45,65704,65715.53,48.2082
1781519400000,65715.52,65762,65712,65762,106.72388
1781520300000,65762,65973.15,65734.07,65917.37,336.42323
1781521200000,65917.37,66018.38,65832.78,65942.39,258.04986
1781522100000,65942.39,66385.12,65930.01,66258.96,666.96365
1781523000000,66258.95,66298,66128,66151.93,210.85332
1781523900000,66151.92,66244,66126.01,66233.9,157.86051
1781524800000,66233.89,66316.64,66106,66284,233.68762
1781525700000,66284,66338,66188.02,66283.99,233.09287
1781526600000,66284,66470,66194,66470,247.12512
1781527500000,66469.99,66600.91,66420.01,66563.49,273.3642
1781528400000,66563.48,66699.35,66480.84,66618.66,470.1306
1781529300000,66618.66,66949.22,66600,66841.92,675.64406
1781530200000,66841.92,66886,66474,66573.58,485.90605
1781531100000,66573.59,66656,66412,66447.05,287.58232
1781532000000,66447.06,66460.53,66251.58,66442.03,532.63625
1781532900000,66442.02,66560,66400,66559.99,133.67905
1781533800000,66560,66563.28,66421.59,66536.09,125.90887
1781534700000,66536.09,66675.83,66536.09,66591.55,148.62223
1781535600000,66591.54,66692,66580.42,66625.29,120.04999
1781536500000,66625.29,66750,66588.83,66658.01,312.58903
1781537400000,66658,66920,66611.27,66910.03,277.42577
1781538300000,66910.03,67292.15,66910.03,67292.14,756.89311
1781539200000,67292.15,67292.15,67098.25,67260,420.44784
1781540100000,67260,67268,67100.01,67185.99,215.77755
1781541000000,67186,67268,67147.14,67170.67,175.72291
1781541900000,67170.68,67214,67088.83,67157.99,285.01106
1781542800000,67158,67158,66585.26,66896.66,795.11141
1781543700000,66896.66,66971.45,66768,66818.01,195.21609
1781544600000,66818,66924.52,66678,66884.01,245.55412
1781545500000,66884.01,66944.7,66836.66,66851.79,104.36226
1781546400000,66851.8,66933.86,66715.61,66803.99,231.28935
1781547300000,66804,66886,66800.52,66826.43,103.68627
1781548200000,66826.43,66875.38,66746.25,66803.45,142.02981
1781549100000,66803.45,66920,66760,66766.12,113.68632
1781550000000,66766.13,66886.02,66728,66854,111.31864
1781550900000,66853.99,66889.85,66348,66530.54,371.17294
1781551800000,66530.54,66728.63,66530,66722,127.2156
1781552700000,66721.99,66749.95,66502.47,66614.35,170.68865
1781553600000,66615.98,66630,66506.43,66557.99,97.76667
1781554500000,66558,66610.41,66520,66577.99,110.83877
1781555400000,66578,66681.3,66577.99,66592.02,53.27969
1781556300000,66592.01,66592.01,66489.86,66519.98,77.58772
1781557200000,66519.99,66532,66430.22,66517.44,115.39454
1781558100000,66517.44,66567.38,66395.64,66410,67.64909
1781559000000,66410,66474,66314.34,66436,109.38328
1781559900000,66435.99,66447.99,66364.01,66368.15,55.38691
1781560800000,66368.15,66476.64,66364,66364.01,96.25203
1781561700000,66364.01,66412,66102.91,66162.01,138.33398
1781562600000,66162.01,66371.66,66076.56,66296.13,150.3009
1781563500000,66296,66326,66198.74,66206.34,135.26893
1781564400000,66206.34,66286,66184,66270.4,53.25349
1781565300000,66270.4,66295.64,66150,66226.07,88.42619
1781566200000,66226.07,66269.52,66116.59,66269.52,100.4132
1781567100000,66269.52,66368,66246.13,66328.74,206.41929
1781568000000,66328.74,66405.17,66276.67,66391.97,92.47759
1781568900000,66391.97,66418.73,66242,66247.99,85.01145
1781569800000,66248,66463.26,66244,66414.53,77.03019
1781570700000,66414.53,66435.99,66243.21,66250,203.10316
1781571600000,66250,66362.65,66248.93,66285.14,111.63089
1781572500000,66285.14,66382.3,66260.77,66376.66,152.79129
1781573400000,66376.67,66415.53,66354.7,66359.22,51.35467
1781574300000,66359.23,66418.01,66327.5,66346.52,140.86264
1781575200000,66346.51,66367.69,66033.52,66065.07,346.27509
1781576100000,66065.07,66160,65753.25,65776.01,263.20587
1781577000000,65776.01,65928.86,65750.57,65878,203.78024
1781577900000,65878,65887.82,65678.14,65741.99,151.47107
1781578800000,65742,65850,65678.9,65810,151.10035
1781579700000,65810.01,66007.19,65650,65980.46,415.92182
1781580600000,65980.45,66125,65980.45,66125,94.21205
1781581500000,66125,66166.61,66100,66165.21,140.87063
1781582400000,66165.21,66301.83,66134,66150.77,171.2118
1781583300000,66150.77,66162,65980,65980,118.51915
1781584200000,65980,65980,65802,65886.65,273.78158
1781585100000,65886.64,65899.22,65806.02,65840.09,130.98965
1781586000000,65840.1,66068,65840.09,66026,116.2175
1781586900000,66026,66114,65966,66076.01,185.73475
1781587800000,66076.01,66118,66010.99,66089.38,48.96603
1781588700000,66089.38,66150.22,66044.99,66045,388.50117
1781589600000,66044.99,66190,66044.99,66188.92,57.32242
1781590500000,66188.91,66347.07,66154.11,66339.05,100.63925
1781591400000,66339.04,66572.99,66296,66398.52,238.66352
1781592300000,66398.52,66549.96,66394,66446,159.93652
1781593200000,66446.01,66527.23,66348.32,66348.32,83.74137
1781594100000,66348.32,66477.89,66318.6,66338.01,102.92389
1781595000000,66338.01,66426,66314.7,66320.21,89.20554
1781595900000,66320.2,66383.24,66300.1,66372,109.92085
1781596800000,66372,66503.24,66345.06,66472,92.61167
1781597700000,66472,66595.32,66369.3,66554.96,169.96268
1781598600000,66554.95,66652.76,66514.32,66618,192.29722
1781599500000,66618,66992,66570,66899.61,234.08861
1781600400000,66899.61,66923.99,66726,66763.36,179.82828
1781601300000,66763.35,66763.36,66560,66618,140.13331
1781602200000,66618,66733.99,66586,66701.83,112.53677
1781603100000,66701.83,66727.77,66474.74,66510,168.26091
1781604000000,66510.01,66593.34,66500.56,66540.02,54.87639
1781604900000,66540.02,66778,66540.02,66672.17,152.83457
1781605800000,66672.16,66672.17,66578,66617.99,84.42132
1781606700000,66617.99,66622,66486.38,66514,95.09585
1781607600000,66514.01,66643.23,66448.64,66511.99,110.5373
1781608500000,66512,66582,66396.74,66477.05,98.23338
1781609400000,66477.05,66478.6,66368.36,66403.17,150.05698
1781610300000,66403.18,66490.33,66380,66481.73,108.41134
1781611200000,66481.73,66569.8,66406.15,66556.52,107.72608
1781612100000,66556.53,66682.87,66547.38,66582.58,168.71688
1781613000000,66582.59,66818,66442,66498.01,154.46035
1781613900000,66498,66500,66368,66429.83,131.41582
1781614800000,66429.84,66463.13,66010,66207.56,330.22715
1781615700000,66207.57,66274.63,66011.23,66019.2,232.24048
1781616600000,66019.19,66166,65928.16,66128.93,566.1651
1781617500000,66128.93,66210,66006.63,66052,219.21846
1781618400000,66052.01,66265.8,66007.63,66027.23,215.82214
1781619300000,66027.23,66068,65516,65553.07,566.95293
1781620200000,65553.07,65748,65360.92,65689.59,513.45999
1781621100000,65689.58,65780,65609.99,65654.9,195.52785
1781622000000,65654.9,65880.41,65614.3,65858.05,201.88425
1781622900000,65858.05,65908,65712.64,65814.01,156.58315
1781623800000,65814.01,65999.78,65803.27,65846.01,152.65393
1781624700000,65846,65986,65679.48,65859.76,277.69443
1781625600000,65859.76,65953.97,65776.01,65776.01,80.98028
1781626500000,65776.02,65822,65726.15,65785.99,89.33847
1781627400000,65786,65866,65706,65808.01,75.64043
1781628300000,65808.01,65827.39,65706,65758.07,92.76173
1781629200000,65758.07,65851.78,65740.01,65792.01,68.89637
1781630100000,65792.01,65861.66,65710.34,65747.17,102.49394
1781631000000,65747.16,65820,65713.96,65750.92,46.506
1781631900000,65750.92,66011.47,65740,65978.79,165.49111
1781632800000,65978.78,66248.69,65951.35,66137.04,167.2488
1781633700000,66136.83,66136.84,65872,65909.99,179.20419
1781634600000,65910,65970,65802,65846,102.69602
1781635500000,65846.01,65932.03,65828.01,65847.99,73.57747
1781636400000,65848,65848,65654.9,65670,189.78041
1781637300000,65670.01,65722,65560,65706.64,194.34277
1781638200000,65706.65,65780,65602,65642.66,120.38122
1781639100000,65642.65,65726,65566,65675.88,112.87227
1781640000000,65675.89,65760,65592,65759.99,98.02953
1781640900000,65759.99,65849.03,65694,65721.39,61.44904
1781641800000,65721.39,65844,65720.34,65843.99,52.40253
1781642700000,65843.99,65865.92,65830,65854,49.23335
1781643600000,65854,65938,65838.22,65918,117.83801
1781644500000,65917.99,65918,65726.55,65728.01,113.3791
1781645400000,65728.01,65753.96,65654.9,65733.02,73.91552
1781646300000,65733.01,65787.73,65710.05,65776.97,46.28956
1781647200000,65776.97,65880,65714.84,65842,92.84716
1781648100000,65842.01,65882,65720.65,65776.92,46.74677
1781649000000,65776.92,65792.01,65704,65720.64,39.51663
1781649900000,65720.64,65792,65680,65780,49.51695
1781650800000,65780.01,65834.19,65727.19,65762.92,56.40171
1781651700000,65762.93,65762.94,65644,65732,47.45833
1781652600000,65732,65778,65712,65722.68,42.43104
1781653500000,65722.67,65722.67,65626.9,65675.01,60.08174
1781654400000,65675.02,65806.57,65675.02,65751.09,60.00256
1781655300000,65751.08,65797.06,65707.28,65725.95,56.57158
1781656200000,65725.96,65840,65692.27,65832.01,46.46909
1781657100000,65832.01,65848,65699.99,65700,169.26051
1781658000000,65700,65832,65688,65805.29,242.39966
1781658900000,65805.28,65805.29,65477.5,65585.74,178.54622
1781659800000,65585.74,65817.96,65544.49,65759.76,62.67933
1781660700000,65759.76,65956.56,65759.76,65940,65.79981
1781661600000,65940,65940.01,65840,65905.21,84.62694
1781662500000,65905.21,66200,65879.75,66106,318.86934
1781663400000,66105.99,66107.99,65788,65858.05,122.39082
1781664300000,65858.05,65914.53,65834,65904,449.05105
1781665200000,65903.99,65904,65808,65820.01,168.7655
1781666100000,65820.01,65820.01,65703.45,65780,241.59707
1781667000000,65780,65882.99,65780,65797.98,64.92647
1781667900000,65797.98,65853.8,65770,65851.99,88.28405
1781668800000,65852,65902.44,65824,65839.34,60.31465
1781669700000,65839.33,65909.01,65788.31,65906.95,143.80739
1781670600000,65906.96,65945.1,65864.01,65927.99,188.32809
1781671500000,65928,66048.19,65892,65892,80.88669
1781672400000,65892.01,65978,65794,65818,123.69885
1781673300000,65818,65861.66,65746.51,65856,198.08715
1781674200000,65856.01,65927.71,65814.43,65919.03,171.57981
1781675100000,65919.02,65934.02,65774.01,65836.3,42.67923
1781676000000,65836.3,65864,65790.24,65862,99.73074
1781676900000,65862.01,65896.45,65650,65650.01,53.25507
1781677800000,65650,65739.62,65582.63,65639.25,115.55402
1781678700000,65639.25,65679.73,65602.43,65624,110.2679
1781679600000,65624.01,65700,65556.33,65688,103.63908
1781680500000,65688,65710,65482.41,65555.79,95.35882
1781681400000,65555.8,65584.57,65477.28,65540.1,136.04217
1781682300000,65540.11,65594,65251,65539.5,362.24541
1781683200000,65539.51,65574,65340.49,65340.5,145.19575
1781684100000,65340.5,65393.46,65241.39,65330.01,110.46049
1781685000000,65330.01,65330.01,64920,64920.01,509.94079
1781685900000,64920.01,65020,64833.07,64926.02,226.65354
1781686800000,64926.02,65036.87,64912.55,64975.99,142.80809
1781687700000,64975.99,65076.76,64932.97,65045.99,101.68608
1781688600000,65045.98,65068,64928.01,64947.74,178.01504
1781689500000,64947.74,65000,64842.01,64909.44,437.46671
1781690400000,64909.44,64993.97,64809.98,64879.98,205.93781
1781691300000,64879.98,64981.43,64851.6,64936,164.52244
1781692200000,64936,64974,64872,64924,73.20878
1781693100000,64924,64944,64768,64798,154.06937
1781694000000,64798,64853.99,64577,64605.59,315.41867
1781694900000,64605.59,64745.59,64565,64704.91,149.07442
1781695800000,64704.91,64800,64670,64790.71,85.21465
1781696700000,64790.71,64868.21,64790.71,64810.01,91.53871
1781697600000,64810.01,64873.99,64755.06,64850.18,162.00864
1781698500000,64850.18,64856.36,64650,64687.99,139.02038
1781699400000,64688,64918,64590.53,64914.6,131.41293
1781700300000,64914.6,65108,64914.6,65040.88,125.29271
1781701200000,65040.88,65098,64983.27,65083.99,199.41385
1781702100000,65084,65084,64867.27,64927.99,166.70839
1781703000000,64927.99,65342.71,64850,65280,337.22837
1781703900000,65279.99,65369.53,65233.4,65278,258.21662
1781704800000,65278,65351.62,65134,65345.99,212.50167
1781705700000,65345.99,65461.38,65142,65252,192.59302
1781706600000,65252,65291.37,65049.49,65111.42,105.45723
1781707500000,65111.42,65288,64772.72,65101.45,289.06096
1781708400000,65101.45,65241.38,64987.74,65234.27,130.66999
1781709300000,65234.27,65420,65198,65327.76,245.61807
1781710200000,65327.77,65516.43,65262,65493.99,214.10631
1781711100000,65493.99,65855.66,65478,65752,581.78078
1781712000000,65751.99,65881,65722,65847.99,413.23477
1781712900000,65847.99,66445.93,65820,66258,457.30648
1781713800000,66258,66326.87,65895.25,65970.1,448.38175
1781714700000,65970.11,66015.14,65844,65864.12,102.98332
1781715600000,65864.13,65978,65800,65864.01,96.41837
1781716500000,65864.01,66010,65840.01,65973.99,45.54061
1781717400000,65973.99,66012,65842,65858.66,70.38858
1781718300000,65858.66,66191.98,65823.34,66104.08,165.2509
1781719200000,66107.99,66107.99,64800,65301.52,1061.072
1781720100000,65301.52,65536.34,65272.05,65404.14,199.18992
1781721000000,65404.13,66057.99,65272.74,66036.87,597.7335
1781721900000,66036.87,66042.32,65350,65516,384.576
1781722800000,65516,65666,65094.24,65366.01,233.15768
1781723700000,65366.01,65380.01,64316.17,64470,651.70427
1781724600000,64470,64680,64150,64178.25,537.5454
1781725500000,64178.25,64314.36,63998.35,64301.85,751.15695
1781726400000,64301.85,64457.89,64186.85,64214.69,192.28838
1781727300000,64214.69,64457.96,64207.9,64361.11,88.46905
1781728200000,64361.1,64488.96,64232.17,64232.17,107.67072
1781729100000,64232.17,64439.84,64181.33,64434.36,116.42617
1781730000000,64434.36,64452,64262,64328.92,85.30364
1781730900000,64328.92,64379.5,64266,64266,142.68235
1781731800000,64266.01,64416,64159.36,64190,102.45014
1781732700000,64190.01,64277.53,64142,64257.77,127.64858
1781733600000,64257.77,64257.99,63915.77,64103.99,231.05699
1781734500000,64104,64371.06,64072,64364.42,89.99599
1781735400000,64364.42,64434.84,64244,64266.01,111.94943
1781736300000,64266.01,64422.54,64257.83,64300.01,59.23528
1781737200000,64300.01,64405.45,64248,64317.99,62.60855
1781738100000,64318,64529.2,64318,64496,114.54801
1781739000000,64495.99,64522.49,64405.22,64443.69,48.17323
1781739900000,64443.68,64516,64400,64509.4,64.49075
1781740800000,64509.4,64657.8,64490,64634.91,95.4489
1781741700000,64634.92,64702,64548.92,64593.59,100.79991
1781742600000,64593.59,64698,64501,64589.97,151.28667
1781743500000,64589.77,64614,64457.67,64468.01,49.25602
1781744400000,64468.01,64806,64466.3,64729.6,115.26203
1781745300000,64729.6,64740,64624.37,64658.77,132.3393
1781746200000,64658.77,64750.54,64608.09,64619.61,78.64424
1781747100000,64619.6,64619.61,64477.26,64548.74,56.70857
1781748000000,64548.75,64674,64532.05,64569.38,52.7651
1781748900000,64569.37,64747.19,64488,64702.2,66.78674
1781749800000,64702.19,64764.88,64681.87,64762.29,57.93919
1781750700000,64762.29,64776.66,64682,64689.5,146.44896
1781751600000,64689.5,64689.5,64525.42,64525.43,108.97354
1781752500000,64525.43,64530,64317.45,64320,149.46404
1781753400000,64320,64403.34,64267.86,64328.03,193.44932
1781754300000,64328.02,64407.48,64274.38,64282.82,96.69102
1781755200000,64282.82,64347.09,63826.93,63939.93,375.48804
1781756100000,63939.92,64108,63856.46,63951.98,206.47258
1781757000000,63951.98,63984.4,63880,63884.01,141.00259
1781757900000,63884.01,63975.88,63830.28,63883.41,108.23878
1781758800000,63883.26,63971.69,63696.29,63921.26,317.75143
1781759700000,63921.27,63996,63909.28,63919.66,134.94833
1781760600000,63919.94,64020,63852.37,63927.25,67.5146
1781761500000,63927.24,63999.56,63882,63994,77.70041
1781762400000,63994,64074.78,63886,63957,96.42725
1781763300000,63957,63991.52,63850,63979.99,274.17964
1781764200000,63979.99,64099.99,63970.39,64099.86,271.07
1781765100000,64099.87,64134.33,64060,64083.41,125.87453
1781766000000,64084,64105.57,64015.42,64091.2,109.13902
1781766900000,64091.2,64319.15,64083.06,64304.59,162.43022
1781767800000,64304.58,64454.01,64260.71,64438.09,146.47833
1781768700000,64438.09,64510.5,64423.35,64510.44,106.80876
1781769600000,64510.45,64646.75,64386.46,64535.99,378.02676
1781770500000,64535.99,64607.38,64514,64578,84.03069
1781771400000,64578.01,64605.4,64517,64517.01,174.76757
1781772300000,64517,64528,64378.25,64399.92,77.37936
1781773200000,64399.93,64411.61,64309.16,64390.31,114.14003
1781774100000,64390.31,64478,64245.59,64248.38,71.84966
1781775000000,64248.38,64307.99,64205.88,64282.66,77.10347
1781775900000,64282.66,64325.65,64196.14,64199.53,37.22559
1781776800000,64199.53,64199.53,63991.18,64009.99,118.74698
1781777700000,64009.99,64045.99,63910,63965.48,136.49084
1781778600000,63965.47,64081.99,63951.39,64000.82,108.92834
1781779500000,64000.81,64223.79,64000.81,64078.61,81.4069
1781780400000,64078.61,64196,64004.01,64032.01,66.29683
1781781300000,64032.01,64084,63912.01,64069.99,104.41289
1781782200000,64069.99,64089.66,63878.14,63970,129.25728
1781783100000,63970,64036,63890,63974.4,78.03773
1781784000000,63974.4,64043.43,63922,64007.99,103.68059
1781784900000,64007.98,64207.58,63992,64201.31,139.21228
1781785800000,64201.32,64263.48,64130.73,64257.19,89.53243
1781786700000,64257.2,64402.01,64257.19,64378.07,85.17948
1781787600000,64378.06,64445.19,64288,64395.44,133.27123
1781788500000,64395.43,64438.67,64332,64363.39,204.0742
1781789400000,64363.39,64386,63876.01,63885.66,360.41923
1781790300000,63885.67,64161.23,63800,63984,287.04323
1781791200000,63983.99,64087.08,63724.83,63780,336.06323
1781792100000,63780,64203.66,63720.56,63812.02,189.09072
1781793000000,63812.01,64082,63767.24,63872.01,190.85095
1781793900000,63872,63993.69,63587.3,63816.61,282.40984
1781794800000,63816.61,63825.99,63566.01,63566.01,245.51036
1781795700000,63566.01,63600,63198,63237.99,801.08694
1781796600000,63238,63375.85,62700,62786.01,951.77971
1781797500000,62786.01,62885.46,62293.76,62369.44,795.28342
1781798400000,62369.43,62730,62349.42,62639.99,477.06124
1781799300000,62640,62766.93,62522,62599.99,265.35676
1781800200000,62600,62769.86,62518,62717.99,288.60593
1781801100000,62717.99,62814,62637.13,62688,240.68968
1781802000000,62688,62706.21,62411.76,62506.4,182.50389
1781802900000,62506.39,62643.92,62272.07,62583.02,488.60626
1781803800000,62583.03,62750,62520,62650.01,202.67408
1781804700000,62650,62727.77,62520.29,62606,129.89789
1781805600000,62606,62738.64,62580.01,62710.76,128.18965
1781806500000,62710.76,62959.75,62608.64,62847.62,248.37841
1781807400000,62847.62,62847.63,62680.03,62772,200.78293
1781808300000,62772.01,62884,62619.89,62708.92,149.71124
1781809200000,62708.93,62735.59,62636,62681.99,68.40856
1781810100000,62681.99,62804,62642.33,62777.01,96.77547
1781811000000,62777.01,62993.44,62761.94,62970,182.16299
1781811900000,62970,63008.33,62906,62950.79,230.29062
1781812800000,62950.79,63225.16,62950.79,63172,270.70459
1781813700000,63172,63274.19,63099.58,63118.01,144.68606
1781814600000,63118.01,63173.65,63049.08,63133.9,173.19007
1781815500000,63133.91,63135.06,63040,63086,96.35357
1781816400000,63086,63121.81,62913.69,62920,159.31174
1781817300000,62919.99,63045.24,62870.39,62958.01,134.56129
1781818200000,62958,62990.72,62874,62913.99,96.61761
1781819100000,62913.99,62999.53,62893,62971.32,75.85108
1781820000000,62971.32,62990,62910.45,62921.36,71.78628
1781820900000,62921.36,62925.56,62779.19,62831.99,75.22071
1781821800000,62832,62850,62742,62812.28,77.37693
1781822700000,62812.28,62896.66,62786,62885.85,65.97672
1781823600000,62885.84,62929.13,62756.6,62761.34,110.82596
1781824500000,62761.35,62884,62761.33,62884,107.25598
1781825400000,62884,62950,62884,62914.42,39.28446
1781826300000,62914.42,62985.12,62858,62958.01,250.12114
1781827200000,62958.01,62984,62840,62862,216.19942
1781828100000,62862,62994,62854,62972.01,144.79565
1781829000000,62972,63058,62951.86,63057.99,180.80137
1781829900000,63057.99,63086,62976.42,63020,244.43181
1781830800000,63020,63086.17,62900,62978.3,182.24642
1781831700000,62978.29,63100,62920,62926,243.93583
1781832600000,62926,62953.79,62852.01,62916.59,75.77647
1781833500000,62916.6,63032.06,62916.59,63021.86,40.47436
1781834400000,63021.86,63110.29,63017.95,63020.22,95.25515
1781835300000,63020.21,63065.99,62956.08,62956.08,72.37168
1781836200000,62956.08,63023.96,62922,62944.71,48.5606
1781837100000,62944.71,63018.9,62893.71,63006,88.63057
1781838000000,63006.01,63029.64,62716.53,62734.87,173.39385
1781838900000,62734.87,62863.62,62386.9,62848.4,468.37354
1781839800000,62848.4,62848.4,62618,62697.86,120.05845
1781840700000,62697.87,62812,62634,62773.51,73.61436
1781841600000,62773.52,62875.7,62618,62869.99,93.131
1781842500000,62869.99,62916.66,62718,62730.87,59.91063
1781843400000,62730.87,62732.01,62522.12,62605.99,99.13227
1781844300000,62606,62684.48,62409.55,62452.01,138.78841
1781845200000,62452.01,62670.89,62452,62669.99,92.77194
1781846100000,62670,62670,62576,62616,103.53336
1781847000000,62616,62670.89,62561.58,62651.99,91.73958
1781847900000,62651.99,62744.92,62651.99,62739.2,73.78827
1781848800000,62739.2,62852.46,62728,62849.99,82.15743
1781849700000,62850,62860.22,62762.35,62839.38,44.4746
1781850600000,62839.38,62880,62733.44,62824,56.05218
1781851500000,62823.99,62914.73,62766.27,62894.08,70.26018
1781852400000,62894.09,62917.32,62780,62780,43.87331
1781853300000,62780,62829.58,62718,62741.19,70.50305
1781854200000,62741.19,62827.68,62504.27,62554.32,286.33051
1781855100000,62554.32,62685.21,62506.02,62629.99,235.50422
1781856000000,62630,62675.59,62533.33,62671.99,130.78965
1781856900000,62671.99,62722.95,62612.2,62668,80.55918
1781857800000,62668,62782,62586,62660.27,151.6773
1781858700000,62660.27,62670,62572.66,62603.99,68.81428
1781859600000,62604,62654,62329.42,62432.54,202.11688
1781860500000,62432.55,62476.92,62316.44,62382,100.59121
1781861400000,62382.01,62498,62382,62418.29,365.06027
1781862300000,62418.29,62433.91,62339.66,62390,253.90484
1781863200000,62390.01,62559.01,62383.76,62559,241.66725
1781864100000,62559,62559,62431.99,62502.01,217.2939
1781865000000,62502.01,62502.01,62412.44,62418,142.56922
1781865900000,62417.99,62587.27,62404,62533.25,160.46944
1781866800000,62533.24,62567.99,62452.52,62502,202.86231
1781867700000,62502,62684,62464,62646,174.66492
1781868600000,62646.01,62683.79,62590,62660,246.20868
1781869500000,62660,62680,62600.63,62626,377.41513
1781870400000,62626,62687.98,62605.01,62623.62,179.09382
1781871300000,62623.61,62623.61,62490,62562,59.65867
1781872200000,62562,62596.57,62399.15,62508.18,122.70742
1781873100000,62508.19,62872.99,62353,62830.01,269.06127
1781874000000,62830.01,62982.43,62754.91,62788,246.73131
1781874900000,62788,62812,62666,62791.88,76.12856
1781875800000,62791.89,63100,62748,63091.1,281.33837
1781876700000,63091.09,63415,63082.56,63210,474.16119
1781877600000,63210,63256,63044,63089.99,201.69115
1781878500000,63090,63295,63010,63267.67,160.78378
1781879400000,63267.67,63419.27,63165.28,63311.45,155.79696
1781880300000,63311.45,63362,63196.01,63203.53,147.15509
1781881200000,63203.54,63253.55,63118,63183.99,121.16602
1781882100000,63184,63211.99,63019.26,63054.81,130.92129
1781883000000,63054.81,63283.86,63054.8,63252.15,142.06819
1781883900000,63252.15,63279.45,63197.37,63214.01,133.0505
1781884800000,63214.01,63387.8,63094,63387.32,199.03398
1781885700000,63387.32,63387.33,63264.01,63312.01,207.73406
1781886600000,63312,63376,63244,63244,335.07727
1781887500000,63244,63244,62918.98,62971.99,279.56579
1781888400000,62972,63024,62880.84,63002,148.68679
1781889300000,63001.99,63150.33,62866.99,62925.99,229.591
1781890200000,62925.99,63108.32,62916.58,63099.99,117.44733
1781891100000,63099.99,63263.49,63034,63198.01,345.03349
1781892000000,63198,63201.95,63111.84,63157.99,85.90517
1781892900000,63157.99,63167.15,63112.29,63116,94.2302
1781893800000,63116.01,63184,62991.37,63051.99,92.17077
1781894700000,63051.99,63140,63016,63110.01,69.658
1781895600000,63110.01,63110.64,63000,63052.7,84.59321
1781896500000,63052.69,63056.6,62942,62998.45,64.84557
1781897400000,62998.45,63023.91,62960.43,62998.57,42.21396
1781898300000,62998.56,63140,62984,63021.6,91.8089
1781899200000,63021.6,63079.99,63013.25,63071.99,41.89067
1781900100000,63071.99,63077.6,62958.59,63077.59,54.99988
1781901000000,63077.6,63100,63027.24,63089.8,46.23
1781901900000,63089.8,63274,63089.79,63250.01,74.80486
1781902800000,63250.01,63275.64,63148.22,63266,65.43979
1781903700000,63266,63266,63156.77,63156.77,27.23877
1781904600000,63156.78,63166,63082.27,63087.55,39.76523
1781905500000,63087.55,63135.54,63060,63075.98,49.25064
1781906400000,63075.99,63109.93,63048,63097.99,127.84838
1781907300000,63098,63300,63097.99,63268,55.89237
1781908200000,63268,63338,63232.71,63323.96,317.73644
1781909100000,63323.95,63369.48,63302,63315.28,40.45419
1781910000000,63315.29,63340,63276,63295.49,57.18999
1781910900000,63295.49,63333,63280.49,63322.64,96.63206
1781911800000,63322.65,63371.53,63302.21,63337.13,55.11833
1781912700000,63337.13,63666,63300,63543.91,480.28839
1781913600000,63543.9,63606,63470,63523.99,101.36151
1781914500000,63523.99,63640.26,63472,63618.01,105.80275
1781915400000,63618,63777,63536.08,63607.3,189.83231
1781916300000,63607.31,63608,63517.03,63530.01,243.1501
1781917200000,63530.01,63540,63429.65,63448.61,97.6452
1781918100000,63448.62,63518,63404,63511.19,127.60712
1781919000000,63511.19,63616.23,63511.19,63563.99,72.48477
1781919900000,63564,63592.36,63542.87,63586.28,50.9114
1781920800000,63586.27,63586.27,63468,63474,34.73541
1781921700000,63474,63474,63393.99,63407.99,64.8118
1781922600000,63407.99,63494,63365.36,63404,145.55756
1781923500000,63404.01,63432.78,63336.01,63340.57,113.77312
1781924400000,63340.58,63382.5,63320.14,63350.94,58.83227
1781925300000,63350.94,63455.99,63350.94,63443.94,108.27872
1781926200000,63443.93,63510,63418,63491.12,46.62188
1781927100000,63491.12,63505.3,63434.88,63476.79,55.1519
1781928000000,63476.79,63476.8,63402,63423.61,68.14712
1781928900000,63423.62,63570.76,63423.61,63568.81,42.06184
1781929800000,63568.82,63613.59,63516.8,63606,44.80186
1781930700000,63606,63607.99,63542,63583.53,73.61893
1781931600000,63583.53,63907.07,63543.46,63814.01,249.47473
1781932500000,63814,63834,63633.11,63633.12,109.14385
1781933400000,63633.12,63729.95,63633.11,63637.23,54.82871
1781934300000,63637.23,63711.34,63586.71,63678.07,63.8002
1781935200000,63678.07,63720,63644.01,63677.99,58.18185
1781936100000,63678,63755.61,63640.36,63700,47.74111
1781937000000,63700,63752.44,63694,63752.43,49.86857
1781937900000,63752.43,63761.99,63724.26,63744.61,36.09669
1781938800000,63744.61,63744.61,63594.37,63661.84,63.00039
1781939700000,63661.85,63792.01,63661.84,63792,83.89621
1781940600000,63792,63800,63716,63752.68,156.06254
1781941500000,63752.68,63773.99,63647.36,63655.21,145.52376
1781942400000,63655.21,63664.39,63500,63546,172.97341
1781943300000,63545.99,63577.12,63474.59,63482,58.73993
1781944200000,63482.01,63492.01,63430.07,63449.4,219.72358
1781945100000,63449.4,63456,63392.41,63417.97,95.61111
1781946000000,63417.98,63530.34,63417.98,63520,111.6346
1781946900000,63520,63587.64,63514.13,63570.42,78.3603
1781947800000,63570.42,63713.51,63559,63700.02,66.70355
1781948700000,63700.01,63787.74,63640,63741.16,92.32248
1781949600000,63741.16,63777.5,63690,63692.01,94.11981
1781950500000,63692,63721.89,63645,63678.64,69.60624
1781951400000,63678.64,63699.91,63592.44,63598,82.51752
1781952300000,63598,63678,63598,63674.7,23.92563
1781953200000,63674.71,63712,63620.74,63667.35,183.43023
1781954100000,63667.35,63744,63666.05,63700,55.02601
1781955000000,63700,63736.38,63687.26,63732,26.2995
1781955900000,63732,63798.76,63687.99,63688,50.38233
1781956800000,63688,63785.76,63672.01,63753.9,96.97936
1781957700000,63753.9,63766,63702.66,63738.72,64.48284
1781958600000,63738.72,63748.01,63584.19,63625.91,53.567
1781959500000,63625.9,63655.83,63537.99,63655.09,77.07441
1781960400000,63655.1,63655.1,63586,63586,39.91751
1781961300000,63586.01,63624.13,63278,63348.94,170.64011
1781962200000,63348.95,63464.35,63346,63450,143.86424
1781963100000,63449.99,63491.68,63364.01,63397.78,58.27403
1781964000000,63397.77,63412,63184.21,63209.27,323.57575
1781964900000,63209.27,63370,63209.26,63369.99,75.28841
1781965800000,63369.99,63525,63340.92,63508,61.9286
1781966700000,63508,64150,63496.01,63949.9,641.19676
1781967600000,63949.9,64046,63836,64004.1,167.98506
1781968500000,64004.09,64388,63966,64185.99,506.49682
1781969400000,64185.99,64208.57,64074.6,64116,178.38394
1781970300000,64116.01,64200,64078.22,64160.04,63.70584
1781971200000,64160.04,64167.26,63974,63994.98,95.1319
1781972100000,63994.98,64101.62,63980.43,63998,112.43494
1781973000000,63998,64054.96,63902.58,63998.9,88.04172
1781973900000,63998.9,64047.8,63959.6,64034.31,107.8214
1781974800000,64034.31,64034.31,63893.01,63956,85.40797
1781975700000,63956,63993.6,63872.47,63992.72,85.91403
1781976600000,63992.72,64041.07,63730.21,63863.7,194.21954
1781977500000,63863.71,63893.06,63814.01,63834.7,116.63958
1781978400000,63834.7,63928.4,63800,63828,32.6307
1781979300000,63828.01,63882.77,63828.01,63866,26.68879
1781980200000,63865.99,63888.2,63788,63814,38.16304
1781981100000,63813.99,63840,63788,63805.89,22.51226
1781982000000,63805.9,63924,63798,63899.99,27.19059
1781982900000,63900,63932.86,63844.88,63865.99,103.64451
1781983800000,63866,63968,63844,63939.99,29.30775
1781984700000,63939.99,63952,63920.67,63936,13.2727
1781985600000,63935.99,63981.09,63924.18,63970,100.4912
1781986500000,63970,63976,63905.15,63907.99,16.83731
1781987400000,63907.99,63918,63853.31,63874.9,41.95
1781988300000,63874.89,63934,63874.89,63925.99,50.72258
1781989200000,63926,64048,63922,63990.49,65.38038
1781990100000,63990.5,63990.9,63924.09,63932.89,46.77799
1781991000000,63932.89,64052,63918.29,64030,74.08607
1781991900000,64030.01,64092.91,63994.05,64012.4,85.76067
1781992800000,64012.39,64162,63978.12,64131.01,85.51377
1781993700000,64131.01,64331.38,64066.16,64296,107.89588
1781994600000,64296,64350,64244,64275.99,114.88015
1781995500000,64275.99,64319.55,64250,64272.01,138.14924
1781996400000,64272,64303.38,64250.02,64260.79,115.86514
1781997300000,64260.78,64316.1,64260.58,64276.43,44.61424
1781998200000,64276.43,64330.89,64256.22,64330.88,29.87567
1781999100000,64330.88,64336.91,64280,64298.01,56.73844
1782000000000,64298.01,64302.25,64242.15,64268.11,59.01723
1782000900000,64268.1,64307.14,64237.31,64270.71,56.22539
1782001800000,64270.72,64322.91,64248,64286,176.86411
1782002700000,64286,64318,64251.92,64294,133.08408
1782003600000,64294,64317.32,64246.81,64250.31,91.52963
1782004500000,64250.31,64259.28,64234.05,64241.85,72.30006
1782005400000,64241.86,64291.96,64206.17,64253.48,266.46944
1782006300000,64253.48,64323.68,64248,64248,55.77018
1782007200000,64248,64263.38,64226.69,64263.37,55.95994
1782008100000,64263.37,64263.38,64222.83,64230.43,29.16716
1782009000000,64230.43,64265.19,64216.05,64237.78,90.76739
1782009900000,64237.78,64275.12,64237.77,64241.25,54.16881
1782010800000,64241.26,64299.77,64234,64299.77,65.72116
1782011700000,64299.77,64472.99,64284.98,64357.34,123.55328
1782012600000,64357.34,64462,64306,64452.01,120.12889
1782013500000,64452,64460.01,64409.85,64426,99.8183
1782014400000,64426,64432,64382.93,64405.7,68.93052
1782015300000,64405.7,64570,64405.69,64530,136.71261
1782016200000,64530.01,64588,64488,64488.01,69.47125
1782017100000,64488.01,64488.01,64269.45,64276.12,104.2762
1782018000000,64276.12,64305.57,64238,64238.01,48.55278
1782018900000,64238.01,64302,64225.6,64302,39.35817
1782019800000,64302,64365.43,64293,64306.38,31.76248
1782020700000,64306.38,64306.38,64234.01,64256.55,46.87704
1782021600000,64256.56,64259.54,64200,64216.01,31.9028
1782022500000,64216,64300,64214,64287.47,48.90598
1782023400000,64287.47,64323.99,64263.54,64314.01,21.0391
1782024300000,64314.01,64320.34,64294,64303.46,40.71113
1782025200000,64303.47,64303.47,64252.47,64258,35.126
1782026100000,64258,64274.01,64176.59,64179.46,115.36627
1782027000000,64179.45,64249.99,64173.08,64249.99,69.72682
1782027900000,64250,64259.67,64179.22,64191.07,82.75998
1782028800000,64191.06,64228,64116.79,64120.6,79.89529
1782029700000,64120.61,64121.22,64053.18,64053.18,72.49597
1782030600000,64053.19,64067.62,63900.17,63982.73,77.98733
1782031500000,63982.74,64014,63923,64014,97.69378
1782032400000,64014,64023.13,63961.68,63976,63.05661
1782033300000,63976.01,64088.64,63961.28,64050,32.50502
1782034200000,64050.01,64246,64050,64135.99,69.42508
1782035100000,64136,64230,64120,64209.16,56.05151
1782036000000,64209.16,64291.14,64204,64282.01,54.90103
1782036900000,64282,64382,64251.99,64310,63.044
1782037800000,64310,64383.99,64302,64349.98,69.6104
1782038700000,64349.99,64408,64322.52,64365.99,98.67545
1782039600000,64366,64483.95,64337.07,64422,113.47577
1782040500000,64422,64422,64120,64384.74,100.68734
1782041400000,64384.75,64406.7,64233.16,64293.65,107.11164
1782042300000,64293.65,64293.65,64112.01,64176,117.00313
1782043200000,64176,64235.13,64061.44,64077.99,47.01992
1782044100000,64077.99,64106,63994,64021.55,101.77883
1782045000000,64021.55,64085.99,63952,64056.01,128.53451
1782045900000,64056.01,64218,64051.31,64200,81.9928
1782046800000,64200,64200,64112.95,64118.41,49.28393
1782047700000,64118.42,64180,64118.42,64164,34.30421
1782048600000,64163.99,64169.96,64020.01,64048,46.14326
1782049500000,64048.01,64146,64042.34,64146,31.92062
1782050400000,64146,64154,64066,64075.99,33.66704
1782051300000,64076,64090,64011.19,64034,56.39822
1782052200000,64033.99,64083.85,64004,64056.04,60.30712
1782053100000,64056.05,64152,64008.9,64145.97,38.95664
1782054000000,64145.97,64300,64120,64206.82,89.41312
1782054900000,64206.82,64274,64190,64260.97,51.46492
1782055800000,64260.97,64355.88,64194,64300,183.8487
1782056700000,64299.99,64315.12,64224,64224,66.06548
1782057600000,64224,64251.46,64113.77,64141.99,58.8147
1782058500000,64142,64254.38,64122.51,64186.06,60.69036
1782059400000,64186.07,64194.76,64046,64108.03,76.4511
1782060300000,64108.03,64210,64108,64145.31,40.83518
1782061200000,64145.32,64221.44,64116,64210.16,45.54359
1782062100000,64210.17,64210.17,64104.59,64104.6,37.49854
1782063000000,64104.6,64130,64080,64128.55,53.53243
1782063900000,64128.55,64192.96,64128.55,64151.46,68.46693
1782064800000,64151.47,64157.89,63933.47,64010,75.20625
1782065700000,64009.99,64060,64002,64042,27.83427
1782066600000,64042,64240,64038.37,64186.01,91.15027
1782067500000,64186,64213.82,64142.18,64213.81,76.7379
1782068400000,64213.82,64298.84,64168.73,64220.01,38.54837
1782069300000,64220.01,64240,64196.56,64219.38,43.57211
1782070200000,64219.39,64240,64178.05,64212.73,55.19292
1782071100000,64212.74,64231.44,64182.4,64207.12,51.97381
1782072000000,64207.13,64271.21,64137.03,64166,44.85921
1782072900000,64165.99,64168.73,64066.66,64109.66,24.55571
1782073800000,64109.65,64126,63962.65,63975.49,69.60966
1782074700000,63975.49,63978.76,63700,63848,281.70387
1782075600000,63848,63878.57,63526.99,63630.43,224.83298
1782076500000,63630.42,63786.77,63510,63688.58,230.66851
1782077400000,63688.58,63969.59,63688.58,63893.85,212.8849
1782078300000,63893.84,63932,63775.8,63808.01,84.49858
1782079200000,63808,63864,63575.04,63632.97,175.04749
1782080100000,63632.97,63776,63632.97,63726,131.98067
1782081000000,63725.99,63725.99,63586,63674.01,72.03858
1782081900000,63674,63863.52,63666.01,63801.59,58.43367
1782082800000,63801.6,63801.6,63618.1,63706,99.45257
1782083700000,63706,63796.98,63630.3,63636.99,94.27896
1782084600000,63635.63,63660,63302.4,63321.75,292.60322
1782085500000,63321.75,63387.39,63270,63311.99,118.42317
1782086400000,63312,63590,63312,63512.43,167.93069
1782087300000,63512.43,63757.22,63500,63720.01,153.33426
1782088200000,63720.01,64094,63700.01,63915.99,263.95266
1782089100000,63916,64002.39,63734.06,63896.01,124.60987
1782090000000,63896,64053.56,63850.8,63895.42,139.97918
1782090900000,63895.43,64823.52,63895.42,64654.01,535.34518
1782091800000,64654.01,64713.99,64373.51,64516.79,353.48397
1782092700000,64516.79,64696,64486,64606,303.09833
1782093600000,64606,64663.99,64500.3,64552,117.27014
1782094500000,64552,64642.42,64512,64544.01,68.6134
1782095400000,64544,64584,64469.51,64489.99,59.08995
1782096300000,64490,64496,64250,64257.99,125.41283
1782097200000,64258,64262.15,63894.98,64052.01,218.46876
1782098100000,64052.01,64459.44,64052,64281.99,227.36353
1782099000000,64281.99,64440,64166,64177.99,136.94754
1782099900000,64178,64209.44,63919.96,63974.01,213.70744
1782100800000,63974.01,64017.87,63868.41,63970,146.46719
1782101700000,63970,64024.06,63902,63968.88,78.13556
1782102600000,63968.88,64058,63958.54,63958.54,57.43903
1782103500000,63958.55,64116.44,63958.54,64100.02,45.40964
1782104400000,64100.01,64298,64088.64,64288.01,114.08536
1782105300000,64288,64298.07,64206.36,64235.3,261.06177
1782106200000,64235.3,64344.17,64180,64263.89,391.97348
1782107100000,64263.89,64273.01,64190,64247.74,324.51631
1782108000000,64247.74,64326,64150,64224.83,71.9967
1782108900000,64224.83,64233.79,64091.93,64124,66.23363
1782109800000,64123.99,64156,64000.91,64010.29,107.68915
1782110700000,64010.29,64048,63946,63989.95,170.98122
1782111600000,63989.96,64250,63968.23,64212.01,97.52644
1782112500000,64212,64300,64202.5,64262.56,71.94946
1782113400000,64262.57,64397.57,64246.13,64255.81,98.27547
1782114300000,64255.81,64272,64167.78,64211.19,84.65943
1782115200000,64211.2,64313.6,64106.7,64313.6,84.6097
1782116100000,64313.6,64350.58,64188.26,64188.27,97.95492
1782117000000,64188.27,64266,64044,64262.01,80.95466
1782117900000,64262.01,64290,64106,64165.99,104.59578
1782118800000,64166,64256.2,64148,64184.01,51.02301
1782119700000,64184,64200,64094,64116.82,60.70335
1782120600000,64116.82,64186.46,64052.17,64127.89,50.70988
1782121500000,64127.88,64146,64094.3,64145.39,37.62685
1782122400000,64145.4,64272,64130,64214,60.11824
1782123300000,64214.01,64239.03,64142.4,64174.21,52.67731
1782124200000,64174.2,64204,64065.18,64081.11,62.41193
1782125100000,64081.11,64173.63,64081.11,64139.21,64.87872
1782126000000,64139.21,64399,64097.08,64309.46,181.32741
1782126900000,64309.46,64464.46,64226.23,64359.14,327.28442
1782127800000,64359.15,64750,64359.14,64618.02,358.14555
1782128700000,64618.01,64768.46,64568,64657.22,196.85139
1782129600000,64657.22,64910.65,64579.08,64756.01,376.8926
1782130500000,64756,64985,64691.8,64945.83,191.03474
1782131400000,64945.83,65176,64838,65058.65,374.89104
1782132300000,65058.65,65222.45,64987.69,65149.57,213.24151
1782133200000,65149.58,65198.12,65034.76,65146,292.10965
1782134100000,65146,65156,64945.53,64994,196.61169
1782135000000,64994,65452.01,64976.21,65410,447.338
1782135900000,65410,65589.76,65372,65578,432.58547
1782136800000,65577.99,65622.83,65283.81,65295.46,291.97798
1782137700000,65295.46,65301.98,64970.02,64970.02,312.26524
1782138600000,64970.03,65070.47,64857.87,64908.01,310.67788
1782139500000,64908.01,65045.24,64835,64980.39,181.36662
1782140400000,64980.39,65146,64916,65084.71,133.3729
1782141300000,65084.72,65108,64930.81,65045.99,183.49633
1782142200000,65046,65125.66,65016.7,65064.19,121.58984
1782143100000,65064.2,65079.85,64757.11,64836.95,154.67091
1782144000000,64836.95,64862,64659.24,64730,193.63647
1782144900000,64730.01,64790,64638,64688.7,126.55869
1782145800000,64688.7,64695.04,64547.2,64581.99,152.10647
1782146700000,64581.99,64805.07,64519,64719.77,208.13741
1782147600000,64719.77,64769.98,64628.2,64674.66,100.79144
1782148500000,64674.65,64698,64529.52,64529.52,113.93538
1782149400000,64529.52,64529.52,64388.16,64426.81,208.52144
1782150300000,64426.82,64648,64426.82,64602,100.49618
1782151200000,64602,64730.15,64602,64673.82,95.22329
1782152100000,64673.83,64722,64569.88,64596,140.1758
1782153000000,64596,64619.99,64498.2,64515.52,127.80693
1782153900000,64515.51,64520,64311,64334.01,185.58107
1782154800000,64334.01,64421.67,64308,64416.01,137.40188
1782155700000,64416,64430.98,64286,64347.76,195.9242
1782156600000,64347.76,64450,64346,64400.92,85.64887
1782157500000,64400.93,64499.28,64276,64472,160.95016
1782158400000,64472.51,64659.43,64470.02,64524,204.24237
1782159300000,64524.01,64546,64356.95,64410.44,88.42223
1782160200000,64410.44,64505.43,64409.1,64484.55,81.67554
1782161100000,64484.54,64484.54,64398,64433.8,25.17924
1782162000000,64433.8,64480,64346.95,64402,46.41854
1782162900000,64402,64402,64252,64296.97,68.17726
1782163800000,64296.98,64336.48,64134.39,64182.85,91.93502
1782164700000,64182.85,64320.58,64176,64320.57,56.90338
1782165600000,64320.57,64396.45,64270.09,64310.03,50.81994
1782166500000,64310.03,64310.7,63906.88,64029.99,186.72928
1782167400000,64030,64136,63804.59,63838.5,170.0791
1782168300000,63838.5,63997.83,63832,63971.12,102.44815
1782169200000,63971.13,64034.51,63905.33,63941.23,176.1077
1782170100000,63941.24,64053.33,63877.61,64042.37,179.09097
1782171000000,64042.37,64042.38,63955.3,63986,40.58503
1782171900000,63985.99,64053.32,63955.02,64020.01,38.39599
1782172800000,64020.01,64034.67,63894.61,63963.01,219.24179
1782173700000,63963,64001.23,63828.93,63855.94,138.62585
1782174600000,63855.94,64119.86,63855.94,64111,111.29025
1782175500000,64111,64162.02,64052.6,64154.99,210.04249
1782176400000,64154.99,64273.09,64136.01,64217.12,234.34541
1782177300000,64217.13,64265.43,64148,64209.73,67.10134
1782178200000,64209.73,64242.4,64004,64053.1,101.22353
1782179100000,64053.11,64178,63893.33,64156,137.5107
1782180000000,64156,64183.33,64042.01,64118.51,84.97438
1782180900000,64118.51,64225.35,64118.5,64173.99,42.82962
1782181800000,64174,64248.23,64160.4,64205.19,54.86841
1782182700000,64205.19,64275.38,64164,64204.01,137.08179
1782183600000,64204.01,64204.01,63968.43,64017.99,109.56879
1782184500000,64017.99,64095.55,64016,64095.54,51.40924
1782185400000,64095.55,64095.55,63968.42,63997.99,43.38192
1782186300000,63997.99,64079.99,63996,64065.35,32.4029
1782187200000,64065.34,64095.55,64014.68,64050.26,44.94406
1782188100000,64050.27,64052,63906.52,63974.95,102.26264
1782189000000,63974.95,63974.96,63810,63816.01,107.55346
1782189900000,63816.01,63859.99,63612.62,63623.02,153.36974
1782190800000,63623.03,63728,63612.62,63617.91,87.79874
1782191700000,63617.91,63676.92,63400,63482.29,311.44704
1782192600000,63482.29,63537.22,63385,63445.66,139.48758
1782193500000,63445.65,63453.92,63342.34,63400,312.2608
1782194400000,63400,63400,63111.49,63207.16,363.01583
1782195300000,63207.17,63282.5,62568.9,62768.8,831.9433
1782196200000,62768.81,62991.46,62693,62946.03,308.97963
1782197100000,62946.02,63048,62915,62936.01,116.71816
1782198000000,62936.01,63056,62888,63036.01,135.33552
1782198900000,63036,63095,62984,62997.36,275.60602
1782199800000,62997.36,63040.28,62872.01,62896.28,329.89402
1782200700000,62896.29,62995.9,62872,62886.03,334.12825
1782201600000,62886.04,62945.08,62639.61,62664,270.20068
1782202500000,62664,62680.22,61938,62044,1452.56803
1782203400000,62044.01,62501.78,62027.62,62391.44,2310.49805
1782204300000,62391.43,62480.01,62315.92,62385.99,955.63831
1782205200000,62386,62473.82,62358,62437.5,174.04736
1782206100000,62437.87,62528.13,62437.87,62520.01,137.4109
1782207000000,62520,62520.01,62350.44,62372.01,233.31121
1782207900000,62372.01,62422,62356.57,62386,68.46467
1782208800000,62386,62586,62385.99,62464,103.71297
1782209700000,62464,62468.66,62333.24,62372.95,83.65554
1782210600000,62372.95,62388.7,62247.2,62270.64,99.17535
1782211500000,62270.63,62358.47,62253.99,62328.01,100.92767
1782212400000,62328.01,62422,62328,62394.79,95.96919
1782213300000,62394.79,62587.27,62394.5,62552.11,94.99681
1782214200000,62552.11,62643.99,62547.25,62571.98,130.06919
1782215100000,62571.98,62603.98,62430.7,62507.06,135.76666
1782216000000,62507.05,62558,62396.9,62431.99,212.86557
1782216900000,62431.99,62454,62342,62408,197.67779
1782217800000,62407.99,62478.81,62295.21,62335.03,209.04376
1782218700000,62335.03,62335.55,62189.42,62256.6,254.35789
1782219600000,62256.61,62290.07,62069.28,62183.99,277.88525
1782220500000,62183.99,62184,62020.42,62050.01,190.72008
1782221400000,62050.01,62451.75,61960,62400,520.42162
1782222300000,62400,62538.72,62272,62475.99,305.06692
1782223200000,62476,62744.01,62434.01,62732.42,292.76554
1782224100000,62732.42,62855.98,62461,62575.99,499.62121
1782225000000,62576,62782,62461,62513.99,264.33268
1782225900000,62514,62612,62406.25,62493.63,245.55723
1782226800000,62493.63,62507.99,62315.44,62381.99,190.92763
1782227700000,62381.99,62382,62198,62277.09,214.65239
1782228600000,62277.08,62496,62277.08,62300,114.05585
1782229500000,62300.01,62487.79,62210.01,62487.79,110.52848
1782230400000,62487.79,62846,62428.01,62787.26,407.14785
1782231300000,62787.25,62826.47,62571.2,62586.01,145.8277
1782232200000,62586.01,62655,62576.33,62622.01,80.55379
1782233100000,62622.01,62636,62491.19,62558,94.69803
1782234000000,62558,62558,62395.21,62435.96,135.41887
1782234900000,62435.97,62666.12,62430,62642.43,166.02391
1782235800000,62642.42,62693.48,62503.12,62527.71,113.2801
1782236700000,62527.72,62554,62327.95,62358.02,118.55746
1782237600000,62358.03,62445.21,62274,62372,143.41933
1782238500000,62372,62408,62323.19,62350.01,92.60882
1782239400000,62350,62350,62140.4,62148.25,140.55279
1782240300000,62148.24,62266,62104.7,62241.99,116.21744
1782241200000,62242,62428,62230,62371.56,220.4167
1782242100000,62371.55,62442,62255.17,62442,157.11355
1782243000000,62442,62480,62287.79,62297.54,159.54694
1782243900000,62297.54,62423.75,62263.32,62388.49,170.38013
1782244800000,62388.49,62531.27,62388.48,62438.64,94.61881
1782245700000,62438.65,62515.12,62410.71,62494.31,108.43732
1782246600000,62494.3,62494.3,62456,62476.85,85.12239
1782247500000,62476.86,62477.1,62380.25,62470.7,84.84577
1782248400000,62470.7,62612.79,62470.7,62515.17,108.29763
1782249300000,62515.17,62578.38,62475.53,62572.65,84.48822
1782250200000,62572.64,62634,62557.24,62624.01,99.16222
1782251100000,62624,62658.93,62582,62599.77,75.8122
1782252000000,62599.77,62778,62588.54,62746.01,151.33043
1782252900000,62746.01,62779.82,62563.02,62614,122.18195
1782253800000,62614.01,62628.74,62536.83,62551.38,77.09895
1782254700000,62551.38,62620,62526,62590,80.31435
1782255600000,62590,62615.72,62480.39,62522,119.4508
1782256500000,62522.01,62688,62522,62667.47,87.91222
1782257400000,62667.48,62679.71,62594.55,62620.35,54.59354
1782258300000,62620.35,62799.99,62616,62734.57,50.02703
1782259200000,62734.57,62927.45,62733.29,62899,215.41242
1782260100000,62899.01,62927.06,62820,62849.99,215.57365
1782261000000,62850,63024.4,62800.39,62958.7,309.38848
1782261900000,62958.69,63022,62904.71,63014,58.81023
1782262800000,63014,63024.42,62856,62982,301.12714
1782263700000,62982.01,62982.01,62772.15,62910,88.51501
1782264600000,62910,63119.45,62910,62943.99,163.57957
1782265500000,62944,63027.11,62925.88,62932.19,45.84755
1782266400000,62932.19,63013.12,62816,62877.67,116.5174
1782267300000,62877.67,62877.68,62685.31,62763.58,76.94819
1782268200000,62763.58,62806.61,62606.09,62726.65,163.40812
1782269100000,62726.65,62774.57,62606.21,62630,236.6317
1782270000000,62630.01,62682.02,62569.53,62588.55,314.79733
1782270900000,62588.55,62670,62461.87,62669.87,197.59905
1782271800000,62669.87,62830,62669.86,62797.87,157.44165
1782272700000,62797.87,62827.78,62725.04,62729.78,100.80331
1782273600000,62729.78,62753.91,62635.2,62664.97,178.74113
1782274500000,62664.96,62698,62525.49,62588.27,153.72307
1782275400000,62588.28,62744,62588.27,62655.14,155.08436
1782276300000,62655.14,62799.62,62655.13,62744.42,162.52068
1782277200000,62744.41,62845.21,62706,62788.15,97.37771
1782278100000,62788.15,62886.41,62765.32,62883.65,86.46434
1782279000000,62883.66,63073.44,62861.71,62930.01,147.36285
1782279900000,62930.01,62958.43,62862,62890,34.8224
1782280800000,62889.99,62896,62768.72,62838,47.79918
1782281700000,62838,62909.98,62782.82,62850.72,63.37773
1782282600000,62850.72,62876,62784,62784,56.97081
1782283500000,62784,62795.44,62728.73,62780,51.36318
1782284400000,62780.01,62844,62692.89,62815.01,251.46523
1782285300000,62815,62816.77,62672.86,62673.23,67.07686
1782286200000,62673.23,62729.48,62630.01,62697.99,81.82543
1782287100000,62697.99,62733.23,62610.11,62657.99,189.3884
1782288000000,62658,62704.96,62605.28,62657.99,275.3331
1782288900000,62658,62716.58,62647.23,62706.02,64.03356
1782289800000,62706.02,62797.87,62672.55,62795.99,74.94961
1782290700000,62796,62807.46,62748,62800,60.99134
1782291600000,62800,62800.01,62680.17,62771.57,184.56978
1782292500000,62771.57,62776,62678.37,62678.37,208.47025
1782293400000,62678.38,62700,62640,62662,60.53116
1782294300000,62662.01,62717.96,62637.08,62681.7,40.14524
1782295200000,62681.7,62681.7,62562.02,62612.61,139.4557
1782296100000,62612.62,62636,62480.93,62546.53,155.77284
1782297000000,62546.54,62633.92,62520,62604,108.4414
1782297900000,62604.01,62604.01,62412.05,62445.99,127.04892
1782298800000,62445.99,62478,62318.88,62382,150.55508
1782299700000,62382.01,62422,62320.03,62382.48,120.53958
1782300600000,62382.48,62750.76,62382.48,62743.2,140.68398
1782301500000,62743.21,63239.06,62720,62921.19,403.40817
1782302400000,62921.19,62973.2,62811.34,62843.44,148.46465
1782303300000,62843.44,62903.64,62754.21,62826.01,72.24823
1782304200000,62826.01,62906,62768,62850.01,59.64183
1782305100000,62850.01,62857.99,62585.2,62618.31,236.89875
1782306000000,62618.31,62628.75,61990,62045.87,522.22294
1782306900000,62045.86,62230,61696,61855.71,616.25646
1782307800000,61855.7,62152,61411.25,61501.44,812.96323
1782308700000,61500.7,61647.99,61255.74,61338.01,823.79752
1782309600000,61338,61456,61114.01,61232.27,757.71827
1782310500000,61232.28,61314.2,60888,61231.99,1169.16269
1782311400000,61231.99,61382,61067.16,61160.96,433.74362
1782312300000,61160.96,61254,60954,61113.1,478.77648
1782313200000,61113.1,61120,60837.3,60896.01,423.20994
1782314100000,60896.01,61150.13,60817.5,60873.99,280.92007
1782315000000,60874,60883.37,60526.11,60576.58,613.5621
1782315900000,60576.58,60590.93,60249.82,60250,1920.29944
1782316800000,60250,60556,60219.51,60524.49,1148.35875
1782317700000,60524.5,60678.1,60425,60550,344.46387
1782318600000,60550.01,60564.88,60170,60262,424.93523
1782319500000,60262,60262,59622,59850,2356.63952
1782320400000,59850,60057.18,59720,59839.72,703.55118
1782321300000,59839.71,59877.02,59339,59686.01,1344.7669
1782322200000,59686.01,59754,59293.96,59332.43,805.11901
1782323100000,59332.43,59500,59102.7,59404,936.74351
1782324000000,59404,59626.26,59310.85,59601.99,506.23242
1782324900000,59602,59930,59579.32,59718,501.61643
1782325800000,59718,59758.06,59494,59563.14,324.38676
1782326700000,59563.13,59653.4,59418,59599.99,251.28167
1782327600000,59600,59740.76,59530,59686.87,454.78707
1782328500000,59686.86,59851.54,59598.01,59829.99,272.58281
1782329400000,59829.99,59911.16,59736,59787.32,197.45418
1782330300000,59787.32,60000,59748.43,59958.3,270.70309
1782331200000,59958.3,60832.71,59854,60684.01,888.4486
1782332100000,60684,60830.94,60594,60773.99,311.98704
1782333000000,60774,60921.96,60684.73,60884.02,211.47532
1782333900000,60884.01,61208.48,60870,60956,409.48191
1782334800000,60956,61028.69,60665.75,60728,467.76282
1782335700000,60728,60902,60692,60853.99,102.96452
1782336600000,60854,61138.96,60800,61088.01,120.63586
1782337500000,61088,61144.63,61008.01,61110,109.64562
1782338400000,61109.99,61276,60999.1,61000,204.501
1782339300000,61000,61011.65,60882.35,60886,125.04344
1782340200000,60886,60952.17,60802.66,60923.99,122.43628
1782341100000,60924,60924,60820,60873.99,71.6757
1782342000000,60874,60959.52,60830.01,60888,121.89292
1782342900000,60888,61032,60842,60988,115.02072
1782343800000,60987.99,61066,60956,61028.7,74.9466
1782344700000,61028.71,61112,60944,61077.99,104.16459
1782345600000,61078,61163.16,61034.03,61097.95,122.22789
1782346500000,61097.95,61107.24,60920.94,60920.95,93.64732
1782347400000,60920.95,60987.88,60842,60842.01,141.42363
1782348300000,60842,60920,60726.77,60832,409.32261
1782349200000,60832,60881.86,60732.2,60773.08,191.76298
1782350100000,60773.08,60935.99,60720.23,60862.01,77.15714
1782351000000,60862.01,60907.6,60810.97,60826.83,63.57556
1782351900000,60826.83,60988,60800,60928,283.34808
1782352800000,60928,60966,60724,60782,165.95495
1782353700000,60782,60943.55,60746.62,60936,75.37744
1782354600000,60936,60939.26,60757.82,60766.32,118.5306
1782355500000,60766.32,60824.49,60700.01,60799.08,220.16813
1782356400000,60799.08,60872,60724,60760.8,146.28481
1782357300000,60760.81,60841.3,60684.94,60798.07,122.09386
1782358200000,60798.06,60847.91,60746.01,60747.38,140.74097
1782359100000,60747.38,60910.63,60747.37,60883.65,70.35069
1782360000000,60883.66,60906,60820,60820.01,85.93103
1782360900000,60820.01,60920,60792,60901.2,80.85325
1782361800000,60901.2,60973.88,60808.33,60973.67,91.7241
1782362700000,60973.66,61410,60973.66,61357.63,277.53089
1782363600000,61357.63,61747,61280,61647.6,600.21345
1782364500000,61647.6,61807.04,61483.82,61614,301.04601
1782365400000,61613.99,61658.98,61530,61536.01,193.17911
1782366300000,61536.01,61683.77,61522,61600.01,128.96733
1782367200000,61600.02,61771.23,61600.01,61715.82,138.00744
1782368100000,61715.82,61800.33,61646,61676.3,95.31
1782369000000,61676.29,61764.59,61660.11,61764.59,150.3579
1782369900000,61764.58,61869.02,61720,61732.06,155.61236
1782370800000,61732.06,61832,61670,61758,309.6431
1782371700000,61758,61892.13,61756.76,61807.88,288.00115
1782372600000,61807.88,61962.4,61807.88,61916.25,209.82356
1782373500000,61916.25,61944.54,61807.87,61911.04,130.24558
1782374400000,61911.03,61920,61760,61799.5,91.36631
1782375300000,61799.5,61799.51,61710.5,61779.61,65.54223
1782376200000,61779.61,61779.61,61714,61757.19,84.47196
1782377100000,61757.18,61804.45,61684.87,61712.35,96.05728
1782378000000,61712.36,61792,61680.92,61740.82,85.13651
1782378900000,61740.82,61766.34,61614.32,61696.01,101.0307
1782379800000,61696,61772.87,61688.73,61753.01,72.97559
1782380700000,61753.01,61780.46,61706,61739.29,68.34292
1782381600000,61739.29,61751.07,61658,61688.01,45.00096
1782382500000,61688.01,61751.07,61572.24,61574.89,142.13829
1782383400000,61574.89,61593.01,61388.96,61393.82,272.32919
1782384300000,61393.82,61400,61257.79,61269.94,226.80051
1782385200000,61269.95,61362,61066,61358.01,193.02159
1782386100000,61358.01,61422.52,61242,61242,153.49706
1782387000000,61242.01,61390,61242.01,61318,120.96941
1782387900000,61318,61318,61152.36,61282.01,138.46797
1782388800000,61282,61372,61147.51,61221.6,115.57928
1782389700000,61221.59,61269.27,61080,61098.29,151.86655
1782390600000,61098.29,61761.35,61098.29,61382.34,639.77599
1782391500000,61382.33,61413.51,61156,61244.01,217.77777
1782392400000,61244.01,61362,61172.54,61326.01,175.70615
1782393300000,61326,61369.18,61192,61240.01,150.74119
1782394200000,61240.01,61343.9,60072.01,60077.99,1247.68604
1782395100000,60078,60250,58115.01,58290.17,4821.87175
1782396000000,58291.7,59750,58291.7,59268.19,2537.11441
1782396900000,59268.19,59568.22,58797.2,59329.16,1185.7154
1782397800000,59329.16,60485.51,59179.06,59489.48,1740.07754
1782398700000,59489.48,59787.99,59345.43,59471.5,539.36716
1782399600000,59471.49,59480,59049.64,59057.87,668.41128
1782400500000,59057.86,59385.17,58874.85,59261.99,897.91408
1782401400000,59262,59550,59077,59198.01,493.6846
1782402300000,59198.01,59655.86,59176,59557.99,396.00377
1782403200000,59557.99,60067,59468,59762,762.80808
1782404100000,59762.01,59842.23,59682,59742.98,277.97579
1782405000000,59742.99,59742.99,59241.98,59265.99,358.99805
1782405900000,59266,59389.08,59157.63,59312.64,365.32727
1782406800000,59312.64,59464,59139.96,59399.77,293.76464
1782407700000,59399.77,59602,59342.4,59556.01,267.29296
1782408600000,59556,59740.9,59496.49,59535.81,239.74113
1782409500000,59535.81,59684,59443.8,59676.01,262.07761
1782410400000,59676,59793.34,59400,59400.01,315.34678
1782411300000,59400.01,59749.99,59398.01,59718.02,277.36995
1782412200000,59718.01,59718.02,59382.43,59423.88,205.9677
1782413100000,59423.88,59594.77,59364,59512.71,180.06658
1782414000000,59512.71,59516,59227.15,59242.01,240.53845
1782414900000,59242.01,59359.19,59168.82,59348.05,275.50858
1782415800000,59348.04,59434.05,59289.61,59301.99,214.87059
1782416700000,59301.99,59365.84,59188.25,59320,186.37131
1782417600000,59319.99,59741.95,59319.99,59580,239.20727
1782418500000,59580,59730,59553.39,59628,99.49196
1782419400000,59628,59660,59414.04,59522.01,108.15795
1782420300000,59522.01,59522.01,59344,59456.62,92.5438
1782421200000,59456.62,59622.09,59452.01,59622.09,111.97121
1782422100000,59622.09,59711.99,59557.6,59711.99,91.66054
1782423000000,59712,60005,59700.01,59958.01,198.95353
1782423900000,59958,60273.81,59898,60211.87,214.63746
1782424800000,60211.86,60211.86,59879.66,59887.06,174.58293
1782425700000,59887.05,60012,59794,59794.01,95.74875
1782426600000,59794.01,59874.02,59750,59794,75.64434
1782427500000,59793.99,59921.71,59740,59851.27,85.63374
1782428400000,59851.27,59967.44,59796.02,59946,72.10612
1782429300000,59946,60170.17,59926,60104.51,222.09557
1782430200000,60104.51,60191.55,59965.99,59986,90.07977
1782431100000,59986,59986.01,59739.99,59794,74.61217
1782432000000,59794.64,59906.71,59771.13,59884.01,192.32459
1782432900000,59884,59884,59679.63,59771.99,217.56002
1782433800000,59771.99,59871.99,59704,59789.8,109.91069
1782434700000,59789.79,59818,59642.77,59667.09,355.81997
1782435600000,59667.09,59789.07,59450,59595.99,261.17661
1782436500000,59596,59664,59300.09,59300.09,239.24443
1782437400000,59300.1,59379.34,59228,59313.93,202.73273
1782438300000,59313.92,59439.31,59271.18,59431.5,130.55916
1782439200000,59431.49,59456,58608.2,58678,767.40607
1782440100000,58678,58892.21,58358.77,58882.01,959.88104
1782441000000,58882.01,59012.48,58690.69,58817.88,546.39283
1782441900000,58817.88,58828.48,58435.32,58561.99,360.00356
1782442800000,58562,58970,58337,58898.01,470.8781
1782443700000,58898,59186.53,58804,59100.36,257.97616
1782444600000,59100.37,59539.49,59014.9,59494.16,420.2586
1782445500000,59494.16,60131.37,59484.21,60036.01,736.95949
1782446400000,60036,60091.99,59836.17,59914.73,347.18572
1782447300000,59914.73,60238.77,59891.49,59994.01,248.9507
1782448200000,59994,60020.31,59891.78,59973.73,138.99965
1782449100000,59973.73,59979.35,59836.77,59920.47,108.84233
1782450000000,59920.47,59976,59838.01,59976,200.19302
1782450900000,59976,60040,59736,59958,218.44645
1782451800000,59958.01,60047.68,59847.05,59881.74,136.41831
1782452700000,59881.74,59973.6,59780.04,59953.3,328.07871
1782453600000,59953.3,59953.31,59702,59719.27,622.79632
1782454500000,59719.27,60093.38,59715.76,60045.49,313.95605
1782455400000,60045.48,60414,59954.31,60390.93,321.80887
1782456300000,60390.92,60459.55,60240,60324,246.41803
1782457200000,60324,60546,60283.08,60514.88,183.12083
1782458100000,60514.89,60713.26,60470,60590.01,286.76485
1782459000000,60590.01,60759.99,60559.57,60594.01,798.7045
1782459900000,60594,60642.92,60500,60532,884.48061
1782460800000,60532,60580,60233.31,60276.04,292.08296
1782461700000,60276.17,60375.47,60191.04,60314.5,207.15626
1782462600000,60314.51,60348.98,60153.75,60214,165.94764
1782463500000,60214,60280,60150.56,60245.67,138.66778
1782464400000,60245.9,60259.37,60080.18,60175.68,118.5071
1782465300000,60175.68,60179.36,60084.01,60134,142.29569
1782466200000,60133.99,60133.99,59957.04,60003.51,212.53875
1782467100000,60003.51,60024.43,59583.33,59736.01,358.88048
1782468000000,59736.01,59825.09,59656,59752,252.58312
1782468900000,59752.01,59858.93,59718.78,59723.7,237.13806
1782469800000,59723.7,59809,59459.83,59558.01,210.63817
1782470700000,59558.01,59566,59239.78,59313.26,350.61506
1782471600000,59313.26,59588,59259.78,59486,382.26928
1782472500000,59486,59500,59368.85,59419.01,136.62719
1782473400000,59419.02,59532,59390.12,59452.58,174.80058
1782474300000,59452.58,59453.07,59275.41,59413.24,354.63585
1782475200000,59413.24,59517.52,59343.44,59455.39,409.13623
1782476100000,59455.4,59726,59453.39,59726,354.8596
1782477000000,59725.99,60007.91,58969.9,59145.33,499.05607
1782477900000,59145.33,59600,59072.73,59185.02,447.30191
1782478800000,59185.02,59279.84,58947.16,59093.9,361.84089
1782479700000,59093.9,59174.84,58500.1,58914.35,1118.33001
1782480600000,58914.35,59508.2,58842,59480.49,648.79123
1782481500000,59480.48,60216.14,59328.79,60175.43,601.37666
1782482400000,60175.42,60294,59815.34,59989.99,555.75868
1782483300000,59989.99,60253.04,59821.24,60059.34,416.32035
1782484200000,60059.35,60080.36,59556,59600,456.95276
1782485100000,59600,59906,59390,59590.73,316.24688
1782486000000,59590.73,60100,59584.01,59834.01,309.23207
1782486900000,59834,60376,59786,60185.99,418.57807
1782487800000,60185.98,60500,60129.99,60424.13,458.18767
1782488700000,60424.13,60438,60144.82,60328.32,396.87307
1782489600000,60328.18,60583,60147.36,60178,418.74818
1782490500000,60178,60278,59970,60042.99,264.48641
1782491400000,60042.99,60387.99,60042.99,60066.13,292.90203
1782492300000,60066.12,60181.68,60014,60041.75,152.33255
1782493200000,60041.76,60287.9,60011.04,60211.99,166.24192
1782494100000,60211.99,60254.2,60036.79,60178.01,138.9132
1782495000000,60178,60216,59952,60065.5,121.85771
1782495900000,60065.5,60108,59960,60023.97,119.62239
1782496800000,60023.96,60158,60021.17,60083.99,80.03382
1782497700000,60084,60110,59812,59829.12,150.10525
1782498600000,59829.12,59881.93,59744.38,59778,104.39557
1782499500000,59778.01,59778.01,59556,59668.01,169.67677
1782500400000,59668.01,60098,59617.37,60019.17,230.21172
1782501300000,60019.16,60019.17,59884,59937.95,118.58294
1782502200000,59937.95,60092,59884,59884,161.23722
1782503100000,59884.01,59936.5,59726,59751.97,198.44565
1782504000000,59751.96,59994,59689.57,59730,198.33802
1782504900000,59730,59814,59701.34,59784.01,66.25426
1782505800000,59784.01,59784.01,59571.31,59657.99,111.09513
1782506700000,59657.98,59796,59644,59718,78.37186
1782507600000,59717.99,59768,59678,59765.11,36.67386
1782508500000,59765.11,59882.2,59690,59874,66.89933
1782509400000,59874,60050,59864,60023.99,95.40563
1782510300000,60023.99,60048,59918.7,59918.7,88.92154
1782511200000,59918.7,59951.52,59754,59915.35,69.60306
1782512100000,59915.34,59985.15,59894,59894,132.12433
1782513000000,59894.01,59985.18,59865.19,59969.66,76.70066
1782513900000,59969.66,60080,59918,60048,57.49249
1782514800000,60048,60117.64,60014.83,60091.45,103.21493
1782515700000,60091.45,60091.45,59979.96,59979.97,59.82545
1782516600000,59979.96,60084.93,59923.27,60068.01,65.22052
1782517500000,60068,60116,60060,60097.27,91.14771
1782518400000,60097.27,60197,60068,60114,107.58106
1782519300000,60114,60124,60036,60050.63,56.2924
1782520200000,60050.64,60050.64,59876.22,59977.99,132.21858
1782521100000,59978,60071.94,59952.18,60059.07,64.68681
1782522000000,60059.09,60068,59960,59964.68,61.0919
1782522900000,59964.68,60013.8,59940,59995.99,50.71982
1782523800000,59996,60000,59936.07,59968.01,84.78897
1782524700000,59968,59996.1,59937.08,59945.53,48.75045
1782525600000,59945.53,60120.42,59921.68,60113.99,103.28479
1782526500000,60114,60377.47,60078.82,60297.23,220.97819
1782527400000,60297.22,60322.58,60200,60284.06,182.99361
1782528300000,60284.07,60378.23,60266,60290.01,188.13027
1782529200000,60290.01,60412,60159.91,60170,105.1383
1782530100000,60170,60345.35,60169.99,60310.21,69.3541
1782531000000,60310.21,60395.7,60286,60306.01,176.86305
1782531900000,60306,60360.43,60258.56,60305.73,87.2558
1782532800000,60305.73,60452,60305.73,60407.55,126.77155
1782533700000,60407.55,60482,60380.01,60396.22,91.99776
1782534600000,60396.22,60444,60355.8,60374.01,36.40322
1782535500000,60374.02,60374.02,60217.26,60239.99,48.13201
1782536400000,60240,60311,60200,60309.99,54.82935
1782537300000,60309.99,60309.99,60164,60164.01,52.60361
1782538200000,60164.01,60236.33,60136,60236.01,194.18213
1782539100000,60236,60268,60227.49,60236.76,143.30421
1782540000000,60236.75,60236.76,60114.34,60147.99,77.78819
1782540900000,60147.99,60230,60093.33,60203,191.97955
1782541800000,60203,60437.89,60202.99,60408,168.8955
1782542700000,60407.99,60500,60350.9,60370.62,143.15467
1782543600000,60370.63,60392.88,60300,60321.98,44.41712
1782544500000,60321.99,60444.82,60316.08,60429.99,51.52872
1782545400000,60430,60467,60388,60442.8,532.7691
1782546300000,60442.79,60574,60442.79,60548.07,196.97159
1782547200000,60548.06,60548.74,60452,60480.01,209.74301
1782548100000,60480.01,60526.62,60446.73,60446.76,69.14932
1782549000000,60446.75,60459.79,60371.62,60373.21,113.04482
1782549900000,60373.21,60520,60373.2,60456,78.62067
1782550800000,60456,60511.99,60348.8,60367.17,60.1386
1782551700000,60367.17,60370,60289.55,60368.25,56.73593
1782552600000,60368.24,60444.32,60368.24,60394.18,32.78713
1782553500000,60394.18,60445.37,60388.99,60414.62,158.30375
1782554400000,60414.62,60472,60402.51,60472,37.91727
1782555300000,60471.99,60487.31,60445.33,60457.69,26.19318
1782556200000,60457.68,60457.69,60410,60428.52,43.28262
1782557100000,60428.53,60428.53,60380,60420.28,30.45803
1782558000000,60420.28,60447.8,60368,60401.59,66.46873
1782558900000,60401.58,60401.59,60237.1,60263.27,65.46125
1782559800000,60263.27,60301.99,60198.94,60267.45,80.46681
1782560700000,60267.44,60416.65,60267.44,60363.65,62.99653
1782561600000,60363.65,60363.66,60257.03,60291.87,114.44566
1782562500000,60291.87,60348,60291.86,60345.97,85.44246
1782563400000,60345.98,60387.09,60310,60329.27,57.04183
1782564300000,60329.27,60430.01,60310,60430,92.11575
1782565200000,60430,60479.98,60394,60438,168.23665
1782566100000,60438,60490,60399.49,60468.75,88.23923
1782567000000,60468.76,60665.74,60452,60600.89,131.82422
1782567900000,60600.89,60629.18,60544.34,60588.35,45.83379
1782568800000,60588.35,60728,60510,60670.61,67.34541
1782569700000,60670.6,60670.6,60590.94,60590.95,105.39025
1782570600000,60590.94,60658,60526.48,60640.01,73.94581
1782571500000,60640,60672,60604.68,60611.5,59.96146
1782572400000,60611.49,60908.83,60570,60877.5,265.60782
1782573300000,60877.49,60877.5,60717.08,60811.67,107.14003
1782574200000,60811.67,60941.17,60760.28,60794.01,139.86509
1782575100000,60794.01,60861.35,60749.99,60840.06,93.64
1782576000000,60840.06,60855.03,60738.9,60749.95,85.77738
1782576900000,60749.94,60749.95,60683.37,60716.63,45.84667
1782577800000,60716.63,60793.97,60673.64,60793.97,43.36835
1782578700000,60793.97,60824,60761.76,60807.99,64.7014
1782579600000,60808,60818.76,60413.15,60563.38,307.96617
1782580500000,60563.38,60615.73,60469.15,60578.9,94.80993
1782581400000,60578.89,60655.61,60504.46,60599.29,90.12788
1782582300000,60599.29,60621.1,60524.88,60524.88,55.77498
1782583200000,60524.89,60563.06,60446.25,60522.14,70.07799
1782584100000,60522.14,60560,60460,60516,55.66614
1782585000000,60515.99,60566,60500.08,60562.52,39.96796
1782585900000,60562.51,60576.03,60520,60570.86,63.29425
1782586800000,60570.86,60605.41,60560.59,60599.34,61.31783
1782587700000,60599.35,60599.35,60262,60323.37,161.36675
1782588600000,60323.36,60330.32,60085.88,60200.41,145.59276
1782589500000,60200.41,60243.57,60144.24,60175.95,46.33608
1782590400000,60175.95,60294,60173.07,60258.5,59.21458
1782591300000,60258.5,60306,60256,60277.89,86.23556
1782592200000,60277.88,60281.68,60255.81,60255.82,27.25736
1782593100000,60255.82,60300,60255.82,60300,47.41251
1782594000000,60300,60401.18,60299.99,60391.73,50.92728
1782594900000,60391.73,60454.99,60360.99,60451,94.83889
1782595800000,60451.01,60482.18,60228.81,60249.68,68.00196
1782596700000,60249.69,60295.99,60142,60203.82,66.73469
1782597600000,60203.83,60203.83,60043.36,60120.04,64.26322
1782598500000,60120.05,60170.7,59855.16,60133.99,191.97814
1782599400000,60133.98,60256.56,60128,60177.96,79.82189
1782600300000,60177.96,60241.8,60160,60228.95,41.1116
1782601200000,60228.96,60320,60024,60044.43,111.49264
1782602100000,60044.43,60098,59952,59985.99,86.78098
1782603000000,59985.99,60094,59971.5,60055.01,53.41982
1782603900000,60055,60091.93,60010,60029,242.04603
1782604800000,60029.01,60145.39,60018,60137.3,74.21183
1782605700000,60137.3,60188,60136.02,60166.8,53.57593
1782606600000,60166.8,60176.87,60088.17,60176.87,193.36916
1782607500000,60176.87,60190,60135.03,60146,141.09015
1782608400000,60146,60166.6,59986,60081.99,101.39518
1782609300000,60082,60234.43,60061.59,60204.78,79.81575
1782610200000,60204.78,60269.76,60188.21,60258.88,41.96708
1782611100000,60258.88,60273.38,60206,60222.22,44.38727
1782612000000,60222.21,60296.6,60222.21,60285.62,33.28681
1782612900000,60285.62,60339.99,60054,60111.49,123.73568
1782613800000,60111.49,60154.83,60102,60138.76,103.31634
1782614700000,60138.76,60188.49,60110,60150.45,143.30399
1782615600000,60150.46,60266,60150.45,60263.86,95.82912
1782616500000,60263.86,60274.98,60201.4,60262.57,72.343
1782617400000,60262.57,60275,60187.01,60197.27,28.29507
1782618300000,60197.27,60220.06,60162,60197.04,59.24512
1782619200000,60197.03,60230,60144,60215.64,73.26243
1782620100000,60215.64,60231.83,60198.27,60199.18,40.58988
1782621000000,60199.17,60199.18,60088.04,60174.01,32.94412
1782621900000,60174,60194,60121.06,60133,44.70954
1782622800000,60133.01,60140,59970,60012.77,67.31399
1782623700000,60012.77,60021.64,59753.48,59836.09,162.72923
1782624600000,59836.09,59954.29,59795.99,59918.64,68.52833
1782625500000,59918.64,60015.22,59918.63,59989.17,46.51284
1782626400000,59989.18,60024.25,59842,59842.01,74.55294
1782627300000,59842.01,59956.25,59808,59925.28,61.28916
1782628200000,59925.28,59990,59925.27,59966.87,50.81266
1782629100000,59966.87,60030,59958.48,60002.82,31.29529
1782630000000,60002.82,60186,60000,60140.94,61.15158
1782630900000,60140.94,60143.65,60106,60108.42,19.53947
1782631800000,60108.42,60249.48,60106.77,60222.86,144.4583
1782632700000,60222.87,60259.68,60198.58,60219.99,136.68652
1782633600000,60220,60248,60140.14,60179.54,63.67024
1782634500000,60179.54,60230,60159.99,60224.61,41.03932
1782635400000,60224.61,60545.01,60218,60449.42,340.95576
1782636300000,60449.41,60482,60370,60370,45.94308
1782637200000,60370.01,60462,60290.01,60368.03,107.1765
1782638100000,60368.03,60390,60318,60323.36,37.24875
1782639000000,60323.36,60409.32,60310.26,60378.88,41.59943
1782639900000,60378.88,60394.75,60250.81,60258.84,36.38152
1782640800000,60258.85,60292.48,60172.52,60260.37,50.68833
1782641700000,60260.36,60286,60068,60105.02,48.84589
1782642600000,60105.03,60138,60078,60127.2,42.97501
1782643500000,60127.21,60176,60127.2,60166.71,38.67833
1782644400000,60166.71,60262.39,60100,60125.42,99.63494
1782645300000,60125.41,60363,60123.9,60312.01,46.64508
1782646200000,60312.01,60324.98,60260.28,60302.95,39.13313
1782647100000,60302.95,60374.05,60251.5,60342,39.64063
1782648000000,60341.99,60400,60281.21,60298.55,62.73929
1782648900000,60298.55,60345.99,60190,60338.47,55.64349
1782649800000,60338.46,60457.02,60204,60238.16,59.43164
1782650700000,60238.17,60312,60238.16,60293.51,35.12098
1782651600000,60293.5,60293.51,59963.86,60124.4,121.95827
1782652500000,60124.4,60170,60078,60127.99,68.68604
1782653400000,60127.99,60183.84,60045.32,60123.88,132.5432
1782654300000,60123.89,60129.91,60056,60071.88,46.69453
1782655200000,60071.89,60175.69,60034.63,60175.69,55.62009
1782656100000,60175.69,60250,60104,60155.49,77.34081
1782657000000,60155.49,60195.13,60084,60109.69,109.95889
1782657900000,60109.69,60170.01,60018,60033,75.21627
1782658800000,60033.01,60098,59888,60082.09,143.5989
1782659700000,60081.63,60130,60006,60040.08,44.73721
1782660600000,60040.07,60094,59900,59975.53,146.04811
1782661500000,59975.52,60006,59817.28,59890,132.64822
1782662400000,59890.35,59943.9,59822,59832.46,82.08614
1782663300000,59832.46,59905.98,59671.28,59772.99,164.65367
1782664200000,59772.99,59794.01,59606.73,59622.59,151.05975
1782665100000,59622.59,59740,59582.34,59690.62,169.90413
1782666000000,59690.62,59848,59556,59641.17,194.0278
1782666900000,59641.18,59684.27,59600,59600.01,71.71883
1782667800000,59600.01,59642,59403.77,59532.76,205.3837
1782668700000,59533.81,59631.97,59523.77,59586.01,47.93408
1782669600000,59586,59700,59578,59647.4,56.1706
1782670500000,59647.41,59674,59602,59611.97,42.98434
1782671400000,59611.97,59671.68,59582.08,59601,67.24382
1782672300000,59601,59625.56,59502,59614.46,105.61293
1782673200000,59614.46,59614.46,59462.61,59504.06,44.99326
1782674100000,59504.06,59550,59441.75,59549.99,57.49897
1782675000000,59549.99,59682,59421.8,59442.84,76.91705
1782675900000,59442.84,59500,59270.26,59481.79,122.58633
1782676800000,59481.78,59678,59474.28,59663.35,46.0965
1782677700000,59663.34,59765.9,59651.11,59713.73,87.2848
1782678600000,59713.72,59720.08,59630.01,59670.01,63.48269
1782679500000,59670,59721.33,59650,59660,30.28404
1782680400000,59660,59701.6,59645,59692,94.88371
1782681300000,59691.99,59743.82,59660,59713.4,55.72056
1782682200000,59713.4,59796.66,59660,59660,76.95707
1782683100000,59660.01,59678.66,59333.33,59445.95,304.0985
1782684000000,59445.96,59906,59445.96,59630,236.79461
1782684900000,59630.01,59638.37,59170,59381.12,229.97444
1782685800000,59381.12,59460,59087.47,59109.29,254.70316
1782686700000,59109.3,59216.99,58905,59067.01,262.20401
1782687600000,59067,59370,59011.99,59267.94,116.88564
1782688500000,59267.94,59583.99,59252.23,59546.54,99.80988
1782689400000,59546.54,59848,59530,59730,178.7242
1782690300000,59729.99,59795.99,59577,59577.01,114.67311
1782691200000,59577.01,59694,59270.73,59584,116.73836
1782692100000,59584,59597.99,59192.12,59214.01,101.40774
1782693000000,59214.01,59380.02,59000.01,59380.02,202.38883
1782693900000,59380.01,59700,59177,59667.01,128.78254
1782694800000,59667,59697,59460,59482.12,78.34775
1782695700000,59482.12,59512.72,59232.16,59300.1,88.36628
1782696600000,59300.1,59574,59206,59546.01,100.81705
1782697500000,59546.01,59588,59434,59440.95,379.52279
1782698400000,59440.95,59512.72,58900.01,59023.9,178.49687
1782699300000,59024,59596,58980,59546,238.20323
1782700200000,59545.99,59800,59496.43,59777.51,348.59091
1782701100000,59777.5,59812,59698.44,59757.46,458.57237
1782702000000,59757.47,60186.81,59757.47,60003.71,423.49552
1782702900000,60003.71,60233,59966,60172.68,148.9624
1782703800000,60172.68,60209.35,59878.27,59920.01,115.58661
1782704700000,59920.01,60076.01,59881.45,60049.46,92.84072
1782705600000,60049.45,60053.99,59900,59924,56.17076
1782706500000,59924,60000.01,59846,59955.14,88.74978
1782707400000,59955.13,59963.95,59746,59845.26,118.80867
1782708300000,59845.26,59906,59786,59830,97.73991
1782709200000,59830.01,59861.57,59392.02,59534.01,202.65165
1782710100000,59534.01,59717.93,59534.01,59685.99,61.95188
1782711000000,59685.99,59923.13,59646,59914.62,116.35946
1782711900000,59914.61,60102.8,59904,60102.8,115.79236
1782712800000,60102.8,60222.05,60080.96,60178,218.30811
1782713700000,60178,60346.27,60124.25,60169.84,267.41148
1782714600000,60169.84,60202.06,60068.84,60080.52,135.03175
1782715500000,60080.53,60162,60050.67,60075.49,62.40902
1782716400000,60075.5,60085.01,59936,60084,260.75601
1782717300000,60083.99,60186.94,60026.61,60106.02,66.90377
1782718200000,60106.02,60138,60049.99,60050.01,93.73602
1782719100000,60050.01,60135.92,60026,60026,115.54682
1782720000000,60026.01,60093.99,59896.65,59960,166.40723
1782720900000,59960,60058,59804.01,59831.01,147.7071
1782721800000,59831.01,59912,59745.46,59870,115.0334
1782722700000,59869.99,59940,59840,59840,121.52609
1782723600000,59840.01,59955.13,59800.06,59948,97.07991
1782724500000,59948.01,60104,59778.76,59929.25,370.79008
1782725400000,59929.26,60000,59888,59968.92,149.12424
1782726300000,59968.92,60072,59928,60057,130.0948
1782727200000,60057,60310,60056.99,60232.56,165.04606
1782728100000,60232.57,60311.95,60187.54,60215.78,68.6093
1782729000000,60215.79,60215.79,60075,60130.62,92.51066
1782729900000,60130.62,60156.33,60065.49,60088,115.73617
1782730800000,60088,60094,59944.69,59944.69,145.51654
1782731700000,59944.7,60000,59880,59990.6,75.71001
1782732600000,59990.6,60216,59806.57,59858.79,156.44476
1782733500000,59858.78,59993,59796,59956.05,137.99911
1782734400000,59956.05,60780.57,59595.09,60672,1533.93421
1782735300000,60672.01,60771.18,60416.72,60440.01,390.85436
1782736200000,60440.01,60460,59822.63,59951.68,448.73189
1782737100000,59951.69,60050.43,59789.01,59948.78,226.58708
1782738000000,59948.79,60340,59948.79,60214,283.31153
1782738900000,60213.99,60304,59955.58,59978.01,229.79168
1782739800000,59978,60276.53,59431.76,59460.01,909.49968
1782740700000,59460,59600,59319.9,59580,721.65141
1782741600000,59580,59593.74,59084.86,59090.91,657.09378
1782742500000,59090.9,59560,59011,59510,679.79605
1782743400000,59510,59699.99,59306.4,59320.01,434.5135
1782744300000,59320,59614.46,59253.69,59469.67,227.66913
1782745200000,59469.45,59478.07,59097.58,59258.13,251.20441
1782746100000,59258.14,59495.73,59140,59491.99,232.62319
1782747000000,59492,59875,59492,59831.61,488.63641
1782747900000,59831.61,59960,59762,59824.01,395.59279
1782748800000,59824.01,59931.98,59710.01,59732.01,173.24001
1782749700000,59732.01,59783.99,59584.48,59603.35,139.80825
1782750600000,59603.35,59888,59603.35,59877.94,176.063
1782751500000,59877.93,60030,59826,59892.86,173.92406
1782752400000,59892.87,60483.49,59892,60458.81,566.04087
1782753300000,60458.8,60641.21,60399.47,60544.01,740.53375
1782754200000,60544,60683.84,60392,60620.01,351.63902
1782755100000,60620,60653.99,60404,60413.99,137.54269
1782756000000,60413.99,60520,60328.36,60519.99,159.6759
1782756900000,60520,60520,60229.32,60275.42,138.67222
1782757800000,60275.43,60336,60210.07,60288.3,144.08845
1782758700000,60288.3,60295,60193.87,60295,83.05184
1782759600000,60295,60310.64,60153.35,60200.01,122.24438
1782760500000,60200,60478,60189.97,60460,88.62605
1782761400000,60460,60472.19,60314,60466,95.96939
1782762300000,60466.01,60557.5,60414.26,60433.49,194.1754
1782763200000,60433.5,60553.06,60421.31,60437.99,118.86981
1782764100000,60438,60489.56,60362,60400,77.72
1782765000000,60400,60479,60399.99,60416.7,65.41055
1782765900000,60416.7,60416.7,60295.32,60296,50.86213
1782766800000,60296.01,60415,60261.89,60414,94.45213
1782767700000,60413.99,60414,60306,60349.99,47.93482
1782768600000,60350,60492,60349.99,60464.06,79.09318
1782769500000,60464.05,60585.99,60464.05,60479.72,73.2823
1782770400000,60479.71,60494,60363.18,60450,64.9057
1782771300000,60450,60516,60432.17,60445.01,58.12981
1782772200000,60445.01,60458,60350,60385.24,34.25075
1782773100000,60385.25,60426.64,60352,60352.31,54.47576
1782774000000,60352.31,60379.23,60328.66,60345.99,41.27402
1782774900000,60346,60361.47,60194.01,60232.01,79.23633
1782775800000,60232,60296.56,60219.71,60252,35.7625
1782776700000,60252,60293.22,60218.62,60260.21,95.91273
1782777600000,60260.2,60276.54,60151.04,60202,182.17039
1782778500000,60202,60230,59915,59933,178.4961
1782779400000,59932.99,59935.99,59700,59778.41,251.41636
1782780300000,59778.41,59933.91,59756,59838.01,97.74909
1782781200000,59838.01,59871.63,59771,59828.8,109.63322
1782782100000,59828.8,60044,59814,60038,118.66555
1782783000000,60037.99,60048.98,59794,59838.98,78.15043
1782783900000,59838.98,59941.95,59832,59939.94,34.74615
1782784800000,59939.94,59945.72,59773.96,59796.01,92.50886
1782785700000,59796.01,59992,59755,59975.98,62.06914
1782786600000,59975.98,60026.99,59922,60007.01,203.38519
1782787500000,60007,60042.54,59941.96,59948.24,66.313
1782788400000,59948.24,59980,59860.84,59899.94,93.26201
1782789300000,59899.93,60031.75,59818,59858,96.46725
1782790200000,59858,59858.01,59740.52,59740.53,84.38365
1782791100000,59740.53,59740.53,59600,59627.48,107.7464
1782792000000,59627.47,59627.48,59433.36,59563.46,191.12263
1782792900000,59563.46,59576,59442.99,59550.61,135.90313
1782793800000,59550.61,59700,59541.08,59616,184.30374
1782794700000,59616,59616,59446.73,59492.01,263.5187
1782795600000,59492.01,59531.99,59366.05,59432.99,243.28627
1782796500000,59432.99,59493.87,59375.52,59386.01,95.05439
1782797400000,59386.01,59579.99,59360,59567.5,182.69951
1782798300000,59567.51,59656.89,59554,59652.13,286.88007
1782799200000,59652.13,59674.7,59534.56,59566.15,87.30737
1782800100000,59566.15,59712.88,59513.72,59700.01,420.70445
1782801000000,59700,59711.64,59546.3,59557.99,107.59695
1782801900000,59558,59600.45,59543.37,59592,93.16117
1782802800000,59592,59632,59444,59491.29,190.55019
1782803700000,59491.3,59566.16,59447,59472.87,143.32036
1782804600000,59472.86,59572.06,59459.6,59512.72,227.10702
1782805500000,59512.72,59554.89,59462.75,59524.01,201.42911
1782806400000,59524.01,59551.03,59431.86,59431.87,142.64526
1782807300000,59431.87,59440,59371.56,59409.99,148.66219
1782808200000,59410,59441.95,59210,59274.7,328.80771
1782809100000,59274.7,59388.89,59189,59311.92,259.52557
1782810000000,59311.26,59400.09,59280,59343.74,141.46181
1782810900000,59343.74,59366.88,59266.01,59296,134.81468
1782811800000,59296.01,59388,59252,59360.28,83.209
1782812700000,59360.28,59420,59360.27,59374.96,83.17316
1782813600000,59374.96,59413,59313.47,59370.99,115.53604
1782814500000,59370.98,59420,59338,59371.99,41.87144
1782815400000,59371.98,59372.94,59287.29,59334,63.31987
1782816300000,59334,59400.61,59286.36,59334.01,79.67447
1782817200000,59334.01,59413.27,59322,59388.25,59.78054
1782818100000,59388.26,59396,59196,59223.31,81.52603
1782819000000,59223.31,59275,59123.01,59249.14,188.86585
1782819900000,59249.14,59340,59158.43,59192.7,136.59914
1782820800000,59192.71,59192.71,59000.06,59009.9,384.68801
1782821700000,59009.9,59079.96,58760.16,58865.92,745.66012
1782822600000,58865.92,58897.79,58776.33,58843.5,220.02217
1782823500000,58843.5,58853.55,58403.51,58412,693.02795
1782824400000,58411.99,58658.55,58322.63,58458.1,574.5
1782825300000,58458.11,58600,58454,58517,330.30602
1782826200000,58517,58762,58228.33,58570.01,1020.54739
1782827100000,58570,58802.66,58462.4,58737.18,579.15527
1782828000000,58737.17,59276.6,58655,58995.99,656.63952
1782828900000,58996,59154.27,58894.08,59039.99,379.39768
1782829800000,59040,59100,58586.57,58919.4,404.55648
1782830700000,58919.41,58919.41,58433,58482.81,339.39638
1782831600000,58482.81,58600,58201,58441.99,549.03494
1782832500000,58442,58490,58204,58384.55,446.24043
1782833400000,58384.55,58500.99,58266.01,58444,203.05239
1782834300000,58444.01,58796,58347.37,58381.99,364.82255
1782835200000,58382,58632,58362,58406,217.93793
1782836100000,58406,58470.09,58254.21,58316,303.81267
1782837000000,58316,58480,58241.79,58324.77,401.7362
1782837900000,58324.77,58572,58324.76,58497.65,255.41038
1782838800000,58497.65,58618.65,58384,58404,179.35587
1782839700000,58404,58484.3,58367.22,58387.9,142.57305
1782840600000,58387.9,58458,58334.01,58376.01,179.72169
1782841500000,58376,58431.69,58310.72,58417.99,130.88557
1782842400000,58417.99,58498,58351.56,58472,146.80298
1782843300000,58472,58699.98,58426,58535.99,194.87776
1782844200000,58536,58552.68,58380.42,58456,130.56856
1782845100000,58456,58686.54,58455.99,58680.87,132.82851
1782846000000,58680.86,58723.4,58588,58651.11,190.63651
1782846900000,58651.11,58669.75,58586.01,58669.44,162.58511
1782847800000,58669.44,58807.34,58658,58752,121.62488
1782848700000,58752,58839.16,58698,58818.05,203.795
1782849600000,58818,58874.99,58743.34,58865.99,111.25775
1782850500000,58866,58866,58689.6,58742,125.33358
1782851400000,58742,58742.67,58650,58660,112.46691
1782852300000,58660.01,58793.99,58648.26,58732.01,79.76527
1782853200000,58732,58770,58552.49,58582.89,143.02224
1782854100000,58582.89,58637,58509.99,58596,104.33268
1782855000000,58596,58664,58586,58586.87,74.00157
1782855900000,58586.87,58654,58525.09,58639.99,76.78573
1782856800000,58639.99,58748.17,58639.99,58736.01,84.09992
1782857700000,58736,58806.91,58650,58654.93,76.14965
1782858600000,58654.92,58654.92,58513.8,58600,80.30187
1782859500000,58600,58630,58543.13,58607.99,33.87934
1782860400000,58607.99,58650,58555,58610,50.53212
1782861300000,58610,58659.98,58578.65,58616.01,206.03851
1782862200000,58616,58638.47,58571.44,58612,50.93622
1782863100000,58611.99,58664,58589.37,58624.71,244.14393
1782864000000,58624.71,58750.68,58607.99,58646.01,331.11534
1782864900000,58646.01,58685.04,58310,58394,199.4103
1782865800000,58394,58575.72,58393.99,58484,73.98708
1782866700000,58484,58617.99,58472.01,58576,66.13389
1782867600000,58575.99,58584,57800.19,58169.81,1821.81482
1782868500000,58169.82,58400,58030.82,58352.91,388.29688
1782869400000,58352.91,58998.45,58334.69,58900.39,521.32747
1782870300000,58900.16,59022.81,58720,58770.57,255.68622
1782871200000,58770.58,58865.78,58663.95,58798,132.16104
1782872100000,58798,59031.62,58780,58947.87,183.17867
1782873000000,58948,59159.22,58921.3,59140.14,194.56407
1782873900000,59140.13,59171.63,59008,59085,182.8438
1782874800000,59085,59119.73,58996,58999.23,94.7771
1782875700000,58999.23,59003.23,58885.79,58924,145.51938
1782876600000,58923.99,59148.37,58850,58939.18,135.26448
1782877500000,58939.18,59318,58933.98,59197.13,339.87979
1782878400000,59197.12,59197.13,59062,59113.31,83.38901
1782879300000,59113.32,59274,59100,59274,71.22794
1782880200000,59274,59373.52,59200,59359.9,95.50312
1782881100000,59359.9,59457,59308,59339.99,229.99629
1782882000000,59339.99,59376.48,59251.32,59292.03,202.45749
1782882900000,59292.02,59357.32,59154.02,59174,117.1437
1782883800000,59174,59204.43,59126.42,59188.39,76.91923
1782884700000,59188.4,59203.28,59132.66,59154.33,35.78445
1782885600000,59154.33,59156,58911.11,58952.12,172.33972
1782886500000,58952.12,58974,58692,58791.16,161.9419
1782887400000,58791.16,58834.85,58534.31,58700,324.44022
1782888300000,58699.99,58775.36,58618,58755.8,135.41217
1782889200000,58755.8,58788,58600,58681.02,204.63319
1782890100000,58681.02,58823.9,58638,58740,100.19918
1782891000000,58740.01,58754,58648.15,58689.7,89.50464
1782891900000,58689.7,58804.67,58670,58768.65,85.52151
1782892800000,58768.64,58813.99,58663.34,58700.13,72.17954
1782893700000,58700.12,58723.4,58600,58620.01,89.47649
1782894600000,58620.01,58742,58500,58739.44,130.90475
1782895500000,58739.45,58984,58678.67,58973.99,89.37176
1782896400000,58973.99,59091.99,58896.75,58956,100.80072
1782897300000,58955.99,59005.06,58877.14,58888,132.76672
1782898200000,58888,58945,58825.61,58883.76,72.49077
1782899100000,58883.75,58973.79,58850,58944.55,111.73584
1782900000000,58944.55,58948.47,58754,58757.43,84.10576
1782900900000,58757.42,58798.03,58665.26,58745.21,141.46701
1782901800000,58745.2,58756,58624,58624.01,73.89887
1782902700000,58624.01,58698.99,58624,58659.98,106.23145
1782903600000,58659.97,58742.94,58588,58706.01,107.68917
1782904500000,58706,58755.9,58676,58698.23,96.53503
1782905400000,58698.22,58736,58628,58678,123.22715
1782906300000,58678,58700,58550,58622.03,69.24042
1782907200000,58622.02,58676,58393.46,58443.63,205.98593
1782908100000,58443.63,58592,58443.63,58559.99,141.3573
1782909000000,58559.99,58589.87,58377.02,58398,174.57571
1782909900000,58397.99,58570.01,58326,58538.01,1194.69225
1782910800000,58538,58790.01,58536,58673.28,750.093
1782911700000,58673.28,58904,58662.25,58820.01,255.84505
1782912600000,58820,59075.57,58602,59020.01,533.49804
1782913500000,59020,59508,58944.31,59498.03,782.35938
1782914400000,59498.03,59987.77,59278,59978.01,744.95384
1782915300000,59978,60092,59775.79,59777.99,1604.68847
1782916200000,59778,59813.6,59540,59603.99,943.26751
1782917100000,59603.98,59762,59420.01,59542,433.29928
1782918000000,59541.99,59986,59520.51,59916.47,395.42846
1782918900000,59916.58,60536.55,59844.02,60310.83,1182.84401
1782919800000,60310.82,60380.04,60136.24,60224.92,440.44629
1782920700000,60224.91,60246,60076.59,60147.15,303.34335
1782921600000,60147.15,60225.08,60072.97,60132.01,361.1059
1782922500000,60132,60267.17,59950.01,60144.01,324.23254
1782923400000,60144.01,60172,60024.89,60082,87.3068
1782924300000,60082,60090,59865.75,59920,90.15521
1782925200000,59920,59937.13,59787.35,59902.01,120.69191
1782926100000,59902.01,60205.7,59900.45,60148.29,122.51089
1782927000000,60148.28,60239.84,60087.99,60156.84,154.03873
1782927900000,60156.84,60238.47,60152,60190.6,82.84775
1782928800000,60190.59,60214,60016.4,60078,101.81423
1782929700000,60077.99,60189.71,60048,60140,52.24011
1782930600000,60139.99,60248.26,60082,60221.99,60.56812
1782931500000,60222,60298,60082,60171.16,128.69211
1782932400000,60171.16,60299.98,60163.06,60280.02,93.4592
1782933300000,60280.02,60352.93,60101.17,60155.42,102.89043
1782934200000,60155.42,60276,60151.82,60208.59,101.09374
1782935100000,60208.59,60208.6,60000,60028.67,250.70488
1782936000000,60029.39,60060,59909.87,59997.81,115.55497
1782936900000,59997.81,60025.64,59876,59974,69.46514
1782937800000,59974,60070,59960,60043.44,61.02054
1782938700000,60043.44,60198,60029.85,60126,67.06212
1782939600000,60126,60462.1,60124.89,60447.21,132.49557
1782940500000,60447.21,60600,60332.3,60527.98,304.99103
1782941400000,60527.99,60846.95,60527.98,60808.27,520.16481
1782942300000,60808.26,60846.95,60776,60815.99,195.9247
1782943200000,60815.99,60829.99,60788,60812.15,175.04264
1782944100000,60812.15,61334,60553.19,60555.06,1331.2568
1782945000000,60555.05,60675.38,60450,60490.41,235.44549
1782945900000,60490.41,60506.02,60339,60478.01,135.87106
1782946800000,60478,60478,60232.43,60246.17,151.70916
1782947700000,60246.17,60368,60196.85,60208.14,93.60584
1782948600000,60208.14,60262.5,60034,60158.74,123.11036
1782949500000,60158.74,60164,59984.86,60024,205.20043
1782950400000,60024,60028,59900,59942.99,170.50829
1782951300000,59943,59973.41,59742.06,59780.55,148.48952
1782952200000,59780.55,59788,59588,59624.64,237.03201
1782953100000,59624.65,59847.34,59624.65,59761.73,301.90099
1782954000000,59761.74,59942,59715.8,59927.97,209.01835
1782954900000,59927.96,60023.76,59837.84,60018,140.26019
1782955800000,60018,60324.99,60018,60202,145.16933
1782956700000,60201.99,60318,60087.38,60175.92,139.97297
1782957600000,60175.91,60198,60015.68,60143.99,99.62731
1782958500000,60143.99,60268,60137,60207.98,78.99577
1782959400000,60207.99,60412.46,60184,60407.01,124.46818
1782960300000,60407.01,60495.24,60335.65,60423.1,217.84844
1782961200000,60423.11,60480,60392.83,60478.88,81.82842
1782962100000,60478.87,60721.35,60300.02,60554.65,300.85116
1782963000000,60554.18,60812.46,60484.05,60812.45,183.48833
1782963900000,60812.45,61121.78,60736.28,61058,325.48578
1782964800000,61057.99,61058,60870,60941.03,147.73924
1782965700000,60941.03,60976.92,60805.28,60868.01,229.23989
1782966600000,60868.01,60868.01,60728,60775.41,323.10999
1782967500000,60775.41,60887.91,60745.99,60787.98,93.11676
1782968400000,60787.98,60870.01,60643.29,60870.01,229.25861
1782969300000,60870,60877.69,60733.8,60745.64,311.20212
1782970200000,60745.64,60874,60598.09,60609.79,143.80946
1782971100000,60609.8,60658,60488,60504.54,151.89467
1782972000000,60504.54,60520,60410,60410,108.54544
1782972900000,60410.01,60561.94,60402.3,60476.54,116.08862
1782973800000,60476.53,60652.74,60476.53,60534.4,164.18379
1782974700000,60534.41,60538,60260,60274.01,449.71623
1782975600000,60274.01,60315.93,60205,60240.15,85.56557
1782976500000,60240.16,60270,60165.25,60165.25,148.13747
1782977400000,60165.01,60216.81,60117.7,60136.3,214.57262
1782978300000,60136.29,60227.9,60104,60149.99,145.71501
1782979200000,60149.99,60364,60132.51,60308,158.49645
1782980100000,60307.99,60400,60307.99,60362.33,125.82964
1782981000000,60362.33,60500,60332.3,60443.82,202.52831
1782981900000,60443.82,60555.06,60410.86,60511.99,86.53182
1782982800000,60512,60520,60376.13,60467.4,97.7277
1782983700000,60467.39,60630.65,60430,60604.91,112.17061
1782984600000,60604.91,61213.81,60604.9,61090.01,746.03928
1782985500000,61090,61437.49,60868.29,61184,939.69419
1782986400000,61184,61240.36,61051.07,61231.11,257.73661
1782987300000,61231.1,61300.01,61100,61224.54,231.01094
1782988200000,61224.53,61350,61206,61206,133.12096
1782989100000,61206.01,61330,61147.65,61263.68,89.24009
1782990000000,61263.93,61381.88,61214.5,61284.21,336.99232
1782990900000,61284.21,61354.33,61258.92,61296.1,188.51669
1782991800000,61296.1,61360,61258.92,61300.01,137.59357
1782992700000,61300,61388,61125.58,61358.01,160.1933
1782993600000,61358,61364.32,61267.98,61360,183.39405
1782994500000,61360,61415,61147.23,61346.01,229.6975
1782995400000,61346.01,61598.01,61192.3,61375.56,629.7538
1782996300000,61375.56,61614,61369.99,61542.53,433.79756
1782997200000,61542.53,61738.74,61506,61686.07,360.38356
1782998100000,61686.06,61971,61654.01,61688,684.39071
1782999000000,61688,62053,61526.56,61961.64,943.01772
1782999900000,61961.64,62029.65,61810,61939.04,515.25707
1783000800000,61939.04,62192.01,61850,62081.6,576.44368
1783001700000,62081.61,62200,61570,61675.16,615.82482
1783002600000,61675.15,61810.23,61394.49,61428.01,321.87402
1783003500000,61428,61758.13,61428,61696.61,320.28901
1783004400000,61696.61,61734.37,61427.39,61587.09,385.39969
1783005300000,61587.09,61850.86,61492.32,61717.94,204.50055
1783006200000,61717.95,61827.9,61556,61708,244.83342
1783007100000,61708.01,61745.5,61533.68,61612.93,120.35534
1783008000000,61612.93,61750,61508,61698,152.7439
1783008900000,61698,61698.01,61108.99,61191.99,577.48836
1783009800000,61192,61450.72,61192,61440.01,284.41625
1783010700000,61440,61790.13,61434,61682.34,512.03201
1783011600000,61682.34,61825,61624,61781.84,221.79147
1783012500000,61781.85,61962.43,61750,61868,239.05915
1783013400000,61868,61868.01,61648,61777.01,102.49798
1783014300000,61777,61805.26,61619.69,61667.39,179.49833
1783015200000,61667.4,61855.33,61664.39,61828.22,125.95905
1783016100000,61828.21,61900.29,61726.62,61868.16,168.0304
1783017000000,61868.17,61868.17,61770.42,61776.02,59.75207
1783017900000,61776.02,61872,61686.41,61761.36,103.50065
1783018800000,61761.36,61763.81,61604,61663.99,68.07453
1783019700000,61664,61664,61513.41,61614.57,85.36358
1783020600000,61614.57,61653.36,61525.52,61585,87.28304
1783021500000,61585,61700,61424,61479.6,327.21264
1783022400000,61479.59,61540,61405.79,61441.08,85.24719
1783023300000,61441.09,61513.21,61402,61402,69.80598
1783024200000,61402,61432.83,61342,61365.98,157.11964
1783025100000,61365.98,61596,61365.98,61584.78,123.5347
1783026000000,61584.77,61653.43,61522.24,61522.63,119.4469
1783026900000,61522.63,61546,61522.62,61540.42,29.76683
1783027800000,61540.42,61556,61519.51,61524.99,78.68664
1783028700000,61525,61611.28,61516,61592.26,107.19957
1783029600000,61592.26,61596.62,61521.9,61529.66,72.2005
1783030500000,61529.66,61566.43,61522.34,61522.35,57.37319
1783031400000,61522.35,61547.72,61514.83,61527.31,58.78976
1783032300000,61527.31,61554.97,61406.28,61465.26,125.05054
1783033200000,61465.26,61465.27,61350.02,61351.9,80.54942
1783034100000,61351.9,61538,61351.89,61510.61,61.99274
1783035000000,61510.61,61606,61448.48,61482.83,49.27823
1783035900000,61482.82,61600,61478,61560,71.92088
1783036800000,61560,61578,61350,61416,271.57689
1783037700000,61415.99,61457.39,61303.55,61303.55,350.26156
1783038600000,61303.55,61368,61248.86,61337.99,93.86101
1783039500000,61337.99,61411.51,61298.41,61308.75,87.65907
1783040400000,61308.75,61728,61286,61635.28,121.56148
1783041300000,61635.28,61651.79,61507.95,61570,95.85963
1783042200000,61570.01,61733.11,61526,61666.17,106.64131
1783043100000,61666.17,61673.91,61588,61588,41.23366
1783044000000,61588,61664.62,61516.82,61523.62,111.43848
1783044900000,61523.62,61585.14,61398.93,61398.93,130.46152
1783045800000,61398.93,61462,61294,61363.84,398.27961
1783046700000,61363.84,61460.03,61300.18,61440.01,77.97092
1783047600000,61440.01,61457.94,61324,61329.98,120.46538
1783048500000,61329.98,61575.15,61329.97,61536.01,67.92304
1783049400000,61536,61540.83,61388,61400,38.16477
1783050300000,61400.01,61454.77,61356,61434,365.82382
1783051200000,61434,61460.75,61332.76,61430,89.7676
1783052100000,61429.99,61435.03,61345.99,61435.02,54.70575
1783053000000,61435.03,61524.01,61410.74,61514,201.87242
1783053900000,61514,61514.01,61372.78,61448,251.34167
1783054800000,61448,61558.79,61430,61535.99,91.54336
1783055700000,61536,61682.3,61514.05,61624.99,360.11726
1783056600000,61624.99,61808,61612,61698.59,171.17733
1783057500000,61698.58,61750,61648.43,61700.49,46.58232
1783058400000,61700.49,61850,61693.96,61725,104.18822
1783059300000,61725,61808,61697.37,61719.91,383.1624
1783060200000,61719.92,61779.76,61612,61641.62,280.51488
1783061100000,61641.63,61768.63,61641.63,61710.01,53.7
1783062000000,61710.01,61779.46,61659.32,61701.61,70.44418
1783062900000,61701.6,61767.01,61701.6,61767,156.75264
1783063800000,61767,61842,61744.06,61822.71,577.34199
1783064700000,61822.71,61864.99,61746.03,61750.47,270.69554
1783065600000,61750.47,61829.92,61741.29,61748.01,88.50165
1783066500000,61748.01,61827.82,61724.6,61779.56,64.4096
1783067400000,61779.55,61896.99,61725.29,61872.01,93.22403
1783068300000,61872,61872,61554.07,61584,95.46741
1783069200000,61583.99,61702,61510.01,61700,83.05596
1783070100000,61700,61733.03,61644,61685.11,76.32077
1783071000000,61685.12,61692.05,61558.01,61657.94,101.30412
1783071900000,61657.94,61783.89,61657.94,61718.68,75.82699
1783072800000,61718.69,61774,61674,61724,66.77325
1783073700000,61724,61766,61663.98,61746,66.84974
1783074600000,61746,62038,61728,62012,221.58844
1783075500000,62011.99,62023.75,61885.73,61916.46,126.18259
1783076400000,61916.46,62078.92,61840,62020,214.76296
1783077300000,62019.99,62070.58,61942,61985.05,154.15634
1783078200000,61985.06,62028,61888,61892,66.31254
1783079100000,61892,62103.1,61892,62024.02,114.64198
1783080000000,62024.01,62174.47,62008,62149.99,167.32106
1783080900000,62149.99,62164.96,61913.16,61955.98,258.59167
1783081800000,61955.98,61972,61871.66,61929.1,133.10913
1783082700000,61929.1,62001.99,61929.1,61983.99,68.69943
1783083600000,61984,62074,61944,62062.72,145.17362
1783084500000,62062.72,62123.64,62006.19,62099.76,167.44049
1783085400000,62099.76,62205.5,62021.28,62151.99,251.36007
1783086300000,62152,62282,62055.34,62116.01,226.30923
1783087200000,62116,62116,61700,61768.02,240.79069
1783088100000,61768.28,61929.99,61730,61929.99,233.36276
1783089000000,61929.98,62062.63,61851.06,62060.01,135.75473
1783089900000,62060.01,62280,62027.64,62167.48,158.8915
1783090800000,62167.47,62400,62158.75,62192.14,224.06925
1783091700000,62192.14,62221.59,61990.9,62011.99,139.12521
1783092600000,62011.99,62106.74,61820,61844.01,147.82035
1783093500000,61844.01,61967.06,61822,61922.72,116.65735
1783094400000,61922.71,61993.63,61911.65,61926.99,52.63358
1783095300000,61926.98,62105.56,61926.98,62074.79,70.21332
1783096200000,62074.8,62125.99,61986,62052,117.19702
1783097100000,62052.01,62125.63,62020,62104.81,68.05338
1783098000000,62104.81,62292.51,62068.78,62192.46,142.47096
1783098900000,62192.47,62242,62118,62186.41,114.82952
1783099800000,62186.41,62272.32,62167.47,62226.01,51.8574
1783100700000,62226,62245.92,62169.43,62194,36.32003
1783101600000,62193.99,62204.03,62118,62161.98,74.17018
1783102500000,62161.98,62200,62138,62180,45.07747
1783103400000,62179.99,62238,62177.1,62221.99,111.78164
1783104300000,62221.99,62250,62198,62204.01,67.58758
1783105200000,62204,62254,62146,62181.33,52.34547
1783106100000,62181.34,62305,62181.34,62224.01,123.98513
1783107000000,62224,62317.64,62161.63,62236,68.80758
1783107900000,62236,62267.88,62196.42,62210,100.06493
1783108800000,62210,62492.62,62186.01,62438.01,192.84455
1783109700000,62438.01,62689,62393.34,62622.01,392.13109
1783110600000,62622,62907.77,62604.02,62710.65,312.08167
1783111500000,62710.65,62867.99,62684,62776.92,206.75905
1783112400000,62776.91,62979.86,62726,62756,200.32559
1783113300000,62756.01,62797.38,62612.35,62631.52,126.98809
1783114200000,62631.53,62638.82,62518.72,62611.99,102.13529
1783115100000,62612,62834.65,62611.99,62732,100.91725
1783116000000,62732,62748.01,62588.91,62629.99,59.25812
1783116900000,62630,62712.02,62624,62636,210.35891
1783117800000,62636,62636.01,62538.47,62615.75,162.51461
1783118700000,62615.76,62664.42,62578,62578,29.63933
1783119600000,62578,62600,62529.03,62562.07,69.35342
1783120500000,62562.06,62680.54,62560.46,62621.99,109.86186
1783121400000,62621.99,62707.67,62621.99,62680,98.30372
1783122300000,62680,62682.37,62551.43,62583.26,211.17391
1783123200000,62583.26,62946,62578.55,62827.73,239.57752
1783124100000,62827.72,62849.34,62748.19,62765.15,83.60485
1783125000000,62765.15,62810.17,62686.93,62713.99,60.32312
1783125900000,62713.99,62814,62710,62756.29,68.31969
1783126800000,62756.29,62756.29,62468.3,62510.17,427.81944
1783127700000,62510.17,62592.18,62404.25,62492,140.97289
1783128600000,62492.01,62544.34,62432.28,62445.96,113.83119
1783129500000,62445.97,62506,62423.99,62468.44,57.93042
1783130400000,62468.44,62569.66,62468.43,62522.01,89.15567
1783131300000,62522,62522.01,62453.27,62495.4,88.49959
1783132200000,62495.39,62500,62432,62493.99,54.93575
1783133100000,62493.99,62576,62478,62538.96,55.81752
1783134000000,62538.96,62580,62484.01,62561.73,43.68932
1783134900000,62561.73,62584.45,62544.88,62572.2,42.66361
1783135800000,62572.21,62750,62520,62714.47,121.48061
1783136700000,62714.48,62716,62624.09,62627.29,65.03966
1783137600000,62627.28,62704,62602.23,62655.69,43.11285
1783138500000,62655.69,62718,62590.06,62666.7,62.5245
1783139400000,62666.69,62749.97,62664,62692.46,66.84695
1783140300000,62692.47,62740,62641.04,62700,199.57626
1783141200000,62700,62700.01,62579.44,62579.44,29.26922
1783142100000,62579.45,62579.45,62476,62516,57.11105
1783143000000,62516,62575.01,62508.22,62568.01,96.32283
1783143900000,62568.01,62595.97,62441.29,62471.52,107.20668
1783144800000,62471.53,62559.43,62434,62434.01,101.62351
1783145700000,62434.01,62452,62328.24,62422,76.04744
1783146600000,62422,62521.84,62422,62460,78.95722
1783147500000,62460.01,62535.5,62460,62500.01,71.58485
1783148400000,62500.01,62565.62,62470,62551.98,114.78258
1783149300000,62551.98,62634.24,62529.98,62544.07,95.56013
1783150200000,62544.07,62569.41,62485.95,62504.38,203.67536
1783151100000,62504.39,62594.51,62494,62576,74.35438
1783152000000,62576,62581.86,62516.46,62551.25,40.42678
1783152900000,62551.24,62580,62520,62550.5,44.27046
1783153800000,62550.49,62674.47,62548,62597.42,111.64451
1783154700000,62597.41,62661.67,62553.08,62553.78,129.05454
1783155600000,62553.78,62583.99,62450,62512,66.13122
1783156500000,62512.01,62512.01,62458,62477.05,35.28637
1783157400000,62477.04,62486,62415.87,62445.82,100.58846
1783158300000,62445.82,62508.25,62445.82,62494,54.43767
1783159200000,62494.01,62494.01,62445.38,62468.01,58.71978
1783160100000,62468,62531.19,62454.21,62499.9,83.74419
1783161000000,62499.91,62499.91,62468.21,62484,32.75096
1783161900000,62483.99,62545.02,62471.88,62513,85.83519
1783162800000,62512.99,62525.01,62472.02,62525,63.85443
1783163700000,62525,62549.25,62456.24,62481.93,73.8145
1783164600000,62481.92,62563.84,62479.99,62495.95,48.59297
1783165500000,62495.96,62511.02,62466.41,62482.01,50.49142
1783166400000,62482,62580.01,62482,62569.01,46.48987
1783167300000,62569.01,62614.46,62548,62590.01,26.49258
1783168200000,62590.01,62648,62586,62621.99,38.6
1783169100000,62621.99,62696.78,62588,62664.01,48.54728
1783170000000,62664.01,62664.01,62595.1,62609.99,59.95615
1783170900000,62610,62776.92,62610,62654,98.07995
1783171800000,62654,62654,62558,62584,45.61874
1783172700000,62584,62588.85,62542,62588.84,31.25784
1783173600000,62588.84,62688,62585.53,62661.74,40.4908
1783174500000,62661.74,62738.28,62638,62677.54,77.01258
1783175400000,62677.53,62692,62627.09,62686.68,50.71068
1783176300000,62686.69,62713.67,62656,62693.99,45.91186
1783177200000,62693.99,63075.46,62687.89,62825.75,313.6259
1783178100000,62825.75,62930,62760.01,62928,136.9913
1783179000000,62928,63006,62849.64,62920,166.54959
1783179900000,62920,63006,62867.3,62943.29,129.65425
1783180800000,62943.29,62964,62786.01,62786.01,121.81076
1783181700000,62786.01,62881.2,62786,62870,92.25965
1783182600000,62870.01,62945.73,62870,62912.01,93.44733
1783183500000,62912.01,62968.29,62866,62927.29,138.74386
1783184400000,62927.3,62946.3,62803,62861.99,118.89341
1783185300000,62862,62981.97,62858,62979.37,57.09046
1783186200000,62979.36,63194,62979.36,63175.99,192.43931
1783187100000,63175.99,63439.62,63154,63280.38,383.91916
1783188000000,63280.38,63342,63180.01,63328.01,112.33013
1783188900000,63328.01,63346,63144.58,63186.56,64.48329
1783189800000,63186.56,63186.56,63103.99,63114.27,118.56143
1783190700000,63114.28,63179.58,63092.02,63172.78,52.21114
1783191600000,63172.79,63241.96,63123.49,63170,73.57616
1783192500000,63169.99,63374,63169.99,63370,86.85744
1783193400000,63370,63461.99,63280.56,63365.5,70.40547
1783194300000,63365.5,63365.5,63280.06,63294.72,97.85089
1783195200000,63294.72,63392,63286,63338.45,41.62987
1783196100000,63338.44,63344,63155.37,63172,118.92704
1783197000000,63171.99,63320,63160,63289.32,78.07712
1783197900000,63289.32,63333.64,63228.84,63233.78,48.49005
1783198800000,63233.79,63372,63202,63354.74,53.68283
1783199700000,63354.74,63446,63350.36,63439.87,66.64573
1783200600000,63439.87,63448,63290.96,63290.96,59.69292
1783201500000,63290.97,63329.43,63270.21,63297.84,59.05819
1783202400000,63297.83,63310,63216.6,63246,48.11812
1783203300000,63245.99,63303.87,63200,63222.6,56.31072
1783204200000,63222.81,63242.01,63180,63214,82.04441
1783205100000,63214,63238.3,63160,63184.99,300.40427
1783206000000,63185,63234,62991.18,62999.96,224.43811
1783206900000,62999.96,63098,62927.98,63097.99,75.73599
1783207800000,63097.99,63225.8,63097.99,63209.94,51.86226
1783208700000,63209.94,63241.33,63144,63144.01,231.9804
1783209600000,63144.01,63144.01,63024.04,63059.99,76.03251
1783210500000,63060,63060,62978.75,63053.21,58.16651
1783211400000,63053.22,63124,62999.99,63089.96,74.20075
1783212300000,63089.96,63105.97,62888.86,62991.29,140.26197
1783213200000,62991.3,63043.15,62926,62994,172.07667
1783214100000,62994.01,62994.01,62838,62940.04,70.62569
1783215000000,62940.04,62940.04,62800,62870,140.1168
1783215900000,62870,62906,62838.3,62887.94,64.79856
1783216800000,62887.93,62926,62738.37,62740,78.07187
1783217700000,62740.01,62784,62651.37,62756.36,96.88073
1783218600000,62756.36,62792,62642.28,62642.29,52.82801
1783219500000,62642.29,62693.56,62596.08,62693.56,79.86133
1783220400000,62693.57,62788,62693.57,62768.79,54.19275
1783221300000,62768.78,62776,62658,62670,38.67325
1783222200000,62670.01,62775.48,62670,62736,36.63709
1783223100000,62736.01,62796.39,62732,62769.04,82.22255
1783224000000,62769.03,62819.66,62712,62794,63.85823
1783224900000,62794,62887.1,62792,62866.01,71.37463
1783225800000,62866.01,62952.93,62866.01,62944.91,81.63449
1783226700000,62944.91,62944.91,62815.99,62815.99,71.56024
1783227600000,62815.99,62815.99,62732.84,62750.57,64.28534
1783228500000,62750.57,62788.44,62746,62755,67.1981
1783229400000,62755,62810,62659.65,62672.83,95.88159
1783230300000,62672.82,62766,62672.82,62740.5,85.24716
1783231200000,62740.5,62740.5,62669.99,62715,51.9314
1783232100000,62715,62800,62712.02,62796.26,68.37045
1783233000000,62796.25,62819.91,62740,62753.64,44.01349
1783233900000,62753.64,62798,62741.5,62782.18,105.32379
1783234800000,62782.18,62798,62758.01,62758.02,40.06869
1783235700000,62758.01,62833.75,62718.31,62749.99,159.45377
1783236600000,62749.99,62974.14,62749.99,62924.38,126.38355
1783237500000,62924.38,63059.99,62898.58,63020.21,67.81094
1783238400000,63020.21,63104,62948.89,63014.01,88.41846
1783239300000,63014.01,63049.9,62919.99,62935.6,36.59198
1783240200000,62935.6,62990.18,62913.71,62938,96.26285
1783241100000,62938.01,62984.59,62900,62915,116.18643
1783242000000,62915,62930.16,62815.6,62871.52,169.70094
1783242900000,62871.52,62874.38,62733.96,62735.01,89.74225
1783243800000,62735.01,62780.61,62436.59,62528,184.12779
1783244700000,62528,62636.64,62510.11,62622.18,118.70128
1783245600000,62622.18,62731.66,62536.57,62688.51,53.67455
1783246500000,62688.51,62747.98,62631.22,62694.02,65.40852
1783247400000,62694.02,62735.66,62670.02,62692.25,42.22275
1783248300000,62692.26,62756.25,62684.11,62756.12,22.02036
1783249200000,62756.12,62812,62680.99,62706,44.35618
1783250100000,62706,62706,62600.03,62624.99,73.38482
1783251000000,62624.99,62719.99,62616,62710,80.11444
1783251900000,62710,62726,62638.24,62658.92,70.3484
1783252800000,62658.92,62658.92,62569.37,62620,117.0977
1783253700000,62620,62750,62620,62750,63.59465
1783254600000,62750,62772,62645.13,62710.1,87.91674
1783255500000,62710.1,62745.01,62710,62745.01,25.93947
1783256400000,62745,62818,62700,62738,62.54898
1783257300000,62738,62767.18,62644.12,62695.68,200.06165
1783258200000,62695.69,62760.65,62674.63,62753.55,27.88317
1783259100000,62753.55,62819.66,62753.55,62792,46.94951
1783260000000,62791.99,62818.37,62705.17,62750,78.61219
1783260900000,62750,62750.01,62672.04,62712,58.20794
1783261800000,62712.01,62784,62656.02,62742.24,49.71867
1783262700000,62742.24,62812.25,62714.01,62812.25,32.82012
1783263600000,62812.25,62943.59,62793.72,62807.88,99.57539
1783264500000,62807.87,62822.3,62736.83,62770,39.03693
1783265400000,62770,62908,62690.81,62704.01,71.79284
1783266300000,62704,62760,62679.76,62740.01,33.41843
1783267200000,62740.01,62772.86,62700,62707.7,94.31771
1783268100000,62707.7,62725.27,62603.74,62617.99,74.11939
1783269000000,62618,62669.69,62618,62631.28,84.00462
1783269900000,62631.28,62656,62590.02,62637.48,92.11566
1783270800000,62637.48,62738,62637.48,62722.74,85.20247
1783271700000,62722.74,62820,62686,62686.01,70.57897
1783272600000,62686.01,62710,62606,62606.01,73.27683
1783273500000,62606.01,62668,62594.38,62624.93,46.03649
1783274400000,62624.93,62688,62616,62659.86,214.28485
1783275300000,62659.86,62722.94,62659.85,62681.94,33.73914
1783276200000,62681.94,62771.22,62681.93,62770.47,50.93158
1783277100000,62770.48,62880,62738,62820.33,73.18382
1783278000000,62820.33,62870,62780.78,62840.81,115.62724
1783278900000,62840.81,62888.14,62714.98,62791.7,99.55617
1783279800000,62791.7,62832,62770,62804.25,29.40187
1783280700000,62804.25,62834.87,62762.46,62768.88,52.75513
1783281600000,62768.87,62836.01,62766.36,62816.64,54.9189
1783282500000,62816.63,62817.82,62700,62720,24.3376
1783283400000,62719.99,62742,62700,62741.99,32.87836
1783284300000,62742,62759.47,62730.6,62730.61,52.42894
1783285200000,62730.61,62771.72,62609.47,62738.29,72.98818
1783286100000,62738.28,62936.8,62720,62922.01,79.3277
1783287000000,62922,63045.99,62894.71,63024,115.45714
1783287900000,63023.99,63220,62948,63092.01,160.73782
1783288800000,63092,63220,63005.04,63220,96.03671
1783289700000,63219.99,63742.83,63190,63717.99,662.26983
1783290600000,63718,63964.48,63542.19,63559.19,577.52247
1783291500000,63559.2,63744,63559.19,63736,176.68344
1783292400000,63735.99,63989.54,63715.8,63978,204.62201
1783293300000,63978,63999,63679.64,63680.01,259.83323
1783294200000,63680.01,63739.71,63626,63703.49,156.97341
1783295100000,63703.48,63703.48,63577.36,63650,129.45062
1783296000000,63650.01,63713.47,63480.01,63594,189.21741
1783296900000,63594,63711.99,63415.04,63418,435.71927
1783297800000,63418.01,63653.44,63350,63604,108.14514
1783298700000,63604,63772.52,63604,63761.99,121.30142
1783299600000,63761.98,63854,63692.07,63806,134.08211
1783300500000,63805.99,63844,63606,63742.01,114.20842
1783301400000,63742.01,63920,63696.06,63724.38,92.79886
1783302300000,63724.38,63724.38,63550,63576,91.88731
1783303200000,63576,63669.45,63415,63455.72,132.5994
1783304100000,63455.72,63661.54,63444,63522.01,74.04815
1783305000000,63522.01,63630,63388.32,63391.99,120.33366
1783305900000,63392,63484.96,63373.13,63460.01,71.03101
1783306800000,63460.01,63495.14,63400,63414.64,50.14168
1783307700000,63414.63,63427.24,63203,63223.14,172.75083
1783308600000,63223.15,63321.6,63136.01,63207.08,143.70898
1783309500000,63207.07,63294,63190,63294,54.29863
1783310400000,63294,63386.84,63236.97,63345.01,67.54944
1783311300000,63345,63361.13,63187.98,63235.99,79.02865
1783312200000,63236,63402.77,63199.3,63314,75.56841
1783313100000,63314,63353.7,63232.79,63267.99,56.48403
1783314000000,63267.99,63268,63166,63208.78,65.30981
1783314900000,63208.77,63237.23,62996.14,63016.01,311.68068
1783315800000,63016.01,63156.21,62950,63100,205.53125
1783316700000,63100,63164,63082.92,63114,120.22851
1783317600000,63113.99,63146,63044.8,63121.27,249.80487
1783318500000,63121.27,63152.7,62999.85,63033.99,186.07094
1783319400000,63034,63072,62972,63072,111.90676
1783320300000,63072,63085.73,62975.98,62976,74.66741
1783321200000,62976,62985.89,62890,62960,119.00978
1783322100000,62960,63030,62952,62971.99,123.83252
1783323000000,62971.99,63115.91,62920.7,63103.42,143.0298
1783323900000,63103.41,63120,63068,63089.42,143.47991
1783324800000,63089.42,63244,63011.77,63060,194.24049
1783325700000,63060,63092,62988,63070,60.67484
1783326600000,63070,63070,62800.13,62911.15,198.49321
1783327500000,62911.15,62944.92,62885.3,62904.01,82.66026
1783328400000,62904.01,62914,62844.93,62864.55,56.90252
1783329300000,62864.55,62880.58,62742,62752,116.48417
1783330200000,62752,62764,62630.85,62688.01,181.47554
1783331100000,62688,62698.19,62632.01,62664.77,77.39864
1783332000000,62664.77,62844,62664.76,62840.01,162.96377
1783332900000,62840.01,62883.54,62836.75,62882.01,103.26802
1783333800000,62882.01,63030,62871.45,62921.68,103.29387
1783334700000,62921.67,62925.08,62806.78,62822.06,85.3021
1783335600000,62822.07,62885.15,62800,62807.68,71.75865
1783336500000,62807.69,62923.06,62783.46,62881.97,74.20043
1783337400000,62881.97,62998.3,62872.2,62968.01,71.02297
1783338300000,62968,63000,62483.83,62483.84,393.81791
1783339200000,62483.84,62487.98,61798.58,61985.63,1320.59059
1783340100000,61985.64,62144.26,61906.9,62080.44,377.50767
1783341000000,62080.43,62184,61770,61803.77,434.34647
1783341900000,61803.76,61891.3,61668.2,61754.01,294.21078
1783342800000,61754.01,61819.12,61589,61640.02,522.07828
1783343700000,61640.01,61704,61428.57,61456,572.85611
1783344600000,61456,61645.86,61306.84,61645.86,1967.62252
1783345500000,61645.85,62034,61618.25,61768.21,561.35325
1783346400000,61768.2,61989,61744,61931.57,273.18362
1783347300000,61931.56,62411.41,61712.54,62080,438.92969
1783348200000,62080,62213.46,61951.06,62048,325.37917
1783349100000,62048,62080.01,61888,62052,166.29456
1783350000000,62052,62580.62,62052,62484.01,343.43117
1783350900000,62484,62558.44,62304.61,62464,272.86365
1783351800000,62464,62947.35,62274,62912.31,415.66324
1783352700000,62912.31,63550,62805.68,63545.98,1121.41583
1783353600000,63545.98,63863,63386.01,63749.23,697.2339
1783354500000,63749.22,63794.01,63404.43,63464.36,520.30883
1783355400000,63464.37,63804.62,63462,63740,365.29709
1783356300000,63739.99,63787.4,63665.64,63732,166.14617
1783357200000,63732,63935.01,63674,63852.23,372.84598
1783358100000,63852.23,63976.16,63824.32,63889.86,171.73705
1783359000000,63889.86,63944,63664.46,63708,216.17184
1783359900000,63708,63758.77,63570.16,63587.38,124.69435
1783360800000,63587.38,63751.91,63560,63695.88,117.59107
1783361700000,63695.87,63886,63614.25,63755.98,121.4112
1783362600000,63755.99,63850,63698,63801.35,61.29144
1783363500000,63801.34,63818,63690.77,63696.4,45.47052
1783364400000,63696.4,63767.44,63652.42,63748.01,72.64944
1783365300000,63748,63887.93,63738,63841.45,90.80209
1783366200000,63841.45,63852.63,63764,63842,53.65507
1783367100000,63842,63871.94,63708.03,63738.52,91.00767
1783368000000,63738.52,63749.52,63589.41,63602.06,90.10573
1783368900000,63602.07,63762.24,63602.07,63758.4,74.53944
1783369800000,63758.41,63886.39,63754.08,63832,81.64849
1783370700000,63831.99,63892.65,63777.15,63828,68.63671
1783371600000,63828,64700,63810,64305.91,968.85418
1783372500000,64305.91,64376,64198.07,64224.48,213.20154
1783373400000,64224.49,64312.68,64154.6,64223.41,139.79806
1783374300000,64223.41,64534.89,64170.3,64489.98,167.65646
1783375200000,64489.97,64500,64292.09,64365.99,97.41566
1783376100000,64365.99,64480,64200.01,64220,84.56561
1783377000000,64220,64229.76,64174.96,64205.96,76.41187
1783377900000,64205.97,64294.41,64151.01,64244,55.08557
1783378800000,64244,64340.76,64224.94,64269.53,61.24548
1783379700000,64269.53,64290.66,64090.01,64096,116.52844
1783380600000,64095.99,64178,64062.01,64067.99,85.56301
1783381500000,64067.99,64124,64017.78,64042.02,84.57537
1783382400000,64042.93,64099,64018.64,64024.99,160.19993
1783383300000,64024.99,64314,63997.5,64250,186.46682
1783384200000,64250,64257.77,64016.13,64081.98,98.50598
1783385100000,64081.99,64270,64081.98,64203.99,100.63189
1783386000000,64203.99,64204,63872.08,63972,167.11127
1783386900000,63972.01,64048,63918.39,63942,89.99297
1783387800000,63941.99,63974,63767.04,63946,234.21468
1783388700000,63945.99,64012,63824,63840,109.46578
1783389600000,63840,63908,63790.91,63828,117.4376
1783390500000,63828,63874,63561.93,63570.01,190.92811
1783391400000,63570.01,63600,63435.71,63596.82,143.69006
1783392300000,63596.82,63619.11,63288.01,63322.01,172.28364
1783393200000,63322.01,63414,63270.07,63330.86,133.15196
1783394100000,63330.86,63372,63237.43,63292.2,68.48885
1783395000000,63292.2,63352,63176.13,63208.84,94.62111
1783395900000,63208.84,63208.84,63150,63191.01,82.03854
1783396800000,63191.01,63270.06,63146.8,63198.01,172.16807
1783397700000,63198.02,63281.99,63167.99,63265.17,83.39388
1783398600000,63265.16,63288.33,63154.19,63154.19,273.15213
1783399500000,63154.19,63170.3,63064,63100.01,129.84448
1783400400000,63100,63118,62800,62819.99,225.88598
1783401300000,62820,63000,62814.01,62939.47,123.71517
1783402200000,62939.47,63195.99,62939.47,63168.03,172.91833
1783403100000,63168.03,63278.99,63124.2,63128.01,202.96458
1783404000000,63128,63230,62984.42,63039.99,229.03619
1783404900000,63040,63178,63040,63168,114.925
1783405800000,63168,63293.35,63137.69,63263.99,271.46822
1783406700000,63263.99,63400,63242,63340,253.65766
1783407600000,63340.01,63445.7,63308.62,63396.01,103.62306
1783408500000,63396,63398.93,63231.16,63248.02,211.29254
1783409400000,63248.01,63278,63085.85,63151.77,184.21249
1783410300000,63151.78,63190.32,63072.1,63083.18,116.12048
1783411200000,63083.19,63184,63038,63122.01,99.85663
1783412100000,63122,63165.47,63060.96,63084,99.59299
1783413000000,63083.99,63117.05,62984.58,63102,133.84603
1783413900000,63102,63145.07,63029.2,63104,110.72105
1783414800000,63104,63258.25,63063.28,63250.69,102.85229
1783415700000,63250.68,63251.5,63168.3,63168.31,73.67294
1783416600000,63168.31,63300,63151.14,63294.23,65.74388
1783417500000,63294.23,63348.73,63234.7,63256,77.95723
1783418400000,63256.01,63461.63,63253.99,63364.01,239.10462
1783419300000,63364,63467.15,63309.28,63309.29,86.73488
1783420200000,63309.29,63310,63228.17,63280,88.74842
1783421100000,63280,63284,63238.76,63284,82.33179
1783422000000,63284,63284,63116.02,63156.71,124.57453
1783422900000,63156.71,63234,63126,63178.77,55.5043
1783423800000,63178.77,63265.95,63129.05,63262.36,84.65261
1783424700000,63262.35,63452,63262.35,63406,134.63428
1783425600000,63405.99,63872,63396.58,63814,271.9892
1783426500000,63813.99,63814,63644,63702.99,142.9483
1783427400000,63703,63707.22,63494.44,63612.01,95.68778
1783428300000,63612,63612.01,63454.47,63481.39,107.55971
1783429200000,63481.39,63482.5,63272.72,63337.45,81.0599
1783430100000,63337.45,63366,63084.17,63111.97,144.47039
1783431000000,63111.98,63251.5,63000,63171.75,540.39084
1783431900000,63171.75,63410.54,63010.01,63056,289.55748
1783432800000,63056,63263.43,62875.99,62978.01,372.22081
1783433700000,62978.01,63150.32,62924,63144,217.28744
1783434600000,63143.99,63239.26,62671.39,62937.99,471.38844
1783435500000,62938,63634,62938,63562.05,623.54604
1783436400000,63562.05,63624,63376.22,63516.01,312.99862
1783437300000,63516.01,63800,63497.23,63752.01,253.22314
1783438200000,63752.01,63992,63678,63840,1101.35858
1783439100000,63840,64105,63840,63930.51,461.47535
1783440000000,63930.5,64043.64,63816,63870.01,261.63493
1783440900000,63870.01,64071.97,63810,64006,219.00533
1783441800000,64006,64088.45,63936,64053.89,117.44145
1783442700000,64053.88,64243.75,63971.72,63983.27,227.05469
1783443600000,63983.28,64133.18,63965.44,64014.96,114.50819
1783444500000,64014.97,64160,63896.21,64153.48,102.26953
1783445400000,64153.48,64232,64096,64231.99,111.16372
1783446300000,64231.99,64232,64124.27,64186,385.24994
1783447200000,64185.99,64188,63998,64021.85,359.84732
1783448100000,64021.85,64146,63970.58,63990.61,173.9007
1783449000000,63990.61,64086,63956.15,64086,62.98509
1783449900000,64086,64135.15,63672.01,63679.99,207.61758
1783450800000,63679.99,63768.16,63495.65,63532.9,345.42197
1783451700000,63532.9,63683.25,63379.69,63601.76,229.21295
1783452600000,63601.76,63810,63601.75,63798.01,102.09684
1783453500000,63798,63894.58,63780,63817.99,133.14142
1783454400000,63818,63901.75,63694.01,63778.08,90.78188
1783455300000,63778.08,63816,63708,63730,98.59313
1783456200000,63730,63742,63585,63673.99,177.16549
1783457100000,63673.99,63698.24,63617.99,63697.99,94.61447
1783458000000,63698,63866,63697.99,63786.01,84.837
1783458900000,63786,63786,63393.3,63520,144.86969
1783459800000,63519.99,63526.7,63313.1,63402.22,116.64454
1783460700000,63402.22,63522,63372,63423.94,98.78591
1783461600000,63423.93,63468,63218,63453.99,148.76942
1783462500000,63454,63517.05,63389.64,63457.99,57.33737
1783463400000,63458,63660,63430,63616.01,84.19172
1783464300000,63616,63616,63495.05,63551.02,54.52486
1783465200000,63551.02,63666.87,63526.69,63638,68.16926
1783466100000,63638,63708,63620,63650.01,46.96877
1783467000000,63650,63658.82,63444.26,63446,63.43663
1783467900000,63446,63450,63320,63363.99,86.6685
1783468800000,63364,63509.71,63307.36,63494.01,102.07155
1783469700000,63494,63692.65,63414.15,63606,157.22224
1783470600000,63605.99,63761.99,63554,63711.99,101.50049
1783471500000,63711.99,63713.83,63586.01,63612.77,295.80384
1783472400000,63612.78,63649.5,63474.38,63634.98,133.12101
1783473300000,63634.97,63634.97,63425.36,63425.37,71.03321
1783474200000,63425.37,63451.99,62921.78,63156.01,349.14523
1783475100000,63156.01,63216,62972,63038.01,137.46227
1783476000000,63038,63038,62818,62888,266.50284
1783476900000,62888.01,62988,62814,62888.01,406.93486
1783477800000,62888.01,62972,62525.47,62972,473.27405
1783478700000,62971.99,63066,62889.41,62979.99,124.74191
1783479600000,62979.98,63094,62979.98,63071.14,60.08043
1783480500000,63071.14,63071.15,62970.66,63053.81,75.32157
1783481400000,63053.81,63053.81,62916.63,62952.58,65.63392
1783482300000,62952.58,62952.58,62700.18,62766,125.15947
1783483200000,62766,62856,62734,62799.28,97.11094
1783484100000,62799.28,62900,62799.28,62874.99,66.67794
1783485000000,62874.99,62901.49,62710,62741.06,180.14288
1783485900000,62741.07,62809.39,62676,62800,91.23285
1783486800000,62800.01,62876.95,62750,62801.71,103.02524
1783487700000,62801.72,62849.99,62716,62772,283.49375
1783488600000,62771.99,62781.88,62619.77,62619.78,246.27596
1783489500000,62619.78,62688,62558,62637.88,83.83986
1783490400000,62637.88,62646.01,62562,62634.01,78.55214
1783491300000,62634.01,62712,62483.73,62622.01,181.60229
1783492200000,62622,62633.16,62477.04,62543.1,114.53804
1783493100000,62543.1,62746,62532,62657.81,83.15682
1783494000000,62657.82,62752,62550,62747.35,149.78272
1783494900000,62747.36,62829,62673.68,62812,110.81331
1783495800000,62812,62885.55,62766,62826,126.08225
1783496700000,62825.99,62894.89,62803.3,62888.35,97.04552
1783497600000,62888.34,62941.46,62788,62830,236.45701
1783498500000,62830,62848,62084,62084.01,567.5731
1783499400000,62084,62158.26,61855.26,62048.25,592.34955
1783500300000,62048.26,62341.88,62000,62018.36,311.30894
1783501200000,62018.36,62114,61878.69,61883.73,270.3706
1783502100000,61883.74,61938,61743.83,61937.99,616.73033
1783503000000,61938,62190.01,61937.99,62145.99,892.24313
1783503900000,62145.99,62149.75,62048.3,62057.67,279.09768
1783504800000,62057.68,62094,61903.45,62004.63,306.33653
1783505700000,62004.63,62124.6,61982.7,62121.08,83.85932
1783506600000,62121.08,62171.42,62065.6,62140.52,129.25287
1783507500000,62140.51,62199.97,62101,62183.12,414.71665
1783508400000,62183.11,62189.12,62073.99,62116,211.87807
1783509300000,62116.01,62166.02,62055.63,62121.38,58.30366
1783510200000,62121.38,62392.04,62086.64,62336.01,174.59922
1783511100000,62336,62361.72,62234,62299.99,132.08401
1783512000000,62300,62451.08,62206.37,62320.01,363.07093
1783512900000,62320,62372,62228.93,62285.38,102.01746
1783513800000,62285.39,62302,62090.01,62095.79,287.41538
1783514700000,62095.8,62161.24,61953.58,61957.73,124.98766
1783515600000,61957.74,62000,61848,61925.21,182.9126
1783516500000,61925.2,61936,61754,61824.61,192.46141
1783517400000,61824.62,62090,61824.62,61962,314.4272
1783518300000,61962,61962,61632.23,61945.49,441.19119
1783519200000,61945.49,62161.65,61914.01,62045.62,511.60515
1783520100000,62045.61,62173.56,61829.13,62004,342.27743
1783521000000,62004,62038,61856,61908.99,157.59758
1783521900000,61908.98,62042,61712,61889.83,404.2607
1783522800000,61889.83,61922,61577.69,61608.14,255.57458
1783523700000,61608.14,61716,61544.56,61628.01,415.98032
1783524600000,61628,61798.72,61586,61621.83,277.71704
1783525500000,61621.83,61730,61595.75,61704.01,106.64081
1783526400000,61704.01,61894,61692,61833.3,153.11976
1783527300000,61833.3,61986.01,61788,61916.31,250.34133
1783528200000,61916.3,62090,61793.86,62058.01,205.91832
1783529100000,62058,62164.6,62012.58,62113.03,153.1154
1783530000000,62113.02,62149.73,62032,62065.3,118.64043
1783530900000,62065.3,62308.67,62050,62308.67,137.99414
1783531800000,62308.66,62394.32,62240.63,62262.85,174.68108
1783532700000,62262.84,62274,62056.53,62104.62,87.25866
1783533600000,62104.62,62307.62,62097.19,62290.4,89.84508
1783534500000,62290.39,62351.97,62192.72,62192.73,81.21673
1783535400000,62192.73,62192.73,62045.2,62096,67.77809
1783536300000,62095.99,62274.86,62080,62185.32,62.26639
1783537200000,62185.33,62268,62092.97,62092.97,59.18202
1783538100000,62092.97,62240,62068,62233.57,56.87888
1783539000000,62233.58,62282,62204,62282,62.05028
1783539900000,62281.99,62292.19,62121.57,62277.98,117.80684
1783540800000,62277.98,62306.54,62184,62257.56,57.82586
1783541700000,62257.56,62268.43,62146.73,62268.42,78.72733
1783542600000,62268.42,62270,62110.33,62194,70.81362
1783543500000,62194,62238,62082.8,62099.61,394.29265
1783544400000,62099.62,62143.83,61956,62000,292.28039
1783545300000,62000,62103.45,61980.58,62103.45,64.72551
1783546200000,62103.44,62151.99,62043.59,62093.36,259.12526
1783547100000,62095.06,62251.22,62078,62187.17,228.0993
1783548000000,62187.17,62350.63,62179.15,62208.98,125.95487
1783548900000,62208.99,62300,62178,62299.99,43.04876
1783549800000,62300,62335.66,62242.27,62325.06,68.24749
1783550700000,62325.05,62330.4,62257.01,62330.4,31.65868
1783551600000,62330.4,62346.6,62282,62324.59,42.61666
1783552500000,62324.59,62324.6,62210,62263.99,75.60513
1783553400000,62264,62266,62174,62259.7,72.4821
1783554300000,62259.69,62320,62229.29,62290,40.82141
1783555200000,62290.01,62309.88,62155.29,62241.69,95.03681
1783556100000,62241.69,62254,62116,62189.99,75.83967
1783557000000,62189.99,62283.71,62088.3,62201.99,106.09833
1783557900000,62201.99,62243.99,62058.51,62129.99,142.86656
1783558800000,62129.99,62642,62116.15,62405.94,229.96129
1783559700000,62405.95,62571.61,62362.23,62396.46,211.76496
1783560600000,62396.45,62411.99,62046.89,62112,234.79574
1783561500000,62112,62118,61837.1,61916,214.7551
1783562400000,61916,62086,61808.54,62083.02,126.51481
1783563300000,62083.02,62121.21,61958,62004.06,218.01932
1783564200000,62004.05,62030.68,61804.05,61814.37,93.68392
1783565100000,61814.14,61842,61705.29,61788.8,149.96894
1783566000000,61788.79,61864.33,61730,61856.22,106.92626
1783566900000,61856.23,61947.43,61735.52,61917.12,287.78708
1783567800000,61917.12,62062.99,61872.43,61987.01,103.22655
1783568700000,61987,62002.85,61910.05,61974.34,110.45795
1783569600000,61974.34,62088,61956.46,62032,77.63924
1783570500000,62032.01,62116.62,62012.01,62090.77,47.56872
1783571400000,62090.78,62300,62090,62299.99,106.23944
1783572300000,62299.99,62456.29,62276.01,62453.74,244.07034
1783573200000,62453.74,62624.61,62369.46,62500,574.93311
1783574100000,62499.99,62532.48,62270.79,62300.17,138.93011
1783575000000,62300.17,62404,62236,62373.99,87.71733
1783575900000,62373.99,62589.62,62354.34,62589.61,106.27305
1783576800000,62589.61,62770.54,62485.58,62528.01,288.42562
1783577700000,62528,62862.87,62496,62822,199.95252
1783578600000,62821.99,62859.39,62750,62853.99,152.35236
1783579500000,62853.99,62980,62821.85,62959.96,149.60076
1783580400000,62959.96,63178,62788.06,62943.28,338.92792
1783581300000,62943.29,63086,62842.73,62920,181.75933
1783582200000,62920.01,63050,62799.13,63043.42,156.02807
1783583100000,63043.42,63283.26,62963.26,63000,225.89834
1783584000000,62999.99,63022,62914.63,62953.98,71.95503
1783584900000,62953.99,63078.9,62930,63051.87,163.30084
1783585800000,63051.86,63100.1,62982,63040,322.54497
1783586700000,63040.01,63043.72,62855.63,62903.65,314.98833
1783587600000,62903.66,62941.3,62822,62873.7,151.98324
1783588500000,62873.7,62941.7,62834.04,62926.52,155.55414
1783589400000,62926.53,63002,62786.82,62804,176.64552
1783590300000,62804,62970,62797.99,62953.4,65.25481
1783591200000,62953.4,63056.98,62911.4,63010,251.28448
1783592100000,63009.99,63021.24,62876,62885.53,71.98655
1783593000000,62885.52,62950.91,62857.69,62910,56.67036
1783593900000,62910,62910,62688,62786.04,110.28917
1783594800000,62786.05,62830,62756,62804.01,335.71459
1783595700000,62804,62804.01,62662,62702.74,70.7112
1783596600000,62702.73,62730,62614.66,62661.3,83.93445
1783597500000,62661.3,62819.47,62614.68,62786.34,123.43233
1783598400000,62786.33,62874,62662,62782.01,176.70438
1783599300000,62782,62845.27,62579.11,62812.66,1462.2678
1783600200000,62812.67,62952,62576.14,62612.64,845.51977
1783601100000,62612.64,62671.32,62465.39,62614.02,209.97172
1783602000000,62614.01,62935.51,62614.01,62876.01,133.30478
1783602900000,62876,62876.01,62694,62727.08,108.37711
1783603800000,62727.08,62970.48,62523.08,62970.47,200.25563
1783604700000,62970.48,63240.15,62818,63028.35,291.02739
1783605600000,63028.36,63144.79,62864,62932.01,111.66202
1783606500000,62932,62932,62666.66,62879.75,268.96137
1783607400000,62879.75,63000,62744.19,62918.37,105.77747
1783608300000,62918.37,63042.85,62818,63016,112.00279
1783609200000,63016,63208,62922.11,63097.53,195.92448
1783610100000,63097.52,63261,62941.56,62985.27,454.94104
1783611000000,62985.27,63086.95,62872.62,62979.59,96.05235
1783611900000,62979.58,63045.99,62811.1,62868.05,110.21592
1783612800000,62868.06,62996,62825.45,62858.98,88.04859
1783613700000,62858.97,62886.85,62559.59,62711.42,286.36011
1783614600000,62711.43,62791.14,62682,62726.53,76.80026
1783615500000,62726.53,62739.66,62608.15,62700.01,80.92861
1783616400000,62700.01,62800,62668,62700.47,66.33794
1783617300000,62700.47,62846,62697.53,62838.99,76.51421
1783618200000,62839,63050,62754.93,63028,181.48281
1783619100000,63027.99,63165.12,63014.37,63142.79,406.61995
1783620000000,63142.79,63500,63080,63390.85,445.05931
1783620900000,63390.85,63420,63247.72,63385.83,135.60435
1783621800000,63385.83,63421.35,63260,63318.72,104.21324
1783622700000,63318.73,63358,63188,63219.03,92.00532
1783623600000,63219.03,63276.81,63183.46,63207.37,119.5926
1783624500000,63207.37,63276,63118.45,63264.73,182.22965
1783625400000,63264.73,63374.44,63222,63364,120.74289
1783626300000,63364,63375.73,63228.02,63248.1,183.66861
1783627200000,63248.09,63282,63177.36,63200.43,89.12766
1783628100000,63200.43,63326.53,63194,63286.41,45.96775
1783629000000,63286.4,63330.85,63248.76,63317.26,47.78479
1783629900000,63317.27,63322,63248,63313.38,53.73242
1783630800000,63313.38,63397.94,63283.32,63324.03,85.62684
1783631700000,63324.03,63348,63246.08,63256.15,38.27367
1783632600000,63256.14,63277.06,63208.91,63228.58,54.73419
1783633500000,63228.58,63288.86,63226.59,63274.59,82.81146
1783634400000,63274.6,63342,63237.38,63253.49,85.14233
1783635300000,63253.49,63383.97,63253.49,63344,49.56841
1783636200000,63344,63418,63266.62,63360.6,80.50186
1783637100000,63360.61,63396.8,63218.77,63218.78,59.07115
1783638000000,63218.78,63252,63180.26,63183.36,35.35897
1783638900000,63183.37,63325,63060.91,63234,171.61475
1783639800000,63234.01,63299.98,63162,63290.22,64.22612
1783640700000,63290.23,63319.2,63230,63230,59.82032
1783641600000,63230.01,63255.49,63130.32,63223,117.57516
1783642500000,63223,63250,63072.01,63102,160.16045
1783643400000,63102.01,63168,62926.01,63049.8,275.88076
1783644300000,63049.8,63117.51,62994.97,63113.93,73.24816
1783645200000,63113.92,63128.72,62962,63126.98,82.23359
1783646100000,63126.99,63394.41,63126.98,63393.78,158.01609
1783647000000,63393.78,63460.1,63330.64,63394,103.55678
1783647900000,63394.01,63999.99,63384,63749.86,885.29583
1783648800000,63749.86,63892.49,63692.76,63871.04,287.14791
1783649700000,63871.05,63951.68,63810,63815.9,157.1733
1783650600000,63815.91,63920,63778.2,63872.18,323.89363
1783651500000,63872.17,64050.23,63842.01,63961.99,249.63842
1783652400000,63961.99,63986.79,63843.82,63928.37,138.11921
1783653300000,63928.36,63928.37,63843.82,63850.3,100.24291
1783654200000,63850.31,63937,63822.8,63934,76.89469
1783655100000,63934,64050,63910.01,63947.2,95.67797
1783656000000,63947.2,64030.91,63938,63974,92.29072
1783656900000,63974.01,64049,63892.49,63892.49,85.37511
1783657800000,63892.49,64156,63857.64,64100,297.55705
1783658700000,64100,64176.86,64037.7,64047.88,92.58321
1783659600000,64047.89,64047.89,63956.33,63984.4,93.48667
1783660500000,63984.39,64016.79,63944.05,63979.72,155.46563
1783661400000,63979.73,64200,63962.02,64179.37,138.06034
1783662300000,64179.37,64185.3,64084.21,64115.99,120.92336
1783663200000,64116,64162,64032,64033.28,91.76559
1783664100000,64033.28,64042,63866,63906,104.97513
1783665000000,63906.01,63947.5,63866.44,63887.62,69.55822
1783665900000,63887.62,63926.51,63836,63854.71,86.6094
1783666800000,63854.71,63916,63802.02,63916,65.48512
1783667700000,63915.99,64011.9,63864.2,63964.87,79.48466
1783668600000,63964.88,63964.88,63905.63,63948.28,151.74176
1783669500000,63948.28,63999,63920.19,63963,269.38686
1783670400000,63963,64035.2,63962.99,64024,203.84649
1783671300000,64023.99,64392,64023.99,64331.99,412.02182
1783672200000,64331.99,64367.96,64174.01,64200,195.10731
1783673100000,64200.01,64287.16,64140.74,64246.01,134.91002
1783674000000,64246,64270.62,64102,64216.73,241.87884
1783674900000,64216.73,64421.94,64210,64417.05,381.18125
1783675800000,64417.06,64480.01,64357.79,64466.12,292.29742
1783676700000,64466.11,64478.42,64382.03,64385.09,135.65099
1783677600000,64385.09,64406,64274.47,64294.64,93.59536
1783678500000,64294.65,64438.76,64282.69,64437.49,121.97218
1783679400000,64437.48,64494.84,64370,64476,88.39057
1783680300000,64476,64491.89,64407.8,64407.8,96.89996
1783681200000,64407.8,64479.61,64396.97,64449.54,94.45583
1783682100000,64449.54,64467.99,64364,64427.01,89.77076
1783683000000,64427.02,64427.02,64341.83,64395.61,79.19098
1783683900000,64395.62,64480,64387.99,64425.18,73.87086
1783684800000,64425.18,64608,63999,64542.48,481.22153
1783685700000,64542.48,64542.49,64372,64500.84,274.18521
1783686600000,64500.84,64525.29,64356,64369.99,201.51366
1783687500000,64369.99,64390.09,64265.59,64286.64,125.03023
1783688400000,64286.65,64343.11,64244.9,64244.9,132.72046
1783689300000,64244.91,64274.06,64156.56,64161.86,151.29728
1783690200000,64161.86,64442,64152.84,64381.15,245.49051
1783691100000,64381.16,64692.83,64374.73,64484,297.17121
1783692000000,64484,64516,64194.29,64210,215.5331
1783692900000,64210,64254.9,63960.87,64135.77,320.2431
1783693800000,64135.77,64322,63793.43,64099.55,479.40684
1783694700000,64099.56,64144,63896.31,63914.87,323.54889
1783695600000,63914.88,64079.62,63898,63990,222.22987
1783696500000,63990.01,64210,63990,64143.31,169.3372
1783697400000,64143.3,64169.07,63944,63955.84,194.53329
1783698300000,63955.84,64040,63936,64040,151.72677
1783699200000,64039.99,64087.23,63956.66,64056.02,146.75618
1783700100000,64056.01,64155.19,63988.67,64012.04,148.41065
1783701000000,64012.03,64036,63826.57,63937.91,175.3859
1783701900000,63937.92,64220,63914,64140.01,200.91313
1783702800000,64140,64158.58,63942.45,63960,114.82822
1783703700000,63960.01,64017.03,63864.95,63978,125.70132
1783704600000,63978,63978.01,63852.38,63881.99,124.23365
1783705500000,63882,63936.76,63821.88,63823.99,126.8159
1783706400000,63824,64003.99,63823.99,63890.18,180.34933
1783707300000,63890.18,63982.41,63848.24,63924.57,102.98836
1783708200000,63924.57,63940,63858.7,63883.99,108.6959
1783709100000,63883.99,63884,63732.66,63810,174.14708
1783710000000,63809.99,63900,63784,63882.05,86.42292
1783710900000,63882.04,63922.38,63780,63861.09,100.9894
1783711800000,63861.1,64077.56,63851.01,63986.01,272.43783
1783712700000,63986,64020,63889.99,63917.88,767.68037
1783713600000,63917.88,63920,63819.72,63819.72,380.64523
1783714500000,63819.73,63946.36,63656,63732.25,605.96554
1783715400000,63732.26,63904,63719.3,63883.84,88.12008
1783716300000,63883.85,63883.85,63840.89,63841.25,52.08453
1783717200000,63841.25,63985.51,63835.05,63947.99,72.6421
1783718100000,63948,64018,63936,64010.15,61.83091
1783719000000,64010.14,64099.56,63989.36,64039.89,116.09533
1783719900000,64039.88,64040,63989.05,64011.99,56.73213
1783720800000,64012,64054.75,63981.37,64051.83,93.97334
1783721700000,64051.82,64138.99,64018,64132.07,128.35781
1783722600000,64132.08,64160,64119.23,64123.97,94.68751
1783723500000,64123.97,64169.39,64074.7,64112.29,191.12316
1783724400000,64112.3,64120,64024,64120,76.11842
1783725300000,64120,64203.09,64115.84,64190,51.1383
1783726200000,64190,64222.61,64165,64222,260.26594
1783727100000,64222,64222.01,64118.91,64161.72,302.73127
1783728000000,64161.72,64168.49,64059.27,64068.76,156.93118
1783728900000,64068.77,64130.76,64028.43,64109.54,28.26401
1783729800000,64109.55,64147.27,64050,64147.27,87.8634
1783730700000,64147.27,64147.27,64090,64124,42.72643
1783731600000,64123.99,64162,64100,64138,89.03494
1783732500000,64137.99,64310,64128.76,64228.82,162.93928
1783733400000,64228.82,64269.01,64006,64060,106.90057
1783734300000,64060.01,64109.08,64004.01,64012.95,46.54908
1783735200000,64012.95,64058,63984.07,64006.98,46.52451
1783736100000,64006.98,64070.2,64004.15,64032.55,28.82718
1783737000000,64032.55,64145.81,64027.53,64145.57,59.00048
1783737900000,64145.56,64166,64136.22,64158.04,71.13801
1783738800000,64158.04,64188.01,64115.66,64188.01,42.44373
1783739700000,64188,64195.04,64068,64116.44,73.81608
1783740600000,64116.44,64184.24,64116.43,64159.1,23.67911
1783741500000,64159.11,64190,64150.42,64150.42,34.85346
1783742400000,64150.42,64150.43,64087.45,64119.35,29.2789
1783743300000,64119.35,64169.99,64080.26,64140.45,98.76792
1783744200000,64140.44,64213.55,64136.2,64154.43,43.50225
1783745100000,64154.44,64170,64120,64152,51.97644
1783746000000,64152,64198.12,64121.07,64164.04,117.36765
1783746900000,64164.04,64200.01,64140,64200,94.34787
1783747800000,64200,64221.99,64158,64200.01,272.8466
1783748700000,64200.01,64200.01,64140.4,64176.01,51.41256
1783749600000,64176,64210,64124,64174.99,95.98496
1783750500000,64175,64278,64174.99,64228.71,60.12934
1783751400000,64228.72,64265.74,64218.25,64218.25,57.03753
1783752300000,64218.26,64237.59,64200.27,64219.1,89.69324
1783753200000,64219.09,64227.58,64176,64218,147.92084
1783754100000,64218.01,64256.55,64194,64204.99,190.35209
1783755000000,64205,64232,64174.6,64174.61,42.96927
1783755900000,64174.61,64177.91,64152,64162.18,41.42852
1783756800000,64162.18,64250,64153.87,64230.77,51.26858
1783757700000,64230.77,64274.81,64229.2,64250.56,41.10952
1783758600000,64250.57,64300,64242.8,64286.86,44.80388
1783759500000,64286.87,64286.87,64235.62,64265.98,31.93245
1783760400000,64265.98,64275.81,64217.78,64217.79,46.71145
1783761300000,64217.79,64270.21,64217.78,64270.19,27.09318
1783762200000,64270.19,64300,64189.18,64189.18,144.41996
1783763100000,64189.19,64189.19,64159.7,64167.34,129.31487
1783764000000,64167.35,64204.02,64157.96,64204.01,77.34694
1783764900000,64204.02,64204.02,64152.65,64184.01,107.11734
1783765800000,64184,64186.58,64129.99,64130,183.24604
1783766700000,64130,64196,64129.99,64196,53.54202
1783767600000,64196,64215.32,64178,64210,128.36473
1783768500000,64210,64212.01,64167.99,64175.85,97.74397
1783769400000,64175.84,64213.57,64169.99,64185,134.3857
1783770300000,64185,64198,64179.96,64198,56.94656
1783771200000,64197.99,64225.99,64158.11,64214.25,217.80908
1783772100000,64214.26,64228,64172.62,64181.72,90.35169
1783773000000,64181.72,64181.72,64130.65,64141.99,63.27429
1783773900000,64141.99,64198,64141.99,64195.49,36.87893
1783774800000,64195.48,64203.89,64169.78,64186.43,91.24072
1783775700000,64186.44,64213.78,64159.99,64190.7,110.83298
1783776600000,64190.71,64266,64190.7,64239.93,102.29724
1783777500000,64239.94,64265.66,64234,64235.66,47.81361
1783778400000,64235.67,64276.21,64235.66,64264.01,44.39749
1783779300000,64264,64450,64264,64380.9,193.46112
1783780200000,64380.91,64504.11,64380.9,64419.78,203.64434
1783781100000,64419.79,64431.86,64350,64350.07,109.92866
1783782000000,64350.07,64484.01,64347.91,64463.99,130.71702
1783782900000,64463.99,64474.59,64410.14,64429.83,109.88437
1783783800000,64429.83,64450,63896.18,64094.69,678.31889
1783784700000,64094.7,64191.04,64008,64175.75,266.70429
1783785600000,64175.75,64214,64084,64186.68,174.03571
1783786500000,64186.68,64230.96,64148.84,64220,114.80606
1783787400000,64220.01,64273.63,64114.74,64146,116.0185
1783788300000,64145.99,64180.01,64102.2,64180.01,63.66604
1783789200000,64180,64224,64164.08,64206.67,47.77097
1783790100000,64206.67,64300,64192,64300,58.51364
1783791000000,64299.99,64402,64299.99,64359.51,101.39949
1783791900000,64359.52,64388.82,64312.82,64315.53,65.26835
1783792800000,64315.53,64342.3,64288.91,64304.99,101.88492
1783793700000,64305,64395.17,64304.99,64341.3,77.4067
1783794600000,64341.31,64360.01,64330,64353.29,55.11732
1783795500000,64353.29,64353.3,64294,64327.99,39.83597
1783796400000,64327.99,64328,64298.97,64323.19,57.84002
1783797300000,64323.19,64338,64233.69,64233.69,61.23016
1783798200000,64233.69,64285.9,64233.23,64270.63,52.15961
1783799100000,64270.63,64290,64260.95,64286,31.09328
1783800000000,64286,64350,64285.99,64324.61,81.5978
1783800900000,64324.62,64360,64324.62,64350,25.98985
1783801800000,64350,64463.83,64346,64415.05,63.86359
1783802700000,64415.05,64425.87,64382.04,64382.45,25.77959
1783803600000,64382.44,64427.56,64354.45,64354.45,29.91619
1783804500000,64354.45,64396,64353.13,64367.22,30.2385
1783805400000,64367.21,64372.95,64342,64350,32.55963
1783806300000,64350,64380,64338.09,64355.99,23.80451
1783807200000,64355.99,64424.03,64330,64357.17,71.48242
1783808100000,64357.17,64364.65,64203.08,64251.3,91.42731
1783809000000,64251.29,64302,64167.33,64211.57,106.80037
1783809900000,64211.57,64222,64144.47,64203.08,33.60885
1783810800000,64203.09,64246,64083.82,64139.1,74.06303
1783811700000,64139.09,64181.3,63821.42,63932.8,458.51282
1783812600000,63932.8,63959.87,63820,63955.36,278.4237
1783813500000,63955.36,64018.85,63819,63819,66.45008
1783814400000,63819.01,63909.92,63781.81,63782,217.12438
1783815300000,63781.99,63906,63766,63829.87,417.2268
1783816200000,63829.87,63864.03,63702.16,63796.01,671.93807
1783817100000,63796,63874.27,63762,63828.47,996.21427
1783818000000,63828.48,64045.18,63812,63918.75,165.36429
1783818900000,63918.75,64002,63896,63947.96,83.28978
1783819800000,63947.95,64172.66,63929.69,64156.01,89.43142
1783820700000,64156,64165.03,64096,64133.61,56.16519
1783821600000,64133.61,64133.62,64029.51,64053.2,256.83231
1783822500000,64053.2,64131.97,64042.56,64110.77,262.06013
1783823400000,64110.77,64120,64071.4,64080.26,54.50117
1783824300000,64080.27,64121.87,64060,64070.39,335.176
1783825200000,64070.4,64124,64035.68,64089.21,263.07165
1783826100000,64089.22,64161.9,64089.21,64135.76,89.19172
1783827000000,64135.77,64216,64135.77,64174.29,88.94444
1783827900000,64174.29,64223.74,64155.25,64223.73,47.74338
1783828800000,64223.73,64245.87,64170.11,64175.92,79.40626
1783829700000,64175.91,64215.63,64069.99,64070,117.39341
1783830600000,64070,64070,63943.68,64025.17,154.53863
1783831500000,64025.17,64025.18,63963.26,63999.93,61.5749
1783832400000,63999.94,64024.48,63980.93,63991.23,74.65911
1783833300000,63991.22,63991.23,63911.28,63912.33,85.18367
1783834200000,63912.34,63981.21,63900,63965.99,54.52701
1783835100000,63965.99,63997.27,63959.93,63959.93,76.96965
1783836000000,63959.93,63962.85,63732,63752,191.36529
1783836900000,63751.99,63786.21,63640.83,63668.51,140.77048
1783837800000,63668.51,63787.2,63640.83,63773.83,126.17217
1783838700000,63773.83,63822.59,63722,63762.46,68.21287
1783839600000,63762.47,63824.01,63740.12,63824,55.36641
1783840500000,63823.99,63882.27,63803.02,63865.46,52.62745
1783841400000,63865.46,63891.63,63850.55,63870.01,171.6627
1783842300000,63870.02,63908.39,63846.84,63885.27,227.06926
1783843200000,63885.28,64100.32,63884.2,64051.52,284.89122
1783844100000,64051.53,64096.12,64000,64000.01,219.53587
1783845000000,64000,64015.39,64000,64015.38,394.83513
1783845900000,64015.39,64015.39,63930,63983.18,450.50937
1783846800000,63983.18,63991.57,63890,63890,518.07993
1783847700000,63890,63890.01,63764,63828.14,705.29112
1783848600000,63828.14,64062.17,63828.14,64007.91,986.83627
1783849500000,64007.92,64021.99,63953.76,63961.61,879.29071
1783850400000,63961.6,63961.6,63896.99,63928.84,31.95227
1783851300000,63928.82,63939.05,63884.01,63884.01,28.50065
1783852200000,63884.01,63910.06,63848.98,63873.99,55.37344
1783853100000,63874,63893.87,63843.4,63865.76,134.54542
1783854000000,63865.76,63915,63826.01,63848.01,28.89956
1783854900000,63848,63911.42,63848,63911.42,25.48414
1783855800000,63911.41,64030,63911.41,64003.75,66.46976
1783856700000,64003.75,64028.31,63989.42,64018.01,37.81456
1783857600000,64018,64135,63970.55,64103.5,79.86614
1783858500000,64103.5,64124.84,64024.46,64054.13,67.37652
1783859400000,64054.14,64070,64000,64028.28,69.60507
1783860300000,64028.27,64050,63986.14,64026,103.21499
1783861200000,64026.01,64050,64004,64034.99,32.81471
1783862100000,64035,64097.99,64009.7,64043.5,178.40786
1783863000000,64043.49,64086.5,64034,64040.01,101.13208
1783863900000,64040,64042.84,63987.4,64023.14,57.56183
1783864800000,64023.13,64035,63958.71,63975.01,79.84101
1783865700000,63975.01,63998.11,63960,63997.93,28.35887
1783866600000,63997.92,64082,63997.92,64070.22,48.22847
1783867500000,64070.22,64290.11,64070,64203.08,105.01991
1783868400000,64203.08,64262.15,64149.97,64190.92,57.88815
1783869300000,64190.91,64241.51,64136,64223.36,56.30652
1783870200000,64223.36,64248,64117.97,64152.9,72.87206
1783871100000,64152.9,64213.77,64134.93,64176,43.63352
1783872000000,64176,64209.64,64042,64061.23,118.86901
1783872900000,64061.22,64177.41,64061.22,64176.77,46.84243
1783873800000,64176.77,64180,64108,64119.51,58.90001
1783874700000,64119.51,64177.71,64110.51,64177.7,35.71794
1783875600000,64177.7,64177.71,64136.43,64140.8,35.80722
1783876500000,64140.8,64164.7,64132,64132.78,30.67605
1783877400000,64132.77,64177.74,64115.63,64162.12,25.6839
1783878300000,64162.12,64164.35,64029.12,64078,151.79885
1783879200000,64078,64106.57,64026.86,64038.88,77.46012
1783880100000,64038.89,64091.08,64018.69,64066,57.63537
1783881000000,64066,64133.09,64066,64129.99,46.46762
1783881900000,64130,64150,64118.9,64147.99,26.18415
1783882800000,64148,64232.56,64147.99,64178.04,60.80646
1783883700000,64178.04,64213.18,64178.03,64206.29,22.27014
1783884600000,64206.3,64206.3,64147.3,64158.75,28.91593
1783885500000,64158.75,64270,64158.75,64228.59,66.33437
1783886400000,64228.59,64254,64182.25,64191.73,41.77476
1783887300000,64191.73,64209.13,64178.03,64203.26,21.9342
1783888200000,64203.27,64219.63,64178.03,64213.92,53.85391
1783889100000,64213.92,64230,64192,64198.89,40.67753
1783890000000,64198.9,64232.02,64198.82,64208.05,33.20408
1783890900000,64208.05,64208.06,64086,64106,67.18526
1783891800000,64106,64106.01,64022.66,64053.25,61.3749
1783892700000,64053.24,64053.24,63891.84,63920.4,155.52589
1783893600000,63920.4,63920.4,63686.12,63792.01,227.15309
1783894500000,63792.01,63835,63668,63826,100.02886
1783895400000,63825.99,63869.56,63766.61,63780,42.12221
1783896300000,63780,63923.99,63704.4,63886.87,56.61556
1783897200000,63886.86,63914.85,63739.33,63824.99,87.6688
1783898100000,63825,63849.42,63787.23,63826.99,33.56492
1783899000000,63826.98,63862,63750,63812,83.82317
1783899900000,63812,63824,63726.62,63780,55.74892
1783900800000,63780,64295,63725.37,64295,317.60469
1783901700000,64295,64425,64174.39,64181.65,212.59475
1783902600000,64181.65,64204,63568,63786,434.66956
1783903500000,63786,64117.64,63780,64072.01,170.03408
1783904400000,64072,64072.01,63659.73,63856.05,205.59727
1783905300000,63856.04,63991.54,63664.51,63720,200.76786
1783906200000,63720,63768.38,63542.33,63693.97,295.45647
1783907100000,63693.98,63698,63376.53,63412.01,411.83969
1783908000000,63412.01,63450,63237.26,63412.12,274.17119
1783908900000,63412.12,63541.94,63365.08,63468.25,191.85366
1783909800000,63468.24,63496.5,63394.13,63468.01,109.03908
1783910700000,63468.01,63469.53,63343.29,63375.99,46.93081
1783911600000,63376,63382.95,62892.65,63024.66,413.2011
1783912500000,63024.67,63123.77,62808,63072.01,291.06991
1783913400000,63072,63072,62741.04,62821.52,224.59294
1783914300000,62821.53,62870,62788,62806.41,139.95876
1783915200000,62806.41,62869.02,62688.6,62817.97,198.38307
1783916100000,62817.96,62911.94,62817.96,62874.97,109.51235
1783917000000,62874.97,62874.97,62620.13,62718,217.01959
1783917900000,62718,62782,62662,62672,145.34106
1783918800000,62672,62905.68,62500.76,62809.59,332.28622
1783919700000,62809.6,62836,62614.46,62636,260.59393
1783920600000,62636,62820.3,62563.56,62804.16,111.88247
1783921500000,62804.15,62826.95,62763.97,62799,111.38586
1783922400000,62799.01,62864.16,62731.5,62746.27,158.52757
1783923300000,62746.27,62843.92,62710.45,62843.91,96.83299
1783924200000,62843.92,62870.91,62767.2,62840.8,55.98002
1783925100000,62840.8,62880,62790.83,62797.55,73.77448
1783926000000,62797.55,62876.33,62753.69,62808.09,170.89677
1783926900000,62808.1,63024.12,62790.53,62964.01,251.15634
1783927800000,62964,63064.07,62916,62978.55,676.64333
1783928700000,62978.55,63070.01,62959.32,62985.52,377.49146
1783929600000,62985.53,63105.28,62935.92,63038.64,625.2501
1783930500000,63038.63,63120.03,62982,63100,512.37732
1783931400000,63100.01,63127.87,63000.73,63127.86,393.95774
1783932300000,63127.86,63302.88,63122.21,63206.97,361.45411
1783933200000,63206.98,63210,63138.75,63155.26,119.32965
1783934100000,63155.26,63155.27,63098.59,63131,85.04434
1783935000000,63131,63134.01,63090.67,63109.32,229.95585
1783935900000,63109.33,63127.01,63086.12,63100.02,229.10591
1783936800000,63100.02,63115.79,63080,63085.82,144.90341
1783937700000,63085.81,63157.85,63068.11,63100,160.33664
1783938600000,63100,63121.94,62884.29,62932.45,393.69853
1783939500000,62932.45,62975.54,62862.28,62867.89,89.35506
1783940400000,62867.9,63135.55,62867.9,63083.52,140.86006
1783941300000,63083.51,63100.68,62992.21,63028.32,112.68901
1783942200000,63028.31,63028.31,62956.52,62962.08,69.09974
1783943100000,62962.08,62964,62893.69,62901.99,135.65242
1783944000000,62901.99,62990.04,62807.14,62842.37,218.68081
1783944900000,62842.37,62882,62720.79,62747.08,205.91843
1783945800000,62747.09,62783.93,62576.47,62614.01,145.16492
1783946700000,62614.01,62662.49,62570,62625.15,119.92821
1783947600000,62625.15,62660,62518,62518.01,145.03218
1783948500000,62518,62589.88,62374.01,62531.02,365.98274
1783949400000,62531.01,62766.37,62256,62332.01,803.51943
1783950300000,62332,62401.29,62164,62318,860.81376
1783951200000,62318.01,62418.37,62256.64,62415.99,399.58574
1783952100000,62416,62654,62101,62556.01,676.48671
1783953000000,62556,62678.39,62460.03,62619.14,423.91086
1783953900000,62619.14,62794.97,62584,62791.85,280.87693
1783954800000,62791.85,62863.48,62683.16,62794.01,299.96149
1783955700000,62794,62983.83,62787.2,62814,189.18042
1783956600000,62814.01,62853.44,62568,62650.9,205.3639
1783957500000,62650.91,62684.97,62559.58,62618.01,531.49493
1783958400000,62618,62629.35,62525.28,62537.23,308.22193
1783959300000,62537.22,62537.23,62275.77,62347.93,314.67518
1783960200000,62347.92,62389.67,62212,62366.49,187.83143
1783961100000,62366.49,62420,62249.99,62276,159.96254
1783962000000,62276.01,62370,62252.7,62318.85,141.11074
1783962900000,62318.85,62318.85,62176.46,62182,189.32474
1783963800000,62182,62224,61981,62102,575.95733
1783964700000,62102.01,62184.56,61900,61904.99,255.38771
1783965600000,61904.99,62056.35,61877.76,61927.99,222.78679
1783966500000,61928,62007.97,61824.97,61948,217.89022
1783967400000,61948,62000,61904.02,61999.99,114.56142
1783968300000,62000,62100,61980,62020,107.27652
1783969200000,62020,62087.17,61990,62073.04,109.38608
1783970100000,62073.03,62110,61999.41,62014,121.94528
1783971000000,62014,62173.91,62013.99,62173.9,156.14092
1783971900000,62173.91,62292.84,62134,62288.23,115.96034
1783972800000,62288.23,62324.74,62206,62221.98,58.80519
1783973700000,62221.98,62221.99,62084,62217.67,95.28301
1783974600000,62217.66,62266,62182.48,62182.48,79.8562
1783975500000,62182.49,62211,62050.71,62210.99,60.48586
1783976400000,62211,62216.35,62050,62108,85.08139
1783977300000,62108,62152.49,61992,62025.99,98.58022
1783978200000,62025.99,62067.11,61897.45,61976,126.19896
1783979100000,61976,62123.34,61923.87,62065.06,75.32265
1783980000000,62065.05,62208,62052.02,62177.6,90.39292
1783980900000,62177.6,62224,62135.69,62156,84.86358
1783981800000,62156,62180.01,62026,62061.55,77.63678
1783982700000,62061.55,62070.76,61911.31,61924,133.55928
1783983600000,61924,62079.09,61882.88,62060.47,67.02997
1783984500000,62060.46,62240,62054.24,62164.77,77.32154
1783985400000,62164.77,62213.98,62101.61,62122.04,95.57952
1783986300000,62122.04,62347.46,62106,62334.52,116.02512
1783987200000,62334.52,62484,62272.2,62436.61,305.84055
1783988100000,62436.62,62436.62,62316,62372.76,132.12667
1783989000000,62372.76,62452,62289.9,62309.35,135.2412
1783989900000,62309.35,62666.66,62309.35,62549.54,254.77394
1783990800000,62549.55,62574,62460.03,62495.35,100.3798
1783991700000,62495.34,62640,62492,62525.74,143.09136
1783992600000,62525.75,62568,62468.78,62494.11,108.92205
1783993500000,62494.12,62555.48,62477,62540.42,118.92726
1783994400000,62540.41,62616,62491.24,62504,103.21701
1783995300000,62503.99,62522,62329.98,62384,225.11727
1783996200000,62384,62600.01,62384,62593.19,81.63954
1783997100000,62593.18,62645,62526.21,62544,100.12945
1783998000000,62544,62604,62369.12,62393.89,158.51495
1783998900000,62393.9,62469.47,62314,62469.47,178.46757
1783999800000,62469.48,62548.71,62438.47,62470.01,58.32244
1784000700000,62470.01,62572.89,62466,62572.89,44.59119
1784001600000,62572.88,62657.75,62539.71,62564.49,54.55066
1784002500000,62564.49,62656,62548.46,62645.04,58.61862
1784003400000,62645.04,62768.95,62645.03,62708.69,138.70205
1784004300000,62708.7,62766.86,62697.36,62745.23,62.84646
1784005200000,62745.24,62862,62706,62824.16,169.58045
1784006100000,62824.15,62872,62760.75,62842.01,142.18965
1784007000000,62842.01,62871.67,62716.79,62753.96,108.87692
1784007900000,62753.97,62753.97,62697.69,62737,204.77768
1784008800000,62737,62737.01,62647.99,62647.99,348.98238
1784009700000,62648,62708.11,62647.99,62688.81,222.21739
1784010600000,62688.82,62772.48,62623.41,62690,58.73291
1784011500000,62690,62700,62566.01,62624.05,112.09907
1784012400000,62624.06,62652,62556.01,62600,52.07317
1784013300000,62600,62655.99,62572,62636.71,103.81497
1784014200000,62636.72,62652,62564.18,62575.99,124.57448
1784015100000,62576,62590.02,62516.93,62560.92,125.69961
1784016000000,62560.92,62583.6,62500,62547.99,110.25033
1784016900000,62547.99,62672.2,62547.99,62664.01,55.27942
1784017800000,62664,62807.94,62631.75,62780.97,155.69223
1784018700000,62780.96,62790.09,62686,62713.85,56.64061
1784019600000,62713.85,62742,62668.32,62699.27,61.42336
1784020500000,62699.27,62730.69,62652.64,62674.27,156.56675
1784021400000,62674.27,62678.23,62538,62564.18,294.13971
1784022300000,62564.18,62649.15,62534.29,62629.55,102.42339
1784023200000,62629.56,62732.01,62625.06,62718,64.55601
1784024100000,62717.99,62734.33,62668.32,62668.32,122.99027
1784025000000,62668.32,62808,62609.47,62807.99,104.64817
1784025900000,62807.99,62908.8,62789.01,62800,145.02639
1784026800000,62800.01,62804.01,62713.6,62792.09,71.0521
1784027700000,62792.09,62876.63,62762.45,62865.76,74.45567
1784028600000,62865.76,62923.06,62815.27,62862,108.84222
1784029500000,62862.01,62883.79,62840,62844.99,48.55009
1784030400000,62844.99,62868,62780.84,62852.75,261.00996
1784031300000,62852.75,63108,62818.26,62957.97,295.3716
1784032200000,62957.96,63672.52,62949.69,63554.22,1751.82343
1784033100000,63554.21,63989.54,63554.21,63960,801.58367
1784034000000,63959.99,63976,63757.7,63792.75,380.51648
1784034900000,63792.76,64181.99,63792.75,63958.68,510.0945
1784035800000,63958.68,63980.15,63722,63788.8,367.85283
1784036700000,63788.79,63920.86,63699.03,63840.01,264.25032
1784037600000,63840.01,63876,63580.99,63872.21,332.33424
1784038500000,63872.2,63928.89,63778,63915.06,211.00141
1784039400000,63915.07,64088.88,63858.26,64025.99,217.56254
1784040300000,64026,64346.49,63928,64305.02,328.95494
1784041200000,64305.01,64420,64194.64,64208.9,413.61548
1784042100000,64208.89,64554.05,64196,64499.08,441.03357
1784043000000,64499.08,64966.43,64495.7,64781.78,1057.25234
1784043900000,64781.77,64861.98,64589.95,64743.99,1162.36379
1784044800000,64744,64896.86,64606,64734,533.69613
1784045700000,64734,64885.05,64674,64822.87,327.26876
1784046600000,64822.86,64893.92,64783.23,64783.23,223.77564
1784047500000,64783.23,64853.94,64714.28,64730,179.33913
1784048400000,64730.01,64730.01,64231.77,64601.24,558.88683
1784049300000,64601.24,64666.05,64389.52,64522.65,326.56907
1784050200000,64522.65,64525.99,64430,64520.2,121.57807
1784051100000,64520.19,64700,64489.99,64621.43,148.97536
1784052000000,64621.43,64626,64489.66,64489.67,104.94875
1784052900000,64489.67,64556.43,64479.34,64518.14,146.47588
1784053800000,64518.15,64635.99,64477.23,64578.72,156.95739
1784054700000,64578.72,64648.88,64545.81,64571.98,93.86769
1784055600000,64571.99,64640,64548,64622,72.74398
1784056500000,64622.01,64704,64533.08,64562.01,104.43242
1784057400000,64562,64562,64487.38,64542,104.17462
1784058300000,64541.99,64661.89,64541.99,64569.59,86.61077
1784059200000,64569.59,64590,64460.01,64460.01,121.83589
1784060100000,64460.02,64508,64445.44,64448.01,46.88938
1784061000000,64448,64491.98,64419.99,64487.42,50.28309
1784061900000,64487.41,64599,64458.1,64572.02,62.24238
1784062800000,64572.02,64615.02,64526,64615.02,58.19763
1784063700000,64615.02,64679.03,64615.01,64662.01,59.41602
1784064600000,64662,64893.92,64662,64737.19,182.11481
1784065500000,64737.2,64770,64632,64676.9,127.76881
1784066400000,64676.89,64676.9,64516,64538,112.65959
1784067300000,64538,65100,64538,64930,803.55245
1784068200000,64930,65030,64909.44,64917.21,209.12302
1784069100000,64917.22,64978,64860.88,64860.89,142.72816
1784070000000,64860.89,65048,64782,65020,202.73024
1784070900000,65020,65020.01,64890,64917.69,46.08784
1784071800000,64917.69,65013.74,64905.09,65003.99,80.9614
1784072700000,65003.99,65044.12,64988.75,65043.98,88.7261
1784073600000,65043.99,65065.01,64916.72,64922,138.34435
1784074500000,64922,64935.99,64835.62,64890.01,96.37563
1784075400000,64890.01,64890.01,64765.12,64781.78,89.97931
1784076300000,64781.78,64845.87,64781.78,64824.58,27.75414
1784077200000,64824.57,64834,64722,64746.01,66.32912
1784078100000,64746.01,64853.08,64697.97,64830.61,159.05211
1784079000000,64830.61,64844,64655.57,64719.4,193.82186
1784079900000,64719.39,64719.4,64644.48,64674.35,190.99722
1784080800000,64674.35,64755.99,64646.31,64710,66.73511
1784081700000,64709.99,64710,64517.56,64517.58,89.29367
1784082600000,64517.58,64562.49,64488,64562,155.29331
1784083500000,64562,64563.59,64490.86,64490.87,39.66976
1784084400000,64490.87,64664,64490.86,64630.4,121.25423
1784085300000,64630.39,64630.4,64580,64615.18,62.52328
1784086200000,64615.18,64769.01,64608,64701.08,110.48236
1784087100000,64701.08,64840,64674.05,64792.01,85.53457
1784088000000,64792,64885.99,64764.37,64826.01,86.75067
1784088900000,64826,64848,64762,64762,49.65642
1784089800000,64762.01,64830,64714,64805.57,70.06122
1784090700000,64805.57,64867.85,64730.92,64746.01,82.77915
1784091600000,64746.01,64815.99,64602.5,64621.99,133.60973
1784092500000,64622,64696,64621.99,64649.99,190.24994
1784093400000,64649.99,64751.83,64644.85,64704.58,258.4574
1784094300000,64704.58,64964.96,64695.88,64944.06,104.19233
1784095200000,64944.06,65061.77,64878,65044.01,173.76163
1784096100000,65044,65046.07,64937.41,64985.13,144.27539
1784097000000,64985.13,65277.37,64972,65038,473.54582
1784097900000,65038,65071.76,64814,64814,182.47859
1784098800000,64814.01,64876,64746.03,64868.02,265.30681
1784099700000,64868.02,64875.41,64485,64529.73,264.04891
1784100600000,64529.74,64640,64512,64610.01,340.25902
1784101500000,64610,64617.29,64549.33,64549.34,340.13242
1784102400000,64549.33,64680.47,64549.33,64587.99,205.93536
1784103300000,64588,64653.75,64574,64647.14,104.16664
1784104200000,64647.14,64742,64614,64738.07,131.51053
1784105100000,64738.07,64797.02,64728,64768.01,516.858
1784106000000,64768,64852.97,64760,64839.99,146.32991
1784106900000,64839.99,64917.94,64833.11,64833.11,233.73232
1784107800000,64833.11,64833.12,64699.5,64716.19,91.5871
1784108700000,64716.2,64732.62,64653.18,64671.83,70.82908
1784109600000,64671.84,64855.56,64642,64796,103.67078
1784110500000,64796,64798,64618.02,64636.18,86.52284
1784111400000,64636.17,64692.65,64614,64666.01,80.73736
1784112300000,64666,64680,64632.26,64663,45.37111
1784113200000,64663,64767.37,64616.11,64729.86,138.27937
1784114100000,64729.85,64738.44,64622.05,64641.18,130.01701
1784115000000,64641.18,64721.93,64641.17,64697.12,101.55624
1784115900000,64697.12,64755.28,64684.98,64732.15,130.28601
1784116800000,64732.15,64742,64626.73,64732.57,192.71828
1784117700000,64732.57,64768.17,64606,64688.52,144.11389
1784118600000,64688.51,64984,64682.74,64787.99,777.9184
1784119500000,64788,65249.9,64786,65164,722.65086
1784120400000,65164,65438.85,65156,65380.31,540.92679
1784121300000,65380.31,65577,65281.13,65312.72,570.80715
1784122200000,65312.72,65518,65250,65280,340.37014
1784123100000,65279.99,65279.99,64888,65117.99,490.01949
1784124000000,65118,65399.81,65072,65292.48,280.8993
1784124900000,65292.49,65422.89,65070,65326,394.5922
1784125800000,65326.01,65517.05,65298.06,65370,361.72665
1784126700000,65370,65496.4,65322.6,65399.81,149.91454
1784127600000,65399.8,65491.68,65261.71,65399.51,194.00983
1784128500000,65399.51,65436,65294,65405.71,176.32467
1784129400000,65405.7,65565,65338,65488,368.33488
1784130300000,65487.99,65600,65369.87,65427.61,414.58873
1784131200000,65427.6,65470,65048.09,65089.22,410.97185
1784132100000,65089.22,65185.91,65040.29,65166.22,278.64155
1784133000000,65166.22,65182.91,64784.83,64940.33,350.32721
1784133900000,64940.33,65136.08,64930.04,65120.79,383.25604
1784134800000,65120.8,65160,65015.24,65030.03,215.41004
1784135700000,65030.03,65076.44,64980.02,65045.69,252.65527
1784136600000,65045.7,65120,64972.95,65042.14,345.31968
1784137500000,65042.13,65194.72,64980.89,65056.1,306.31213
1784138400000,65056.1,65143.57,64965.24,65126.55,423.90159
1784139300000,65126.56,65126.56,64999.99,65058.06,406.6776
1784140200000,65058.07,65114,64971.36,64975.02,105.83268
1784141100000,64975.01,65016.23,64847.42,64860,140.44344
1784142000000,64860,64950.26,64855.5,64936.42,80.81474
1784142900000,64936.42,64936.42,64738.49,64858,101.824
1784143800000,64858.01,64988.76,64846,64988.76,96.63238
1784144700000,64988.75,65000,64892.88,64977.34,98.69809
1784145600000,64977.34,64988,64899,64948.01,82.23404
1784146500000,64948.01,65022,64946.87,65009.92,36.97205
1784147400000,65009.91,65055.39,64990.87,64998,69.70345
1784148300000,64998.01,64998.01,64968,64968.01,50.61019
1784149200000,64968.02,65018.74,64843.74,64899,92.81918
1784150100000,64898.99,64932.88,64860.52,64870.88,52.90181
1784151000000,64870.87,64880.55,64789.89,64812.01,79.08055
1784151900000,64812,64835,64790.95,64834.31,64.4349
1784152800000,64834.31,64880,64793.08,64804.56,106.82421
1784153700000,64804.56,64896.66,64772,64896.66,44.58118
1784154600000,64896.66,64952.94,64859.99,64880,52.70478
1784155500000,64879.99,64982.47,64864,64866.93,71.05554
1784156400000,64866.93,64938,64866.92,64914.03,45.52568
1784157300000,64914.02,64934,64843.56,64843.57,51.80574
1784158200000,64843.57,64862,64708,64735.99,96.45649
1784159100000,64735.99,64819.99,64691.89,64756.28,116.15839
1784160000000,64756.28,64845.5,64747.69,64823.99,311.28816
1784160900000,64823.99,64842.51,64565.98,64565.98,165.25603
1784161800000,64565.99,64600,64500,64519.99,169.17396
1784162700000,64520,64650,64512.84,64584.07,116.48809
1784163600000,64584.07,64658,64555.01,64604.01,70.66112
1784164500000,64604.01,64604.01,64392.01,64559.25,206.15102
1784165400000,64559.26,64730,64559.25,64612,58.63468
1784166300000,64612,64830,64599.99,64730.01,127.42976
1784167200000,64730,64735.09,64636.36,64655.99,52.70761
1784168100000,64655.99,64689.3,64594.22,64669.99,67.45767
1784169000000,64670,64687.11,64580.63,64592,143.06299
1784169900000,64592,64664.75,64574.02,64642.01,64.26272
1784170800000,64642,64718.43,64602,64700.87,52.67633
1784171700000,64700.86,64700.87,64586.71,64686,73.31708
1784172600000,64686,64745.55,64660.36,64666.88,47.124
1784173500000,64666.87,64666.88,64555,64619.95,47.93147
1784174400000,64619.96,64666.23,64589.03,64653.75,49.55733
1784175300000,64653.75,64658,64544.04,64650,202.12289
1784176200000,64650,64692,64592.41,64616,45.15167
1784177100000,64615.99,64650.06,64581.16,64650.05,318.78529
1784178000000,64650.05,64770,64592.67,64770,194.06047
1784178900000,64770,64950.88,64757.97,64931.99,157.97912
1784179800000,64931.99,64997.52,64860,64911.4,149.33726
1784180700000,64911.39,64940.75,64877.76,64917.99,117.22845
1784181600000,64917.99,64978,64844.09,64862,146.67983
1784182500000,64862,64892,64808,64823.48,59.60631
1784183400000,64823.47,64828,64630.01,64729.16,78.33612
1784184300000,64729.16,64794,64700,64777.32,71.00332
1784185200000,64777.33,64777.33,64650.5,64656,70.92419
1784186100000,64656,64656,64500.01,64500.01,196.13557
1784187000000,64500.01,64502.54,64200,64234.24,461.42942
1784187900000,64234.24,64286.83,64086.12,64238,410.27427
1784188800000,64238,64271.9,63928.81,63943.99,653.86347
1784189700000,63944,64171.91,63888,64160.51,875.72225
1784190600000,64160.52,64380,64134,64143.91,1246.27241
1784191500000,64143.91,64222.98,64064.79,64126.85,1191.74837
1784192400000,64126.86,64186.83,64102.1,64112.01,610.87232
1784193300000,64112.02,64146,64028,64032.87,1252.98508
1784194200000,64032.86,64126.6,64019.02,64109.77,970.583
1784195100000,64109.76,64130,64032.05,64090,553.29849
1784196000000,64090,64185,64077.75,64145.49,69.84368
1784196900000,64145.5,64229.25,64126.68,64224.57,100.42421
1784197800000,64224.56,64269.42,64188.01,64194.53,84.17685
1784198700000,64194.53,64229,64171.68,64221.34,96.73701
1784199600000,64221.34,64228.94,64116,64170.01,83.50608
1784200500000,64170.01,64259.91,64101,64185.02,110.67444
1784201400000,64185.02,64267.87,64154,64263.16,89.40126
1784202300000,64263.16,64269.42,64101.01,64256.53,93.43663
1784203200000,64256.52,64256.52,64142.21,64164,95.22096
1784204100000,64164,64184.24,64086.01,64184.23,239.60613
1784205000000,64184.24,64211.85,63872,63888,225.97734
1784205900000,63888,64049.53,63838.28,63966.01,167.50244
1784206800000,63966.01,64108.96,63961.14,64085.22,122.73191
1784207700000,64085.22,64249.99,64054.04,64249.99,142.3728
1784208600000,64249.99,64480,64155.73,64157.22,367.27315
1784209500000,64157.22,64393.2,64111.09,64376,194.67211
1784210400000,64375.99,64709.99,64332.57,64635.43,318.56662
1784211300000,64635.44,64863.07,64571.99,64766.02,341.51445
1784212200000,64766.01,64836,64660,64741.08,162.04073
1784213100000,64741.09,64744,64375.21,64543.51,171.85462
1784214000000,64543.51,64580.24,64320,64359.98,169.08622
1784214900000,64359.99,64896,64340,64824.97,200.71011
1784215800000,64824.97,64838.5,64677.41,64728.16,108.98834
1784216700000,64728.15,64825.71,64624,64704.73,141.78896
1784217600000,64704.73,64712,64480,64512.01,138.31813
1784218500000,64512.01,64577.71,64398,64546,160.87776
1784219400000,64546,64658.38,64373.47,64380,95.99188
1784220300000,64380.01,64536,64333.33,64484,128.39169
1784221200000,64484.01,64484.01,64166,64166.02,174.68515
1784222100000,64166.02,64235.38,64092.57,64218.38,149.56998
1784223000000,64218.37,64282.6,64126.17,64146,103.80688
1784223900000,64145.99,64155.99,63984.09,64069.03,188.06017
1784224800000,64069.04,64221.38,64052.14,64192.32,69.48818
1784225700000,64192.31,64330,64158,64220.88,66.69627
1784226600000,64220.87,64230.38,64097.03,64151.98,68.51114
1784227500000,64151.98,64326,64142,64246.01,70.88763
1784228400000,64246.01,64301.99,64218,64221.99,63.0556
1784229300000,64222,64281.36,64162.16,64261.52,127.07865
1784230200000,64261.52,64282.6,64194.09,64204.02,114.7794
1784231100000,64204.01,64278,64152,64271.84,63.68604
1784232000000,64271.85,64276,64184,64186,41.10697
1784232900000,64186,64243.65,64158,64182.01,42.67283
1784233800000,64182,64203.82,64130.77,64145.99,33.64113
1784234700000,64145.99,64162,64108,64114.27,52.29812
1784235600000,64114.25,64201.99,64101.18,64180.65,43.91014
1784236500000,64180.64,64205.92,64160,64168.33,30.12177
1784237400000,64168.33,64253.25,64152.63,64214,74.74783
1784238300000,64214,64216.4,64140.66,64161.99,39.31806
1784239200000,64162,64240.12,64154.86,64205.75,114.15735
1784240100000,64205.75,64206.42,64016,64019.99,62.42107
1784241000000,64020,64175.31,64019.99,64084.57,111.14787
1784241900000,64084.56,64084.57,63950.01,63968,63.88023
1784242800000,63968.01,64010.58,63905.72,63922.8,105.23885
1784243700000,63922.79,63922.79,63754,63812.85,231.23329
1784244600000,63812.84,63847.6,63748.74,63840.01,114.63629
1784245500000,63840,63906,63800,63830.2,64.4238
1784246400000,63830.2,63850,63750,63790.57,129.15253
1784247300000,63790.57,63912,63764.7,63800,51.30674
1784248200000,63800,63802,63612.62,63786.69,166.96679
1784249100000,63786.68,63886,63786.68,63886,87.94278
1784250000000,63886,64067.69,63872.06,63992.01,145.847
1784250900000,63992.01,64016,63828,63970.61,108.40929
1784251800000,63970.61,63980,63730,63730.01,115.74008
1784252700000,63730.01,63730.01,63476,63546.24,365.7786
1784253600000,63546.25,63628.78,63430.4,63618.29,231.20923
1784254500000,63618.28,63657.99,63502,63542,114.14282
1784255400000,63542,63578.3,63413,63456.24,267.79234
1784256300000,63456.24,63496,63380.28,63482,205.25026
1784257200000,63482,63691.45,63482,63624,185.68075
1784258100000,63624,63720,63622,63678.93,88.76859
1784259000000,63678.94,63699.6,63608,63618,330.10373
1784259900000,63617.99,63628,63532,63570,71.49468
1784260800000,63570,63570,63489.14,63496.44,61.96078
1784261700000,63496.45,63534.88,63320,63383.5,219.38141
1784262600000,63383.51,63489.89,63333.59,63478.01,113.37541
1784263500000,63478,63576,63474.99,63486.01,96.11749
1784264400000,63486.01,63486.01,63358.67,63434.04,85.25481
1784265300000,63434.05,63436.35,63190.84,63206.68,244.36639
1784266200000,63206.68,63226,62968.82,62971.99,420.52811
1784267100000,62972,62981.42,62804.3,62839.76,440.29827
1784268000000,62839.77,62998.52,62765.94,62826.8,594.58482
1784268900000,62826.81,62944,62710,62931.23,324.32407
1784269800000,62931.23,62962,62867.73,62876.89,173.34175
1784270700000,62876.89,62948,62853.91,62948,107.99824
1784271600000,62948,62948,62869.9,62904.91,160.51793
1784272500000,62904.92,62939.3,62800,62935.03,184.93523
1784273400000,62935.02,62983.99,62875.56,62929.99,349.85033
1784274300000,62930,62958.74,62823.07,62828.11,593.17147
1784275200000,62828.11,62892,62767.28,62892,206.71557
1784276100000,62891.99,62896.15,62740.92,62804,237.89104
1784277000000,62804.01,62804.01,62666,62788,271.93684
1784277900000,62788,62939.04,62787.99,62888,121.61225
1784278800000,62888.01,62967.8,62852.89,62965.47,270.42866
1784279700000,62965.46,62980,62863.15,62953.39,91.13055
1784280600000,62953.38,63067.84,62930,63062,127.88407
1784281500000,63061.99,63069.06,62968.27,62989.46,114.01494
1784282400000,62989.47,63138.78,62989.47,63098,145.6353
1784283300000,63097.99,63129.78,63050,63098.01,114.17561
1784284200000,63098,63191.3,63082,63191.29,134.73056
1784285100000,63191.29,63201.91,63165.16,63179.92,140.02515
1784286000000,63179.91,63212.89,63076.51,63088.06,168.94771
1784286900000,63088.05,63136.25,63063.67,63136.24,159.91845
1784287800000,63136.24,63313.33,63106,63302,168.85459
1784288700000,63302,63361.7,63261.7,63298.01,119.47899
1784289600000,63298,63348,63236,63250,94.44137
1784290500000,63249.99,63300,63162.02,63193.58,165.88025
1784291400000,63193.58,63200,63078,63118.75,160.45997
1784292300000,63118.74,63169.04,63069.09,63099.75,197.86667
1784293200000,63099.75,63105.04,62770,62817.37,400.13478
1784294100000,62817.38,62960,62810,62853.99,182.61848
1784295000000,62854,62941.89,62538.15,62568.18,459.3002
1784295900000,62568.17,63180,62537.56,63153.99,339.44681
1784296800000,63154,63518,63147.67,63389.99,362.87862
1784297700000,63390,63490,63195.04,63242.68,250.9086
1784298600000,63242.69,63355.99,63081.27,63279.12,204.41408
1784299500000,63279.13,63298,63051.77,63174,381.18032
1784300400000,63174.01,63186,62856.16,62917.3,245.38519
1784301300000,62917.31,63268.53,62907.98,63268.52,169.46954
1784302200000,63268.52,63302.86,63115.07,63212.34,155.88318
1784303100000,63212.34,63452,63146.97,63452,132.10268
1784304000000,63452,63562.01,63342,63461.99,290.47588
1784304900000,63462,63543.96,63312.01,63480,251.99489
1784305800000,63480,63536,63376,63527.98,107.47924
1784306700000,63527.99,63706.75,63486.07,63594,231.80052
1784307600000,63594,64153.52,63594,63962,416.64534
1784308500000,63962,64126,63908.26,64024,287.43032
1784309400000,64024,64108,63980,64029.99,287.64836
1784310300000,64029.99,64228.27,64000,64049.86,218.46487
1784311200000,64049.85,64113.4,63968.13,64092,164.39002
1784312100000,64092,64092,63894,63961.2,126.46679
1784313000000,63961.2,64151.42,63952,64151.41,146.8094
1784313900000,64151.41,64387.99,64148.83,64259.73,324.19714
1784314800000,64259.73,64259.73,64054,64076,171.29591
1784315700000,64076,64094,63981.2,64088,138.78715
1784316600000,64087.99,64182.91,64070,64182.91,122.25448
1784317500000,64182.9,64210.01,64142,64160.8,146.11492
1784318400000,64160.8,64160.8,64001.55,64006.55,112.61882
1784319300000,64006.55,64069.99,63982.8,64034.99,173.3117
1784320200000,64034.99,64111.16,63958.19,64111.16,90.45843
1784321100000,64111.99,64192.57,64040,64120,79.7941
1784322000000,64120.01,64185.1,64117.51,64164.01,63.34332
1784322900000,64164,64216.61,64125.35,64142.59,78.79884
1784323800000,64142.59,64146.24,64075,64097.61,51.60599
1784324700000,64097.6,64110.01,64064,64110,90.4633
1784325600000,64110.01,64147,64054.68,64077.57,63.95717
1784326500000,64077.56,64077.56,63964,63966.57,57.98451
1784327400000,63966.57,63971.91,63903.63,63947.09,89.63206
1784328300000,63947.09,63994.11,63945,63986,44.30632
1784329200000,63986.01,63986.01,63884.35,63899.96,56.90165
1784330100000,63899.95,63965.5,63894.06,63965.49,36.24853
1784331000000,63965.5,64011.08,63965.49,63976,105.21882
1784331900000,63976,63996,63930,63931.67,231.65136
1784332800000,63931.67,63970,63895.33,63968,115.59572
1784333700000,63968.01,64012.39,63961.69,63993.6,42.3891
1784334600000,63993.61,63993.61,63902.23,63927.13,27.57956
1784335500000,63927.14,63952.38,63895.56,63910.04,32.36485
1784336400000,63910.05,63924.95,63886.65,63921.94,99.88982
1784337300000,63921.93,64000,63921.93,63999.99,27.34723
1784338200000,64000,64000,63917.21,63953.28,32.43649
1784339100000,63953.27,63985.53,63942.01,63952.98,41.25804
1784340000000,63952.97,63970,63930.54,63970,47.3434
1784340900000,63969.99,64009.49,63969.99,63999.39,40.01549
1784341800000,63999.39,64032.6,63954.58,63968.5,136.56872
1784342700000,63968.51,63980.01,63950,63967.61,148.57219
1784343600000,63967.61,63990.61,63947.37,63989.31,152.76826
1784344500000,63989.3,63992,63945.66,63952.01,30.4872
1784345400000,63952.01,63964.01,63931.99,63931.99,207.46303
1784346300000,63932,64017.85,63928.15,64017.84,188.2774
1784347200000,64017.84,64017.85,63982,63998.37,42.29135
1784348100000,63998.38,64003.01,63954.99,63986,205.54585
1784349000000,63985.99,63986,63947.09,63947.1,24.22213
1784349900000,63947.09,63974.01,63947.09,63967.99,39.68461
1784350800000,63968,63977.4,63926.39,63926.39,43.89435
1784351700000,63926.39,63977.89,63926.39,63967.95,33.75196
1784352600000,63967.96,63997.07,63961.06,63969.99,29.64603
1784353500000,63970,63998,63942.65,63967.95,45.99227
1784354400000,63967.95,63970,63954.75,63965.43,60.24564
1784355300000,63965.43,64005.99,63965.43,63988.44,57.93355
1784356200000,63988.44,63988.45,63950,63974.01,29.5184
1784357100000,63974.01,63984,63974,63979.67,45.98774
1784358000000,63979.67,64018.58,63974.94,64000.55,54.8111
1784358900000,64000.54,64026.03,64000.54,64026.03,69.29642
1784359800000,64026.03,64026.03,64003.18,64025.58,71.97638
1784360700000,64025.59,64025.59,64002.75,64002.75,94.3023
1784361600000,64002.75,64018,63960,63979.99,86.71183
1784362500000,63979.99,64013.73,63979.61,64013.05,105.72213
1784363400000,64013.04,64019.64,63983.72,63983.72,25.15649
1784364300000,63983.72,64006.01,63983.72,64006.01,75.84483
1784365200000,64006.01,64006.01,63967.36,63974.56,99.22117
1784366100000,63974.55,63974.56,63887.73,63941.84,144.97579
1784367000000,63941.84,63970.01,63941.84,63970,23.95096
1784367900000,63970,63987.77,63970,63987.76,18.38715
1784368800000,63987.77,63999.79,63982.34,63995,61.42126
1784369700000,63995.01,64022.55,63995,64011.4,65.75747
1784370600000,64011.4,64026.39,64004,64004.01,102.40626
1784371500000,64004.01,64022.25,64004,64016.43,34.50971
1784372400000,64016.43,64024,64010.99,64020.03,45.14963
1784373300000,64020.03,64030.09,64014.99,64015,53.54874
1784374200000,64014.99,64031.01,64014.99,64025,41.66195
1784375100000,64025.01,64097.22,64019.96,64069.89,119.07471
1784376000000,64069.89,64225.35,64069.89,64138,255.68863
1784376900000,64138,64147.99,64057.27,64100,136.99541
1784377800000,64100,64204,64071.89,64188.34,81.69302
1784378700000,64188.34,64274.47,64188.34,64218,80.56759
1784379600000,64218.01,64218.01,63982.76,64012.74,165.18848
1784380500000,64012.74,64060.73,63963,64054.18,73.18314
1784381400000,64054.17,64099.64,64028.31,64055.99,40.73551
1784382300000,64056,64106,64042,64106,21.79914
1784383200000,64105.99,64172,64101.42,64163.02,43.86638
1784384100000,64163.02,64172,64124.73,64171.91,28.51267
1784385000000,64171.9,64195.01,64156,64177.07,81.4935
1784385900000,64177.08,64180,64115.91,64126,28.95436
1784386800000,64126,64135.58,64082.16,64095.38,46.31509
1784387700000,64095.37,64132,64080,64080.01,54.56365
1784388600000,64080,64086,64045.88,64045.89,63.57302
1784389500000,64045.88,64163.99,64037.45,64123.12,38.45855
1784390400000,64123.13,64157.63,64091.48,64147.03,46.18336
1784391300000,64147.04,64151.71,64114.11,64151.71,67.32639
1784392200000,64151.71,64169.15,64135,64143.91,36.88861
1784393100000,64143.92,64314,64124.85,64303.47,175.36747
1784394000000,64303.48,64323.97,64280.22,64323.97,77.28673
1784394900000,64323.96,64449.83,64286.58,64299.88,207.80567
1784395800000,64299.88,64460.28,64294.9,64450,183.63162
1784396700000,64450,64492,64409.43,64480.29,103.67852
1784397600000,64480.28,64491.31,64462,64471.93,65.13104
1784398500000,64471.93,64669.5,64464,64576.15,315.45964
1784399400000,64576.16,64577.95,64475.57,64475.58,106.63153
1784400300000,64475.58,64534,64475.57,64512.41,43.78533
1784401200000,64512.41,64554.98,64512.41,64541.5,48.88821
1784402100000,64541.5,64597.9,64482,64482.01,126.83082
1784403000000,64482,64535,64482,64520.84,37.19094
1784403900000,64520.84,64570,64520.84,64552.79,81.10498
1784404800000,64552.8,64639.4,64528.69,64618.01,213.69034
1784405700000,64618.01,64739.64,64618.01,64648.06,156.6512
1784406600000,64648.06,64648.07,64590,64606.68,54.89064
1784407500000,64606.68,64713.67,64562.02,64693.01,129.32508
1784408400000,64693.02,64759.99,64646.04,64759.99,75.89644
1784409300000,64759.99,64846.83,64725.02,64725.02,140.11299
1784410200000,64725.02,64725.02,64636.24,64647.22,61.75102
1784411100000,64647.22,64808,64614.36,64731.72,87.52988
1784412000000,64731.73,64865,64724.67,64800.26,117.80211
1784412900000,64800.26,64833.57,64738,64738.01,60.24314
1784413800000,64738.02,64785.51,64712.29,64775.86,55.2937
1784414700000,64775.87,64853.21,64752,64805.05,269.78996
1784415600000,64805.04,64818.89,64709.28,64733.52,58.37061
1784416500000,64733.51,64838.89,64733.51,64828.61,74.78544
1784417400000,64828.6,64839.88,64799.2,64827.39,43.72451
1784418300000,64827.4,64843.3,64807.3,64834.22,43.5874
1784419200000,64834.21,64855.19,64815,64844.35,79.70678
1784420100000,64844.36,64906.4,64788.03,64790.63,227.79338
1784421000000,64790.64,64810.65,64771.48,64777.26,68.17011
1784421900000,64777.26,64805,64769.47,64792.08,67.37019
1784422800000,64792.08,64792.09,64775.39,64778.56,20.34292
1784423700000,64778.57,64782.17,64770.75,64776.96,51.34989
1784424600000,64776.95,64776.96,64769.93,64769.93,49.89544
1784425500000,64769.93,64782.19,64765.99,64765.99,89.45087
1784426400000,64766,64967.25,64700.84,64892.08,313.17912
1784427300000,64892.08,64920,64799.96,64822.26,62.4548
1784428200000,64822.25,64950,64822.25,64835.76,121.47972
1784429100000,64835.77,64862.39,64822.24,64826.01,76.97763
1784430000000,64826.01,64842.92,64725.57,64731.9,109.99426
1784430900000,64731.91,64731.91,64620.44,64662.63,144.82455
1784431800000,64662.64,64689.33,64648.1,64661.99,125.99191
1784432700000,64661.99,64706.18,64661.99,64706.18,35.30312
1784433600000,64706.18,64706.18,64610.89,64644.06,57.28331
1784434500000,64644.05,64715.53,64644.05,64713.88,58.76925
1784435400000,64713.88,64795.43,64694.72,64762.01,106.3422
1784436300000,64762,64782.06,64714.54,64720.17,26.92108
1784437200000,64720.17,64794,64720.17,64794,62.80996
1784438100000,64794,64815.65,64714,64714.01,51.29834
1784439000000,64714,64714.01,64676,64699.99,31.37178
1784439900000,64699.99,64746.71,64699.99,64724.01,60.79525
1784440800000,64724,64724.01,64694.66,64721.49,78.85862
1784441700000,64721.5,64759.33,64721.49,64730.01,34.04455
1784442600000,64730.01,64758.83,64716.57,64729.05,74.72965
1784443500000,64729.05,64731.4,64704.98,64711.69,57.1625
1784444400000,64711.69,64718,64690,64693.88,53.87083
1784445300000,64693.87,64718,64691.28,64717.99,85.3202
1784446200000,64717.99,64784,64711.1,64768.23,69.46617
1784447100000,64768.23,64768.23,64675,64711.05,192.61733
1784448000000,64711.04,64726.52,64670.65,64705.15,347.09051
1784448900000,64705.15,64705.16,64631.54,64670,115.88637
1784449800000,64670.01,64674.71,64640,64658.07,70.31634
1784450700000,64658.07,64743,64658.06,64707.49,69.3691
1784451600000,64707.48,64725.74,64645.2,64645.21,71.20173
1784452500000,64645.2,64645.21,64550,64578,86.56694
1784453400000,64577.99,64602.61,64501,64520.29,108.64587
1784454300000,64520.3,64543.16,64500,64509.99,126.52018
1784455200000,64510,64591.46,64482,64575.57,87.05817
1784456100000,64575.56,64627.09,64575.56,64627.08,46.04262
1784457000000,64627.08,64679.5,64616,64671.74,56.87165
1784457900000,64671.73,64700,64574,64595,144.6712
1784458800000,64595,64635,64520,64583.18,66.74728
1784459700000,64583.17,64636.28,64536.63,64549.99,43.9628
1784460600000,64550,64558.6,64508.63,64528,37.95752
1784461500000,64528,64541.38,64445,64467.64,60.02611
1784462400000,64467.65,64467.65,64348.07,64348.08,103.92504
1784463300000,64348.08,64451.84,64285.24,64315,219.15315
1784464200000,64314.99,64442.42,64311.29,64416.4,128.4771
1784465100000,64416.39,64466.56,64355,64441.15,97.73061
1784466000000,64441.16,64464.98,64348,64356.16,53.73812
1784466900000,64356.16,64423.89,64307.72,64412,103.23587
1784467800000,64412,64475,64406.73,64422.78,96.69227
1784468700000,64422.78,64516.33,64413.37,64483.31,72.27966
1784469600000,64483.32,64554,64477,64544.29,73.34639
1784470500000,64544.28,64551.95,64425.24,64470,112.11126
1784471400000,64470,64549.3,64455,64528.22,71.77252
1784472300000,64528.22,64663.04,64520,64593.07,71.74043
1784473200000,64593.07,64620,64512.99,64581.7,88.83102
1784474100000,64581.7,64596.26,64505.21,64510.71,50.48967
1784475000000,64510.71,64588.47,64500,64568.39,77.06858
1784475900000,64568.39,64589.76,64542,64585.32,43.91531
1784476800000,64585.33,64644,64505.21,64555.06,151.5314
1784477700000,64555.05,64632.36,64518,64611.77,76.02951
1784478600000,64611.78,64611.78,64531.15,64601.98,50.93267
1784479500000,64601.99,64610,64519.18,64538.72,43.14461
1784480400000,64538.72,64702.44,64406.3,64702.44,164.10162
1784481300000,64702.43,64752,64610.94,64649.65,115.72621
1784482200000,64649.64,64725.52,64610,64622.48,45.08001
1784483100000,64622.48,64622.48,64538,64547.86,77.288
1784484000000,64547.86,64554,64280,64476.86,192.70088
1784484900000,64476.86,64488,64400,64400,79.30892
1784485800000,64400.01,64444.66,64345.09,64427.99,25.08618
1784486700000,64428,64443,64364.88,64419.99,24.61566
1784487600000,64420,64462,64352,64448.33,44.68459
1784488500000,64448.32,64467.82,64417.18,64437.97,27.01233
1784489400000,64437.98,64456.63,64410.51,64415.22,20.89649
1784490300000,64415.22,64462.58,64390.86,64462.58,22.43364
1784491200000,64462.58,64560,64462.57,64505.17,43.19189
1784492100000,64505.17,64524.87,64474,64494,23.85111
1784493000000,64494.01,64531.46,64482,64499.12,11.20627
1784493900000,64499.13,64536,64480.94,64535.99,22.27675
1784494800000,64536,64562.55,64485.27,64538.97,44.17068
1784495700000,64538.98,64538.98,64462.22,64472,18.79613
1784496600000,64472,64472,64350,64352.95,74.56504
1784497500000,64352.95,64429.99,64350.25,64415.75,83.96806
1784498400000,64415.75,64683.32,64347.89,64662.73,280.35417
1784499300000,64662.72,64900,64662.72,64760.01,273.64561
1784500200000,64760,64817.35,64683.01,64807.43,177.4058
1784501100000,64807.44,64809.6,64668.06,64674.67,96.88321
1784502000000,64674.66,64713.3,64572,64696.01,71.38562
1784502900000,64696.01,64712,64642,64674,43.09214
1784503800000,64673.99,64766,64644.3,64748.11,98.69825
1784504700000,64748.11,64772,64656.51,64722.54,106.46419
1784505600000,64722.55,65057.08,64572,65020,304.23976
1784506500000,65020,65107.99,64804.76,64876.01,213.56801
1784507400000,64876.01,64938,64790.01,64822.24,79.86402
1784508300000,64822.24,64822.24,64416,64553.84,138.38756
1784509200000,64553.85,65029.4,64510,64808,115.11154
1784510100000,64808.01,64946,64690,64850.42,114.15288
1784511000000,64850.43,64931.34,64704.41,64763.99,72.70075
1784511900000,64763.99,64775.36,64506,64628.01,99.32581
1784512800000,64628.01,64950.88,64624,64826.01,119.5331
1784513700000,64826.01,64830,64585,64674.01,87.83768
1784514600000,64674,64886,64660,64836,73.69038
1784515500000,64836,64964,64827.19,64827.2,97.86585
1784516400000,64827.19,64881.29,64776,64843.96,55.49842
1784517300000,64843.96,64887.98,64644.01,64688.01,85.75449
1784518200000,64688,64902.63,64666,64902.63,68.58891
1784519100000,64902.63,64914.93,64785.1,64869.8,130.69332
1784520000000,64869.79,64869.99,64698.26,64705.37,108.16853
1784520900000,64705.38,64778,64640,64759.41,59.06671
1784521800000,64759.4,64814,64704.01,64733.98,53.86931
1784522700000,64733.54,64733.54,64540,64540.01,112.27621
1784523600000,64540,64562,64082.7,64244,415.82611
1784524500000,64244,64388,64094.01,64183.21,306.74783
1784525400000,64183.21,64260.04,64108,64211.65,154.4496
1784526300000,64211.65,64211.66,64099.46,64128,101.44837
1784527200000,64128.01,64200,64082.49,64193.57,93.36984
1784528100000,64193.58,64220,64100,64136.01,109.85476
1784529000000,64136,64153.71,63766.66,63826,491.43135
1784529900000,63826.01,63942.81,63765.83,63917.98,157.48223
1784530800000,63917.99,64008.08,63916.08,63975.34,71.22515
1784531700000,63975.34,64161.04,63896,64130.72,381.69371
1784532600000,64130.71,64213.17,64092,64213.16,213.31346
1784533500000,64213.16,64315.96,64188.26,64280.01,332.04883
1784534400000,64280.01,64356,64242.01,64294.39,333.49336
1784535300000,64294.39,64354,64242.01,64250.01,438.64621
1784536200000,64250.01,64282,63100,63922.37,3026.67757
1784537100000,63922.38,64108.03,63922.37,64049.99,102.63763
1784538000000,64050,64108,64012.8,64105.1,114.05204
1784538900000,64105.1,64200,64088,64200,119.35027
1784539800000,64200,64256.3,64188.17,64236.84,59.79869
1784540700000,64236.84,64276,64199.5,64199.5,215.44803
1784541600000,64199.51,64283.74,64162,64281.99,71.37605
1784542500000,64281.98,64415.42,64253.52,64353.87,161.45911
1784543400000,64353.86,64353.87,64252,64324.73,72.42084
1784544300000,64324.73,64351.77,64286.89,64301.18,34.29236
1784545200000,64301.18,64446.65,64273.33,64384.56,130.14346
1784546100000,64384.55,64403.8,64320.54,64355.28,65.84711
1784547000000,64355.27,64933.32,64346.44,64834.98,526.65738
1784547900000,64834.97,65068,64834.97,65002.01,317.37412
1784548800000,65002,65002.83,64716.57,64750,271.6852
1784549700000,64749.99,64806,64670.01,64699.81,389.48057
1784550600000,64699.82,64748.3,64599.95,64599.97,243.90807
1784551500000,64599.97,64738.93,64599.89,64640,396.38298
1784552400000,64640,64753.77,64621.79,64692.38,268.9722
1784553300000,64692.38,64720.21,64530,64554.75,147.97949
1784554200000,64554.75,64763.67,64502,64650.66,340.89822
1784555100000,64650.67,64761.62,64208,64344.01,413.88292
1784556000000,64344.01,64495.99,64288,64322,238.60573
1784556900000,64322,64468,64077.76,64466.46,238.40917
1784557800000,64466.45,64542,64346.24,64432.01,125.35454
1784558700000,64432,64575.37,64303.92,64416.01,208.86935
1784559600000,64416.01,64988,64398.15,64968,512.02143
1784560500000,64967.99,65017.49,64880.77,64948.27,450.00617
1784561400000,64948.27,65288.9,64802.41,65240.81,567.66985
1784562300000,65240.81,65666.8,65240.81,65598.75,1033.47101
1784563200000,65598.75,65637.7,65418.59,65557.99,349.30052
1784564100000,65557.99,65563.23,65378,65444.69,161.2865
1784565000000,65444.69,65554.37,65336,65375.99,375.7276
1784565900000,65376,65515.07,65371.6,65508.5,170.30655
1784566800000,65508.5,65557.87,65450,65506.01,221.79069
1784567700000,65506.02,65516,65438,65504,53.71313
1784568600000,65503.99,65508,65342.52,65354,130.52858
1784569500000,65354,65646.55,65353.99,65587.98,267.38196
1784570400000,65587.99,65799,65566.3,65753.05,280.42483
1784571300000,65753.04,65770,65577.05,65592,131.69804
1784572200000,65592.01,65592.01,65348.73,65348.74,133.97933
1784573100000,65348.74,65348.74,65204,65240.01,162.10075
1784574000000,65240.01,65274.58,65102,65104,119.44363
1784574900000,65103.99,65196,65072.2,65156.24,263.18402
1784575800000,65156.24,65169.58,65041.05,65109.96,228.94277
1784576700000,65109.97,65182.48,65068.06,65142,244.58079
1784577600000,65142,65227.79,65061.92,65219.99,100.48848
1784578500000,65219.99,65328.41,65191.91,65291.42,98.41422
1784579400000,65291.41,65438,65280,65305.85,81.40882
1784580300000,65305.86,65387.3,65305.86,65367.58,58.78831
1784581200000,65367.57,65367.58,65286.78,65326,66.22191
1784582100000,65326.01,65354,65302.67,65308.56,49.07567
1784583000000,65308.57,65445.27,65308.56,65353.09,75.62405
1784583900000,65353.1,65374.45,65272.32,65286.02,74.07066
1784584800000,65286.02,65286.02,65141.22,65200.01,59.35115
1784585700000,65200.01,65253.71,65152.33,65214.07,57.86546
1784586600000,65214.08,65230,65092.66,65127.99,123.11938
1784587500000,65128,65145.93,65116.99,65141.99,93.03515
1784588400000,65142,65220,65128.17,65161.16,105.31173
1784589300000,65161.16,65260,65161.15,65240.75,123.65176
1784590200000,65240.74,65255.55,65196.9,65219.9,74.11004
1784591100000,65219.91,65272.21,65152.31,65255.51,132.20493
1784592000000,65255.51,65255.51,65154.95,65186.01,106.37031
1784592900000,65186,65450.07,65148.75,65354.01,222.10796
1784593800000,65354,65547.69,65352,65496,110.93191
1784594700000,65496,65585,65490.72,65568.01,246.3767
1784595600000,65568,65658.78,65480,65548,116.96993
1784596500000,65548,65548,65434,65444.61,78.94855
1784597400000,65444.6,65476.5,65326.06,65342.01,145.2614
1784598300000,65342.01,65342.01,65232.65,65235.55,80.70472
1784599200000,65235.56,65413.63,65235.55,65291.4,138.38026
1784600100000,65291.4,65322,65176.2,65269.99,83.45739
1784601000000,65270,65370.58,65269.99,65349.99,78.26702
1784601900000,65349.99,65500,65313.22,65414.01,82.10608
1784602800000,65414.01,65541.35,65411.74,65486,123.61507
1784603700000,65485.99,65532,65434.44,65488,135.04912
1784604600000,65488,65537.72,65445.72,65533.01,224.17408
1784605500000,65533.01,65593.11,65452.79,65566.78,312.67542
1784606400000,65566.77,65742.58,65532.91,65607.23,149.34567
1784607300000,65607.23,65670.98,65512,65514.01,91.8243
1784608200000,65514.02,65573,65500,65544.65,163.138
1784609100000,65544.65,65552.5,65471.69,65522.01,196.45591
1784610000000,65522,65562,65485.55,65553,286.60168
1784610900000,65553,65654.62,65500.63,65594.99,194.98092
1784611800000,65595,65680.86,65562,65646.74,93.50787
1784612700000,65646.75,65933.24,65612.17,65751.56,289.72903
1784613600000,65751.56,65827.2,65634,65731.13,187.43293
1784614500000,65731.13,65842,65658.37,65820.01,112.78922
1784615400000,65820.01,65991.05,65810,65963,238.6216
1784616300000,65963,65974,65879.99,65913,194.59509
1784617200000,65913,65949.98,65866,65931.92,160.20252
1784618100000,65931.92,66008,65894.36,65961.99,183.96357
1784619000000,65962,66149.62,65950,66039.57,471.33655
1784619900000,66039.57,66245.64,66026.4,66186.86,523.21458
1784620800000,66186.86,66289,66129.19,66282.21,291.96246
1784621700000,66282.22,66350,66200,66215.99,261.96232
1784622600000,66215.99,66354,66188,66307.72,242.43303
1784623500000,66307.72,66331.3,66210,66226.44,236.35471
1784624400000,66226.43,66234,66144,66213.48,168.6641
1784625300000,66213.48,66246.42,66191.51,66240.02,92.85741
1784626200000,66240.01,66340,66228.6,66306.79,105.55052
1784627100000,66306.78,66350,66270,66291.99,105.89195
1784628000000,66292,66401.1,66269.1,66360.01,96.67272
1784628900000,66360.02,66420.59,66313.96,66420,352.56338
1784629800000,66420,66420.65,66328,66355.88,359.57136
1784630700000,66355.87,66362,66176.55,66180,370.23692
1784631600000,66180,66256.22,66147.82,66232.12,219.91331
1784632500000,66232.11,66255.99,66184,66233.99,219.58489
1784633400000,66233.99,66344,66218.78,66333.99,111.73098
1784634300000,66334,66350,66320,66345.59,201.01953
1784635200000,66345.59,66450,66255.73,66405.74,288.1604
1784636100000,66405.74,66497.91,66341.15,66465.01,325.19872
1784637000000,66465.01,66640,66426.01,66516.17,271.35578
1784637900000,66516.17,66581.99,66484,66558.82,117.77918
1784638800000,66558.81,66629.37,66514.59,66622,165.15518
1784639700000,66621.99,66662.67,66418,66440.01,237.3234
1784640600000,66440.02,66550,66315.62,66367.99,393.06189
1784641500000,66367.99,66810.97,66344,66786,562.89749
1784642400000,66786,66956.15,66740.43,66944.4,710.70148
1784643300000,66944.4,66944.41,66648.27,66740,445.26848
1784644200000,66740,66884.88,66658.64,66849.77,306.79425
1784645100000,66849.77,66928.49,66809.98,66842.3,259.56623
1784646000000,66842.29,66842.3,66653.05,66682.59,280.4553
1784646900000,66682.6,66746.68,66619.33,66619.33,244.71426
1784647800000,66619.33,66712,66517.52,66614.85,231.37327
1784648700000,66614.84,66723.27,66591.99,66676.54,192.19181
1784649600000,66676.53,66764,66588,66614.55,226.87438
1784650500000,66614.56,66614.56,66525.42,66531.62,145.6483
1784651400000,66531.62,66650.24,66500,66552.57,166.81446
1784652300000,66552.58,66609.61,66462.32,66542.01,133.3994
1784653200000,66542.01,66567.59,66436.46,66461.98,105.95182
1784654100000,66461.99,66494.66,66401.21,66448.96,91.11249
1784655000000,66448.97,66505.99,66400,66500.55,165.91943
1784655900000,66500.56,66503.6,66052.63,66207.95,661.82606
1784656800000,66207.96,66329.79,66102.79,66292,221.4509
1784657700000,66292,66306.76,66181.86,66240.88,89.63978
1784658600000,66240.87,66305.2,66098.71,66282.52,163.46003
1784659500000,66282.51,66358,66272,66319.95,144.76576
1784660400000,66319.96,66375.95,66264.12,66297.99,142.86354
1784661300000,66297.99,66419.99,66288.33,66402.98,106.81967
1784662200000,66402.98,66492.52,66386.92,66460.39,148.61398
1784663100000,66460.4,66502.8,66417,66444.76,225.25455
1784664000000,66444.76,66480,66359.3,66420.17,120.61915
1784664900000,66420.16,66420.16,66366,66391.15,44.72421
1784665800000,66391.15,66496,66391.14,66456,56.77017
1784666700000,66455.99,66466.64,66406.57,66406.57,66.30533
1784667600000,66406.58,66408.26,66308,66402.73,74.80199
1784668500000,66402.72,66402.73,66322,66324.01,38.01571
1784669400000,66324,66361.04,66290,66346,77.27955
1784670300000,66346.01,66395.55,66336,66385,140.62231
1784671200000,66385,66388.35,66303.07,66312.55,203.0057
1784672100000,66312.55,66318,66204,66279.19,125.57439
1784673000000,66279.18,66345.28,66258.74,66310.7,45.34553
1784673900000,66310.7,66316.25,66236.95,66304.02,58.14678
1784674800000,66304.02,66304.02,66228.55,66277.33,78.50451
1784675700000,66277.34,66400,66277.33,66397.99,81.13721
1784676600000,66398,66454.94,66382,66426.03,53.48199
1784677500000,66426.02,66576,66423.91,66556.16,121.42972
1784678400000,66556.15,66684.47,66525.54,66684.46,134.96453
1784679300000,66684.47,66727.11,66582.9,66665.02,344.87194
1784680200000,66665.02,66734.72,66630,66704.71,215.55732
1784681100000,66704.71,66739.89,66612,66620.97,265.86608
1784682000000,66620.97,66661.79,66485.37,66493.99,170.44307
1784682900000,66493.98,66500.01,66329.78,66350,217.73838
1784683800000,66350,66424,66282.65,66367.99,237.9508
1784684700000,66367.99,66511.36,66360,66433.3,175.71365
1784685600000,66433.29,66489.09,66369.33,66466,163.15047
1784686500000,66466,66532.26,66406.22,66406.23,96.31709
1784687400000,66406.22,66406.23,66300.56,66366.85,178.37721
1784688300000,66366.85,66388,66298,66314.12,146.35913
1784689200000,66314.12,66371.27,66176,66181.96,140.53922
1784690100000,66181.97,66316.93,66181.97,66270.13,136.53652
1784691000000,66270.13,66326.76,66216.2,66280.33,158.20197
1784691900000,66280.33,66367.2,66179.9,66210,100.07622
1784692800000,66209.99,66350.41,66198,66337.98,65.32169
1784693700000,66337.98,66408.79,66316.24,66364.01,382.48888
1784694600000,66364.01,66424,66318.56,66418.92,473.76664
1784695500000,66418.93,66418.93,66338,66381.05,94.92663
1784696400000,66381.05,66381.05,66248.36,66274,106.44327
1784697300000,66273.99,66274,66040.8,66069.99,256.12262
1784698200000,66069.99,66126,65974.16,65984,210.61502
1784699100000,65984,66029.14,65944.51,65974.9,159.66676
1784700000000,65974.9,66026.93,65875,65983.99,196.58172
1784700900000,65984,65984,65831.18,65858.26,186.48077
1784701800000,65858.25,65992,65830.94,65956.35,163.695
1784702700000,65956.35,65967.72,65900,65934.33,130.37312
1784703600000,65934.34,65968.9,65888,65905.32,386.27454
1784704500000,65905.33,65944.02,65845.12,65905.95,692.75168
1784705400000,65905.95,65916,65701,65785.81,323.91682
1784706300000,65785.8,65860.6,65780,65843.48,295.26624
1784707200000,65843.48,66072,65843.47,66032.81,505.42991
1784708100000,66032.82,66164.57,66006,66019.96,360.30658
1784709000000,66019.96,66079.88,65928,65928.01,384.6534
1784709900000,65928,66003.28,65928,65987.96,511.6427
1784710800000,65987.97,66073.52,65969.76,66009.25,506.29821
1784711700000,66009.25,66082.5,65994.57,66028,479.74842
1784712600000,66028,66028.01,65856,65890.01,457.27212
1784713500000,65890,65955.49,65850,65928,540.25676
1784714400000,65928.01,65957.15,65898,65927.99,99.51651
1784715300000,65928,65981.13,65919.5,65969.58,72.54225
1784716200000,65969.58,66012,65952.88,65985.84,238.44523
1784717100000,65985.84,66116.36,65985.83,66046.02,225.77223
1784718000000,66046.01,66079.99,66014.01,66017.21,199.3618
1784718900000,66017.2,66092.59,65981.29,66049.99,143.38656
1784719800000,66049.99,66064,65909.16,65918.11,290.86036
1784720700000,65918.11,66050.74,65909.17,66013.36,155.81792
1784721600000,66013.36,66013.37,65870.77,65905.99,74.99652
1784722500000,65905.99,65930,65849.95,65886.96,83.27438
1784723400000,65886.97,65908.21,65755.58,65777.25,157.99449
1784724300000,65777.25,65818.12,65553.67,65636.01,256.05417
1784725200000,65636.01,65684.57,65587.33,65649.72,166.22384
1784726100000,65649.72,65649.72,65559.66,65621.16,136.99782
1784727000000,65621.17,65920.71,65601.61,65888.01,260.93502
1784727900000,65888,65982.28,65812.89,65951.39,198.28883
1784728800000,65951.38,66204.98,65896.75,65902.63,375.0555
1784729700000,65902.63,65902.63,65592,65624,303.17558
1784730600000,65624.01,65873.99,65588,65672.02,168.7971
1784731500000,65672.01,65799.99,65651,65793.98,130.63981
1784732400000,65793.98,65968,65793.98,65944,177.54421
1784733300000,65944,66125,65886,66076,295.75571
1784734200000,66076.01,66118,65955.13,66009.4,122.39685
1784735100000,66009.41,66066,65946,66047.39,93.96762
1784736000000,66047.38,66152,65996,66127.32,123.65428
1784736900000,66127.33,66127.33,65911.6,66026.1,95.95549
1784737800000,66026.09,66384,66010,66283.99,224.10587
1784738700000,66284,66292,66154.28,66229.01,87.63117
1784739600000,66229.01,66275.29,66168,66168.03,78.37717
1784740500000,66168.02,66168.03,65944,65992.96,89.36647
1784741400000,65992.97,66179.17,65982.01,66176,69.1946
1784742300000,66175.99,66234.51,66011.22,66024.03,95.75041
1784743200000,66024.02,66075.91,65976,65988,70.88381
1784744100000,65988,66046,65838.43,65885.52,108.62714
1784745000000,65885.53,65885.53,65726.08,65774,127.25242
1784745900000,65773.99,65928.56,65767.12,65895.46,65.91372
1784746800000,65895.46,65920,65691.93,65759.98,67.82099
1784747700000,65759.99,65924.86,65745.91,65898.01,62.55075
1784748600000,65898.01,65946,65868,65868,45.06327
1784749500000,65868.01,65958.56,65850,65923.19,109.05556
1784750400000,65923.19,65954,65791.79,65930.7,153.97906
1784751300000,65930.71,65986,65887.84,65938.72,65.06526
1784752200000,65938.71,65950.04,65908,65950.04,53.07111
1784753100000,65950.03,65950.04,65896,65919.68,31.21799
1784754000000,65919.67,65940.01,65910,65940.01,94.55456
1784754900000,65940.01,65949.62,65892.64,65913.45,57.45144
1784755800000,65913.46,66127.33,65913.45,66122.12,89.57394
1784756700000,66122.12,66133.98,66037.47,66072.47,103.70689
1784757600000,66072.48,66080.94,65974.23,66006.01,77.88257
1784758500000,66006.02,66030,65932,66026.09,44.16933
1784759400000,66026.1,66026.1,65934.51,65962,96.71492
1784760300000,65962,66056.88,65950,66044.17,65.05808
1784761200000,66044.17,66076.92,65864,65891.99,134.86337
1784762100000,65892,65997.13,65844.3,65974.94,134.15692
1784763000000,65974.94,65995.04,65950.01,65985.21,89.51631
1784763900000,65985.22,66138.24,65979.13,66114.49,81.91774
1784764800000,66114.5,66250,66060.39,66187.89,212.14156
1784765700000,66187.88,66313.14,66156,66253.58,116.19264
1784766600000,66253.58,66272.47,66143.17,66143.17,62.59724
1784767500000,66143.17,66199.77,66054.58,66058.19,427.59598
1784768400000,66058.2,66208,66025,66042,87.44029
1784769300000,66042,66042,65898.27,65930,506.85576
1784770200000,65930.01,65942,65751,65790.01,187.91438
1784771100000,65790.01,65868.41,65781.35,65830,129.68226
1784772000000,65830,65840.01,65736.01,65736.01,119.14286
1784772900000,65736,65763.66,65653.23,65746.01,152.05924
1784773800000,65746,65829.12,65723.52,65780,91.60809
1784774700000,65780,65843.25,65762.03,65805.34,126.86745
1784775600000,65805.35,65816,65593.96,65633.99,330.1489
1784776500000,65633.99,65688,65585.11,65641.69,86.34588
1784777400000,65641.7,65705.3,65630,65691.79,57.59389
1784778300000,65691.79,65691.79,65645.24,65662.53,44.0354
1784779200000,65662.53,65672,65590.12,65672,338.50062
1784780100000,65672,65738.99,65638.23,65694.99,175.8333
1784781000000,65694.99,65699.82,65617.07,65631.93,107.71023
1784781900000,65631.93,65677.13,65594.61,65616.48,51.78806
1784782800000,65616.49,65646,65570.12,65642.63,84.81566
1784783700000,65642.63,65724,65605.09,65724,70.16092
1784784600000,65724,65797.93,65707.69,65738.72,56.09518
1784785500000,65738.72,65763.99,65650,65691.01,47.08895
1784786400000,65691.01,65721.99,65628.24,65671.84,52.49596
1784787300000,65671.83,65751.25,65625.2,65751.25,63.21715
1784788200000,65751.24,65787.99,65711.07,65774.34,35.3497
1784789100000,65774.34,65821.17,65772.6,65790,47.1577
1784790000000,65790,65790,65351.02,65455.92,261.55407
1784790900000,65455.93,65488,65409.12,65436.85,128.70279
1784791800000,65436.85,65463.82,65389.54,65399.39,122.22092
1784792700000,65399.39,65460.6,65372.12,65442.13,113.02082
1784793600000,65442.12,65566,65419.75,65538.01,325.98069
1784794500000,65538,65605.34,65510.41,65595.06,95.137
1784795400000,65595.05,65665.99,65595.05,65635.86,62.64796
1784796300000,65635.86,65661.06,65600,65633,133.46188
1784797200000,65632.99,65741.09,65608.18,65678.83,179.90879
1784798100000,65678.84,65757.99,65668.35,65709,117.59407
1784799000000,65709,65741.34,65691.37,65731.61,123.40105
1784799900000,65731.6,65732,65622.31,65638.92,84.26516
1784800800000,65638.92,65721.56,65589.69,65721.56,92.5283
1784801700000,65721.56,65764,65679.77,65763.99,47.80719
1784802600000,65764,65789.14,65746,65781.99,78.03659
1784803500000,65782,65792.09,65722.43,65740,95.82161
1784804400000,65740,65740.01,65662.6,65713.21,56.04897
1784805300000,65713.22,65719.45,65626,65626.08,48.87135
1784806200000,65626.08,65639.41,65550.06,65557.14,75.56629
1784807100000,65557.15,65632.04,65540.93,65555.21,80.39166
1784808000000,65555.21,65589.41,65470.03,65513.39,116.80437
1784808900000,65513.4,65515.94,65378.19,65422.03,226.65957
1784809800000,65422.03,65422.03,65094.24,65115.99,335.885
1784810700000,65116,65264.21,64988.05,65167.04,400.86729
1784811600000,65167.05,65221.29,65012,65040.34,189.73235
1784812500000,65040.33,65099.78,64947.95,65019.33,209.15606
1784813400000,65019.33,65200,64963.69,65092,247.15162
1784814300000,65092,65152,64863.62,64880,373.64545
1784815200000,64880,65081.64,64822.13,65049.99,382.91553
1784816100000,65050,65216.24,65016,65150.1,273.8258
1784817000000,65150.09,65209.5,65019.44,65029.94,199.38191
1784817900000,65029.93,65029.94,64847.31,64909.99,266.46049
1784818800000,64910,64922.63,64728,64772.01,398.15958
1784819700000,64772.01,64956.89,64764,64870.01,285.51164
1784820600000,64870,64984,64825.05,64909.24,190.12347
1784821500000,64909.23,65023.68,64868.06,64958.36,213.66054
1784822400000,64958.37,64961.15,64797.28,64871.97,267.93202
1784823300000,64871.97,64884.27,64754,64818.94,142.88301
1784824200000,64818.94,64818.94,64704.57,64748.34,216.5837
1784825100000,64748.33,64838,64731.78,64756.84,196.57474
1784826000000,64756.84,64819.71,64733.59,64777.4,147.51934
1784826900000,64777.4,64876.69,64744.9,64849.99,189.7554
1784827800000,64849.99,64900,64803.31,64834,129.32027
1784828700000,64833.99,64875.67,64650,64681.27,143.94665
1784829600000,64681.26,64778.38,64680,64742,163.61022
1784830500000,64742.01,64825.95,64707.89,64811.31,89.99301
1784831400000,64811.31,64879.7,64784.08,64818.9,129.58071
1784832300000,64818.9,64948.05,64818.89,64869.12,90.39112
1784833200000,64869.13,64934.75,64760,64812.06,98.30609
1784834100000,64812.05,64907.15,64794.29,64896.44,90.1311
1784835000000,64896.44,64930,64734.74,64760,128.32747
1784835900000,64760.01,64873.73,64686.56,64846.94,208.60758
1784836800000,64846.93,65059.05,64834.52,65054.11,163.56475
1784837700000,65054.11,65217.93,65050.5,65168,183.19585
1784838600000,65167.99,65174,65108,65124.3,52.77319
1784839500000,65124.3,65168,65109.99,65147.5,36.15918
1784840400000,65147.5,65210.35,65014.13,65050,113.45853
1784841300000,65049.99,65144,65014,65116,81.17722
1784842200000,65116.01,65116.01,65060,65102,56.26327
1784843100000,65102,65169.82,65101.07,65169.81,97.77918
1784844000000,65169.82,65220.91,65083.18,65100,255.41369
1784844900000,65100,65199.84,65013.94,65143.48,92.27002
1784845800000,65143.47,65227.99,65143.47,65210.05,70.79017
1784846700000,65210.04,65210.05,65138,65195.43,46.55284
1784847600000,65195.43,65218.75,65154.11,65200,277.49333
1784848500000,65200,65235.43,65142.03,65176.14,136.05674
1784849400000,65176.15,65209.34,65144.54,65172.07,53.21876
1784850300000,65172.08,65185.62,65052.01,65098.97,47.2545
1784851200000,65098.98,65113.86,64894.84,64934.67,108.28176
1784852100000,64934.68,64990.68,64881.53,64881.54,44.78784
1784853000000,64881.54,64913.7,64762.18,64856,128.91912
1784853900000,64856,64974,64852,64973.99,61.42426
1784854800000,64974,65125.52,64944.37,65045.41,94.15016
1784855700000,65045.4,65116.54,64996,65018.57,178.25189
1784856600000,65018.56,65168,65018.56,65100.2,234.30043
1784857500000,65100.2,65130.15,65064,65086,159.69314
1784858400000,65086,65187.57,65064,65170.01,55.82366
1784859300000,65170,65173.94,65080.47,65163.01,124.06359
1784860200000,65163,65163.01,64925.45,65059.98,168.07524
1784861100000,65059.98,65116.99,64942,65116.99,84.41141
1784862000000,65116.99,65319.79,65078,65316.86,127.93016
1784862900000,65316.85,65400,65305.54,65324.21,124.70538
1784863800000,65324.21,65415.26,65278,65411.98,70.61996
1784864700000,65411.98,65464.35,65391.39,65456.7,59.4443
1784865600000,65456.7,65469.86,65388.7,65392,102.83451
1784866500000,65392,65443.29,65333.97,65418.01,56.97267
1784867400000,65418,65418,65304.01,65332.88,56.10524
1784868300000,65332.88,65354.01,65272.26,65318,83.78338
1784869200000,65318.01,65394,65248,65351.66,108.72208
1784870100000,65351.66,65375.62,65322.74,65334.3,119.64284
1784871000000,65334.3,65334.3,65264.83,65309.1,27.71011
1784871900000,65309.09,65332.81,65284.4,65325,116.22912
1784872800000,65325.01,65380.45,65278.07,65380.45,336.35169
1784873700000,65380.44,65499,65362.07,65468,265.27755
1784874600000,65468,65519.93,65381.76,65459.45,251.14137
1784875500000,65459.44,65483.9,65431.15,65472,61.49377
1784876400000,65472,65772,65471.99,65765,277.38552
1784877300000,65764.99,65808.59,65616.1,65641.31,247.40471
1784878200000,65641.31,65696.99,65320.69,65369.2,486.15231
1784879100000,65369.2,65506.4,65361.22,65499.95,208.66027
1784880000000,65499.94,65508.17,65425.98,65438.95,89.57255
1784880900000,65438.96,65478.2,65312,65390.01,79.80197
1784881800000,65390.01,65451.99,65390,65445.35,77.93802
1784882700000,65445.36,65449.25,65302.18,65302.18,58.94771
1784883600000,65302.18,65314.66,65045.34,65045.34,178.24407
1784884500000,65045.34,65069.87,64952.38,64965.43,130.35842
1784885400000,64965.43,65096,64960.67,65080.01,103.1428
1784886300000,65080,65136,65074,65113.13,67.18962
1784887200000,65113.13,65157.99,65000,65001.88,57.65379
1784888100000,65001.89,65025,64968.56,65014,268.68631
1784889000000,65013.99,65050,65000,65022.21,227.16959
1784889900000,65022.2,65039.37,64906.85,64950,162.61813
1784890800000,64950.01,65024.86,64920,65000.01,267.34549
1784891700000,65000,65069.05,65000,65035.94,158.34579
1784892600000,65035.95,65052,64944,64946.31,180.12043
1784893500000,64946.32,65099.99,64857.14,65083.43,145.36204
1784894400000,65083.42,65101.99,64987.84,65072.63,103.76585
1784895300000,65072.63,65133.99,65022.87,65026.63,108.39478
1784896200000,65026.64,65058.56,64927.52,64927.52,75.96125
1784897100000,64927.53,64954.95,64766,64780.01,219.32929
1784898000000,64780,64802,64360.91,64375.34,558.73226
1784898900000,64375.34,64542,64350.04,64381.99,259.10741
1784899800000,64381.99,64412.95,64210.1,64411.99,504.4824
1784900700000,64411.99,64442,63920.01,64155.46,685.36375
1784901600000,64155.47,64198.3,63973.38,63977.84,388.58894
1784902500000,63977.83,63991.55,63739.75,63860.33,602.92082
1784903400000,63860.34,63885.33,63794.42,63832.01,256.53866
1784904300000,63832,64055.12,63743.62,64055.12,343.04084
1784905200000,64055.11,64144.9,63858,64142.01,241.94495
1784906100000,64142.01,64193.36,63963.99,64128.56,296.5466
1784907000000,64128.55,64333.33,64057.72,64170.09,1159.5535
1784907900000,64170.08,64216.02,64038.86,64093.85,241.14474
1784908800000,64093.86,64200,64020.86,64138,133.03237
1784909700000,64138,64170,64086,64092.36,90.04781
1784910600000,64092.36,64092.36,63942.43,63942.44,136.93924
1784911500000,63942.43,64009.81,63881.46,63958,169.33983
1784912400000,63958.01,64009.81,63905.51,63962.84,128.36566
1784913300000,63962.85,64144,63949.61,64098.06,102.03501
1784914200000,64098.06,64195.46,64094,64171.49,67.7295
1784915100000,64171.49,64202.91,64132.38,64180,227.3454
1784916000000,64180,64211.11,64149.99,64209.32,112.6994
1784916900000,64209.33,64209.33,64129.75,64142.31,42.35735
1784917800000,64142.31,64182.55,64131.71,64173.49,81.95703
1784918700000,64173.49,64290.1,64165.63,64272,153.97347
1784919600000,64272.01,64292.44,64141.18,64144.75,138.95475
1784920500000,64144.75,64217.87,64144.75,64201.69,66.10088
1784921400000,64201.69,64274,64197.19,64252,80.90259
1784922300000,64252,64264,64176,64225.32,293.6364
1784923200000,64225.32,64288.02,64194.96,64210.97,66.82943
1784924100000,64210.97,64266.47,64195.68,64238.47,48.78048
1784925000000,64238.46,64238.47,64128.89,64182,61.24808
1784925900000,64182,64193.21,64136,64170.23,37.9696
1784926800000,64170.24,64222.15,64138,64156.99,85.84161
1784927700000,64157,64258.73,64146.99,64180,212.48261
1784928600000,64180,64208.78,64135.99,64174,230.80386
1784929500000,64174,64184.38,64122.29,64155,122.68534
1784930400000,64155,64173.99,64121.86,64160.01,108.39246
1784931300000,64160.01,64196.99,64150,64167.13,214.22942
1784932200000,64167.14,64216.27,64162.35,64179.99,204.37268
1784933100000,64180,64191,64167.62,64169.01,60.60342
1784934000000,64169.01,64180.91,64149.99,64149.99,75.35945
1784934900000,64150,64176.39,64139.01,64176.39,61.01158
1784935800000,64176.39,64187.4,64139.21,64179.95,171.69458
1784936700000,64179.96,64179.96,64134.71,64139.99,104.8883
1784937600000,64140,64179.03,64134.99,64135,138.42687
1784938500000,64135,64165.12,64129.99,64149.8,76.19289
1784939400000,64149.8,64163.88,64080.66,64102.95,70.39516
1784940300000,64102.94,64102.94,64033.18,64073.61,101.5328
1784941200000,64073.61,64160,64008.77,64022.67,60.57674
1784942100000,64022.68,64081.22,64006.55,64056.01,63.32493
1784943000000,64056,64129.59,64038,64129.58,334.83272
1784943900000,64129.59,64147.19,64068,64068.01,34.34255
1784944800000,64068,64099.99,64062.79,64086.01,90.43135
1784945700000,64086,64086,64033.97,64060,52.22055
1784946600000,64059.99,64060,64024.41,64053.75,139.25256
1784947500000,64053.75,64054.15,64017.87,64052,197.68393
1784948400000,64052.01,64074.36,64016.65,64034,253.28357
1784949300000,64033.99,64103.67,64033.99,64080,159.15745
1784950200000,64080,64105.61,64068,64093.21,23.94536
1784951100000,64093.21,64096.15,64047.44,64085.36,33.12943
1784952000000,64085.36,64129.62,64085.36,64129.61,32.87398
1784952900000,64129.62,64134,64098.2,64104.98,40.09388
1784953800000,64104.98,64190.13,64085.15,64190.01,52.79783
1784954700000,64190,64205.67,64150.05,64181.46,45.61462
1784955600000,64181.45,64199.76,64149.37,64149.99,56.03453
1784956500000,64150,64155.51,64139.99,64150.56,30.1861
1784957400000,64150.55,64150.56,64021.76,64036.89,58.9242
1784958300000,64036.9,64046.01,63980.01,64024,100.47955
1784959200000,64024,64054.64,64009.99,64054.63,42.1103
1784960100000,64054.64,64063.37,63979.99,64012,107.42597
1784961000000,64012,64027.64,63967.72,63991.43,56.52204
1784961900000,63991.42,64010,63964.57,64010,42.48927
1784962800000,64010,64028.66,64009.99,64021.07,48.41647
1784963700000,64021.07,64038,64000,64025.26,161.38975
1784964600000,64025.26,64038.52,64003.23,64030.75,72.94001
1784965500000,64030.75,64038,64003.19,64003.2,125.61988
1784966400000,64003.2,64010.01,63919.91,63961.68,163.94344
1784967300000,63961.68,63996.96,63961.67,63996.95,31.52137
1784968200000,63996.95,64005.4,63954,63957.27,72.25199
1784969100000,63957.28,63961.13,63810,63876.06,239.81218
1784970000000,63876.07,63918,63830,63873.17,363.96177
1784970900000,63873.18,63942,63873.18,63941.99,401.80805
1784971800000,63941.99,63955.04,63925.3,63937.73,185.96147
1784972700000,63937.73,64024.72,63937.73,63999.99,861.88081
1784973600000,64000,64043.74,64000,64043.74,47.48287
1784974500000,64043.74,64050.15,64022.26,64036.38,44.98986
1784975400000,64036.37,64036.37,63996,64030.06,46.09393
1784976300000,64030.07,64070,64020,64070,62.01293
1784977200000,64069.99,64094.77,64047.09,64073.2,53.12409
1784978100000,64073.21,64087.62,64063.59,64086.54,70.65205
1784979000000,64086.55,64113,64053,64053.01,62.75317
1784979900000,64053.01,64075.96,64053,64064.01,39.93701
1784980800000,64064.01,64079.78,64045.56,64062.01,68.15517
1784981700000,64062.01,64066,64044.33,64050,32.28148
1784982600000,64050.01,64094.84,64043,64093.99,36.14463
1784983500000,64093.99,64123.8,64093.99,64123.8,42.82892
1784984400000,64123.8,64136.42,64117.37,64130.97,51.5159
1784985300000,64130.96,64136.45,64106.74,64132,35.13092
1784986200000,64132.01,64200,64116.97,64199.98,67.42031
1784987100000,64199.98,64267.78,64143,64172,131.39878
1784988000000,64172.01,64174.24,64126,64173,78.39699
1784988900000,64172.99,64182,64136,64160.81,62.59951
1784989800000,64160.82,64204.59,64160.81,64197.98,61.40563
1784990700000,64197.98,64217.09,64175.01,64214.04,67.8011
1784991600000,64214.05,64258.45,64188.38,64245.14,53.21574
1784992500000,64245.15,64272,64200,64200.01,51.15753
1784993400000,64200.01,64242.61,64183.01,64215.56,52.63838
1784994300000,64215.56,64217.73,64169.99,64182,36.96864
1784995200000,64182.01,64208.5,64153.78,64208,41.06609
1784996100000,64207.99,64208,64123,64142.26,38.78228
1784997000000,64142.26,64203,64142.14,64202.99,22.07227
1784997900000,64203,64241.71,64190,64206.6,24.68964
1784998800000,64206.61,64236,64194.37,64203.78,26.20308
1784999700000,64203.79,64281.28,64203.79,64271.93,42.90554
1785000600000,64271.93,64321.57,64256,64288.95,53.98418
1785001500000,64288.94,64356,64250.58,64267.4,64.72426
1785002400000,64267.41,64420,64267.41,64360.01,87.29169
1785003300000,64360.01,64420,64346.36,64419.99,50.34865
1785004200000,64420,64475.28,64388.37,64396,123.75417
1785005100000,64396,64446.71,64392.44,64415.99,53.12617
1785006000000,64415.99,64438.12,64404,64436.01,29.42806
1785006900000,64436,64436.01,64396,64409.64,55.8133
1785007800000,64409.64,64412.91,64399.55,64399.57,40.6985
1785008700000,64399.57,64428,64388.38,64388.38,93.55744
1785009600000,64388.39,64392.74,64344,64378.01,28.74173
1785010500000,64378,64391.04,64343,64371.35,112.85241
1785011400000,64371.35,64371.35,64319.41,64323.53,18.67554
1785012300000,64323.52,64351.45,64313,64339.75,53.63198
1785013200000,64339.75,64339.75,64263.03,64277.99,34.83042
1785014100000,64278,64293.16,64263.03,64291.93,26.52796
1785015000000,64291.94,64371.88,64291.93,64333.86,31.49745
1785015900000,64333.86,64430,64333.86,64344.02,84.2088
1785016800000,64344.02,64406.01,64344.01,64406,88.23098
1785017700000,64406,64421.58,64376.68,64395.91,86.76632
1785018600000,64395.92,64413.39,64359.12,64413,129.77462
1785019500000,64413,64426,64364.82,64412,321.16531
1785020400000,64412.01,64429.38,64399.99,64400,100.28378
1785021300000,64400,64420.29,64393.01,64398,47.36311
1785022200000,64398,64427.88,64382.01,64382.01,177.62139
1785023100000,64382.02,64392.42,64363,64375,92.53932
1785024000000,64375.01,64434,64350,64433.99,73.75412
1785024900000,64433.99,64486,64420.01,64474.87,111.95067
1785025800000,64474.86,64482,64414.05,64423.89,32.97548
1785026700000,64423.88,64507,64406,64506.99,38.05631
1785027600000,64506.99,64541.66,64466,64500,48.42585
1785028500000,64500,64502.96,64472.16,64474.05,31.78005
1785029400000,64474.06,64498.62,64466.76,64480,46.1107
1785030300000,64480,64488.18,64456.67,64462,150.86488
1785031200000,64462,64475.52,64427.59,64474,53.47661
1785032100000,64474,64476,64446,64474,27.40633
1785033000000,64474,64480,64432.99,64440,18.65602
1785033900000,64440,64527.59,64440,64527.56,17.48364
1785034800000,64527.57,64578.21,64488.73,64576,97.76511
1785035700000,64575.99,64576.01,64537.01,64563,60.86008
1785036600000,64563.01,64582,64545.18,64545.36,51.9466
1785037500000,64545.35,64557.01,64530.15,64557,94.3914
1785038400000,64557,64557.01,64505.28,64505.29,102.91177
1785039300000,64505.28,64549.22,64491.73,64549.22,26.85008
1785040200000,64549.22,64579.98,64534.85,64579.98,23.22361
1785041100000,64579.98,64599.95,64508.01,64530.06,272.17907
1785042000000,64530.06,64530.07,64495.47,64520,32.91015
1785042900000,64520,64520,64493,64493,20.59732
1785043800000,64493.01,64493.01,64403.95,64475.68,46.22716
1785044700000,64475.67,64475.68,64417.68,64417.69,31.41045
1785045600000,64417.68,64437.88,64350,64350,164.89639
1785046500000,64350,64357.42,64293.81,64301.76,67.58037
1785047400000,64301.76,64400.01,64301.76,64374,142.45745
1785048300000,64373.99,64457.55,64373.99,64438,33.3016
1785049200000,64438.01,64460,64398.28,64428.01,52.60063
1785050100000,64428.01,64438.16,64357.84,64367.98,35.6678
1785051000000,64367.98,64375.72,64341.99,64342,132.73532
1785051900000,64341.99,64375.74,64341.99,64370,52.4936
1785052800000,64370,64392.73,64353,64392.73,99.62798
1785053700000,64392.72,64412.99,64374.4,64394,24.68928
1785054600000,64394,64442.2,64393.99,64442.19,19.8348
1785055500000,64442.19,64493.99,64442.19,64480.01,59.99785
1785056400000,64480.02,64510.01,64478.38,64499.98,49.80638
1785057300000,64499.98,64545.36,64499.98,64530.01,53.18902
1785058200000,64530.01,64543.1,64513,64543.1,41.69813
1785059100000,64543.09,64549.02,64538,64538,20.13133
1785060000000,64538.01,64538.01,64503.95,64509.96,29.44256
1785060900000,64509.97,64540,64497.62,64518.3,58.38491
1785061800000,64518.29,64549.99,64518.29,64549.99,17.27472
1785062700000,64549.98,64573.73,64515.39,64515.4,31.94521
1785063600000,64515.39,64535.99,64509.99,64510.17,54.26278
1785064500000,64510.18,64522,64503.95,64503.95,44.51931
1785065400000,64503.96,64503.96,64495.17,64495.17,30.52863
1785066300000,64495.18,64515.22,64495.17,64507.35,45.53327
1785067200000,64507.36,64662.99,64507.35,64609.01,160.89459
1785068100000,64609.02,64620.22,64516,64572.82,72.79326
1785069000000,64572.81,64572.82,64503.95,64503.95,29.32702
1785069900000,64503.96,64503.96,64434,64466.67,56.27842
1785070800000,64466.68,64468.59,64414,64423.61,30.09577
1785071700000,64423.61,64514,64423.6,64470.02,37.48216
1785072600000,64470.01,64556,64454.8,64555.99,118.02241
1785073500000,64556,64571.42,64503.18,64518,133.55376
1785074400000,64517.99,64768.23,64517.99,64709.96,247.23486
1785075300000,64709.96,64709.97,64624.28,64630.31,77.02999
1785076200000,64630.31,64724,64624.28,64693,84.62733
1785077100000,64692.99,64758.86,64683,64712.99,95.34997
1785078000000,64713,64774.27,64673.42,64673.42,83.62094
1785078900000,64673.42,64783,64673.42,64757.56,79.89255
1785079800000,64757.56,64827,64734,64800.84,88.19898
1785080700000,64800.83,64800.84,64743,64768,62.15648
1785081600000,64768,64798.39,64703.23,64718.97,92.81253
1785082500000,64718.96,64814.17,64718.96,64801.26,56.66483
1785083400000,64801.25,64940.51,64801.25,64830,174.83803
1785084300000,64829.99,64838.75,64734.16,64734.17,95.73503
1785085200000,64734.17,64772,64676.91,64772,148.00673
1785086100000,64771.99,64794.45,64710.53,64715.27,75.86123
1785087000000,64715.26,64753,64668.91,64681.99,47.11499
1785087900000,64681.99,64704,64673.06,64697.2,76.8302
1785088800000,64697.21,64705.99,64680.97,64683.01,30.65491
1785089700000,64683,64698.66,64668.91,64688.61,29.06538
1785090600000,64688.61,64721.05,64676.72,64703.52,29.43301
1785091500000,64703.51,64769.99,64703.51,64734.38,25.60951
1785092400000,64734.39,64741.83,64671.91,64671.93,28.0392
1785093300000,64671.93,64742.45,64671.92,64720.01,287.35995
1785094200000,64720.01,64753,64720,64722.36,23.87359
1785095100000,64722.35,64722.36,64693.17,64695.52,30.28444
1785096000000,64695.52,64703.36,64683.8,64691.71,32.6584
1785096900000,64691.71,64691.71,64631.57,64649.99,38.34311
1785097800000,64650,64669.99,64649.99,64662.72,27.55768
1785098700000,64662.72,64662.72,64649.03,64649.04,21.45863
1785099600000,64649.04,64719.75,64649.03,64698.1,46.89118
1785100500000,64698.09,64859.99,64695.92,64819.17,80.08651
1785101400000,64819.16,64844.44,64793,64793.01,64.6335
1785102300000,64793.01,64924,64793.01,64858.02,76.65386
1785103200000,64858.03,65244,64858.03,65206.96,364.29556
1785104100000,65206.96,65260.86,65170,65204,251.44376
1785105000000,65204,65502.6,65184.12,65467.66,512.58867
1785105900000,65467.67,65500,65378,65412.68,202.74593
1785106800000,65412.69,65577,65381.77,65408.51,380.32212
1785107700000,65408.52,65494.33,65312,65334,114.36837
1785108600000,65334,65409.01,65273.76,65407.21,69.84145
1785109500000,65407.2,65463.97,65351.28,65399.99,65.61733
1785110400000,65400,65418.81,65188,65227.32,165.58006
1785111300000,65227.33,65263.85,65108,65199.99,110.46359
1785112200000,65199.99,65229.99,65118,65160.28,86.8325
1785113100000,65160.29,65191.28,65065.46,65131.95,102.89772
1785114000000,65131.96,65206.84,65050.04,65057.84,90.1331
1785114900000,65057.85,65084,64992,65019.88,99.73863
1785115800000,65019.89,65119.85,64892.03,65096.28,200.57501
1785116700000,65096.29,65225.75,65084,65206.21,88.34049
1785117600000,65206.21,65220,65160,65206.01,66.50551
1785118500000,65206,65249.74,65154.02,65186.54,157.88042
1785119400000,65186.54,65281.64,65118.08,65239.45,149.86356
1785120300000,65239.44,65265.64,65126.77,65172,101.56876
1785121200000,65172.02,65290,65161.99,65279.99,304.08051
1785122100000,65280,65341.77,65263.83,65319.99,71.93959
1785123000000,65319.99,65359.98,65254,65356.7,74.90696
1785123900000,65356.7,65367.73,65269.99,65284,68.25576
1785124800000,65284,65374.79,65242.69,65318.51,73.083
1785125700000,65318.51,65500,65288.26,65325.33,126.96272
1785126600000,65325.32,65436.87,65252.3,65393.82,72.44253
1785127500000,65393.81,65393.82,65282.8,65282.8,59.07156
1785128400000,65282.81,65396.01,65282.8,65372.48,52.17643
1785129300000,65372.48,65438,65340,65411.99,74.11703
1785130200000,65411.99,65424.01,65370,65384,89.88681
1785131100000,65384,65493.38,65351.62,65468.38,68.61345
1785132000000,65468.38,65744.6,65459.42,65597.41,373.74294
1785132900000,65597.4,65640,65462.14,65492.54,188.55276
1785133800000,65492.54,65580,65471.87,65526.11,155.03545
1785134700000,65526.11,65530,65404.9,65416.76,150.01615
1785135600000,65416.77,65441.63,65346.52,65422,378.17587
1785136500000,65422.01,65447.02,65396.34,65410.49,75.74706
1785137400000,65410.5,65410.5,65217.16,65283.99,214.85757
1785138300000,65283.99,65326,65221.99,65221.99,397.31069
1785139200000,65221.99,65250,65166.66,65189.99,175.41743
1785140100000,65189.99,65258,65136,65239.57,224.19767
1785141000000,65239.58,65239.58,65158.87,65163.76,184.04136
1785141900000,65163.76,65207.37,65128.85,65162.98,141.31872
1785142800000,65162.98,65162.98,65100,65122.01,281.88264
1785143700000,65122,65234,65117.25,65225.67,259.72741
1785144600000,65225.68,65348.17,65210.37,65303.99,322.63114
1785145500000,65303.98,65308.67,65262.15,65262.17,613.91953
1785146400000,65262.18,65272.92,65230.01,65248,123.59549
1785147300000,65248,65390,65243.04,65348.01,127.00806
1785148200000,65348.01,65416.44,65344.5,65410,99.01923
1785149100000,65410,65432,65333.33,65333.35,62.67715
1785150000000,65333.35,65333.36,65242.06,65254.7,82.57155
1785150900000,65254.69,65265.94,65128.95,65128.95,56.27013
1785151800000,65128.95,65210.04,65118.08,65158.01,84.12977
1785152700000,65158,65158,65092,65100.79,64.17857
1785153600000,65100.79,65255.76,65076.98,65086.01,132.86022
1785154500000,65086,65144,65009.28,65009.29,105.61203
1785155400000,65009.28,65054.37,64836,65046.79,261.72569
1785156300000,65046.78,65134.37,65015,65086,87.53437
1785157200000,65086,65124,64968,64978.22,89.9647
1785158100000,64978.21,65055.93,64913.12,64947.6,112.20363
1785159000000,64947.6,65686.68,64943.66,65668.2,493.29255
1785159900000,65668.2,65718,65184,65217.37,381.08054
1785160800000,65217.38,65431.9,65134.36,65367.99,207.81897
1785161700000,65367.99,65396.26,64870.68,64870.69,249.98249
1785162600000,64870.69,64886.9,64459.82,64476,406.89652
1785163500000,64476,64710,64472.01,64687.45,267.77876
1785164400000,64687.45,64776,64579.22,64728.87,211.16088
1785165300000,64728.87,64774,64554.51,64658,118.64548
1785166200000,64658,64700,64418.01,64580.79,191.81385
1785167100000,64580.8,64637.79,64534.79,64554.01,74.66972
1785168000000,64554,64683.53,64538.54,64616,95.70287
1785168900000,64616,64796,64517.78,64734.01,176.37759
1785169800000,64734,64970.93,64734,64923.77,113.42357
1785170700000,64923.77,64949.99,64811.28,64898.52,87.86898
1785171600000,64898.53,64949.22,64794.37,64897.29,100.06495
1785172500000,64897.29,65061.86,64884,65002.55,149.59182
1785173400000,65002.55,65090,64996,65000,88.07984
1785174300000,65000.01,65031.81,64955.43,65019.81,66.75546
1785175200000,65019.81,65058.32,64962.67,64962.67,51.3454
1785176100000,64962.66,64962.66,64843.32,64918.87,81.84223
1785177000000,64918.87,64932.89,64755.67,64837.33,118.37073
1785177900000,64837.33,64880.72,64763.97,64878,71.70508
1785178800000,64878,65026.35,64810.9,64974,56.36905
1785179700000,64974.01,65029.3,64929.88,64996.01,80.17271
1785180600000,64996.01,65078,64972.01,64978,79.86145
1785181500000,64978,64984,64920.5,64984,75.42113
1785182400000,64983.99,65056,64944,64956.28,46.50783
1785183300000,64956.27,65015.24,64908.01,65015.24,26.55528
1785184200000,65015.24,65026.16,64950,64950.02,35.16231
1785185100000,64950.01,64964.01,64908.01,64960.65,89.47417
1785186000000,64960.64,64960.65,64900,64903.43,59.64167
1785186900000,64903.44,64903.44,64819.16,64828.38,70.01358
1785187800000,64828.37,64880,64790.28,64819.2,57.73121
1785188700000,64819.21,64869.91,64800,64821.25,50.68757
1785189600000,64821.26,64821.26,64671.07,64726.01,113.55303
1785190500000,64726.01,64757.93,64577.06,64602.71,94.8295
1785191400000,64602.7,64602.71,64150,64213.99,371.10991
1785192300000,64213.99,64225.82,63792,63792,551.05412
1785193200000,63792.01,63858.97,63605.56,63800.01,460.29236
1785194100000,63800.01,63940.27,63726,63882.56,214.36235
1785195000000,63882.38,63922,63634,63685.96,162.42513
1785195900000,63685.95,63790,63663.47,63755.86,110.57211
1785196800000,63755.86,63791.33,63500,63681.99,260.55552
1785197700000,63682,63827.49,63584,63704.3,164.16661
1785198600000,63704.3,63709.66,63570.98,63610.01,97.37051
1785199500000,63610,63619.71,63469.3,63487.88,188.9528
1785200400000,63487.88,63529.89,63059.39,63198.93,566.39123
1785201300000,63198.94,63356.85,63128.45,63315.51,388.46039
1785202200000,63315.51,63397.95,63180,63198,162.38483
1785203100000,63198,63316.69,63178,63230.83,127.97334
1785204000000,63230.82,63285.02,63163.93,63267.99,131.57977
1785204900000,63267.98,63305.94,63204.16,63235.97,94.95833
1785205800000,63235.96,63245.86,63123,63130,108.25048
1785206700000,63130,63206.44,63108,63185.59,94.43036
1785207600000,63185.59,63298,63168.01,63277.08,87.02706
1785208500000,63277.09,63346.3,63250,63300.62,258.79499
1785209400000,63300.63,63375.39,63228.57,63356.38,266.40643
1785210300000,63356.39,63369.99,63284.59,63343.83,116.27208
1785211200000,63343.82,63354.39,63285.01,63345.67,127.79223
1785212100000,63345.67,63361.85,63295.1,63295.11,103.37053
1785213000000,63295.1,63295.1,63221.26,63286.08,44.50102
1785213900000,63286.08,63354.55,63286.03,63350.95,67.51004
1785214800000,63350.95,63498.6,63323.09,63450.64,94.68383
1785215700000,63450.65,63623.5,63450.64,63545.26,136.74637
1785216600000,63545.26,63545.37,63432.38,63545.36,93.67556
1785217500000,63545.37,63561.03,63451.61,63451.61,65.41263
1785218400000,63451.62,63467.32,63395.13,63424.22,108.17896
1785219300000,63424.22,63526.86,63424.21,63521.99,105.11982
1785220200000,63522,63584.01,63506.05,63580,76.39278
1785221100000,63580,63660.72,63545.38,63640.63,171.03132
1785222000000,63640.63,63668.71,63539.55,63583.9,363.51929
1785222900000,63583.9,63590,63513.81,63575.76,267.726
1785223800000,63575.76,63582,63488,63488,204.64728
1785224700000,63488.01,63528.35,63455.58,63505.99,150.09273
1785225600000,63506,63546.36,63440.62,63440.62,88.14409
1785226500000,63440.62,63494.26,63433.02,63479.99,63.68459
1785227400000,63480,63518,63420,63496.61,79.07647
1785228300000,63496.61,63512,63406.11,63428.08,50.58251
1785229200000,63428.07,63465.99,63396,63431.98,60.9465
1785230100000,63431.99,63499.76,63415.65,63496.3,79.86232
1785231000000,63496.29,63581.33,63481.03,63518.91,88.80366
1785231900000,63518.91,63556.31,63368.81,63393.99,85.82511
1785232800000,63393.99,63410,63322,63344,88.97075
1785233700000,63344.01,63429.83,63294,63386.91,115.30509
1785234600000,63386.91,63526,63370,63526,133.05302
1785235500000,63525.99,63555.18,63468,63473.47,78.70684
1785236400000,63473.48,63507.25,63366.02,63366.03,92.91166
1785237300000,63366.02,63593,63352,63453.29,104.90877
1785238200000,63453.28,63584.83,63368,63398.07,76.03397
1785239100000,63398.07,63513.88,63398.07,63450,131.59889
1785240000000,63449.99,63536,63430.33,63440.01,112.82358
1785240900000,63440.01,63512.12,63418.52,63424,88.07498
1785241800000,63424,63477.31,63364.96,63477.3,131.82623
1785242700000,63477.31,63570,63434.32,63546.65,108.25936
1785243600000,63546.65,63588,63481.29,63516.01,177.60135
1785244500000,63516.01,63516.01,63304,63310.01,222.04729
1785245400000,63310,63392.39,62890,62991.28,716.1467
1785246300000,62991.28,63120.03,62742.47,63104,500.11888
1785247200000,63104,63308,63103.99,63153.7,195.33853
1785248100000,63153.7,63247.39,62965.38,63184.91,293.73663
1785249000000,63184.91,63424.09,63156,63358,203.79327
1785249900000,63358.01,63550,63326.1,63412.45,176.11745
1785250800000,63412.45,63495.17,63269.28,63462.26,195.43371
1785251700000,63462.26,63986.21,63370,63754.28,346.90999
1785252600000,63754.28,63944,63700,63873.54,181.36877
1785253500000,63873.55,64026.62,63798.36,63928.47,221.40325
1785254400000,63928.46,63936,63803.94,63814,115.27952
1785255300000,63814,63950,63800,63842,95.11206
1785256200000,63842.01,63946,63773.65,63912,115.39051
1785257100000,63912,64100,63866.18,64043.26,192.1654
1785258000000,64043.27,64043.27,63791.86,63804.9,98.74276
1785258900000,63804.9,63834,63694.7,63736.01,117.50028
1785259800000,63736.01,63736.01,63504,63564.97,200.87465
1785260700000,63564.97,63687.19,63563.33,63685.88,110.13107
1785261600000,63685.88,63849.09,63680.91,63696,100.59238
1785262500000,63695.99,63741.12,63681.3,63701.24,93.45412
1785263400000,63701.24,63774.62,63672.26,63760,54.4727
1785264300000,63760,63796,63694,63734.49,62.9937
1785265200000,63734.49,63860,63734.49,63761.86,78.79731
1785266100000,63761.87,63800,63724,63754,52.1596
1785267000000,63754.01,63873.55,63688.42,63697.99,81.35686
1785267900000,63698,63904,63675.93,63904,120.95632
1785268800000,63904,63994.48,63880,63989.71,164.37805
1785269700000,63989.7,64018.39,63898.11,63902.86,57.20427
1785270600000,63902.87,63939.03,63881.68,63930.01,52.1874
1785271500000,63930.01,63942.97,63901.42,63917.55,26.45147
1785272400000,63917.55,63994.29,63914.01,63924,46.29961
1785273300000,63924.01,63928,63892,63920,29.26013
1785274200000,63920,64052,63904,64042.89,89.9926
1785275100000,64042.89,64073.3,63969.45,63972.44,61.68629
1785276000000,63972.44,64020.76,63906.5,63991.17,77.97974
1785276900000,63991.18,64020.76,63918,63918.01,47.65921
1785277800000,63918,63918,63862.39,63881.99,107.03613
1785278700000,63881.99,63881.99,63768.47,63783.71,86.99511
1785279600000,63783.72,63790,63602.52,63628,78.1894
1785280500000,63627.99,63665.38,63562,63638.57,99.55311
1785281400000,63638.58,63846,63638.58,63845.95,361.50473
1785282300000,63845.95,63956.4,63820.21,63915,229.68414
1785283200000,63915,64200,63914.99,64018.01,417.4978
1785284100000,64018.01,64092,63950.18,64012,176.47332
1785285000000,64012,64096,63873.54,64084.01,195.03769
1785285900000,64084.01,64188.75,63928.44,63953.99,73.00123
1785286800000,63954,63999,63798.62,63815.97,87.99138
1785287700000,63815.98,63946,63776.34,63909.99,155.82862
1785288600000,63909.99,63939.37,63795.25,63811.36,304.36957
1785289500000,63811.36,63832.27,63690,63705.06,95.55172
1785290400000,63705.07,63873.55,63658,63832.47,105.15273
1785291300000,63832.46,64023.74,63686.76,64023.74,120.71154
1785292200000,64023.73,64132.42,63954,64030.01,127.63031
1785293100000,64030,64044,63911.92,63979.96,106.25645
1785294000000,63979.96,64002,63856.54,63938.01,56.40436
1785294900000,63938,63970,63786.78,63798,82.23295
1785295800000,63797.99,63870,63710,63775.53,125.83263
1785296700000,63775.53,63800,63718,63753.03,117.07195
1785297600000,63753.04,63771.9,63598,63742,114.50041
1785298500000,63741.99,63834.51,63633.65,63808,146.76984
1785299400000,63807.99,63956.15,63779.44,63866.74,79.02243
1785300300000,63866.74,63970.92,63846.1,63968.34,295.19328
1785301200000,63968.34,64020,63932.29,63996.29,190.33803
1785302100000,63996.29,63997.29,63890.07,63950.01,258.61717
1785303000000,63950,64045.04,63919.42,64018,80.04324
1785303900000,64018.01,64094.2,64006.28,64067.32,83.17319
1785304800000,64067.32,64148.69,64026.64,64123.7,250.68125
1785305700000,64123.7,64409.97,64096.01,64403,190.15772
1785306600000,64403,64471,64386.01,64462.99,406.18628
1785307500000,64463,64463,64400,64435.62,112.59558
1785308400000,64435.63,64494.92,64402.67,64466,105.31217
1785309300000,64466.01,64508,64432.17,64507.98,121.94751
1785310200000,64507.98,64518,64441.31,64498,116.98444
1785311100000,64497.99,64575.99,64460.01,64561,168.06689
1785312000000,64561.01,64588,64359.35,64376,176.86357
1785312900000,64376,64403.71,64283.83,64301.99,102.23753
1785313800000,64301.99,64433.88,64284.03,64433.87,69.57982
1785314700000,64433.88,64523.68,64398.88,64417.31,94.20589
1785315600000,64417.31,64464,64386.94,64452,116.73569
1785316500000,64452,64478.6,64430,64461.82,92.77188
1785317400000,64461.81,64700,64461.81,64605.99,242.98268
1785318300000,64605.99,64744.81,64517.15,64698,237.44281
1785319200000,64698.01,64718,64626.05,64663.99,120.49109
1785320100000,64663.99,64700,64609.02,64623.59,55.64736
1785321000000,64623.59,64680.57,64567.56,64670,62.46616
1785321900000,64670,64670,64410.24,64469.83,98.85934
1785322800000,64469.84,64546,64440,64521.95,85.18689
1785323700000,64521.94,64591.73,64476.58,64492.48,97.1139
1785324600000,64492.47,64496,64422.5,64422.5,73.50281
1785325500000,64422.51,64507.54,64422.5,64507.54,61.97228
1785326400000,64507.53,64507.54,64433.87,64456.01,90.05018
1785327300000,64456,64456,64276.73,64342.02,146.90228
1785328200000,64342.01,64386.4,64282.01,64333.58,96.90716
1785329100000,64333.59,64341,64215.93,64276.81,141.65618
1785330000000,64276.82,64330.62,64224.59,64330.39,122.55092
1785330900000,64330.38,64334,64139.68,64205.38,113.55255
1785331800000,64205.39,64499,64148.07,64478.51,270.77193
1785332700000,64478.51,64667.18,64316.11,64664.7,288.6943
1785333600000,64664.69,64718.87,64240.9,64264,213.12715
1785334500000,64264,64402,64121,64198.96,188.12095
1785335400000,64198.96,64313.99,64049.55,64099.99,197.1942
1785336300000,64099.99,64259.98,64047.71,64108.01,138.06475
1785337200000,64108.01,64195,64062,64136,135.35717
1785338100000,64135.99,64158,63961.96,64093.49,210.73001
1785339000000,64093.49,64178.39,63971.78,63986.01,194.98177
1785339900000,63986,64048.19,63886,63964.01,186.63489
1785340800000,63964.01,64006,63900,63949.62,149.26926
1785341700000,63949.62,64146.53,63925,64026.01,154.05264
1785342600000,64026,64078,63624.15,63695.1,207.82122
1785343500000,63695.09,63834,63654.94,63808.33,246.88556
1785344400000,63808.33,63873.55,63709.19,63873.54,132.91954
1785345300000,63873.55,63873.55,63750,63756.17,99.5917
1785346200000,63756.17,63978.44,63731.01,63966.53,103.51923
1785347100000,63966.54,64286.71,63934,64269.83,150.10461
1785348000000,64269.83,64648.79,64256,64336,637.18513
1785348900000,64336,64393.54,63992,64098,236.17143
1785349800000,64098,64452,63758,64408.01,550.22956
1785350700000,64408,64637.03,64350,64501.52,473.12022
1785351600000,64501.52,64600,64180.38,64284,415.29377
1785352500000,64284,64420,63964,64033.77,332.54193
1785353400000,64033.77,64117.09,63850,63876,273.59303
1785354300000,63875.99,63902,63511,63589.46,431.62218
1785355200000,63589.46,63642,63378.09,63611.28,347.45747
1785356100000,63611.28,63718.89,63407.99,63530.52,163.88965
1785357000000,63530.52,63746.42,63506,63590.9,139.98947
1785357900000,63590.9,63618.58,63472.76,63522.01,137.2558
1785358800000,63522.01,63527.94,63267.34,63494.01,247.99655
1785359700000,63494,63575.6,63377.45,63575.59,159.54449
1785360600000,63575.58,63641.25,63547.54,63560.75,162.36845
1785361500000,63560.76,63860,63535.24,63860,201.11494
1785362400000,63860,64111.76,63859.99,64018.45,318.8221
1785363300000,64018.45,64131.44,63978.61,64045.86,210.97735
1785364200000,64045.86,64055.88,63927.89,64015.37,113.32651
1785365100000,64015.37,64027.81,63910.52,63942.5,61.58291
1785366000000,63942.5,63988.4,63899,63922.34,74.19316
1785366900000,63922.35,64067.12,63918.22,64005.07,81.94155
1785367800000,64005.08,64032.72,63929.09,64001.74,101.09164
1785368700000,64001.74,64060,63948.38,63984.28,74.6563
1785369600000,63984.29,64100.24,63983,64032.95,153.88447
1785370500000,64032.95,64125.61,63959.01,64006.01,212.51805
1785371400000,64006,64008.48,63694,63694.01,162.44576
1785372300000,63694,63750,63603.92,63696.72,121.09941
1785373200000,63696.73,63883.23,63691.9,63706.01,116.20422
1785374100000,63706,63839.53,63690,63834,153.18598
1785375000000,63834,64069.59,63833.99,64059.71,173.37934
1785375900000,64059.72,64370,64039.93,64266,243.30331
1785376800000,64266.01,64390.13,64237.63,64330.32,138.87235
1785377700000,64330.31,64411.76,64301.91,64354.01,177.71168
1785378600000,64354.01,64354.01,64218,64320,84.90417
1785379500000,64320,64320,64159.63,64189.99,173.6852
1785380400000,64190,64268,64133.99,64200,137.83228
1785381300000,64200,64300.91,64190.53,64267.98,126.63356
1785382200000,64267.99,64267.99,64140.5,64160,84.1516
1785383100000,64159.99,64222,64159.99,64161.98,74.20896
1785384000000,64161.98,64180,64107.33,64145.01,220.74849
1785384900000,64145,64145.01,64089.99,64090,263.08957
1785385800000,64089.99,64160.1,64064.02,64110.01,313.05454
1785386700000,64110,64150,64008.5,64023.99,130.56613
1785387600000,64024,64037.99,63941.13,63973,312.12233
1785388500000,63972.99,64016,63907.85,64013.06,228.95006
1785389400000,64013.06,64182,63996.54,64122.38,109.35419
1785390300000,64122.39,64156,63993.2,64033.89,115.69675
1785391200000,64033.9,64076,63982.68,64000,115.74204
1785392100000,64000.01,64078,63966.95,64078,105.96701
1785393000000,64078,64080,63972,64007.41,107.62285
1785393900000,64007.4,64018,63957.2,64002,313.66676
1785394800000,64001.99,64144,64001.99,64057.83,101.58479
1785395700000,64057.83,64144.06,63993.25,64062.01,114.95472
1785396600000,64062.01,64066.01,63943.29,64041.5,259.51902
1785397500000,64041.5,64041.5,63984,64026,233.98989
1785398400000,64026,64066,63982,64003.99,286.79606
1785399300000,64003.99,64343.46,63980.54,64268,246.29369
1785400200000,64268,64348,64234,64348,254.26804
1785401100000,64347.99,64358.99,64290.56,64308.01,355.85647
1785402000000,64308.01,64415.4,64283.8,64410.51,881.8348
1785402900000,64410.52,64525.99,64390.99,64496.01,428.78456
1785403800000,64496.02,64641.37,64496.01,64589.99,578.15248
1785404700000,64589.99,64639.07,64567.55,64567.56,671.37639
1785405600000,64567.55,64625,64562,64568.52,111.56722
1785406500000,64568.52,64631.71,64568.51,64624.01,120.01995
1785407400000,64624.01,64631.99,64569.95,64610.01,139.5962
1785408300000,64610,64621.07,64570.72,64570.72,87.86125
1785409200000,64570.72,64625,64542.73,64605.93,148.04086
1785410100000,64605.92,64666,64566,64576.01,114.20136
1785411000000,64576.01,64710.8,64547.69,64664.32,140.25656
1785411900000,64664.32,64885.18,64654,64788,227.88986
1785412800000,64788.01,65027.25,64788,64984.98,309.42919
1785413700000,64984.97,65043.94,64864,64885.37,232.11325
1785414600000,64885.37,64948.44,64837.56,64838.01,183.07062
1785415500000,64838.01,64941.32,64838,64925,95.00899
1785416400000,64925,64958.23,64815.7,64839.27,119.123
1785417300000,64839.26,64878.51,64819.16,64830,97.88265
1785418200000,64829.99,65024.12,64689.02,65013.86,382.13216
1785419100000,65013.86,65176.6,64993.63,65022.01,574.05955
1785420000000,65022,65042,64717.83,64733.99,326.48929
1785420900000,64733.99,64854,64620,64780.01,395.7747
1785421800000,64780.01,64861.98,64734.1,64806.32,176.49957
1785422700000,64806.31,64845.99,64636.37,64683.97,167.03366
1785423600000,64683.97,64829.85,64607.31,64726.09,179.22982
1785424500000,64726.09,64888,64684,64686.21,214.34658
1785425400000,64686.21,64780,64640.31,64768,150.88608
1785426300000,64768.01,64798,64700.65,64730.3,134.05287
1785427200000,64730.29,64963.64,64729.56,64935.68,227.60498
1785428100000,64935.68,64950,64846,64885.39,137.53774
1785429000000,64885.4,64898,64770,64776.75,172.53435
1785429900000,64776.74,64850.53,64776.31,64818.01,77.56877
1785430800000,64818.01,64867,64772,64804.62,149.70527
1785431700000,64804.62,64962.83,64792,64944.96,112.89895
1785432600000,64944.96,64988,64819.16,64949.65,135.80582
1785433500000,64949.65,64950.03,64858.01,64872,54.05766
1785434400000,64871.99,64899.8,64820.01,64820.46,59.31564
1785435300000,64820.46,64820.47,64750.65,64799.03,76.99013
1785436200000,64799.02,64819.55,64714.09,64732,76.14541
1785437100000,64731.99,64732,64688,64702.8,51.53702
1785438000000,64702.8,64864.5,64702.79,64836,91.44022
1785438900000,64836,64904,64806,64888.5,83.41711
1785439800000,64888.5,64888.5,64826.25,64838,64.85429
1785440700000,64837.99,64862,64782,64800,117.17674
1785441600000,64800,64936,64785.28,64792.31,165.52295
1785442500000,64792.3,64874,64764.36,64794.05,45.61878
1785443400000,64794.06,64880,64752.12,64866,79.22597
1785444300000,64865.99,64888.6,64777.37,64777.37,40.05322
1785445200000,64777.38,64802.48,64735.39,64756.41,65.7118
1785446100000,64756.42,64760,64747.08,64748.59,29.50192
1785447000000,64748.59,64799.37,64740.54,64763.68,53.81759
1785447900000,64763.68,64775.74,64700.34,64735.53,78.72914
1785448800000,64735.53,64974,64668.91,64931.66,202.16188
1785449700000,64931.67,64996.9,64900,64994.4,74.569
1785450600000,64995.43,65029.29,64868.96,64912.01,139.43966
1785451500000,64912,64923.18,64838.7,64851.16,66.28694
1785452400000,64851.16,64940,64830,64939.99,48.12081
1785453300000,64939.99,64945.87,64898.73,64933.99,58.12328
1785454200000,64934,65086.4,64772,64815.97,238.03205
1785455100000,64815.97,64891.44,64740,64780.02,147.50256
1785456000000,64780.03,64901.55,64757.27,64819.75,82.78974
1785456900000,64819.75,64822,64728.47,64775.01,240.1786
1785457800000,64775.01,64821.78,64740.27,64794.98,235.15309
1785458700000,64794.98,64804,64690.29,64724.91,102.30947
1785459600000,64724.92,65409.56,64724.92,65189.32,563.95142
1785460500000,65189.32,65225.74,65026.8,65184.08,232.81466
1785461400000,65184.09,65184.09,64824.58,64824.61,183.98934
1785462300000,64824.61,64894,64480.44,64564.01,236.24734
1785463200000,64564,64614,64467,64484.93,142.84525
1785464100000,64484.93,64484.93,64350,64353.78,242.15649
1785465000000,64353.78,64417.66,64203.58,64230.56,293.69608
1785465900000,64230.55,64360,64218.83,64297.79,176.95994
1785466800000,64297.79,64297.79,64172,64258,137.77005
1785467700000,64258,64422,64219.06,64382.33,212.23356
1785468600000,64382.34,64416,64298,64385.31,85.80253
1785469500000,64385.31,64439.81,64341.02,64370,112.23949
1785470400000,64370,64438,64350,64370.01,154.22029
1785471300000,64370.26,64372,64236,64335.79,87.08885
1785472200000,64335.8,64369.75,64288,64307.99,67.45233
1785473100000,64307.99,64334,64293.81,64300,82.37284
1785474000000,64299.99,64420,64299.99,64415.71,163.27106
1785474900000,64415.72,64421.68,64330,64330.01,61.548
1785475800000,64330.01,64361.06,64293.82,64293.82,57.2877
1785476700000,64293.82,64380.05,64268.47,64363.06,247.29617
1785477600000,64363.06,64389.52,64324.22,64382.88,56.33717
1785478500000,64382.87,64458.89,64364.68,64458.89,113.41663
1785479400000,64458.88,64496.64,64274,64281.99,133.25275
1785480300000,64282,64282,64196.08,64231.97,200.76911
1785481200000,64231.97,64245.57,64017.84,64061.99,340.92179
1785482100000,64062,64096.75,64000,64000,673.68252
1785483000000,64000.01,64034.06,63878.11,63923,1696.21577
1785483900000,63923.01,64019.9,63923,63950.01,378.13643
1785484800000,63950.01,63970.56,63862,63945.57,253.5867
1785485700000,63945.57,63987.36,63865.09,63962,131.08576
1785486600000,63961.99,63961.99,63816.62,63850.05,146.83166
1785487500000,63850.05,63904.65,63784.67,63834.01,202.68306
1785488400000,63834.01,63847.13,63756,63804.84,193.4138
1785489300000,63804.83,63804.84,63694.73,63694.74,90.89596
1785490200000,63694.74,63728.38,63638.18,63692,182.91632
1785491100000,63692,63749.99,63680.01,63715.9,95.10418
1785492000000,63715.91,63743.85,63610,63734.21,98.562
1785492900000,63734.22,63827.58,63700.56,63824.88,126.19256
1785493800000,63824.88,63906.99,63824.87,63903.01,126.75745
1785494700000,63903.01,63951.77,63876,63918.67,70.87857
1785495600000,63918.68,64011.99,63905.75,63905.76,82.87111
1785496500000,63905.75,63975.86,63862,63902,80.61858
1785497400000,63902.01,63902.01,63844.44,63844.61,61.8548
1785498300000,63844.61,63856,63792.01,63805.51,61.80155
1785499200000,63805.5,63830.62,63706,63727.66,105.03737
1785500100000,63727.66,63774,63704,63746.63,119.3275
1785501000000,63746.63,63746.63,63627.66,63667.52,219.25849
1785501900000,63667.51,63763.06,63660,63754.01,72.63492
1785502800000,63754.01,63784,63720,63765.99,110.24632
1785503700000,63766,63849.19,63759.74,63825.52,303.91732
1785504600000,63825.52,63825.52,63465.57,63465.57,626.41027
1785505500000,63465.57,63529.99,63241.71,63270.73,470.96143
1785506400000,63270.72,63310,62466,62697.02,1608.05582
1785507300000,62697.02,62748,62520,62642.15,980.23353
1785508200000,62642.23,62818,62600,62684,521.90901
1785509100000,62684,62809.91,62592.32,62682.06,518.20593
1785510000000,62682.05,62706,62555,62616.01,265.87917
1785510900000,62616.01,62721.93,62490.24,62584,312.46923
1785511800000,62583.99,62769.36,62568,62761.41,226.09997
1785512700000,62761.41,62761.41,62633.32,62716.57,161.5072
1785513600000,62716.57,62905.79,62709.01,62864.07,288.66321
1785514500000,62864.07,62931.79,62793.27,62921.52,311.56574
1785515400000,62921.51,62921.52,62808,62847.54,141.24985
1785516300000,62847.54,62885.01,62815.42,62870.88,115.76923
1785517200000,62870.87,62924,62800,62902,181.28667
1785518100000,62901.99,63006.84,62871.63,62976.74,181.04233
1785519000000,62976.73,63100,62956.95,63059.69,173.61216
1785519900000,63059.69,63301.68,63059.68,63245.44,320.78822
1785520800000,63245.44,63302,63135.31,63147.9,220.86973
1785521700000,63147.9,63182,63056,63061.57,225.43697
1785522600000,63061.56,63094.7,62966,63037.75,178.41539
1785523500000,63037.75,63176.46,63033.94,63097.57,128.73455
1785524400000,63097.57,63158,63029.37,63068.93,60.90224
1785525300000,63068.93,63072,63017.99,63022.02,43.03145
1785526200000,63022.02,63027.6,62936.29,63000.44,79.18753
1785527100000,63000.45,63052,62954.03,62972,121.76794
1785528000000,62972,63005.47,62944.84,62999.34,66.7393
1785528900000,62999.33,63034,62982,63005.52,55.1624
1785529800000,63005.52,63013.99,62955,62990.59,102.50625
1785530700000,62990.58,63003.87,62928.35,62953.7,94.01232
1785531600000,62953.7,63013.23,62846,63010.83,60.38708
1785532500000,63010.83,63038,63000,63009.99,84.53869
1785533400000,63010,63038.46,62995.08,63038.46,94.66788
1785534300000,63038.45,63062.47,62923.84,62947.78,95.1662
1785535200000,62947.77,63020,62870.01,63002.47,75.7994
1785536100000,63002.47,63020,62988.29,62988.29,133.54064
1785537000000,62988.28,63006.14,62922.17,62943.64,102.78499
1785537900000,62943.64,62963.22,62915,62950,128.86991
1785538800000,62950.01,63004,62950,62975.77,73.02156
1785539700000,62975.78,63013.52,62975.77,62983.86,23.36606
1785540600000,62983.86,62996.73,62950,62950.01,33.58295
1785541500000,62950,62950.01,62860.64,62887.88,56.52402
1785542400000,62887.88,62970,62887.87,62942,182.20936
1785543300000,62942,62998,62935,62958,171.41681
1785544200000,62958,62996,62936.03,62995.99,119.33373
1785545100000,62996,63024.04,62938,62938.01,44.30907
1785546000000,62938.01,62967.34,62938,62967.34,69.12506
1785546900000,62967.34,62990,62923.47,62954.27,173.96706
1785547800000,62954.27,62981.35,62930,62975.52,73.12879
1785548700000,62975.51,62983.2,62950.68,62975.01,70.49894
1785549600000,62975,63028,62975,63018,33.58196
1785550500000,63018.01,63087.82,63018,63070.01,46.90805
1785551400000,63070.01,63098.8,63070,63085.01,107.79432
1785552300000,63085,63106.55,63056.15,63075.07,160.38649
1785553200000,63075.08,63075.08,62987.35,62987.36,50.01728
1785554100000,62987.36,63050,62970.65,63018.77,45.00068
1785555000000,63018.77,63030.95,62976,62997.75,190.52824
1785555900000,62997.75,63018.64,62982,63004.48,103.40962
1785556800000,63004.47,63014,62993.2,63013.99,49.64273
1785557700000,63014,63050.1,63013.99,63050.1,33.80606
1785558600000,63050.1,63069.45,63046,63069.45,35.05172
1785559500000,63069.45,63115.37,63069.44,63115.01,105.4289
1785560400000,63115,63142.85,63059.21,63122.9,134.69423
1785561300000,63122.91,63122.91,63074.41,63105,92.79342
1785562200000,63105,63105.01,63014.76,63016.58,116.75046
1785563100000,63016.58,63038,63000.85,63020,114.0386
1785564000000,63020,63040.1,62992.82,63027.88,171.47143
1785564900000,63027.87,63075.1,63007.8,63060,48.22198
1785565800000,63059.99,63076.93,63059.99,63062,107.93033
1785566700000,63061.99,63086.65,63057.44,63080.64,107.25103
1785567600000,63080.65,63110.89,63080.64,63110.88,29.9517
1785568500000,63110.88,63110.89,63069.74,63069.75,33.27632
1785569400000,63069.74,63069.75,63034,63046,55.71305
1785570300000,63046,63056.77,63046,63050.46,31.75066
1785571200000,63050.45,63100.01,63050.45,63100.01,30.67437
1785572100000,63100.01,63102.51,63092,63092.01,19.93275
1785573000000,63092.01,63109.04,63092,63102.51,21.91553
1785573900000,63102.51,63150,63091.33,63126.25,33.50552
1785574800000,63126.25,63139.54,63110,63112.08,59.74674
1785575700000,63112.08,63125.48,63100,63112.94,66.80092
1785576600000,63112.93,63112.94,63100,63107.91,41.64028
1785577500000,63107.91,63107.91,63046.33,63053.17,60.26358
1785578400000,63053.17,63111.09,62986.31,63006.44,81.0008
1785579300000,63006.45,63066.22,62990.25,63046.8,33.91335
1785580200000,63046.8,63076,63022.58,63058.56,156.95472
1785581100000,63058.56,63063.68,63038.24,63056,49.17462
1785582000000,63055.99,63061.59,63038.11,63061.59,30.4592
1785582900000,63061.58,63082,63037.72,63081.91,68.11591
1785583800000,63081.91,63091.97,63070.52,63070.52,55.51877
1785584700000,63070.52,63076.01,63070.52,63076,24.99206
1785585600000,63076,63119.4,63076,63099.83,74.85659
1785586500000,63099.84,63105.99,63092.87,63092.87,53.66513
1785587400000,63092.88,63103.37,63081.81,63100.04,128.48021
1785588300000,63100.03,63106.96,63100.03,63103.68,63.18439
1785589200000,63103.68,63106.83,63096.81,63102.59,43.90302
1785590100000,63102.59,63102.59,63083.62,63083.62,56.61335
1785591000000,63083.62,63094,63080,63080.01,33.8357
1785591900000,63080,63080.01,63051,63069.32,53.11671
1785592800000,63069.31,63127.07,63069.31,63079.83,94.96288
1785593700000,63079.83,63120.53,63072.41,63114.36,52.6494
1785594600000,63114.35,63120.01,63087.33,63110.01,85.68172
1785595500000,63110,63126.53,63073.08,63126.52,152.49935
1785596400000,63126.53,63126.53,63110,63110,55.65858
1785597300000,63110,63110.01,63059.99,63060,29.38835
1785598200000,63060,63061.99,63051,63051.07,41.49905
1785599100000,63051.07,63051.07,63007.05,63007.06,37.87935
1785600000000,63007.06,63007.06,62928,62948.27,97.32085
1785600900000,62948.27,62964,62926.76,62948.67,57.4869
1785601800000,62948.67,63027.65,62947.99,62969.25,112.11283
1785602700000,62969.24,62969.25,62874,62932.32,60.95124
1785603600000,62932.32,62996,62870,62897.99,86.32257
1785604500000,62897.99,62898,62800,62833.95,75.07065
1785605400000,62833.95,62844.78,62740,62818.02,91.69905
1785606300000,62818.02,62818.03,62666,62708.07,106.0829
1785607200000,62708.06,62734,62618.75,62706.84,169.72237
1785608100000,62706.85,62706.85,62510,62564.78,183.87011
1785609000000,62564.78,62564.78,62275,62370.01,414.86265
1785609900000,62370.01,62586,62280.16,62580.56,162.97384
1785610800000,62580.55,62624,62526.33,62550,99.33353
1785611700000,62550,62611.06,62491.11,62548.45,123.19365
1785612600000,62548.45,62589.99,62461.17,62471.99,47.92329
1785613500000,62472,62543.86,62471.99,62529.82,42.07579
1785614400000,62529.81,62571.7,62482.99,62558,38.80349
1785615300000,62558,62640,62558,62618,52.53567
1785616200000,62617.99,62624,62562,62596,35.20714
1785617100000,62595.99,62674.98,62588.1,62662.13,56.92336
1785618000000,62662.14,62800,62662.13,62743.16,103.38051
1785618900000,62743.17,62796.86,62743.16,62793.21,32.86012
1785619800000,62793.21,62864,62769.02,62800.45,53.65072
1785620700000,62800.44,62827.08,62781.77,62812.75,39.49251
1785621600000,62812.76,62863.26,62794.17,62849.18,43.27042
1785622500000,62849.18,62866.62,62826.08,62854.79,31.51373
1785623400000,62854.8,62854.8,62824.57,62848.01,25.49231
1785624300000,62848.01,62852,62831.28,62831.28,29.27271
1785625200000,62831.29,62854,62807.69,62807.69,24.66705
1785626100000,62807.7,62807.7,62769.97,62771.35,41.99995
1785627000000,62771.35,62862.8,62771.34,62835.15,196.55736
1785627900000,62835.14,62840.82,62815.94,62823.64,24.58879
1785628800000,62823.65,62979.99,62823.64,62929.75,121.75471
1785629700000,62929.75,62940,62882.01,62883.7,60.54186
1785630600000,62883.69,62914.71,62846.96,62846.97,150.33788
1785631500000,62846.97,62861.42,62806.58,62833.99,64.63979
1785632400000,62834,63021.96,62834,63012.17,73.76266
1785633300000,63012.18,63088,62975.3,62984,80.09109
1785634200000,62984,63020.87,62975.3,63015.99,30.57099
1785635100000,63016,63016,62981.86,62981.87,31.3522
1785636000000,62981.87,63547.7,62958.54,63459.99,434.92474
1785636900000,63460,63547.7,63393.57,63405.47,304.37265
1785637800000,63405.47,63460.22,63333.99,63385.12,227.60772
1785638700000,63385.12,63484,63348,63451.58,101.51395
1785639600000,63451.58,63461.09,63386.87,63415.48,130.84429
1785640500000,63415.48,63550,63380,63436.88,122.20468
1785641400000,63436.88,63498,63436.88,63497.99,63.65554
1785642300000,63497.99,63515.56,63435.38,63461.95,71.85011
1785643200000,63461.95,63555,63461.95,63543.17,88.78303
1785644100000,63543.16,63558.34,63515.86,63546,38.07443
1785645000000,63546.01,63556.03,63523.34,63526.6,92.73492
1785645900000,63526.6,63612,63526.59,63590,82.77879
1785646800000,63590,63634,63464.07,63482.74,82.59301
1785647700000,63482.74,63496,63456.96,63494.83,52.58672
1785648600000,63494.83,63494.83,63415.26,63423.76,95.17288
1785649500000,63423.77,63454.81,63423.76,63453.27,30.96301
1785650400000,63453.27,63484.62,63449.34,63449.35,41.28177
1785651300000,63449.34,63498,63435.99,63497.99,31.62524
1785652200000,63497.99,63498.15,63465.04,63498.15,37.47394
1785653100000,63498.15,63498.15,63482.48,63482.49,50.0179
1785654000000,63482.49,63492.37,63480,63488.36,29.36486
1785654900000,63488.36,63493.97,63482.93,63493.83,113.71427
1785655800000,63493.83,63544.51,63491.74,63538.12,141.00585
1785656700000,63538.11,63538.12,63483.76,63506.24,128.0276
1785657600000,63506.23,63530,63488.76,63494.93,128.71806
1785658500000,63494.93,63495.13,63386.72,63390.95,222.13983
1785659400000,63390.96,63390.96,63210.69,63228.06,126.57619
1785660300000,63228.06,63236,63172,63193.99,65.36378
1785661200000,63194,63282,63094,63262.18,110.70747
1785662100000,63262.18,63308.79,63235,63236,54.86698
1785663000000,63236,63320,63234,63267.01,40.80829
1785663900000,63267,63277,63255.17,63273.94,70.72867
1785664800000,63273.94,63273.94,63208.01,63208.99,69.72102
1785665700000,63208.98,63270,63125.06,63140,72.60259
1785666600000,63140,63213.99,63140,63202.02,33.40637
1785667500000,63202.02,63205.89,63197,63205.03,24.54512
1785668400000,63205.03,63205.03,63134.07,63164.7,59.80997
1785669300000,63164.7,63206,63122,63160.01,106.74008
1785670200000,63160,63184,63100,63116,60.6133
1785671100000,63116,63170,62982.38,63031.99,145.89814
1785672000000,63031.99,63180,63031.99,63177.9,54.31846
1785672900000,63177.9,63231.67,63152,63186,57.94792
1785673800000,63186.01,63212,63107.7,63146,74.4037
1785674700000,63145.99,63159.41,63116,63125.49,61.32855
1785675600000,63125.49,63146.89,63095,63114.02,67.40748
1785676500000,63114.02,63115.38,63058,63081.91,91.55059
1785677400000,63081.91,63107,63010,63093.05,59.3454
1785678300000,63093.05,63135.11,63093.05,63126.92,43.82478
1785679200000,63126.92,63126.93,63062,63089.08,53.18162
1785680100000,63089.07,63155,63089.07,63128.98,68.39222
1785681000000,63128.97,63186,63096.42,63156.54,149.27731
1785681900000,63156.54,63156.54,63066.31,63069.37,43.37797
1785682800000,63069.37,63124,63050,63124,52.60032
1785683700000,63124,63136.99,63102.03,63126,67.76274
1785684600000,63125.99,63186,63125.99,63149.99,36.14955
1785685500000,63149.99,63150,63109.13,63109.14,34.54071
1785686400000,63109.13,63135.96,63064.01,63104,56.85013
1785687300000,63104,63132,63078,63110,42.49179
1785688200000,63110,63273.49,63103.76,63222.01,116.74365
1785689100000,63222.01,63232,63180.36,63180.36,51.87804
1785690000000,63180.36,63219.86,63152,63210,65.60527
1785690900000,63210,63342,63192.37,63282.53,74.52925
1785691800000,63282.53,63326,63282.53,63326,100.81966
1785692700000,63325.99,63332.71,63300.28,63300.28,77.43759
1785693600000,63300,63328.9,63292.12,63312.66,69.4224
1785694500000,63312.66,63327.67,63290,63290,58.80797
1785695400000,63290,63610.01,63290,63502.01,260.5737
1785696300000,63502.01,63512,63370.01,63382.01,130.01138
1785697200000,63382.01,63389.64,63346.62,63358.07,80.88915
1785698100000,63358.08,63373.04,63333.33,63333.34,40.24154
1785699000000,63333.34,63394,63323.89,63393.99,36.58991
1785699900000,63394,63479.85,63393.99,63456.01,89.63779
1785700800000,63456,63470.26,63422,63462,33.13026
1785701700000,63462,63496,63404.69,63409.27,31.38492
1785702600000,63409.27,63454.12,63409.26,63431.14,25.44292
1785703500000,63431.14,63501.48,63414.01,63494.52,50.55452
1785704400000,63494.51,63571.98,63479.45,63527.45,93.00068
1785705300000,63527.45,63553.12,63512,63542.85,53.74943
1785706200000,63542.85,63781.69,63508.6,63704.01,162.13223
1785707100000,63704.01,63785,63548.7,63578,148.39522
1785708000000,63578.01,63796.33,63578.01,63696.27,151.09509
1785708900000,63696.27,63790.94,63572.23,63591.99,108.2341
1785709800000,63592,63600.39,63376.71,63518.01,159.46592
1785710700000,63518,63572.5,63424,63424.58,65.34579
1785711600000,63424.58,63457.5,63344,63363.99,91.73387
1785712500000,63363.99,63546.88,63344,63542.65,128.07208
1785713400000,63542.65,63596,63490,63523.33,56.72047
1785714300000,63523.34,63575.19,63486.01,63570,61.14656
1785715200000,63570.01,63596,63390,63425.05,97.5877
1785716100000,63425.05,63442,63250.04,63262.84,116.30809
1785717000000,63262.84,63425.97,63208.3,63331.81,88.28269
1785717900000,63331.81,63352,63271.2,63317.6,55.14494
1785718800000,63317.61,63350,63180,63221.18,96.81693
1785719700000,63221.19,63260,63111.1,63175.99,112.42212
1785720600000,63175.99,63248,63160.66,63219.31,72.91849
1785721500000,63219.32,63230,63162,63212.16,90.15564
1785722400000,63212.16,63233.29,63138.93,63205.31,72.05025
1785723300000,63205.31,63286,63100,63128,96.3039
1785724200000,63128.01,63216.79,63108.33,63180.4,80.88507
1785725100000,63180.39,63196,63120.01,63141.4,84.95037
1785726000000,63141.39,63168.44,63100,63116,66.48409
1785726900000,63116,63138.37,63062.98,63080.01,103.45743
1785727800000,63080.01,63089.98,63039.99,63062.93,98.6563
1785728700000,63062.93,63065.89,62786.04,62870.49,247.86641
1785729600000,62870.48,62938.55,62816.34,62865.93,116.58446
1785730500000,62865.93,62978.11,62865.92,62972.67,51.17981
1785731400000,62972.67,63001.77,62965,62981.99,63.96012
1785732300000,62981.99,62982,62770.37,62790,88.69324
1785733200000,62790,62871.13,62751.3,62852.01,129.52292
1785734100000,62852.01,62875.02,62802,62816,255.44536
1785735000000,62816.01,62849.98,62774.88,62808.75,76.42435
1785735900000,62808.75,62862.92,62807.67,62827.17,85.29943
1785736800000,62827.17,62872.58,62823.2,62846,65.56355
1785737700000,62846.01,62850,62759.82,62793.17,81.11909
1785738600000,62793.17,62841.01,62640,62640.01,141.45792
1785739500000,62640.01,62683.5,62613,62623.6,108.17785
1785740400000,62623.6,62676.85,62592,62599.99,629.92463
1785741300000,62599.99,62674.64,62552.04,62639.96,237.66196
1785742200000,62639.95,62700,62603.1,62643.92,133.73697
1785743100000,62643.93,62675.31,62580.47,62621.1,263.40471
1785744000000,62621.1,62647.69,62516.01,62566.01,83.25688
1785744900000,62566.01,62569.3,62326,62340.01,254.60838
1785745800000,62340,62439.36,62300,62439.35,196.22958
1785746700000,62439.36,62541.5,62436.23,62541.5,123.23638
1785747600000,62541.5,62590.2,62520,62571.24,206.73227
1785748500000,62571.25,62667.04,62571.25,62653.36,95.18715
1785749400000,62653.36,62707.5,62628,62692.49,104.78467
1785750300000,62692.48,62863.1,62692.48,62837.4,178.70666
1785751200000,62837.4,62860,62766.66,62788.01,107.41963
1785752100000,62788.01,62833.68,62742.01,62742.02,153.1931
1785753000000,62742.02,62742.02,62674,62708.86,75.51549
1785753900000,62708.86,62782,62615.11,62742.01,107.68113
1785754800000,62742.01,62744,62585.16,62646.02,68.10254
1785755700000,62646.01,62773.99,62640,62704.09,59.70978
1785756600000,62704.09,62778.92,62669.86,62697.4,53.42668
1785757500000,62697.4,62700,62540.95,62560.01,101.02551
1785758400000,62560.01,62612,62445.26,62555.59,156.00757
1785759300000,62555.6,62694,62550,62630.93,99.4507
1785760200000,62630.92,62767.32,62614.99,62767.32,100.22948
1785761100000,62767.32,62799.3,62690.88,62700,81.54488
1785762000000,62700.01,62786.81,62700,62782.46,110.27168
1785762900000,62782.46,62998,62720.01,62769,192.00617
1785763800000,62769,62940,62562.42,62928.57,367.61184
1785764700000,62928.57,63390,62810.93,63351.09,451.50164
1785765600000,63351.09,63444,63136,63320.65,354.94712
1785766500000,63320.66,63795,63170,63766.01,704.62291
1785767400000,63766,63910,63631.11,63783.15,764.47113
1785768300000,63783.14,63992.71,63659.06,63967.19,563.78267
1785769200000,63967.19,63989.75,63764.18,63821.23,509.31869
1785770100000,63821.24,63862.37,63680,63715.08,316.51708
1785771000000,63715.07,63910,63709.27,63791.7,325.03996
1785771900000,63791.7,63848,63646.59,63694.91,217.66231
1785772800000,63694.9,63897.64,63664,63807.58,359.3697
1785773700000,63807.58,63939.99,63802,63903.78,193.63881
1785774600000,63903.78,63903.78,63710.71,63766.8,120.31783
1785775500000,63766.88,63879.94,63744,63776.46,126.75316
1785776400000,63776.46,63863.48,63714.55,63850,101.17994
1785777300000,63849.99,64059.75,63816,63828,300.08161
1785778200000,63828,63930.81,63793.21,63900.01,115.95129
1785779100000,63900,63956.67,63868.47,63906,110.89376
1785780000000,63905.99,64000,63870.04,63966.13,95.35318
1785780900000,63966.12,63988,63814.05,63849.36,87.36622
1785781800000,63849.37,63926.81,63810,63852,94.85856
1785782700000,63852,63919.31,63768,63870.87,90.46681
1785783600000,63870.87,63932.17,63846,63920,82.95967
1785784500000,63920,64012,63920,63967.99,126.29083
1785785400000,63968,64080,63864.27,63954.71,182.46183
1785786300000,63954.71,63975.34,63861.08,63869.38,153.4695
1785787200000,63869.38,63957.51,63816.65,63897.98,103.34332
1785788100000,63897.98,64023.61,63896.71,63958.99,122.14249
1785789000000,63958.99,63958.99,63907.7,63926.1,98.95259
1785789900000,63926.1,63926.1,63769.92,63775.43,174.5552
1785790800000,63775.43,63787.25,63712.23,63722.47,162.91243
1785791700000,63722.48,63791.98,63687.41,63730.01,103.76547
1785792600000,63730.01,63734.09,63670,63681.47,73.31068
1785793500000,63681.48,63681.48,63548,63590.15,87.96156
1785794400000,63590.15,63611.59,63392.01,63498.2,214.46028
1785795300000,63498.2,63680,63498.19,63535.63,95.86469
1785796200000,63535.63,63565.23,63496.18,63509.53,76.20044
1785797100000,63509.54,63638.36,63509.54,63618,35.95746
1785798000000,63618.01,63618.01,63528.01,63542.36,57.38908
1785798900000,63542.37,63621.35,63527.38,63572,244.87296
1785799800000,63572,63572.01,63465.43,63500.32,93.50737
1785800700000,63500.31,63523.7,63483.99,63520,64.44026
1785801600000,63520,63585.09,63469.9,63469.91,93.32226
1785802500000,63469.91,63497.97,63390.21,63462.22,206.97065
1785803400000,63462.22,63462.22,63343.19,63399.99,151.97351
1785804300000,63400,63477.94,63322.01,63361.99,83.96766
1785805200000,63362,63497.54,63361.99,63476.82,94.62216
1785806100000,63476.83,63574.71,63420.75,63525.99,273.84497
1785807000000,63526,63927.99,63526,63810,245.54378
1785807900000,63810,63882.8,63740.98,63847.93,194.62178
1785808800000,63847.92,63867.95,63758.36,63772.01,222.32934
1785809700000,63772.01,63808.79,63688,63693.56,193.79035
1785810600000,63693.56,63972,63686.44,63902.02,139.99613
1785811500000,63902.02,63926.43,63807.35,63822.44,40.09326
1785812400000,63822.45,63836,63690.18,63690.18,52.72054
1785813300000,63690.19,63792,63649,63774,101.05996
1785814200000,63773.99,63860,63773.99,63836.03,106.03799
1785815100000,63836.03,63837.79,63800.01,63800.01,83.31436
1785816000000,63800.01,63827.84,63762,63802,141.45722
1785816900000,63802.01,63875.01,63797.04,63834.02,139.87825
1785817800000,63834.01,64054,63834.01,64054,187.65484
1785818700000,64054,64243.81,64029,64029,326.10013
1785819600000,64029.01,64056,63840.36,63840.37,98.45597
1785820500000,63840.36,63890,63812.5,63817.63,56.29943
1785821400000,63817.64,63862,63810,63861.99,39.84653
1785822300000,63861.99,63862,63788.23,63818.48,112.14443
1785823200000,63818.47,63847.82,63774.91,63804.89,78.27903
1785824100000,63804.89,63859.71,63761,63764.07,65.47674
1785825000000,63764.07,63780.7,63693.77,63706,68.96364
1785825900000,63706,63706,63654.16,63670,109.10308
1785826800000,63670,63670,63588,63595.55,61.96936
1785827700000,63595.56,63651.01,63506.78,63645.1,344.03573
1785828600000,63645.1,63763.63,63645.1,63660,219.08227
1785829500000,63660,63756,63659.99,63685.74,154.70816
1785830400000,63685.73,63748.22,63630,63646.98,126.29237
1785831300000,63646.97,63660,63589.55,63626.1,65.17919
1785832200000,63626.11,63626.11,63564.99,63620,152.27884
1785833100000,63620,63625.45,63581.29,63588.94,68.39814
1785834000000,63589.04,63589.04,63540.01,63550,136.48788
1785834900000,63550,63597.56,63516.43,63578.09,59.75761
1785835800000,63578.08,63595.99,63532.58,63576.66,42.44636
1785836700000,63576.66,63610,63550,63603.73,117.99324
1785837600000,63603.73,63613.34,63507.51,63510.86,186.24618
1785838500000,63510.86,63570,63451.8,63470,142.87666
1785839400000,63470,63667.34,63465,63666.51,88.51907
1785840300000,63666.51,63842,63652.12,63764,196.19149
1785841200000,63763.99,63804.52,63718.3,63746,74.27309
1785842100000,63745.99,63866,63712,63783.32,75.85938
1785843000000,63783.32,63894.99,63720,63876.59,86.19645
1785843900000,63876.58,63950,63840.52,63926,221.44306
1785844800000,63926,63926,63811.41,63811.42,117.26035
1785845700000,63811.42,63836,63788,63834.6,105.65247
1785846600000,63834.6,64062.46,63814.57,63966,230.96954
1785847500000,63966.01,64008.24,63906.4,63906.41,92.66301
1785848400000,63906.41,64015.22,63845.68,63945.3,132.02666
1785849300000,63945.3,64023.45,63860.19,63890.82,166.32101
1785850200000,63890.82,64097.74,63819.48,64013.8,381.48807
1785851100000,64013.8,64013.8,63656,63683.94,373.06781
1785852000000,63683.95,63926,63615.38,63803.16,233.58155
1785852900000,63803.16,63903.02,63618.01,63887.51,181.79947
1785853800000,63887.51,64180,63860,64124.84,304.47114
1785854700000,64124.84,64193.54,64058,64128.72,160.07376
1785855600000,64128.73,64218.07,64000,64065.94,284.2832
1785856500000,64065.94,64066,63930.75,63953.13,109.74763
1785857400000,63953.13,64126.55,63814.29,64126.54,231.05932
1785858300000,64126.54,64238,64088,64125.14,251.02765
1785859200000,64125.14,64130,63970,64033.59,124.98643
1785860100000,64033.6,64115.71,64008,64032,118.20237
1785861000000,64032,64060.41,63897.22,63945.53,111.82712
1785861900000,63945.54,64016,63909.96,63950.93,191.38714
1785862800000,63950.94,64184,63950.93,64067.53,312.38605
1785863700000,64067.54,64176.58,64029.78,64156.71,190.94535
1785864600000,64156.72,64178.83,64090.9,64094.81,85.1253
1785865500000,64094.81,64100.77,63892,63972.09,131.31838
1785866400000,63972.09,64220,63965.73,64219.99,130.6979
1785867300000,64219.99,64400,64200,64364.18,306.78324
1785868200000,64364.19,64400,64212.61,64296.34,142.26644
1785869100000,64296.34,64326,64273.84,64305.99,113.59914
1785870000000,64305.99,64371.04,64286.76,64350.18,144.12685
1785870900000,64350.18,64368.65,64265.48,64284.93,83.5709
1785871800000,64284.93,64413.21,64257.46,64380,162.21731
1785872700000,64380,64392,64193.57,64233.36,144.90878
1785873600000,64233.35,64247.4,64115.68,64175.52,138.28004
1785874500000,64175.52,64175.52,64001.68,64124.33,154.24878
1785875400000,64124.33,64420,64124.33,64392.01,203.27702
1785876300000,64392,64392,64304.61,64341,62.54654
1785877200000,64341,64341.99,64200.29,64223.88,91.01626
1785878100000,64223.88,64285.25,64192.01,64255.6,38.40478
1785879000000,64255.6,64270,64199,64248.15,38.11183
1785879900000,64248.14,64256,64175.52,64194,53.20321
1785880800000,64193.99,64226.9,64140,64226.01,47.74968
1785881700000,64226,64265.67,64171.55,64259.67,55.28349
1785882600000,64259.68,64293.91,64215.96,64216.01,38.90734
1785883500000,64216.01,64270.62,64176.93,64270.61,39.59183
1785884400000,64270.62,64474.92,64213.31,64425.99,133.0728
1785885300000,64425.99,64549.16,64175.52,64175.52,280.26469
1785886200000,64175.53,64263.62,64144.69,64214.9,80.36014
1785887100000,64214.9,64223.68,64081.26,64106.56,58.2168
1785888000000,64106.55,64106.56,64017.3,64036,110.70859
1785888900000,64036,64068,64008.65,64068,195.35958
1785889800000,64068,64193.25,64024,64072,143.27707
1785890700000,64072,64072,63978.44,63988,200.44075
1785891600000,63988,64028.93,63950,64010,110.66648
1785892500000,64010,64118.64,63954.18,64112.69,96.86538
1785893400000,64112.68,64298.34,64112.68,64182.04,117.44839
1785894300000,64182.04,64346,64182.03,64333.84,68.04713
1785895200000,64333.85,64504,64333.85,64460.13,184.38149
1785896100000,64460.14,64486,64322.59,64420.08,169.99873
1785897000000,64420.09,64484,64412.56,64433.06,106.85483
1785897900000,64433.16,64449.99,64367.21,64368.26,101.48549
1785898800000,64368.27,64446,64352.99,64353,58.8662
1785899700000,64353,64356,64062,64062.22,232.68173
1785900600000,64062.22,64172,64046,64139.99,105.59104
1785901500000,64139.99,64188.72,64139.64,64183.27,48.59954
1785902400000,64183.27,64197.27,64128,64128.71,52.15926
1785903300000,64128.71,64200,64088.01,64159.99,57.35852
1785904200000,64159.99,64218,64158,64182.4,37.47972
1785905100000,64182.4,64191.4,64120,64176.7,37.21723
1785906000000,64176.69,64327.55,64163.36,64318,77.6295
1785906900000,64318.01,64525.97,64302,64433.12,104.32673
1785907800000,64433.13,64437.41,64341.56,64362.26,67.42507
1785908700000,64362.25,64373.33,64309.98,64330.87,230.99793
1785909600000,64330.86,64362,64305.54,64323.32,91.9727
1785910500000,64323.31,64344,64282.24,64309.6,171.29062
1785911400000,64309.59,64373.31,64295.88,64295.89,65.16156
1785912300000,64295.89,64295.89,64229.34,64253.58,68.15886
1785913200000,64253.59,64272,64166.88,64188,101.9244
1785914100000,64187.99,64187.99,64054.59,64073.94,104.09616
1785915000000,64073.95,64084,63995.89,64006.08,194.22457
1785915900000,64006.08,64164,64006.08,64163.99,176.76385
1785916800000,64164,64252.99,64138.01,64200.47,108.022
1785917700000,64200.47,64270.01,64156,64268.01,62.0134
1785918600000,64268.01,64280,64129.75,64130,109.08651
1785919500000,64130,64164.02,64098,64120.81,56.16492
1785920400000,64120.81,64158,64102.95,64127.47,41.36361
1785921300000,64127.48,64190.37,64120,64156,57.24578
1785922200000,64156,64210.83,64155.99,64170.11,33.40014
1785923100000,64170.11,64182.73,64150,64155.05,51.99156
1785924000000,64155.06,64190.77,64114.6,64149.62,110.82524
1785924900000,64149.61,64242.93,64080.77,64209.03,108.28452
1785925800000,64209.04,64238.43,64180.01,64195.28,59.90756
1785926700000,64195.28,64209.26,64020,64062.23,108.88689
1785927600000,64062.23,64116.64,64058.02,64089.33,71.24053
1785928500000,64089.33,64091.5,64044.5,64076.79,63.18126
1785929400000,64076.79,64150,64060.97,64100.78,81.0347
1785930300000,64100.78,64100.79,64058,64075.28,43.13168
1785931200000,64075.28,64233.53,64050,64206,177.88877
1785932100000,64205.99,64581.43,64190,64515.81,611.13765
1785933000000,64515.81,64547.99,64389.65,64472.01,147.36774
1785933900000,64472,64472.01,64330,64332.43,101.5802
1785934800000,64332.43,64342,64105.26,64141.99,167.11642
1785935700000,64142,64212.81,64115.45,64145.19,139.87907
1785936600000,64145.2,64294,63880,64176,391.84157
1785937500000,64176,64412,64036,64407.99,323.45616
1785938400000,64407.99,64529.99,64310,64472.56,360.52372
1785939300000,64472.55,64578,64319.31,64356,308.31207
1785940200000,64355.99,64464,64300,64429.13,214.12153
1785941100000,64429.12,64536,64319.16,64476.39,164.54977
1785942000000,64476.4,64744,64453.45,64628,329.72783
1785942900000,64628,64635.55,64440.55,64505.25,345.06085
1785943800000,64505.25,64721,64505.25,64557.12,182.41505
1785944700000,64557.13,64557.13,64385.49,64388.01,129.63501
1785945600000,64388.01,64613.98,64388,64613.98,101.05159
1785946500000,64613.99,64760.99,64570.8,64747.74,209.35454
1785947400000,64747.75,64758.83,64655.07,64687.73,139.00441
1785948300000,64687.72,64687.72,64619.79,64661.99,89.52386
1785949200000,64661.99,64696.93,64590,64590.21,69.78826
1785950100000,64590.21,64616,64541.71,64605.16,69.16739
1785951000000,64605.16,64749.99,64585.37,64698,147.09991
1785951900000,64698,64804,64676.99,64770,194.01988
1785952800000,64770,64807.97,64670.01,64800.31,167.29118
1785953700000,64800.31,64813.62,64680.12,64730.77,115.05075
1785954600000,64730.77,64804.19,64678.31,64804.18,108.36252
1785955500000,64804.18,64844.99,64760.01,64799.1,118.46781
1785956400000,64799.1,64917.17,64781.79,64885.5,162.59173
1785957300000,64885.51,64930,64868,64914.99,111.86507
1785958200000,64915,64925.27,64870.88,64898.01,67.31403
1785959100000,64898.01,64936.18,64838.52,64840.28,125.21596
1785960000000,64840.27,64921.97,64806.46,64921.97,108.44176
1785960900000,64921.96,65025.22,64873.26,64982.11,280.36552
1785961800000,64982.12,64991.88,64931.69,64975.76,64.30293
1785962700000,64975.77,64991.66,64822.89,64822.89,45.27879
1785963600000,64822.88,64825.78,64702.57,64779.47,142.75622
1785964500000,64779.47,64782,64657.69,64665.92,158.49563
1785965400000,64665.92,64748.05,64665.92,64723.23,104.47948
1785966300000,64723.22,64763.77,64676,64733.13,61.64158
1785967200000,64733.13,64767.26,64648.01,64684.01,90.23379
1785968100000,64684,64730,64678.96,64729.99,56.48579
1785969000000,64730,64783.84,64684,64693.95,40.22085
1785969900000,64693.95,64716,64629.81,64636,84.13002
1785970800000,64636,64692,64579.15,64678.67,77.47985
1785971700000,64678.66,64749.99,64629.35,64699.55,120.99097
1785972600000,64699.56,64708,64665.12,64665.12,134.88154
1785973500000,64665.11,64680.01,64580.57,64665.23,227.64886
1785974400000,64665.24,64682.92,64598.72,64604.07,274.25057
1785975300000,64604.07,64711.06,64572,64686.79,101.52222
1785976200000,64686.8,64724.38,64645.71,64645.72,57.03308
1785977100000,64645.71,64695.02,64622,64644.99,44.18753
1785978000000,64644.92,64658.01,64582.55,64606.83,182.22434
1785978900000,64606.84,64609.29,64518.08,64518.08,48.32002
1785979800000,64518.09,64616.76,64498,64565.99,104.92236
1785980700000,64565.99,64659.65,64565.99,64580.07,58.47318
1785981600000,64580.08,64650.62,64533.03,64560.51,51.08683
1785982500000,64560.5,64585.2,64439.34,64527.82,150.89972
1785983400000,64527.81,64579.12,64482.14,64579.11,56.24245
1785984300000,64579.12,64598,64540.63,64579.36,174.02607
1785985200000,64579.36,64579.36,64519.08,64572,44.64841
1785986100000,64572,64572,64510.75,64541.73,44.91329
1785987000000,64541.74,64583.63,64505.13,64505.14,84.55406
1785987900000,64505.13,64543.27,64493.2,64531.03,23.87685
1785988800000,64531.03,64590.55,64496.27,64582.61,54.14763
1785989700000,64582.6,64696,64582.6,64695.92,60.34897
1785990600000,64695.93,64730,64656.9,64660,127.90229
1785991500000,64659.99,64755.72,64634.41,64734.65,111.98346
1785992400000,64734.65,64996,64730.26,64913.88,162.85888
1785993300000,64913.88,64996,64887.01,64889.99,163.57503
1785994200000,64889.99,64916.79,64851.59,64902.54,123.11013
1785995100000,64902.54,64911.89,64860.08,64908.09,65.69423
1785996000000,64908.1,64908.1,64778.06,64781.19,73.59526
1785996900000,64781.2,64828.82,64745.69,64828,46.77756
1785997800000,64828,64858.11,64813.88,64837.99,49.67963
1785998700000,64838,64860,64809.43,64860,63.24136
1785999600000,64860,64945.72,64820,64945.71,103.27328
1786000500000,64945.71,64965.66,64894.01,64903,131.59617
1786001400000,64902.99,64903,64776,64815.99,223.54812
1786002300000,64815.99,64841.93,64785.99,64809.7,221.42325
1786003200000,64809.7,64854,64763.11,64772,89.98302
1786004100000,64772,64897.5,64760,64897.5,73.67527
1786005000000,64897.5,64922.79,64867.4,64884.39,73.91347
1786005900000,64884.39,64999,64881.34,64941.99,85.93392
1786006800000,64942,64944,64750,64769.72,156.25893
1786007700000,64769.72,64841.14,64722.12,64729.65,104.11581
1786008600000,64729.65,64729.66,64630,64667.22,79.81311
1786009500000,64667.21,64697.93,64637.99,64683.62,63.896
1786010400000,64683.62,64683.62,64594.29,64602.01,68.53253
1786011300000,64602.01,64685.05,64581.21,64682,63.06464
1786012200000,64681.99,64682,64625.17,64625.18,41.13857
1786013100000,64625.17,64648.79,64608.31,64615.95,35.14736
1786014000000,64615.95,64623.48,64503.54,64574.3,99.3741
1786014900000,64574.31,64642.29,64574.3,64584.11,76.14215
1786015800000,64584.11,64661.26,64584.11,64643.63,139.2169
1786016700000,64643.64,64646,64583.78,64622.09,57.40856
1786017600000,64622.08,64637.68,64471.04,64478.06,99.93987
1786018500000,64478.06,64545.55,64450,64545.55,48.84721
1786019400000,64545.54,64592.57,64506.55,64526.55,77.96978
1786020300000,64526.56,64534.91,64381.96,64424,109.70119
1786021200000,64424.01,64436.88,64205.72,64256.27,229.57359
1786022100000,64256.26,64298,64180,64243.78,235.46306
1786023000000,64243.78,64431.09,64172,64398.01,250.50277
1786023900000,64398.01,64524.21,64382,64434.01,154.65606
1786024800000,64434.01,64556,64380.42,64468.4,184.19974
1786025700000,64468.39,64580,64420,64429.7,159.66215
1786026600000,64429.7,64833.19,64362,64810.31,266.47661
1786027500000,64810.32,64850,64682,64778,170.78874
1786028400000,64778.01,64987.26,64764,64852.33,254.2994
1786029300000,64852.33,64894,64705.42,64826,220.03707
1786030200000,64826,64873.2,64708,64754,125.46135
1786031100000,64754.01,64868.83,64624.29,64631.87,173.0362
1786032000000,64631.88,64717.99,64600,64637.99,130.5744
1786032900000,64637.99,64685.57,64592.37,64654.57,88.15026
1786033800000,64654.57,64756,64618.93,64716.8,90.31986
1786034700000,64716.8,64778,64662.18,64757.99,61.27271
1786035600000,64758,64834,64721.74,64721.74,83.58668
1786036500000,64721.73,64742.39,64680,64688.45,57.93822
1786037400000,64688.45,64715.99,64548.81,64597.72,85.86863
1786038300000,64597.73,64649.07,64582,64621.69,66.35855
1786039200000,64621.68,64621.69,64472.16,64539.98,129.83496
1786040100000,64539.99,64594,64508.01,64518.01,79.39483
1786041000000,64518.01,64520,64412.85,64420.01,77.90087
1786041900000,64420.01,64449.05,64378.67,64418.47,60.1624
1786042800000,64418.48,64464.04,64418.14,64441.52,98.34038
1786043700000,64441.53,64459.79,64392.38,64405.39,152.92824
1786044600000,64405.39,64454.96,64365,64430,95.67013
1786045500000,64430,64474.71,64400,64446,102.65482
1786046400000,64446.01,64536.32,64446,64527.68,59.56733
1786047300000,64527.68,64527.68,64444.46,64483.99,48.75526
1786048200000,64483.99,64488.26,64460.85,64461.51,51.96822
1786049100000,64461.52,64476.61,64439.7,64439.7,35.18448
1786050000000,64439.71,64499.29,64439.7,64486,73.94435
1786050900000,64486,64513.99,64450,64450.01,36.04861
1786051800000,64450,64483.45,64404.74,64456.01,111.15515
1786052700000,64456,64480,64436.83,64440.74,28.58472
1786053600000,64440.74,64450,64382.81,64435.61,71.16841
1786054500000,64435.62,64435.62,64330.4,64361.38,53.9948
1786055400000,64361.38,64386,64336.55,64336.55,47.57475
1786056300000,64336.56,64370,64336.56,64351.49,37.96871
1786057200000,64351.48,64360.01,64332.21,64337.92,35.14941
1786058100000,64337.93,64338,64224.57,64247.29,84.31453
1786059000000,64247.29,64251.7,64200,64221.98,197.24525
1786059900000,64221.98,64330,64200,64323.61,78.68756
1786060800000,64323.61,64410,64282.93,64290,82.17508
1786061700000,64290,64317.18,64230.59,64264.99,99.75581
1786062600000,64265,64337.56,64237.85,64323.92,53.6322
1786063500000,64323.91,64342.52,64261.09,64317.99,49.88922
1786064400000,64318,64448,64317.99,64363.6,92.84746
1786065300000,64363.6,64430,64314.28,64427.26,90.2866
1786066200000,64427.26,64476.78,64300,64375.99,93.09024
1786067100000,64376,64445.44,64375.99,64422.55,74.79737
1786068000000,64422.54,64435.81,64252.09,64396.79,92.19922
1786068900000,64396.8,64544,64310,64314.74,161.66389
1786069800000,64314.74,64418.14,64280,64414.72,87.32848
1786070700000,64414.71,64471.73,64396.63,64399.87,47.50289
1786071600000,64399.88,64407.73,64320.29,64336.14,46.1405
1786072500000,64336.14,64344.6,64260,64320.48,42.06558
1786073400000,64320.49,64374,64308.38,64343.33,52.51506
1786074300000,64343.33,64368,64277,64289.99,59.24189
1786075200000,64289.99,64323.6,64250.55,64308.93,38.57023
1786076100000,64308.93,64364.08,64290.07,64302.01,53.94835
1786077000000,64302,64355.2,64258,64258,49.42766
1786077900000,64258.01,64266.68,64166,64255.13,80.95125
1786078800000,64255.14,64261.21,64192.53,64252.02,60.23523
1786079700000,64252.02,64256.67,64177.62,64178,46.48758
1786080600000,64178.01,64278,64178,64276.01,51.82784
1786081500000,64276.01,64400,64256.04,64336.43,162.65531
1786082400000,64336.42,64416.45,64316.12,64413.84,59.38598
1786083300000,64413.85,64463.75,64382.05,64416.15,84.72476
1786084200000,64416.16,64426,64344.53,64353.5,84.23913
1786085100000,64353.5,64372.51,64283.91,64304.12,223.9185
1786086000000,64304.12,64371.06,64264,64338.4,100.84466
1786086900000,64338.39,64436.13,64333,64408.45,132.22285
1786087800000,64408.45,64418.14,64371.86,64371.86,73.98199
1786088700000,64371.86,64374.64,64311.35,64319.84,75.34199
1786089600000,64319.84,64385.84,64304.22,64370.65,79.90868
1786090500000,64370.65,64455.25,64370.65,64450.84,88.07804
1786091400000,64450.83,64672.1,64450.17,64632,164.89466
1786092300000,64632.01,64632.01,64580.01,64600,100.3427
1786093200000,64600,64773.12,64599.99,64733.26,124.0555
1786094100000,64733.27,64885.91,64733.26,64833.99,317.59007
1786095000000,64834,64965,64809.07,64905.62,345.04639
1786095900000,64905.62,64910,64825.32,64839.32,130.45963
1786096800000,64839.32,64872.12,64803.82,64846.96,95.57172
1786097700000,64846.97,64895.04,64802,64895.04,104.6503
1786098600000,64895.03,64916,64855.73,64863.99,98.66657
1786099500000,64864,64910.7,64861.87,64893.98,63.82767
1786100400000,64893.99,64977.85,64893.64,64963,86.48191
1786101300000,64962.99,65213.33,64934.52,65084.82,344.28376
1786102200000,65084.82,65099.99,65015.99,65026.87,150.58058
1786103100000,65026.87,65044.37,65000,65029.98,71.32816
1786104000000,65029.98,65280.6,65029.97,65213.99,237.3827
1786104900000,65214,65235.89,65055.93,65128.51,152.29176
1786105800000,65129.11,65365.6,64986.26,65160.28,562.05632
1786106700000,65160.27,65390.99,65160.27,65292.32,461.03282
1786107600000,65292.31,65330,65189.31,65223.48,195.52188
1786108500000,65223.47,65277.77,65114.67,65163.16,187.77637
1786109400000,65163.16,65328.31,65106.81,65308.35,354.42793
1786110300000,65308.35,65338,64984.68,65009.24,533.52607
1786111200000,65009.23,65041.99,64788,64830.84,309.88553
1786112100000,64830.84,65235.99,64800,65190,222.75101
1786113000000,65190,65275.03,65091.63,65100.46,253.74615
1786113900000,65100.46,65155.99,64950,64957.98,196.20302
1786114800000,64957.98,65040.84,64894.83,64966,128.28261
1786115700000,64965.99,65066,64933.82,65025.99,87.27509
1786116600000,65026,65136.17,64992.72,65020.82,120.77109
1786117500000,65020.82,65026,64910.12,64912.72,131.69911
1786118400000,64912.71,65072.31,64912.71,65045.05,111.12731
1786119300000,65045.04,65051.82,64894.83,64932.36,138.28413
1786120200000,64932.37,64971.71,64872.62,64949.64,130.70342
1786121100000,64949.63,64950.78,64814,64814,105.22138
1786122000000,64814.01,64828.82,64700,64700.39,208.26067
1786122900000,64700.39,64735.02,64582.42,64599.99,151.34069
1786123800000,64599.99,64688,64525,64679.99,151.18816
1786124700000,64680,64764.33,64660.02,64764.33,92.86764
1786125600000,64764.33,64881.13,64762,64847.99,66.40143
1786126500000,64848,64864.66,64794.68,64809.38,46.27636
1786127400000,64809.39,64839.85,64727.26,64727.27,59.75153
1786128300000,64727.26,64750.93,64676,64735.51,53.01272
1786129200000,64735.52,64872,64735.52,64839.97,73.41198
1786130100000,64839.97,64984.86,64839.97,64940.69,84.72752
1786131000000,64940.7,65039.42,64936,64972.01,148.68887
1786131900000,64972.01,65006.04,64945.37,64960.47,91.72385
1786132800000,64960.46,65053.56,64953.08,64987.45,119.58002
1786133700000,64987.45,65002,64957.5,64980.09,44.29459
1786134600000,64980.09,64980.09,64948,64956.02,33.64691
1786135500000,64956.03,64975.01,64956.02,64972,40.97499
1786136400000,64972,65020,64967.82,65001.01,52.2543
1786137300000,65001.01,65012.01,64950.97,64996.3,36.2142
1786138200000,64996.3,65102,64996.29,65024.73,67.04652
1786139100000,65024.74,65034.15,64928,64928.01,32.06904
1786140000000,64928.02,64932.08,64900.86,64932.08,44.21509
1786140900000,64932.07,64947.7,64909.55,64924.97,82.56863
1786141800000,64924.96,64924.97,64846,64877.29,66.56001
1786142700000,64877.28,64921.53,64877.28,64888,110.77106
1786143600000,64888,64890.14,64883.78,64890.02,47.33052
1786144500000,64890.02,64890.02,64869.99,64888.7,108.97557
1786145400000,64888.7,64901.2,64886.01,64901.2,68.14659
1786146300000,64901.2,64923.2,64901.19,64923.19,35.47773
1786147200000,64923.2,64954,64900.14,64901,89.19936
1786148100000,64901.01,64901.01,64784.19,64881.78,134.07796
1786149000000,64881.78,64900.9,64870.27,64900.89,127.52962
1786149900000,64900.9,64929.01,64899.78,64929.01,81.78776
1786150800000,64929.01,64965,64910.01,64957.15,147.06616
1786151700000,64957.16,64957.16,64908.97,64908.97,32.72131
1786152600000,64908.98,64940.25,64908.97,64935,50.89645
1786153500000,64934.99,64934.99,64909.55,64911.79,52.43911
1786154400000,64911.8,64913.39,64894.49,64904.4,76.5414
1786155300000,64904.39,64929.94,64901.09,64929.94,58.80643
1786156200000,64929.94,64957.47,64911.68,64922.46,138.56211
1786157100000,64922.45,64930.13,64918.27,64923.97,43.55117
1786158000000,64923.98,64950.03,64918.28,64932.87,97.80613
1786158900000,64932.87,65046.24,64932.86,65030.01,80.35453
1786159800000,65030,65074.18,65007.49,65015.61,73.34732
1786160700000,65015.6,65033.14,65000,65033,25.88444
1786161600000,65033,65067.73,64971.18,64981.6,62.83288
1786162500000,64981.61,65001.46,64976,65001.45,25.41162
1786163400000,65001.45,65071.15,65000,65038.66,63.69771
1786164300000,65038.67,65038.67,65000.52,65013.58,47.89393
1786165200000,65013.58,65013.58,64994,64994.01,39.62639
1786166100000,64994.01,65018.64,64994,65018.63,19.14345
1786167000000,65018.63,65018.64,65012.29,65017.72,21.8407
1786167900000,65017.72,65017.74,64976,64995.39,38.30275
1786168800000,64995.39,65000.49,64980.25,64980.26,17.81343
1786169700000,64980.25,64985.75,64967.67,64967.99,72.89008
1786170600000,64968,64990.02,64959.81,64990.02,112.63161
1786171500000,64990.01,65014,64990.01,65006.61,95.02162
1786172400000,65006.61,65006.61,64994.22,64994.23,49.44768
1786173300000,64994.23,64995.95,64989.57,64995.94,33.02076
1786174200000,64995.94,64995.95,64951.34,64954.1,66.82657
1786175100000,64954.11,64960,64952.69,64960,19.73878
1786176000000,64959.99,64966,64948.56,64965.99,30.65661
1786176900000,64966,64976,64963.07,64975.99,29.18364
1786177800000,64976,65020.5,64975.99,65015.54,59.34168
1786178700000,65015.53,65015.54,64991.68,64993.87,31.62244
1786179600000,64993.88,65007.42,64993.87,65007.42,65.86727
1786180500000,65007.41,65022.88,65007.41,65020.32,78.06728
1786181400000,65020.32,65050,65007.62,65012.55,116.29372
1786182300000,65012.56,65013.88,64992.98,64994.31,43.30749
1786183200000,64994.31,65008.93,64994.31,64996.77,33.77687
1786184100000,64996.78,65021.17,64996.77,65021.16,17.4454
1786185000000,65021.16,65022.43,65010,65010.01,40.97959
1786185900000,65010.01,65012.12,65005.87,65005.87,52.10667
1786186800000,65005.88,65024.1,65001.45,65018.79,59.27079
1786187700000,65018.79,65018.8,64973.97,64973.98,44.93095
1786188600000,64973.98,64973.98,64970,64970,31.53726
1786189500000,64970.01,64970.01,64957,64967.35,42.42246
1786190400000,64967.36,65007.72,64924,65007.72,71.11676
1786191300000,65007.72,65050.55,64974.09,64974.1,64.79753
1786192200000,64974.1,65023.06,64974.1,65005.82,45.23064
1786193100000,65005.82,65026,65005.81,65008.34,53.30584
1786194000000,65008.33,65017.85,65001.07,65005.45,62.8841
1786194900000,65005.45,65018,65005.45,65018,23.04433
1786195800000,65017.99,65018,65006,65008.3,40.21071
1786196700000,65008.29,65015.28,65000,65015.27,61.71835
1786197600000,65015.27,65058.69,65015.27,65058.69,28.66239
1786198500000,65058.69,65156.59,65045.3,65136.69,164.54576
1786199400000,65136.7,65192.54,65116.3,65116.3,99.51785
1786200300000,65116.31,65180,65116.3,65129.02,63.63329
1786201200000,65129.01,65149.57,65097.75,65105.44,61.75923
1786202100000,65105.43,65105.44,65078.08,65092.72,51.71913
1786203000000,65092.72,65092.73,65061.31,65061.31,26.14228
1786203900000,65061.32,65093.82,65061.31,65080.82,46.96416
1786204800000,65080.83,65116.82,65080.82,65087.02,23.60296
1786205700000,65087.03,65088.01,65080,65080.01,33.53534
1786206600000,65080.01,65080.01,65039,65060.85,38.24117
1786207500000,65060.85,65087.75,65060.85,65086.45,33.45582
1786208400000,65086.46,65132.57,65075.46,65118.13,69.56453
1786209300000,65118.13,65122,65104.6,65108.01,46.85201
1786210200000,65108.01,65150,65108,65122.18,36.98652
1786211100000,65122.18,65122.2,65109.09,65119.75,34.3229
1786212000000,65119.75,65119.75,65101.6,65101.6,59.77179
1786212900000,65101.61,65101.61,65025.54,65038.2,57.31559
1786213800000,65038.2,65057.07,65038.19,65048.17,22.1307
1786214700000,65048.17,65052,65044.07,65044.07,29.30205
1786215600000,65044.08,65044.08,65021,65021,24.85481
1786216500000,65021.01,65021.01,65018.99,65019,44.68885
1786217400000,65018.99,65044.01,65017.39,65044,60.84027
1786218300000,65044.01,65093.7,65044,65075.41,75.01341
1786219200000,65075.4,65076.45,65068.64,65076.45,33.89391
1786220100000,65076.44,65082.28,65060,65060,14.64563
1786221000000,65060,65078,65060,65073.92,32.92765
1786221900000,65073.93,65100.61,65060.72,65082.41,300.85016
1786222800000,65082.42,65082.42,65046.5,65046.5,39.09144
1786223700000,65046.5,65049.12,65032.41,65032.41,79.13292
1786224600000,65032.41,65065,65032.41,65057.55,65.68637
1786225500000,65057.56,65058,65000.53,65012.96,32.62056
1786226400000,65012.95,65038,65000,65000,108.08975
1786227300000,65000.01,65015.01,64993.5,64993.51,109.23497
1786228200000,64993.5,64999.29,64963.85,64977.51,144.65994
1786229100000,64977.51,64977.52,64948.17,64950.61,65.31916
1786230000000,64950.62,64950.62,64936.01,64936.01,32.50125
1786230900000,64936.01,64970,64936.01,64938.01,71.49356
1786231800000,64938,64975.99,64938,64970.7,41.00052
1786232700000,64970.71,64974.76,64951.25,64962.6,59.74278
1786233600000,64962.6,64969.5,64960.27,64960.27,65.06166
1786234500000,64960.27,64969.49,64958.17,64969.49,34.97143
1786235400000,64969.49,64991.93,64969.48,64977.1,30.22852
1786236300000,64977.11,64980.72,64965.67,64973.65,83.79092
1786237200000,64973.65,65002,64972.1,64983.49,42.76039
1786238100000,64983.49,64985.29,64863.03,64863.03,101.01423
1786239000000,64863.03,64891.39,64858,64889.67,38.21614
1786239900000,64889.68,64889.68,64838.33,64861.46,148.75517
1786240800000,64861.46,64863.16,64809.73,64858.58,55.35389
1786241700000,64858.58,64858.59,64840.69,64842.61,58.00733
1786242600000,64842.61,64845.23,64777.99,64777.99,108.05391
1786243500000,64777.92,64820.01,64777.92,64820.01,33.98539
1786244400000,64820.01,64820.01,64732.01,64732.01,38.2452
1786245300000,64732.01,64784.16,64730.08,64780,54.51556
1786246200000,64779.99,64802.8,64774.76,64800.18,39.11717
1786247100000,64800.19,64800.19,64788.79,64788.8,21.87983
1786248000000,64788.8,64816.85,64788.79,64816.85,27.49561
1786248900000,64816.85,64826.13,64809.01,64826.01,53.84163
1786249800000,64826,64826.01,64809.95,64809.96,40.99739
1786250700000,64809.95,64809.96,64785,64785,33.98309
1786251600000,64785.01,64786.3,64785,64786.29,62.3279
1786252500000,64786.29,64793.01,64786,64790.84,62.87596
1786253400000,64790.85,64790.85,64786,64786.01,44.45774
1786254300000,64786,64801.58,64777,64801.58,24.73146
1786255200000,64801.57,64815.45,64801.57,64815.45,86.50613
1786256100000,64815.44,64845.98,64815.44,64841.2,25.53436
1786257000000,64841.19,64867.11,64841.19,64867.1,39.55604
1786257900000,64867.11,64867.11,64849.99,64849.99,64.76876
1786258800000,64850,64860.01,64848.34,64853.56,114.04696
1786259700000,64853.57,64856,64840.85,64840.85,64.78082
1786260600000,64840.86,64842.7,64829.99,64840.75,92.42294
1786261500000,64840.76,64840.76,64826.14,64826.14,67.13792
1786262400000,64826.15,64960.06,64826.14,64922.67,144.20652
1786263300000,64922.67,64933.7,64886.81,64886.82,70.5355
1786264200000,64886.82,64893.83,64792.1,64792.11,59.67784
1786265100000,64792.1,64824.17,64792.1,64824.16,54.51548
1786266000000,64824.17,64830.69,64824.16,64824.17,24.22615
1786266900000,64824.18,64831.27,64809.68,64809.69,39.38395
1786267800000,64809.69,64814.56,64809.68,64814.56,28.62553
1786268700000,64814.56,64877.86,64814.53,64877.85,56.98561
1786269600000,64877.86,64951.26,64877.85,64950.99,48.43779
1786270500000,64951,64994.07,64944.45,64970.37,78.33907
1786271400000,64970.37,64973.93,64942,64944,54.71086
1786272300000,64944.01,64977.22,64944,64959.86,68.00126
1786273200000,64959.87,64978.01,64959.86,64975.99,30.29509
1786274100000,64975.99,64978.01,64975.99,64978,10.25646
1786275000000,64978,64994.92,64978,64990.46,36.92607
1786275900000,64990.46,65000,64950,64950,73.29459
1786276800000,64950.01,64950.01,64914.73,64937.58,52.93713
1786277700000,64937.59,64949.99,64937.58,64942,49.8153
1786278600000,64942,64942,64938.5,64938.52,15.72765
1786279500000,64938.52,64962.41,64938.52,64960.11,48.40567
1786280400000,64960.12,65032.51,64960.11,65017.89,35.9413
1786281300000,65017.9,65088,65017.89,65087.99,56.0991
1786282200000,65088,65266,65087.99,65219.79,254.61021
1786283100000,65219.8,65222,65197.48,65219.78,60.25525
1786284000000,65219.78,65239.26,65198,65237.79,69.34945
1786284900000,65237.8,65237.8,65160.49,65184.99,60.8417
1786285800000,65184.99,65222,65150.95,65167.64,86.9166
1786286700000,65167.64,65300,65167.64,65260.01,63.69975
1786287600000,65260.01,65264,65214,65250.7,138.52895
1786288500000,65250.7,65250.7,65229.39,65236,148.31892
1786289400000,65236,65236.01,65226.25,65226.26,37.3997
1786290300000,65226.25,65238,65226.25,65228.68,39.93883
1786291200000,65228.68,65266.06,65220,65233.54,74.512
1786292100000,65233.55,65243.88,65182.36,65195.71,59.28416
1786293000000,65195.71,65258.68,65195.71,65255.99,74.25508
1786293900000,65255.98,65255.99,65232.14,65232.14,81.36158
1786294800000,65232.15,65232.16,65222,65222,44.95714
1786295700000,65222,65239.18,65222,65239.15,41.9196
1786296600000,65239.16,65239.16,65229.22,65229.22,23.09635
1786297500000,65229.23,65229.23,65198.68,65198.68,20.0779
1786298400000,65198.68,65203.51,65198.68,65203.5,24.86679
1786299300000,65203.51,65213.78,65192,65213.78,24.41551
1786300200000,65213.78,65220,65213.78,65220,10.9543
1786301100000,65220,65220,65199.68,65199.68,22.98339
1786302000000,65199.69,65199.99,65190.26,65199.99,57.68082
1786302900000,65199.98,65210,65198.87,65208.28,69.19416
1786303800000,65208.27,65208.28,65197.94,65197.94,46.71164
1786304700000,65197.94,65197.94,65179.72,65180.66,84.04458
1786305600000,65180.66,65181.99,65046.25,65073.3,197.05171
1786306500000,65073.3,65149.34,65073.29,65127.73,123.65381
1786307400000,65127.73,65163.31,65127.73,65139.96,86.77377
1786308300000,65139.96,65139.96,65127.53,65137.96,58.51825
1786309200000,65137.96,65137.98,65126,65126,87.13496
1786310100000,65126,65141.89,65115.05,65133.46,127.44248
1786311000000,65133.47,65250,65133.46,65222.95,219.46638
1786311900000,65222.96,65223.76,65184.38,65192.99,51.27853
1786312800000,65192.99,65474.46,65192.99,65408.05,434.64401
1786313700000,65408.05,65443.27,65212.15,65230.62,186.0751
1786314600000,65230.62,65243.9,64971.41,65029.69,245.56397
1786315500000,65029.7,65099.59,64971.5,65077.13,75.27013
1786316400000,65077.13,65108,64989,65022,83.31855
1786317300000,65022,65052,64901,64915.85,94.48115
1786318200000,64915.84,64940.16,64851.01,64903.04,169.41398
1786319100000,64903.04,64930,64842.59,64901.59,74.20955
1786320000000,64901.59,65322.58,64846.69,65144.67,221.23192
1786320900000,65144.66,65169.78,64980.59,65006.01,130.50636
1786321800000,65006,65045.65,64826.78,64838,130.59077
1786322700000,64838,65040.61,64838,64968.01,74.1202
1786323600000,64968.21,65030,64900.79,65001.38,68.9855
1786324500000,65001.39,65070,65001.38,65008.01,48.32257
1786325400000,65008,65013.74,64900,64970.71,69.90152
1786326300000,64970.7,65391.14,64970.7,65189.99,223.05189
1786327200000,65190,65205.84,65078,65103.37,173.32611
1786328100000,65103.38,65103.38,64903.54,64955.78,106.33766
1786329000000,64955.78,65220,64955.78,65200.48,82.31983
1786329900000,65200.22,65200.22,65078.01,65099.99,70.7296
1786330800000,65099.99,65104.73,64962.79,64962.8,89.8858
1786331700000,64962.8,65172,64904.99,65028.95,96.55382
1786332600000,65028.94,65095.62,65004.75,65024.81,67.67867
1786333500000,65024.82,65059.77,64957.01,64982.01,81.5122
1786334400000,64982,65072,64960.01,65071.99,52.51353
1786335300000,65071.99,65100,65025.53,65025.54,109.12164
1786336200000,65025.53,65037.03,64924,65009.33,139.84948
1786337100000,65009.34,65052.99,64982.25,65006.73,32.00848
1786338000000,65006.74,65052.99,64979.88,64987.59,82.75752
1786338900000,64987.6,65064,64987.6,65041.17,98.77314
1786339800000,65041.18,65083.8,65028,65083.59,24.46611
1786340700000,65083.6,65159.25,65054.75,65134,93.63926
1786341600000,65134,65281.54,65130.01,65200.99,114.96058
1786342500000,65200.98,65237.94,65150,65167.99,76.4199
1786343400000,65168,65270,65167.99,65245.64,130.86059
1786344300000,65245.65,65339.7,65241.92,65299.4,111.69554
1786345200000,65299.4,65307.28,65258.98,65266.01,57.49581
1786346100000,65266,65334.34,65232.58,65323.6,81.64685
1786347000000,65323.6,65379.13,65312.01,65326.46,255.37658
1786347900000,65326.45,65332,65196.53,65202.73,159.49263
1786348800000,65202.72,65309.09,65202.72,65262.15,83.93622
1786349700000,65262.16,65328.73,65230,65289.28,91.6129
1786350600000,65289.29,65300,65192,65224.79,89.76189
1786351500000,65224.8,65266.8,65212,65245.58,51.50055
1786352400000,65245.59,65245.59,65186,65224.01,65.16937
1786353300000,65224,65224.01,65162,65164.62,48.49952
1786354200000,65164.61,65164.61,65040.43,65052.58,94.38818
1786355100000,65052.58,65052.58,64958.87,64967.24,181.28902
1786356000000,64967.25,65074.61,64967.24,65043.6,72.77537
1786356900000,65043.61,65064.9,65001.04,65017.08,107.65857
1786357800000,65017.08,65056.14,64999.97,65002.61,150.67128
1786358700000,65002.62,65053.88,65002.61,65013.06,97.39088
1786359600000,65013.07,65033.81,64977.93,65011.37,50.07603
1786360500000,65011.37,65090,65011.36,65079.72,40.58103
1786361400000,65079.72,65099.09,65059.12,65061.6,38.32679
1786362300000,65061.6,65130.16,65061.6,65125.98,31.35345
1786363200000,65125.99,65237.8,65106,65126,113.49348
1786364100000,65126.01,65126.01,65041.45,65055,114.80616
1786365000000,65055,65056.8,64911.18,65018,188.90806
1786365900000,65018,65018,64850,64870.75,178.91617
1786366800000,64870.74,64912.32,64848.38,64884.16,140.36
1786367700000,64884.15,64973.72,64883.52,64929.45,185.21561
1786368600000,64929.46,64940.31,64607.26,64646.01,648.13588
1786369500000,64646,64685.84,64518.01,64561.98,323.5309
1786370400000,64561.98,64753.6,64544.01,64752,285.94444
1786371300000,64752,64829.74,64715.7,64786.01,134.64798
1786372200000,64786,64888.32,64759.95,64828.55,108.47018
1786373100000,64828.56,64861.67,64608,64625.77,121.23554
1786374000000,64625.77,64711.43,64534,64562,160.03429
1786374900000,64562,64639.79,64310,64396,391.31406
1786375800000,64396,64413.46,64239.22,64338.64,250.56939
1786376700000,64338.65,64357.41,64203.15,64299.99,294.42217
1786377600000,64299.99,64354,64196.01,64218.01,296.0051
1786378500000,64218,64218.01,63988,64123.63,485.07389
1786379400000,64123.62,64180.71,63949.99,63966,312.19083
1786380300000,63966,63972.29,63830.57,63904.65,404.79943
1786381200000,63904.65,64014,63832,63996,365.57559
1786382100000,63996.01,64004.87,63923.07,63923.08,275.03651
1786383000000,63923.07,64027.12,63903.98,63949.62,292.46862
1786383900000,63949.61,63976,63876,63953.04,357.47346
1786384800000,63953.04,64020.64,63895.49,63938.06,278.26703
1786385700000,63938.05,64003.8,63881.75,63900.13,215.30482
1786386600000,63900.13,63931.18,63806.27,63888,307.66376
1786387500000,63888,63928,63843.98,63889.39,142.82977
1786388400000,63889.39,63932,63888.01,63927.28,132.00251
1786389300000,63927.27,64025.88,63906.15,64025.87,134.0484
1786390200000,64025.88,64101.34,63931.07,64031.35,176.68757
1786391100000,64031.36,64049.15,63986.23,64045.7,100.52436
1786392000000,64045.7,64089.97,64023.06,64051.99,74.12558
1786392900000,64051.99,64122.75,64046.76,64122.75,87.22344
1786393800000,64122.75,64215.21,64106,64176.35,77.70377
1786394700000,64176.34,64176.35,64140.59,64158.5,47.28956
1786395600000,64158.49,64158.5,64094,64113.83,52.86551
1786396500000,64113.83,64119.03,64072.72,64117.16,52.92505
1786397400000,64117.17,64119.03,64033.25,64040.81,65.53084
1786398300000,64040.81,64045.86,63987,63987,68.36247
1786399200000,63987,64045.42,63960,64040.65,100.68594
1786400100000,64040.66,64055.95,64010,64014.51,39.6011
1786401000000,64014.51,64014.52,63944,63986,57.48512
1786401900000,63986,64016,63985.99,64016,19.19511
1786402800000,64015.99,64020,63980.69,63984,67.00748
1786403700000,63984.01,63998.45,63948.54,63993.01,97.92487
1786404600000,63993.01,63993.01,63920.69,63968,95.29851
1786405500000,63968,63984.86,63947.25,63970.01,68.10535
1786406400000,63970.01,63995.01,63895.64,63995.01,267.94368
1786407300000,63995,63999.99,63926,63986.18,212.45408
1786408200000,63986.19,64006.03,63947.8,63973.99,117.09118
1786409100000,63974,64058,63974,64040,92.77932
1786410000000,64040.01,64079.88,63986,64061.88,64.80108
1786410900000,64061.89,64080.1,63980.51,64076.23,190.3862
1786411800000,64076.23,64076.23,63958.2,63991.26,46.78653
1786412700000,63991.27,64073.32,63987.02,64060.8,53.10131
1786413600000,64060.8,64086,64030,64030,165.81899
1786414500000,64030,64070,64030,64054.54,31.54241
1786415400000,64054.53,64055.72,64032.02,64045.04,32.37757
1786416300000,64045.04,64052.96,64035.28,64044.59,33.50572
1786417200000,64044.6,64102,64044.59,64100.8,57.94874
1786418100000,64100.8,64176,64100.79,64138,78.37404
1786419000000,64138.01,64160.01,64129.91,64129.92,51.488
1786419900000,64129.93,64155.01,64119.96,64155.01,336.32435
1786420800000,64155,64159.65,64119.99,64120,126.62952
1786421700000,64119.99,64132,64106,64108.57,76.41081
1786422600000,64108.58,64110.19,64100.34,64100.34,18.43224
1786423500000,64100.35,64102.45,64021.02,64023.51,138.69992
1786424400000,64023.51,64051.93,64002,64046.81,38.33594
1786425300000,64046.8,64051.59,63964,63972.86,72.42604
1786426200000,63972.87,64041.88,63972.85,64036,38.78518
1786427100000,64036,64042.26,64000,64000,67.76531
1786428000000,64000,64050.43,63975,64034.72,57.50954
1786428900000,64034.72,64034.72,63936,63936,65.42223
1786429800000,63936,63968.41,63910,63920,278.18567
1786430700000,63919.99,63969.29,63852,63969.28,280.7597
1786431600000,63969.29,64010.73,63969.28,63970.22,59.10269
1786432500000,63970.22,63970.23,63911.09,63913.1,72.60797
1786433400000,63913.1,64087.7,63913.09,64073.26,130.33719
1786434300000,64073.26,64108,64047.99,64065.99,118.78258
1786435200000,64066,64110.82,64048.99,64048.99,50.22197
1786436100000,64049,64085.19,64044.72,64060.01,34.49481
1786437000000,64060.01,64118,64060,64117.99,42.24038
1786437900000,64117.99,64148.78,64096.01,64136.41,41.70323
1786438800000,64136.41,64160,64121.51,64129.98,130.11736
1786439700000,64129.98,64200,64129.98,64190,85.52313
1786440600000,64190.01,64246.97,64180.6,64243.13,124.22079
1786441500000,64243.13,64300,64243.13,64300,113.37875
1786442400000,64300,64312.7,64244,64244,112.07981
1786443300000,64244,64312.46,64200,64307.23,88.92306
1786444200000,64307.23,64312,64258.61,64275.98,104.33027
1786445100000,64275.99,64275.99,64219.62,64233.23,102.78722
1786446000000,64233.23,64390.48,64233.23,64358.48,228.50303
1786446900000,64358.48,64364.68,64339.99,64340.32,52.79131
1786447800000,64340.33,64349.51,64333.46,64340,52.32662
1786448700000,64340,64400,64330,64389.57,204.47686
1786449600000,64389.58,64515.43,64380,64475.58,231.88602
1786450500000,64475.59,64475.59,64294.07,64324.7,194.7674
1786451400000,64324.69,64383.87,64319.08,64328.89,121.52841
1786452300000,64328.88,64338.6,64274.57,64330.01,166.25382
1786453200000,64330,64368.42,64278.61,64319.62,121.45112
1786454100000,64319.61,64327.41,64174,64199.57,175.41014
1786455000000,64199.57,64240,64050,64169.73,539.29973
1786455900000,64169.73,64216,64051,64200.28,554.58691
1786456800000,64200.29,64230,64116,64219.62,141.53256
1786457700000,64219.63,64263.83,63918.01,64026.67,207.26005
1786458600000,64026.66,64062,63898.29,63957.64,243.31187
1786459500000,63958,64005.29,63714.75,63770.03,392.91865
1786460400000,63770.03,63864.36,63730,63782,249.42243
1786461300000,63782,63868,63710.01,63866.53,295.19261
1786462200000,63866.52,63866.52,63451,63564,548.77001
1786463100000,63564,63635.1,63475,63609.87,193.18732
1786464000000,63609.86,63660,63542.22,63602,245.0785
1786464900000,63602.01,63648,63579.97,63594.05,207.3992
1786465800000,63594.05,63619.15,63491.83,63493.14,138.33519
1786466700000,63493.15,63545.29,63459.54,63512.59,150.0146
1786467600000,63512.59,63536.85,63461.88,63508.01,106.45617
1786468500000,63508.01,63606.39,63492,63575.51,127.29867
1786469400000,63575.51,63588.51,63522.3,63554,128.95726
1786470300000,63554,63632.94,63536.01,63607.88,120.13028
1786471200000,63607.87,63626.03,63550,63589.98,115.35816
1786472100000,63589.98,63603.47,63475.2,63475.66,94.2259
1786473000000,63475.67,63506.68,63251.59,63307.68,414.71328
1786473900000,63307.67,63387.82,63306.49,63373.07,124.72173
1786474800000,63373.07,63380,63238,63248.54,147.80674
1786475700000,63248.53,63384.69,63248.53,63355.1,96.70257
1786476600000,63355.1,63460.47,63355.1,63453.69,99.71459
1786477500000,63453.69,63536,63388.51,63536,107.82389
1786478400000,63536,63715.78,63536,63673.28,149.83462
1786479300000,63673.27,63675.99,63610.51,63675.99,46.42957
1786480200000,63676,63748.21,63657.26,63678,68.76915
1786481100000,63678.01,63748.37,63678,63740,56.52386
1786482000000,63740,63753.34,63732.36,63735.29,62.05575
1786482900000,63735.29,63768.58,63653.75,63671.6,99.19535
1786483800000,63671.61,63689.05,63622,63666.78,77.9652
1786484700000,63666.78,63691.3,63648.36,63672.73,30.2007
1786485600000,63672.73,63768,63672.72,63736,71.25337
1786486500000,63736.01,63763.94,63703.07,63720.28,78.64126
1786487400000,63720.28,63730.01,63655,63655.01,62.93896
1786488300000,63655,63675.59,63626.25,63668.49,40.44576
1786489200000,63668.5,63668.5,63565.21,63580.01,37.54566
1786490100000,63580,63614.72,63543.55,63593.17,61.78777
1786491000000,63593.17,63639.85,63582,63639.84,71.49458
1786491900000,63639.85,63650,63600,63600,34.00081
1786492800000,63600.01,63607.58,63534.01,63607.57,93.82599
1786493700000,63607.57,63698,63578,63666.91,58.83592
1786494600000,63666.91,63721.06,63666.91,63718,56.64688
1786495500000,63718,63745.53,63717.99,63742.07,38.11218
1786496400000,63742.07,63784.34,63713.4,63784.33,87.94401
1786497300000,63784.34,63784.34,63742,63752.19,69.6662
1786498200000,63752.18,63820.58,63698.18,63820.58,48.44348
1786499100000,63820.58,63855.5,63789.99,63813.8,293.86989
1786500000000,63813.8,63879.99,63813.8,63851.84,195.40241
1786500900000,63851.84,63898.3,63782.41,63898.29,318.82149
1786501800000,63898.3,63908.01,63764.29,63778.48,56.6054
1786502700000,63778.47,63783.1,63730.72,63749.76,41.46202
1786503600000,63749.77,63798,63709.85,63713.08,215.63747
1786504500000,63713.08,63779.17,63709.85,63756.58,82.45341
1786505400000,63756.57,63845.91,63738.08,63814.79,73.76676
1786506300000,63814.79,63844.79,63780,63835.59,166.9961
1786507200000,63835.58,63840.37,63768,63785.62,33.44516
1786508100000,63785.63,63891.42,63785.62,63796.81,115.82729
1786509000000,63796.8,63796.8,63739.99,63771.13,47.79206
1786509900000,63771.12,63830,63749.99,63769.58,371.2948
1786510800000,63769.58,63816.98,63724.25,63816.98,42.92775
1786511700000,63816.98,63838.53,63814.76,63838.53,58.65749
1786512600000,63838.53,63869.56,63824.72,63852.62,219.08761
1786513500000,63852.63,63865.01,63821.44,63849.94,219.79275
1786514400000,63849.94,63849.94,63709.58,63709.58,151.13653
1786515300000,63709.58,63754,63622.26,63636.95,153.05352
1786516200000,63636.94,63678,63606.15,63653.77,118.91939
1786517100000,63653.77,63711.97,63630.88,63711.97,140.17761
1786518000000,63711.97,63799.15,63710,63760.57,124.06137
1786518900000,63760.57,63760.57,63729.25,63736.01,94.13094
1786519800000,63736.01,63772.82,63685.13,63700.97,138.4613
1786520700000,63700.97,63838,63644.1,63837.99,101.77675
1786521600000,63838,63867.2,63784.01,63791.77,113.47775
1786522500000,63791.77,63836,63791.76,63824.47,102.26529
1786523400000,63824.47,63824.47,63773.98,63779.37,39.85788
1786524300000,63779.37,63824.13,63779.36,63794.94,47.51867
1786525200000,63794.95,63862.29,63768.01,63856,43.5501
1786526100000,63856,64002,63855.99,63983.99,206.17201
1786527000000,63983.99,64088,63983.99,64042.55,138.32758
1786527900000,64042.55,64130.47,64034,64108.81,165.48017
1786528800000,64108.82,64218,64102.4,64123.63,482.53499
1786529700000,64123.64,64133.61,64059.99,64068,335.60202
1786530600000,64068,64160.89,64068,64146,80.8093
1786531500000,64146,64156.13,64080.01,64143.36,97.19127
1786532400000,64143.36,64213.68,64113.5,64136.47,59.29536
1786533300000,64136.47,64208,64130,64200.01,192.04592
1786534200000,64200,64218,64160,64196.58,89.50462
1786535100000,64196.58,64249.5,64195,64240.04,73.45841
1786536000000,64240.04,64319.32,64215,64265.67,167.78172
1786536900000,64265.67,64444,64262.5,64412,363.25121
1786537800000,64412,64500,64047.82,64097.99,600.84881
1786538700000,64097.99,64183.66,63976.37,64119.71,165.17773
1786539600000,64119.72,64159.36,63939.4,63984,136.94965
1786540500000,63983.99,64044,63912.36,63960,124.32446
1786541400000,63960,64014.96,63868,63983.15,239.42146
1786542300000,63983.14,64070.28,63840,63840,226.74541
1786543200000,63840,63926.13,63600,63792.12,320.76522
1786544100000,63792.12,63832,63649.99,63658.01,203.60958
1786545000000,63658,63695.07,63528.86,63608,319.07903
1786545900000,63608,63639.37,63362.74,63363.39,320.43045
1786546800000,63363.39,63528.63,63316,63500.01,304.55791
1786547700000,63500.01,63544,63438.96,63501.37,159.7543
1786548600000,63501.38,63570.01,63401,63530,168.11613
1786549500000,63530.01,63560.75,63419.23,63441.47,138.62728
1786550400000,63441.48,63500,63368.35,63476.06,236.78667
1786551300000,63476.06,63571.78,63466,63564.59,130.16972
1786552200000,63564.59,63578,63510,63520.39,61.39853
1786553100000,63520.39,63520.39,63468,63492.12,59.43727
1786554000000,63492.12,63541.99,63476.25,63540.73,105.73472
1786554900000,63540.72,63556,63426.36,63447.4,77.18268
1786555800000,63447.4,63504,63416.4,63476.01,56.83017
1786556700000,63476.01,63541.22,63455.03,63471,52.6202
1786557600000,63470.99,63504.15,63422.77,63474.8,84.16198
1786558500000,63474.8,63474.8,63380,63435.69,168.61288
1786559400000,63435.69,63522.56,63415.82,63443.01,71.55314
1786560300000,63443.02,63443.02,63373.97,63386.59,72.59457
1786561200000,63386.58,63431.94,63386.15,63386.16,94.71815
1786562100000,63386.16,63465.13,63310.34,63380.38,125.31809
1786563000000,63380.37,63402,63340.32,63340.32,68.62197
1786563900000,63340.32,63429.83,63322.52,63421.11,92.87492
1786564800000,63421.11,63514.57,63421.11,63462.4,69.47621
1786565700000,63462.4,63517.35,63427.08,63506.82,91.14498
1786566600000,63506.82,63570.01,63506.82,63546.01,74.05103
1786567500000,63546,63600,63528.57,63599.99,72.58977
1786568400000,63600,63661.24,63558.6,63584.63,77.66036
1786569300000,63584.62,63595.81,63468,63485.18,62.93155
1786570200000,63485.18,63544,63421.61,63535.27,67.7026
1786571100000,63535.27,63580,63456.58,63469.83,59.28194
1786572000000,63469.84,63536,63425.08,63496.82,69.60497
1786572900000,63496.82,63532,63485.33,63490.35,34.67227
1786573800000,63490.34,63494.69,63370,63406.2,97.19227
1786574700000,63406.2,63438,63396.01,63432.28,38.53945
1786575600000,63432.28,63439.99,63383.54,63413.13,77.67634
1786576500000,63413.14,63444.36,63378.23,63430.51,345.03131
1786577400000,63430.51,63482.89,63389.99,63416.97,508.7452
1786578300000,63416.96,63482.89,63406.67,63479.99,66.58869
1786579200000,63479.99,63602.96,63460.32,63602.96,94.81693
1786580100000,63602.96,63717.31,63584.76,63626.66,174.59962
1786581000000,63626.19,63626.19,63504.59,63515.71,56.99385
1786581900000,63515.71,63602,63501.36,63556.92,80.35969
1786582800000,63556.91,63631.67,63519.89,63631.66,56.32864
1786583700000,63631.66,63631.67,63400,63416.37,106.82363
1786584600000,63416.37,63539.95,63407.67,63412.36,65.20294
1786585500000,63412.35,63516,63382.45,63456.11,89.52923
1786586400000,63456.1,63480,63426.58,63470.01,95.17676
1786587300000,63470,63483.99,63426.72,63470.01,78.12268
1786588200000,63470.01,63498.26,63380,63498.26,235.83411
1786589100000,63498.26,63582,63478,63550.01,49.03135
1786590000000,63550.01,63584.82,63514.21,63576.77,61.12525
1786590900000,63576.77,63639.61,63559.37,63570,221.4286
1786591800000,63570,63635.76,63567.86,63576.21,52.62445
1786592700000,63576.22,63686.4,63576.22,63646.99,66.53989
1786593600000,63647,63679.6,63624.97,63679.55,70.49315
1786594500000,63679.55,63679.55,63591.56,63595.13,23.08273
1786595400000,63595.13,63711.09,63595.12,63696.47,43.15292
1786596300000,63696.48,63778,63691.18,63693.74,86.69604
1786597200000,63693.73,63881.99,63671.64,63881.18,105.19052
1786598100000,63881.19,64010,63881.19,63942.66,288.0558
1786599000000,63942.67,63955.2,63901.45,63926.64,64.25498
1786599900000,63926.63,63933.08,63878,63878,42.60752
1786600800000,63878.01,63886.73,63815.28,63835.88,94.21445
1786601700000,63835.88,63850.08,63814.35,63826.38,33.06276
1786602600000,63826.38,63826.38,63760.88,63760.89,43.93797
1786603500000,63760.88,63942.36,63757.47,63942.35,84.82201
1786604400000,63942.36,63947.09,63864.81,63878.02,199.95212
1786605300000,63878.02,63919.98,63862,63899.21,105.22704
1786606200000,63899.21,63903.19,63875.51,63875.52,131.14371
1786607100000,63875.52,63875.52,63856.13,63865.84,96.77298
1786608000000,63865.84,63915,63836,63836,129.68822
1786608900000,63836.01,63840.01,63774.29,63784.61,125.50131
1786609800000,63784.61,63801.99,63774.99,63801.99,98.18382
1786610700000,63801.99,63801.99,63742,63766.8,86.44533
1786611600000,63766.8,63768.77,63620,63620.01,70.71943
1786612500000,63620,63710,63587.99,63657.73,112.68737
1786613400000,63657.72,63703.94,63657.72,63700.48,55.32415
1786614300000,63700.47,63786.49,63700.47,63782.64,99.09231
1786615200000,63782.65,63818.16,63617.36,63621.06,178.16456
1786616100000,63621.07,63676,63617.36,63628.01,32.30559
1786617000000,63628.01,63637.87,63586,63637.37,74.28159
1786617900000,63637.37,63651.2,63637.36,63651.19,33.04808
1786618800000,63651.2,63660.76,63613.96,63622.97,49.52165
1786619700000,63622.96,63632.48,63442.63,63442.64,130.90173
1786620600000,63442.63,63480,63350,63465.66,116.90072
1786621500000,63465.66,63502.4,63460,63484.3,58.31128
1786622400000,63484.31,63563.45,63450,63563.45,90.88127
1786623300000,63563.45,63590.01,63555.49,63582.11,41.08982
1786624200000,63582.11,63691.99,63468,63587.16,192.34156
1786625100000,63587.16,63710,63564,63697.76,60.16029
1786626000000,63697.76,63804.28,63697.76,63743.66,92.91005
1786626900000,63743.67,63743.67,63570.13,63607.68,109.31027
1786627800000,63607.68,63850,63566,63807.92,181.27888
1786628700000,63807.92,63845.83,63690,63724,178.36589
1786629600000,63723.99,63846.17,63686,63812.01,133.04478
1786630500000,63812,63884.07,63768.17,63810.47,160.56078
1786631400000,63810.47,63999,63772,63960,219.32522
1786632300000,63960,63968,63854.01,63859.45,156.45134
1786633200000,63859.46,63940.08,63819.19,63826.21,95.656
1786634100000,63826.2,63888,63590.8,63627.15,156.49995
1786635000000,63627.15,63752,63607.87,63727.29,71.46001
1786635900000,63727.29,63727.29,63420,63420.01,181.54272
1786636800000,63420.01,63509.4,63390.23,63464.29,234.00946
1786637700000,63464.29,63568.97,63323.34,63361.48,264.25526
1786638600000,63361.48,63438.29,62802.27,62996,951.80303
1786639500000,62995.99,63237,62930.74,63160.13,302.30406
1786640400000,63160.13,63160.14,63074.44,63129.78,198.89721
1786641300000,63129.78,63262,63104.68,63184.6,179.46675
1786642200000,63184.6,63264.26,63107.63,63244.7,152.2841
1786643100000,63244.7,63294.61,63144.37,63144.38,113.83588
1786644000000,63144.37,63288,63122,63209.63,74.9262
1786644900000,63209.64,63251.3,63120,63120.01,72.7355
1786645800000,63120.01,63200,63105.44,63200,78.88517
1786646700000,63200,63369.63,63184.39,63310,99.34494
1786647600000,63310,63519.39,63310,63406.17,142.659
1786648500000,63406.17,63428,63381.45,63418.24,73.21041
1786649400000,63418.25,63442,63388,63415.28,76.40809
1786650300000,63415.28,63466,63392.93,63407.99,56.87046
1786651200000,63408,63466,63368,63414.25,80.23356
1786652100000,63414.26,63459.78,63414.26,63453.32,55.4375
1786653000000,63453.31,63474.34,63408.9,63417.95,52.19995
1786653900000,63417.94,63417.95,63382.5,63415.55,51.8121
1786654800000,63415.56,63477.13,63390,63432.58,39.87423
1786655700000,63432.58,63455.68,63415.76,63455.59,43.10008
1786656600000,63455.59,63500,63449.46,63450.12,55.42543
1786657500000,63450.11,63474,63438.4,63474,49.9337
1786658400000,63474,63628,63473.99,63612.66,93.75293
1786659300000,63612.66,63640,63574,63619.99,66.78085
1786660200000,63620,63626,63554.97,63554.97,36.91412
1786661100000,63554.97,63560.46,63530,63530.01,29.52861
1786662000000,63530.01,63539.03,63450,63478.01,64.57693
1786662900000,63478,63488.88,63455.41,63479.52,76.1772
1786663800000,63479.51,63501.14,63448,63459.97,121.2049
1786664700000,63459.97,63495.57,63400,63490.86,135.85063
1786665600000,63490.86,63508,63421.64,63503.24,134.41493
1786666500000,63503.23,63552.99,63422.77,63444.34,76.78667
1786667400000,63444.34,63548.87,63410,63526.01,103.54218
1786668300000,63526.01,63552.99,63478.46,63541.45,63.05988
1786669200000,63541.45,63585.92,63482,63507.83,82.00556
1786670100000,63507.83,63566.27,63458,63486.09,81.79485
1786671000000,63486.09,63558,63468.07,63557.99,40.00075
1786671900000,63557.99,63585.01,63521.12,63575.86,107.11275
1786672800000,63575.86,63617.45,63502.34,63568.83,327.66299
1786673700000,63568.83,63582,63479.85,63487.54,67.67636
1786674600000,63487.55,63557.79,63487.54,63516.42,53.49822
1786675500000,63516.42,63559.76,63465.38,63465.39,40.55718
1786676400000,63465.39,63492.11,63418.74,63492.11,53.80073
1786677300000,63492.11,63576,63453.3,63464,77.18962
1786678200000,63464,63464.01,63357.34,63380.1,81.79477
1786679100000,63380.09,63380.1,63301.58,63310,84.05651
1786680000000,63310,63408.27,63276,63408.26,64.78443
1786680900000,63408.27,63472.5,63370.75,63423.5,280.12326
1786681800000,63423.49,63429,63383,63389.99,157.37453
1786682700000,63390,63397.99,63367.72,63372.56,28.37817
1786683600000,63372.56,63400.3,63332.73,63337.22,50.84911
1786684500000,63337.22,63356,63286.67,63322.65,67.08042
1786685400000,63322.64,63370.91,63306,63350.01,49.06989
1786686300000,63350.01,63395.81,63345.95,63379.83,34.71631
1786687200000,63379.83,63379.83,63294.52,63294.52,150.1424
1786688100000,63294.53,63299.6,63183.87,63183.87,122.98107
1786689000000,63183.88,63243.53,63174.04,63180.53,82.77298
1786689900000,63180.54,63207.78,62942,62974.14,271.83616
1786690800000,62974.14,63086.16,62952.17,63072,128.61582
1786691700000,63072,63110,63071.99,63103.18,100.60928
1786692600000,63103.18,63104.13,62965.9,63024.42,258.17048
1786693500000,63024.42,63024.42,62920,62920.78,242.8382
1786694400000,62920.78,62946.88,62900,62913.54,181.49299
1786695300000,62913.84,62997.83,62735.2,62781.17,382.31227
1786696200000,62781.17,62876.19,62700,62843.49,224.61963
1786697100000,62843.48,62942.58,62818.08,62940.01,104.05954
1786698000000,62940.01,62940.01,62856,62877.04,88.87721
1786698900000,62877.05,62912.32,62794.98,62794.98,176.40675
1786699800000,62794.99,62817.59,62744,62763.78,108.81967
1786700700000,62763.78,62841.37,62763.78,62792.75,127.04556
1786701600000,62792.75,62864.95,62739.98,62861.17,208.01337
1786702500000,62861.16,62919.99,62850.29,62888.45,115.56668
1786703400000,62888.45,62946,62858.04,62874.84,172.06127
1786704300000,62874.85,62893.54,62803.1,62814.14,102.90942
1786705200000,62814.14,62889.69,62814,62859.8,111.88136
1786706100000,62859.8,62920.84,62840.59,62894.78,132.10597
1786707000000,62894.79,62936.82,62842.62,62896.3,97.39458
1786707900000,62896.31,62930.52,62853.83,62868.83,103.54074
1786708800000,62868.83,62902,62764.18,62824.77,160.87788
1786709700000,62824.77,62891.99,62802.01,62891.99,110.16421
1786710600000,62891.99,62913.3,62761.96,62761.96,93.92921
1786711500000,62761.91,62811.79,62726.26,62741.69,121.54519
1786712400000,62741.68,62754.95,62605,62688.43,317.37351
1786713300000,62688.42,62796.18,62640.5,62782.56,174.65738
1786714200000,62782.56,62822.33,62612.01,62718.39,275.30501
1786715100000,62718.39,62750.61,62607.02,62668,220.45227
1786716000000,62668,62734,62600.33,62610,264.63218
1786716900000,62610,62707.23,62573.23,62673.25,214.54002
1786717800000,62673.26,62797.88,62658.77,62746.02,208.80932
1786718700000,62746.02,62784.86,62535.24,62620.01,310.25736
1786719600000,62620.01,62720,62612,62705.55,271.52611
1786720500000,62705.56,62855.32,62681.29,62855.32,139.53396
1786721400000,62855.32,63030,62792.01,63006.14,379.01364
1786722300000,63006.14,63089.18,62950.78,62990.95,198.02547
1786723200000,62990.94,63103.96,62966.86,63043.3,156.28021
1786724100000,63043.31,63166.48,63035.51,63118.52,149.77256
1786725000000,63118.51,63215.58,63096.68,63210.31,114.31204
1786725900000,63210.32,63210.32,63105.26,63133.48,145.85704
1786726800000,63133.49,63179.77,63116,63179.76,89.11308
1786727700000,63179.76,63247.05,63166.14,63202,148.76789
1786728600000,63202,63220,63075.72,63109.97,106.87441
1786729500000,63109.98,63127.16,63000,63013.69,109.3029
1786730400000,63013.7,63070,62958,63004,113.81893
1786731300000,63004,63088.21,63004,63037.82,78.00113
1786732200000,63037.81,63039.15,62948.03,62972.02,77.46779
1786733100000,62972.02,62974.53,62894.85,62930.01,98.48253
1786734000000,62930.01,62930.01,62852.34,62859.26,96.34406
1786734900000,62859.26,62936.49,62830,62929.1,102.13675
1786735800000,62929.1,62982.99,62888.91,62982.99,88.43663
1786736700000,62982.99,62996,62943.39,62968.05,108.06801
1786737600000,62968.06,63020.74,62964.78,62974.76,192.6101
1786738500000,62974.77,62987.44,62934,62949.74,77.02483
1786739400000,62949.73,62957.28,62912,62912.51,53.27144
1786740300000,62912.51,62937.22,62896.85,62907.59,36.53128
1786741200000,62907.59,62937.22,62898.58,62904,40.13328
1786742100000,62904.01,62922.53,62888,62892.71,39.06011
1786743000000,62892.71,62912,62873.25,62889.01,50.25102
1786743900000,62889.01,62928.49,62876.89,62928.49,50.20159
1786744800000,62928.49,62957.28,62833.33,62833.33,79.10094
1786745700000,62833.33,62840.16,62800,62823.99,62.08563
1786746600000,62823.99,62884,62823.99,62883.99,46.14339
1786747500000,62884,62895.99,62868.53,62886.88,39.24209
1786748400000,62886.87,62930,62884.35,62929.99,24.55807
1786749300000,62930,62956.81,62865.03,62948.11,156.81793
1786750200000,62948.11,63029.53,62905.99,63008.89,96.46606
1786751100000,63008.89,63066.13,63008.88,63043.56,51.24908
1786752000000,63043.56,63059.5,63008.01,63012.37,27.75528
1786752900000,63012.37,63033.41,63000,63010,82.49782
1786753800000,63010,63023.97,63000.67,63019.98,42.91884
1786754700000,63019.99,63031.81,62992.91,63019.88,55.47039
1786755600000,63019.89,63035.27,62993.57,63012.89,164.71868
1786756500000,63012.89,63037.92,62999.89,63034,149.22205
1786757400000,63034,63051.78,63015.7,63030,128.63789
1786758300000,63030.01,63045.14,63023.64,63045.13,42.6567
1786759200000,63045.14,63065.8,63035.95,63051.99,144.30663
1786760100000,63052,63118.41,63052,63102.57,50.70654
1786761000000,63102.58,63134.82,63102.57,63121.12,26.52992
1786761900000,63121.12,63134.41,63121.12,63134.41,22.0012
1786762800000,63134.41,63155,63134.4,63154,22.44777
1786763700000,63154,63187.98,63088,63091.75,38.19975
1786764600000,63091.75,63091.75,63046,63064.34,20.39171
1786765500000,63064.34,63075.03,63039.99,63051.25,103.42852
1786766400000,63051.25,63100,63051.25,63099.99,96.959
1786767300000,63099.99,63130,63099.99,63124.57,35.87925
1786768200000,63124.57,63151.64,63123.29,63151.64,20.15058
1786769100000,63151.64,63151.65,63122,63122,19.3136
1786770000000,63122.01,63149.54,63122,63149.54,12.76098
1786770900000,63149.54,63155.76,63124.53,63124.54,18.68543
1786771800000,63124.53,63124.54,63056.18,63075.07,28.51697
1786772700000,63075.07,63094.64,63039.99,63089,153.31714
1786773600000,63089,63095.32,63037.76,63037.76,78.21469
1786774500000,63037.77,63067.85,63027.89,63036.5,170.81733
1786775400000,63036.5,63069.29,63036.5,63069.29,27.06863
1786776300000,63069.29,63134.84,63069.28,63114.68,97.65253
1786777200000,63114.68,63134.83,63068,63134.83,315.12109
1786778100000,63134.83,63134.83,63069.83,63076.75,199.78956
1786779000000,63076.75,63099.48,63063.01,63079.93,80.75231
1786779900000,63079.92,63082,63042,63075.43,93.06878
1786780800000,63075.43,63085.8,63061.87,63061.88,68.90812
1786781700000,63061.87,63065.97,63052.7,63052.71,13.58386
1786782600000,63052.71,63052.72,63020,63020.01,18.33923
1786783500000,63020,63057.58,62933.71,62935.72,77.16524
1786784400000,62935.72,62960.27,62920,62956.64,38.15571
1786785300000,62956.64,62982.76,62956.63,62981.37,47.35874
1786786200000,62981.38,63029.15,62981.37,63026.61,57.81172
1786787100000,63026.62,63045.83,63026.61,63030.38,40.66754
1786788000000,63030.39,63033.25,63002.12,63018.81,19.28356
1786788900000,63018.81,63020,63018.8,63019.99,7.51988
1786789800000,63020,63044,63018.76,63035.99,23.29754
1786790700000,63036,63051.74,63027.12,63046.1,29.48013
1786791600000,63046.1,63046.11,63029.67,63030,48.88588
1786792500000,63030,63044.95,63030,63032.54,19.78777
1786793400000,63032.53,63047.78,63032.53,63047.77,13.77798
1786794300000,63047.78,63054.69,62996.85,63022.01,93.26028
1786795200000,63022.01,63022.01,62986.36,62986.37,30.46479
1786796100000,62986.36,62987.26,62984.73,62987.26,25.52752
1786797000000,62987.25,62987.26,62960.46,62960.47,16.27308
1786797900000,62960.46,63055.36,62946.58,63050.13,37.46863
1786798800000,63050.12,63080.88,63028.11,63073.14,43.66261
1786799700000,63073.14,63078.96,63036,63036.01,35.82211
1786800600000,63036,63049.6,63031.43,63031.43,20.19495
1786801500000,63031.44,63060.35,63031.43,63060.35,32.61713
1786802400000,63060.34,63060.35,63034.45,63055.01,66.46544
1786803300000,63055.01,63055.01,62996.77,63040,87.00855
1786804200000,63040.01,63040.08,63029.89,63040,32.59758
1786805100000,63040,63051.43,63040,63040,57.96594
1786806000000,63040.01,63045.7,63040,63040.01,42.26197
1786806900000,63040.01,63078.96,63032,63073.55,59.63124
1786807800000,63073.55,63120.09,63073.54,63115.59,93.13997
1786808700000,63115.59,63115.6,63100.55,63100.55,19.34244
1786809600000,63100.55,63100.56,63076,63083.03,78.76845
1786810500000,63083.03,63121.6,63066.73,63121.59,65.1944
1786811400000,63121.6,63124.99,63092.92,63096.6,40.92232
1786812300000,63096.6,63096.63,63095.56,63096.63,17.95455
1786813200000,63096.62,63096.63,63096.58,63096.59,17.1801
1786814100000,63096.58,63100.69,63066.21,63070.5,37.35476
1786815000000,63070.49,63070.5,63070.49,63070.49,27.9419
1786815900000,63070.49,63070.5,63070.48,63070.5,14.08737
1786816800000,63070.49,63115.58,63070,63097.16,58.21249
1786817700000,63097.15,63097.16,63050.05,63050.05,37.29877
1786818600000,63050.06,63050.06,63050.05,63050.06,13.34099
1786819500000,63050.05,63057.58,63044.37,63057.58,185.93861
1786820400000,63057.58,63090.98,63057.57,63086.6,243.59412
1786821300000,63086.61,63125,63086.6,63101.31,196.83582
1786822200000,63101.31,63127.4,63101.31,63115.58,62.69996
1786823100000,63115.58,63126.08,63115.57,63126.08,12.93281
1786824000000,63126.07,63126.08,63076.96,63078.62,21.02399
1786824900000,63078.62,63078.63,63078.62,63078.63,5.14323
1786825800000,63078.62,63081.17,63078.62,63081.17,15.94039
1786826700000,63081.17,63103.3,63081.16,63103.29,13.21145
1786827600000,63103.29,63104.57,63103.29,63104.56,11.1855
1786828500000,63104.55,63154.98,63104.55,63154.97,78.43261
1786829400000,63154.98,63168.17,63139.57,63168.17,46.55106
1786830300000,63168.17,63168.95,63155.07,63159.04,34.83035
1786831200000,63159.04,63165.53,63150,63150,14.79931
1786832100000,63150.01,63152.63,63135.52,63152.62,26.44492
1786833000000,63152.63,63159.33,63152.62,63158.8,31.25022
1786833900000,63158.81,63175,63135.52,63135.52,23.07487
1786834800000,63135.52,63139.96,63112.9,63134,35.56623
1786835700000,63134,63134,63112,63112,9.18353
1786836600000,63112.01,63112.01,63100,63102.75,21.50924
1786837500000,63102.76,63104,63086,63086.01,19.07137
1786838400000,63086.01,63086.01,63067.47,63071.74,21.9339
1786839300000,63071.75,63071.75,63071.74,63071.75,5.93546
1786840200000,63071.74,63071.75,63061.47,63070,24.59993
1786841100000,63070,63085.82,63069.99,63085.82,42.10443
1786842000000,63085.81,63085.82,63052.25,63052.25,22.46885
1786842900000,63052.26,63078.75,63052.25,63059.68,31.4945
1786843800000,63059.67,63066.94,63012,63066.94,52.43347
1786844700000,63066.94,63084.78,63054.68,63084.78,74.15875
1786845600000,63084.78,63084.78,63024.22,63024.22,24.72363
1786846500000,63024.23,63120.99,63024.22,63115.01,52.33053
1786847400000,63115,63151.59,63115,63151.58,118.21354
1786848300000,63151.58,63151.59,63115.6,63121.91,50.08127
1786849200000,63121.92,63125,63121.91,63122.98,29.26607
1786850100000,63122.99,63122.99,63115.61,63119.99,16.99735
1786851000000,63120,63124.04,63119.99,63124.03,17.44781
1786851900000,63124.03,63130.01,63120.93,63130,42.23651
1786852800000,63130.01,63134.73,63130,63134.72,22.34752
1786853700000,63134.73,63158.8,63134.72,63153.56,36.63995
1786854600000,63153.55,63153.56,63116.89,63116.9,28.24184
1786855500000,63116.89,63124.43,63090,63090.01,43.09183
1786856400000,63090,63094,63074.27,63093.99,21.95178
1786857300000,63093.99,63094,63070,63070.01,15.47598
1786858200000,63070,63075,63051.99,63053.27,65.85266
1786859100000,63053.27,63070,63040,63069.43,131.84015
1786860000000,63069.43,63078.41,63043.21,63044,89.80545
1786860900000,63044,63072.32,63043.99,63072.32,111.37584
1786861800000,63072.31,63072.32,63057.03,63058.48,55.22753
1786862700000,63058.49,63083.79,63058.48,63069.31,23.90967
1786863600000,63069.32,63069.32,63054.34,63054.34,18.5635
1786864500000,63054.35,63061.03,63054.34,63061.02,48.5776
1786865400000,63061.03,63063.03,63061.02,63061.03,54.69352
1786866300000,63061.03,63061.03,63061.02,63061.02,25.10536
1786867200000,63061.03,63064.11,63061.02,63064.1,34.86408
1786868100000,63064.1,63079.76,63064.1,63079.76,38.74631
1786869000000,63079.76,63079.76,63071.71,63072.42,17.94344
1786869900000,63072.43,63072.43,63072.42,63072.42,17.36827
1786870800000,63072.43,63072.43,63072.42,63072.43,11.72887
1786871700000,63072.42,63072.43,63072.42,63072.42,24.34903
1786872600000,63072.42,63072.43,63000,63000,131.9421
1786873500000,63000,63008.69,62968.45,62992.69,122.91169
1786874400000,62992.68,62992.69,62968.45,62987.79,71.80564
1786875300000,62987.78,63013.62,62987.78,63013.62,30.58505
1786876200000,63013.62,63013.62,63008.56,63008.57,16.97563
1786877100000,63008.56,63008.57,63008.56,63008.57,13.92827
1786878000000,63008.56,63008.57,63006.54,63006.54,35.531
1786878900000,63006.55,63006.55,62981.93,62981.95,24.54324
1786879800000,62981.94,63003.5,62981.94,62999.63,56.10453
1786880700000,62999.64,63013.66,62983.97,63013.66,97.4383
1786881600000,63013.66,63025.42,63013.65,63025.39,19.40581
1786882500000,63025.4,63025.4,63025.35,63025.36,8.46539
1786883400000,63025.35,63025.36,62997.77,62997.77,22.70821
1786884300000,62997.77,63021.99,62997.77,63021.98,28.16371
1786885200000,63021.99,63063.34,63021.98,63063.34,42.55405
1786886100000,63063.34,63070,63058.02,63063,41.28661
1786887000000,63063,63070.05,63062.99,63067.01,17.85015
1786887900000,63067.02,63067.02,63060,63060.01,45.07117
1786888800000,63060.01,63063.05,63060,63063.04,32.52318
1786889700000,63063.05,63100.9,63063.04,63080.01,66.39491
1786890600000,63080.01,63100.9,63075.18,63100.89,42.42758
1786891500000,63100.89,63102.86,63100.89,63102.85,17.88906
1786892400000,63102.86,63120,63102.86,63110.25,44.04715
1786893300000,63110.26,63110.26,63110.25,63110.26,16.36346
1786894200000,63110.26,63140,63110.25,63114.02,60.63225
1786895100000,63114.01,63146.4,63114.01,63146.39,52.35054
1786896000000,63146.39,63212,63137.35,63207.99,96.40261
1786896900000,63207.99,63352.94,63206.96,63324.5,131.15937
1786897800000,63324.51,63390,63290,63290.01,91.84057
1786898700000,63290.01,63290.01,63205.32,63260.01,74.63933
1786899600000,63260,63276.61,63209.4,63219.99,58.68703
1786900500000,63220,63231.73,63185,63190,40.50121
1786901400000,63190,63190,63126,63126,62.17021
1786902300000,63126,63164,63120.22,63159.3,29.46122
1786903200000,63159.31,63166.39,63120,63140,48.56773
1786904100000,63139.99,63173.71,63139.99,63157.44,23.68634
1786905000000,63157.45,63157.45,63145.14,63145.14,11.67131
1786905900000,63145.15,63145.15,63140.05,63140.06,5.99633
1786906800000,63140.05,63190,63140.05,63182.01,54.65223
1786907700000,63182.01,63220,63182,63219.99,36.6818
1786908600000,63219.99,63230,63155.86,63157.91,45.9069
1786909500000,63157.91,63170.15,63100.89,63108.81,49.05077
1786910400000,63108.8,63140,63108.8,63135.97,21.82198
1786911300000,63135.96,63135.96,63094.58,63094.58,13.70413
1786912200000,63094.58,63110,63046,63071.58,49.15403
1786913100000,63071.57,63072.2,63027.6,63067.79,38.30368
1786914000000,63067.79,63067.8,63030,63057.99,32.52857
1786914900000,63058,63085.15,63031.41,63032,26.45061
1786915800000,63032,63041,62754,62939.59,203.93641
1786916700000,62939.59,62978,62886,62929.61,65.68424
1786917600000,62929.61,62931.68,62790.05,62922.44,147.01568
1786918500000,62922.45,62954,62834.39,62845.22,63.13432
1786919400000,62845.22,62845.23,62716,62790,157.47021
1786920300000,62790,62913.7,62742,62913.7,86.26719
1786921200000,62913.7,62993.77,62842.69,62842.7,93.42514
1786922100000,62842.69,62913.92,62830,62846,70.17925
1786923000000,62845.99,62898.13,62840,62898.12,40.84036
1786923900000,62898.13,62927.55,62880.98,62900,42.21573
1786924800000,62900,62932.87,62865,62909.53,51.99902
1786925700000,62909.53,62909.53,62760,62866.02,163.20151
1786926600000,62866.02,62956,62751.1,62947.84,192.21986
1786927500000,62947.84,62947.85,62846.57,62917.54,169.82237
1786928400000,62917.54,63192,62896,63054.68,233.84334
1786929300000,63054.68,63160,63028,63121.72,73.44745
1786930200000,63121.72,63246.91,63121.72,63214,115.93865
1786931100000,63214,63237.42,63116.11,63116.12,72.29075
1786932000000,63116.12,63133.45,63037.09,63082,63.18499
1786932900000,63082,63206.74,63049.36,63186.01,51.396
1786933800000,63186,63359.25,63136,63256.69,154.15126
1786934700000,63256.7,63500,63253.18,63403.34,191.07291
1786935600000,63403.33,63447.99,63366.9,63420,227.06431
1786936500000,63420,63420.16,63345.32,63355.51,40.67257
1786937400000,63355.51,63382,63339.78,63343,254.76703
1786938300000,63342.99,63520,63342.99,63429.21,115.15543
1786939200000,63429.21,63520,63429.21,63486.53,113.6919
1786940100000,63486.53,63524.41,63472,63518.01,144.20529
1786941000000,63518,63520,63473.2,63480,341.18364
1786941900000,63479.99,63580,63479.99,63532.44,115.11114
1786942800000,63532.43,63552.01,63449.03,63537.01,461.45651
1786943700000,63537,63594.76,63474.63,63482.65,234.50681
1786944600000,63482.66,63500,63446.59,63463.18,35.54248
1786945500000,63463.17,63523.25,63460.96,63520.18,39.20039
1786946400000,63520.18,63616,63477.95,63574.03,105.55479
1786947300000,63574.03,63589.72,63560.7,63583.01,42.59385
1786948200000,63583,63604.8,63566.41,63600.14,54.78229
1786949100000,63600.14,63717.17,63600.14,63667.99,109.76094
1786950000000,63668,63668,63566.73,63584.65,78.05496
1786950900000,63584.66,63596.92,63534.63,63596.91,180.57448
1786951800000,63596.91,63596.92,63538.5,63538.5,93.40062
1786952700000,63538.5,63557.7,63500,63514.45,344.38918
1786953600000,63514.45,63545.08,63422.58,63433.77,228.70996
1786954500000,63433.77,63450.61,63405,63418.22,128.45102
1786955400000,63418.23,63435.08,63377.75,63377.75,86.28751
1786956300000,63377.75,63408.01,63350,63380.84,76.91645
1786957200000,63380.83,63423.3,63380.83,63423.29,52.99252
1786958100000,63423.29,63428,63334.37,63381.58,72.7675
1786959000000,63381.57,63381.58,63310,63310.11,108.40268
1786959900000,63310.11,63323.99,63295,63323.96,77.10656
1786960800000,63323.97,63338.3,63300.25,63336.9,98.38687
1786961700000,63336.91,63448,63304,63447.99,99.00081
1786962600000,63448,63646.68,63448,63639.99,238.34354
1786963500000,63640,63694.26,63600.06,63692.21,247.26979
1786964400000,63692.2,63705.46,63634.97,63664.5,123.32312
1786965300000,63664.5,63694.18,63636.87,63660,107.08227
1786966200000,63660,63693,63659.99,63692.99,42.05012
1786967100000,63692.99,63781.69,63587.05,63631.1,155.82467
1786968000000,63631.11,63680,63589.59,63662.95,110.28618
1786968900000,63662.95,63663.82,63533.06,63579.57,127.65054
1786969800000,63579.58,63644,63534,63569.71,68.1434
1786970700000,63569.71,63628,63548.07,63554.69,99.57991
1786971600000,63554.7,63578,63509.82,63566.01,79.2501
1786972500000,63566.01,63566.01,63444.17,63499.05,90.30107
1786973400000,63499.05,63799.64,63481.06,63655.83,258.50859
1786974300000,63655.84,63730,63596,63672.36,157.23603
1786975200000,63672.37,63730,63588,63699.42,148.45467
1786976100000,63699.43,63740,63592,63623.66,140.9461
1786977000000,63623.65,63704,63594,63625.04,102.18889
1786977900000,63625.04,63904.76,63616,63902.63,191.882
1786978800000,63902.63,63990,63864,63869.03,374.05596
1786979700000,63869.02,64115.96,63812.35,64044.83,402.26767
1786980600000,64044.83,64120,63988,64083.07,293.45965
1786981500000,64083.07,64227.27,64080.45,64200,286.36022
1786982400000,64200,64216.42,64060.87,64078.03,203.83136
1786983300000,64078.02,64145.99,64058,64097.07,174.68183
1786984200000,64097.08,64174,64080,64084,194.31425
1786985100000,64084.01,64138.62,64076.1,64115.76,99.01682
1786986000000,64115.76,64116,63984,63984,105.40307
1786986900000,63984,64425,63979.3,64207.27,545.05051
1786987800000,64207.28,64284.82,64066,64224.53,424.21167
1786988700000,64224.54,64343.61,64224.53,64325.99,344.31785
1786989600000,64325.99,64383.68,64280.49,64376.55,224.20352
1786990500000,64376.54,64610.01,64372.37,64487.44,492.97233
1786991400000,64487.64,64513.85,64398,64461.56,147.25966
1786992300000,64461.55,64490,64413.03,64428.87,176.01724
1786993200000,64428.88,64428.88,64320,64332.01,154.22372
1786994100000,64332.01,64417.66,64331.28,64404,124.65675
1786995000000,64404.01,64414.78,64340.67,64368.8,90.13096
1786995900000,64368.8,64373.99,64288.35,64309.96,83.67731
1786996800000,64309.95,64309.96,64266,64309.19,65.48855
1786997700000,64309.19,64434,64293.54,64416.09,84.36662
1786998600000,64416.1,64416.1,64354,64393.27,40.05333
1786999500000,64393.27,64409.15,64332,64392.73,54.22951
1787000400000,64392.72,64434.76,64364.73,64373.11,72.92368
1787001300000,64373.11,64409.41,64328.24,64329.18,32.69366
1787002200000,64329.18,64377.92,64296,64338,75.52135
1787003100000,64338.01,64392,64338,64382.02,37.00779
1787004000000,64382.02,64416,64310,64310,78.29845
1787004900000,64310,64340,64288.91,64295.45,140.60905
1787005800000,64295.44,64340,64283.49,64310.1,67.01822
1787006700000,64310.1,64319.86,64290.35,64291.25,35.69661
1787007600000,64291.26,64372,64288.24,64365.22,42.63266
1787008500000,64365.23,64486.8,64365.22,64486.79,88.83296
1787009400000,64486.8,64563.1,64460.95,64481.82,111.61059
1787010300000,64481.83,64578,64476.42,64532.1,106.97216
1787011200000,64532.11,64568.46,64420,64440.01,117.94267
1787012100000,64440,64501.83,64440,64457.49,64.16126
1787013000000,64457.49,64457.5,64388,64397.06,64.53168
1787013900000,64397.06,64398,64367.27,64383.71,86.26749
1787014800000,64383.72,64387.71,64296.97,64347.78,135.22668
1787015700000,64347.79,64360,64305.39,64325.92,71.35506
1787016600000,64325.92,64345.4,64243.58,64284,91.67237
1787017500000,64284.01,64284.01,64156,64200.06,80.23126
1787018400000,64200.06,64272,64191.1,64192.01,85.25658
1787019300000,64192,64204,64157.68,64157.69,110.17256
1787020200000,64157.68,64204.82,64128,64128.57,94.58969
1787021100000,64128.57,64136,64048,64103.22,152.32981
1787022000000,64103.22,64132.47,64088.67,64088.67,66.51481
1787022900000,64088.68,64144,64088.68,64112,190.54824
1787023800000,64112,64180,64047.73,64179.99,204.92708
1787024700000,64179.99,64195.45,64146,64185.01,115.504
1787025600000,64185,64185.01,64090,64148,410.77421
1787026500000,64148,64155.74,64124.2,64155.73,55.85577
1787027400000,64155.74,64250.69,64155.73,64216.9,211.36728
1787028300000,64216.9,64226.19,64188,64210.32,61.25648
1787029200000,64210.33,64276,64181.47,64225.01,583.532
1787030100000,64225.01,64255.01,64199.99,64254.46,187.42159
1787031000000,64254.46,64259.01,64140,64256.12,257.20035
1787031900000,64256.13,64263.01,64200.08,64242.76,295.75418
1787032800000,64242.76,64279.93,64170,64230,204.88001
1787033700000,64229.99,64355.39,64229.99,64339.11,146.7714
1787034600000,64339.11,64446,64339.11,64430.66,111.83743
1787035500000,64430.67,64440.01,64272.86,64318.03,231.27686
1787036400000,64318.03,64342.33,64282.9,64338.82,80.36646
1787037300000,64338.82,64350,64280,64280,54.94625
1787038200000,64280,64280,64236,64248.46,119.50373
1787039100000,64248.46,64248.47,64164,64198.97,139.23883
1787040000000,64198.97,64210.01,64087.98,64156,137.81046
1787040900000,64156,64238.55,64155.99,64210.86,64.03056
1787041800000,64210.87,64336,64206.57,64286.81,111.76457
1787042700000,64286.82,64296.07,64244,64296.02,88.80115
1787043600000,64296.01,64296.01,64233.39,64246.25,82.41834
1787044500000,64246.25,64246.25,64150.35,64164.01,57.2374
1787045400000,64164.01,64183.03,64140,64150,72.55313
1787046300000,64150,64185.48,64140,64171.95,57.29006
1787047200000,64171.95,64203.82,64136.39,64153.32,50.02524
1787048100000,64153.32,64176,64123.42,64159.66,77.11009
1787049000000,64159.65,64216,64159.65,64188.19,41.41741
1787049900000,64188.19,64210.01,64185.23,64202.8,51.19977
1787050800000,64202.81,64338.93,64192.42,64323.56,117.22042
1787051700000,64323.56,64375.4,64323.56,64374.03,81.54978
1787052600000,64374.03,64392,64344.17,64385.2,57.29018
1787053500000,64385.2,64402.35,64340.51,64351.19,54.46621
1787054400000,64351.18,64355.64,64284.52,64296.62,52.85566
1787055300000,64296.62,64330.06,64284.92,64298.01,37.54207
1787056200000,64298.01,64305.55,64254,64254.01,93.51293
1787057100000,64254,64254,64218.45,64230.02,53.03427
1787058000000,64230.02,64230.02,64164.84,64196.01,79.63928
1787058900000,64196.02,64196.02,64061.96,64073.72,178.52288
1787059800000,64073.72,64250.03,64027.85,64192.82,660.82357
1787060700000,64192.81,64284,64124.39,64219.99,260.80152
1787061600000,64219.99,64379.3,64219.99,64261.76,158.79387
1787062500000,64261.76,65052.39,64259.62,64995.07,913.32628
1787063400000,64995.08,65058.81,64740,64786,479.12716
1787064300000,64786.01,64846.83,64668.92,64714.16,206.06728
1787065200000,64714.16,64808,64652,64743.78,138.76769
1787066100000,64743.79,64837.45,64722,64807.43,128.61147
1787067000000,64807.43,64875.02,64798.26,64820.36,126.95891
1787067900000,64820.37,64888,64800.1,64855.06,118.83656
1787068800000,64855.06,64891.81,64744,64750,101.18823
1787069700000,64750.01,64750.26,64696.83,64704,68.36418
1787070600000,64704,64818,64675.5,64781.04,133.73348
1787071500000,64781.03,64870.89,64780.33,64840,115.785
1787072400000,64840,64840.01,64770.2,64798.82,120.70907
1787073300000,64798.83,64822.33,64751.93,64822.33,101.20421
1787074200000,64822.32,64825.99,64714,64725.4,123.34882
1787075100000,64725.4,64728.55,64670.02,64670.02,54.92567
1787076000000,64670.02,64734.99,64656,64734.34,68.868
1787076900000,64734.34,64806,64727.99,64799.74,50.19907
1787077800000,64799.75,64822,64760,64760.01,53.51354
1787078700000,64760,64800,64753.52,64772,46.80899
1787079600000,64771.99,64772,64716,64719.31,42.19589
1787080500000,64719.31,64796,64705.89,64779.62,35.4703
1787081400000,64779.62,64779.63,64676,64676,47.05733
1787082300000,64676,64683.41,64642.36,64643.26,60.37502
1787083200000,64643.27,64654.87,64592,64653.35,52.99588
1787084100000,64653.35,64653.35,64614.1,64614.1,34.02827
1787085000000,64614.11,64647.99,64601.05,64611.04,32.49577
1787085900000,64611.04,64617.64,64568,64582.39,72.40089
1787086800000,64582.38,64653.97,64582.38,64624.38,32.75072
1787087700000,64624.38,64624.38,64607.68,64624.38,53.14028
1787088600000,64624.38,64624.38,64571.48,64583.37,56.53466
1787089500000,64583.37,64612.46,64577.32,64604.58,45.24659
1787090400000,64604.58,64608,64568.77,64571.96,44.43234
1787091300000,64571.96,64604,64562.25,64592.13,42.92879
1787092200000,64592.14,64648,64592.13,64637.69,52.74342
1787093100000,64637.7,64637.7,64601.8,64634,59.98967
1787094000000,64634,64710.75,64631.15,64696.25,84.70299
1787094900000,64696.25,64732,64696.24,64722.81,27.25081
1787095800000,64722.81,64775.43,64722.8,64773.35,42.58166
1787096700000,64773.34,64780,64725.41,64725.42,59.32334
1787097600000,64725.42,64736.27,64582.97,64582.97,82.41993
1787098500000,64582.97,64668,64548,64603.79,63.2309
1787099400000,64603.79,64654.1,64549,64563.1,41.53524
1787100300000,64563.1,64581.41,64488,64488,60.61911
1787101200000,64488,64551.47,64436,64530,129.87277
1787102100000,64530,64530,64450,64487.16,73.7511
1787103000000,64487.16,64490,64396,64415.72,57.60006
1787103900000,64415.71,64440.56,64389.27,64400.48,53.05747
1787104800000,64400.47,64413.01,64360,64405.44,196.21797
1787105700000,64405.44,64413.86,64350,64389.71,159.54956
1787106600000,64389.71,64408.04,64373.92,64385.51,70.2364
1787107500000,64385.51,64414.65,64350.28,64351.9,121.93441
1787108400000,64351.86,64357.55,64278,64348.65,95.22193
1787109300000,64348.64,64414,64348.64,64361.78,81.99965
1787110200000,64361.77,64361.78,64330.1,64339.19,40.96658
1787111100000,64339.18,64370.36,64330,64330.71,40.51629
1787112000000,64330.7,64330.7,64293.43,64314.55,45.84923
1787112900000,64314.56,64391.8,64314.55,64359.27,39.42635
1787113800000,64359.28,64376.29,64330.69,64350,278.38048
1787114700000,64349.99,64371.97,64307.92,64316.22,38.41326
1787115600000,64316.22,64409.93,64316.21,64406.13,87.60761
1787116500000,64406.13,64406.14,64316,64360.6,60.09482
1787117400000,64360.6,64360.6,64316.12,64316.13,41.83895
1787118300000,64316.13,64317.16,64236,64236.01,68.7758
1787119200000,64236.01,64249.04,64166,64176.59,77.58705
1787120100000,64176.58,64303.46,64176.58,64277.52,82.01295
1787121000000,64277.53,64293.8,64261.99,64270,139.04819
1787121900000,64270,64344,64259.99,64339.8,232.74689
1787122800000,64339.8,64394.74,64271.78,64363.57,382.78272
1787123700000,64363.57,64366,64306.73,64342.58,125.9602
1787124600000,64342.59,64395.78,64340,64364.31,72.99845
1787125500000,64364.31,64374,64296,64296,48.92249
1787126400000,64296.01,64325.93,64262,64262,121.55118
1787127300000,64262.01,64288,64255,64288,66.65552
1787128200000,64288,64510.95,64287.99,64450.12,133.20136
1787129100000,64450.12,64473.58,64413.95,64413.95,59.82358
1787130000000,64413.95,64470.66,64391.64,64391.64,99.4826
1787130900000,64391.64,64416,64374,64382.99,52.65552
1787131800000,64383,64395.61,64360.7,64365.09,48.91948
1787132700000,64365.1,64427.07,64365.09,64427.06,27.1375
1787133600000,64427.07,64427.07,64377.51,64389.96,41.23528
1787134500000,64389.96,64398.07,64373.24,64397.02,35.2196
1787135400000,64397.02,64422.17,64381.25,64409.75,122.62513
1787136300000,64409.75,64456.71,64397.9,64456.71,63.7687
1787137200000,64456.71,64539.05,64454.99,64506.88,108.10321
1787138100000,64506.87,64526.71,64480.35,64506.78,66.717
1787139000000,64506.78,64523.86,64461.54,64471.2,53.76498
1787139900000,64471.2,64527.23,64471.19,64515.63,57.43709
1787140800000,64515.62,64515.63,64474.86,64505.8,41.60567
1787141700000,64505.81,64505.81,64488.63,64493.52,25.32499
1787142600000,64493.53,64947.49,64481.59,64943.45,429.08273
1787143500000,64943.42,64988,64826.35,64882.15,289.08512
1787144400000,64882.15,64990.1,64793.29,64920.53,223.61563
1787145300000,64920.54,65035.8,64918.43,65005.36,225.23277
1787146200000,65005.37,65217.86,64808,65044.01,728.49717
1787147100000,65044.01,65180,64986.22,65012.12,442.1217
1787148000000,65012.12,65440,65012.11,65407.43,628.20672
1787148900000,65407.43,65473,65322.17,65410.89,408.29931
1787149800000,65410.89,65505.48,65350,65456.96,422.81654
1787150700000,65456.97,65970,65446,65923.21,906.24536
1787151600000,65923.21,66799.66,65892,66654,1528.05429
1787152500000,66654,69500,66583.22,68291.89,4033.64668
1787153400000,68292.16,68865.82,67718.27,68679.98,2600.2645
1787154300000,68679.62,68686.34,68234.19,68554,1100.90418
1787155200000,68554,68997,68525.45,68565.53,684.45052
1787156100000,68565.54,68921.42,68565.53,68892.66,486.12812
1787157000000,68892.66,68892.67,68551.16,68589.64,311.19437
1787157900000,68589.64,68704.14,68416.36,68465.27,531.81217
1787158800000,68465.26,68546.22,68224,68242.39,619.64715
1787159700000,68242.38,68314.85,67836.01,68005.9,496.54541
1787160600000,68005.91,68052.06,67825.03,68045.35,324.30335
1787161500000,68045.35,68261.4,68044.78,68197.29,267.96894
1787162400000,68197.3,68250.76,68042,68193.4,246.05026
1787163300000,68193.4,68320.75,68177.96,68279.63,124.6609
1787164200000,68279.63,68434,68225.29,68431.41,130.37511
1787165100000,68431.42,68453.43,68322,68395.99,124.92661
1787166000000,68396,68453.86,68103.71,68122.01,222.24135
1787166900000,68122.01,68392,68122,68181.99,164.41515
1787167800000,68181.99,68417.81,68130,68399.99,207.45144
1787168700000,68399.99,68483.52,68367.33,68429.44,136.41602
1787169600000,68429.44,68706.71,68390,68683.99,227.04515
1787170500000,68683.99,68813.46,68556,68702.02,183.22786
1787171400000,68702.01,68799.63,68647.1,68671.35,123.77445
1787172300000,68671.35,69579.99,68624,69048.06,885.18803
1787173200000,69048.06,69910.37,68984.78,69434,911.57982
1787174100000,69433.99,69760,69266,69639.28,295.39422
1787175000000,69639.28,69842.73,69384,69671.99,292.61584
1787175900000,69672,70000,69500,69709.46,602.93674
1787176800000,69709.47,69833.99,69304.35,69304.35,432.43422
1787177700000,69304.35,69405.52,69143.7,69144.01,238.99336
1787178600000,69144,69473.14,68980,69344.93,323.75288
1787179500000,69344.92,69344.93,69105.75,69258.9,245.47598
1787180400000,69258.9,69407.5,69213.39,69356.87,259.61375
1787181300000,69356.87,69453.88,69270,69369.06,218.79966
1787182200000,69369.07,69389.58,69239.54,69317.98,225.36199
1787183100000,69317.99,69334.79,69160,69334.79,127.04304
1787184000000,69334.78,69665.84,69314.01,69572.72,607.94031
1787184900000,69572.86,69793.21,69566,69629.96,257.87922
1787185800000,69629.95,69696,69480.99,69571.98,258.75873
1787186700000,69571.98,69715.17,69382,69420,267.93076
1787187600000,69420,69516,69289.09,69382.01,223.65435
1787188500000,69382,69440,69283.25,69330,190.00997
1787189400000,69329.99,69638,69294.07,69634,184.77283
1787190300000,69633.99,69894.5,69633.99,69721.92,265.80244
1787191200000,69721.92,69824,69572.03,69678,358.42978
1787192100000,69677.99,69700.58,69488,69510.01,197.47532
1787193000000,69510,69544,69320,69320.01,189.31287
1787193900000,69320.01,69366.17,69268,69301.27,184.37311
1787194800000,69301.27,69304.21,68902.22,68986.59,348.5335
1787195700000,68986.58,69197.63,68942,68966.07,205.56507
1787196600000,68966.08,69200,68966.07,69190.35,205.8544
1787197500000,69190.36,69340,69159.44,69195.64,181.82327
1787198400000,69195.64,69383.03,69166,69369.58,231.71253
1787199300000,69369.57,69403.32,69296.46,69359.93,166.32592
1787200200000,69359.93,69381.46,69234,69346,150.25368
1787201100000,69346.01,69599.01,69346.01,69492.01,164.06939
1787202000000,69492,69558.61,69465.08,69471.24,185.27721
1787202900000,69471.23,69668,69450.49,69592,214.50531
1787203800000,69592.01,69632.42,69520.4,69552.56,305.97425
1787204700000,69552.55,69552.56,69349.16,69406.54,555.71938
1787205600000,69406.53,69435.26,69350.49,69370.48,639.97047
1787206500000,69370.48,69694,69336.97,69600.09,327.28726
1787207400000,69600.09,69793.63,69600.08,69782.8,194.29143
1787208300000,69782.8,69927.97,69777.01,69851.99,184.92827
1787209200000,69851.99,70022,69758.04,69804,586.8579
1787210100000,69804,69804.01,69618.9,69692.43,136.59203
1787211000000,69692.43,69692.43,69506.91,69602.56,717.47854
1787211900000,69602.56,69816.45,69559.62,69816.45,666.21689
1787212800000,69816.45,71365.02,69772.36,71300.01,1518.34479
1787213700000,71300,71570.17,71019.67,71349.73,1175.22352
1787214600000,71349.73,71667.04,71180.74,71508.62,746.9236
1787215500000,71508.63,71826.26,71448.04,71592.1,733.35285
1787216400000,71592.11,71979.75,71500,71940.52,797.8242
1787217300000,71940.53,72067.46,71762,71828.74,1095.71539
1787218200000,71828.74,72053.83,71732.92,72000.01,469.8404
1787219100000,72000,72036,71678.66,71789.97,802.85326
1787220000000,71789.97,72172.72,71686.58,72145.86,880.14033
1787220900000,72145.86,72490,71975.13,72039.99,909.7412
1787221800000,72039.99,72048,71766,71809.78,355.50533
1787222700000,71809.79,71995.99,71809.79,71995.99,205.57774
1787223600000,71995.99,72147.54,71837.56,71983.99,399.01986
1787224500000,71983.99,72043.93,71872.08,71898.19,322.83743
1787225400000,71898.19,72322,71862.77,72154.01,407.44888
1787226300000,72154.01,72284.75,71820,71927.07,228.27862
1787227200000,71927.07,71983.06,71501,71792.11,509.42244
1787228100000,71792.11,71884.19,71690.36,71844.76,405.20636
1787229000000,71844.76,72015.42,71660,71686,363.83001
1787229900000,71686,71954,71502.94,71952.04,298.40521
1787230800000,71952.04,72108.8,71899.86,72052.85,352.88569
1787231700000,72052.85,72052.85,71847.74,71964.87,374.4334
1787232600000,71964.87,71964.87,71132,71672.93,1004.89423
1787233500000,71672.93,71843.65,71442.85,71691.99,419.69528
1787234400000,71692,71990.09,71615.98,71822.01,471.29797
1787235300000,71822.01,71828,71364.01,71450.16,385.83644
1787236200000,71450.16,71717.14,71416,71548,333.62241
1787237100000,71548,71830,71416,71826.85,250.28489
1787238000000,71826.85,72564.01,71789.01,72246.95,1040.66842
1787238900000,72246.94,72414,71978.53,72413.99,657.6912
1787239800000,72414,72830,72174.97,72247.34,737.5102
1787240700000,72247.35,72570,72170,72470.83,490.86538
1787241600000,72470.84,72508,72275.17,72308.97,411.85389
1787242500000,72308.97,72417.29,72205.88,72406.83,208.33965
1787243400000,72406.82,72693.21,72284,72630.89,305.99924
1787244300000,72630.89,72905,72517.22,72837.15,398.21108
1787245200000,72837.15,72876,72534.71,72692,455.54777
1787246100000,72692,72843.36,72566,72810,246.80448
1787247000000,72810.01,72859.13,72666,72762,276.56835
1787247900000,72761.99,72966,72716,72737.5,289.49891
1787248800000,72737.51,72810,72470,72617.78,283.07131
1787249700000,72617.78,72741.52,72488.09,72688,196.48731
1787250600000,72688.01,72700,72394,72501.42,303.19854
1787251500000,72501.43,72622,72418,72431.36,185.24946
1787252400000,72431.35,72508,72330,72484.61,196.78556
1787253300000,72484.61,72637.34,72476.74,72610,191.7649
1787254200000,72610.01,72774,72544.98,72719.54,216.20445
1787255100000,72719.53,72750.43,72588,72690.76,213.89593
1787256000000,72690.76,72786,72630.19,72695.87,188.458
1787256900000,72695.86,72919.44,72630,72830,169.47344
1787257800000,72830,73110.7,72706,72763.99,379.98598
1787258700000,72764,72792.36,72594,72671.75,133.7021
1787259600000,72671.76,72701.87,72557,72701.87,203.95865
1787260500000,72701.87,72848,72651.65,72655.45,126.09784
1787261400000,72655.45,72837.16,72655.44,72742,105.27348
1787262300000,72742,72776,72710,72741.81,66.54507
1787263200000,72741.81,72754.62,72498,72610,148.94183
1787264100000,72610.01,72827.74,72562,72792,102.96136
1787265000000,72791.99,72804,72678,72692.73,102.46679
1787265900000,72692.74,72878,72674,72676.22,165.89328
1787266800000,72676.23,72928,72664.56,72927.99,84.59787
1787267700000,72927.99,73400,72906,73212,495.57117
1787268600000,73212,73390.15,73073.57,73108.01,189.03299
1787269500000,73108.01,73155.37,72981.31,73025.15,161.59887
1787270400000,73027.02,73500,73027.02,73495.4,371.20282
1787271300000,73495.41,73899,73356,73716,742.71487
1787272200000,73716,73990,73530.85,73690.01,565.08119
1787273100000,73690,73850,73588.24,73708.02,240.94117
1787274000000,73707.82,73999,73668,73990.5,243.26233
1787274900000,73990.5,74866.66,73960,74726.77,1158.06313
1787275800000,74726.78,75045.2,74540.96,74744.04,667.52614
1787276700000,74744.05,75785.82,74701.95,75129.23,1104.47787
1787277600000,75129.23,75197.08,74681.88,74876.05,528.33092
1787278500000,74876.05,74991.7,74652.95,74970.92,485.00668
1787279400000,74970.92,75095.16,74574.81,74725.27,358.71417
1787280300000,74725.62,74730.62,74384.63,74439.74,344.10309
1787281200000,74439.75,74500,74247.46,74459.31,309.48666
1787282100000,74459.31,74645.08,74316.99,74609.12,229.07675
1787283000000,74609.12,74733.77,74442.83,74674.56,248.27201
1787283900000,74674.55,74882.24,74500,74510.77,252.9653
1787284800000,74510.77,74900,74510.77,74870.82,186.20671
1787285700000,74870.83,74950,74787.5,74818.07,179.034
1787286600000,74818.07,75000,74783.01,74958.93,201.21635
1787287500000,74958.92,75054.46,74926,75026,259.05979
1787288400000,75026,75365.23,74918.79,75325.98,264.4673
1787289300000,75325.99,75500,75053,75200.82,330.03678
1787290200000,75200.81,75386,75096.96,75277.51,259.67412
1787291100000,75277.52,75472.73,75214,75472.73,284.50405
1787292000000,75472.73,75524,75274.01,75289.6,325.99819
1787292900000,75289.61,75511.33,75104,75342.01,293.44141
1787293800000,75342,75753,75324,75394.97,500.75232
1787294700000,75394.98,75660.95,75300,75646.21,261.90881
1787295600000,75646.2,76013.5,75620,75969.99,538.07333
1787296500000,75970,76916.95,75931.79,76410.38,1284.8595
1787297400000,76410.37,76809.94,76300,76595.89,967.74655
1787298300000,76595.88,76640.06,76199.48,76308.65,984.88495
1787299200000,76308.66,77200,76235.76,76892.01,641.05435
1787300100000,76892.01,77426.83,76852.32,77240.33,745.23862
1787301000000,77240.33,77800,77179.06,77647.34,909.98033
1787301900000,77647.34,79500,77582,79258.03,2070.19976
1787302800000,79258.02,79363.79,77251,77883.87,2035.60607
1787303700000,77883.88,77945.9,77465.26,77711.09,798.52481
1787304600000,77711.1,78366.65,77626,78194.16,608.97158
1787305500000,78194.16,78367.89,77577.01,77910.71,723.97571
1787306400000,77910.71,78110,77621.8,78048.89,504.54403
1787307300000,78048.9,78250,77666.37,77928.54,572.09976
1787308200000,77928.54,77966.73,77625.01,77844.21,260.38773
1787309100000,77844.21,78000,77744,77810.02,267.15232
1787310000000,77810.01,77855.78,77338.65,77551.19,322.45954
1787310900000,77551.2,77675.09,77240,77419.01,480.48474
1787311800000,77419.01,77442.44,76411.38,76836.21,1000.5981
1787312700000,76836.21,77024,76516.57,76722.32,584.19808
1787313600000,76722.31,76999.99,76538,76912.29,844.65783
1787314500000,76912.29,76912.29,76640,76680.5,597.68716
1787315400000,76680.5,77437.99,76620.81,77428.01,817.28956
1787316300000,77428.01,77477.24,77121.45,77223.66,420.54198
1787317200000,77223.66,77397.83,77051.4,77194,259.28519
1787318100000,77194,77206.21,76846,77083.93,509.92131
1787319000000,77083.94,77325.51,76243.04,77308,724.50457
1787319900000,77308,77700,77116.59,77266.87,528.80199
1787320800000,77266.88,77266.88,76701,76764.01,547.01595
1787321700000,76764.01,77200,76552.74,77067.99,607.75596
1787322600000,77067.99,77235.95,76856.16,77143.99,381.37109
1787323500000,77143.99,77448.26,77124,77384.68,319.62073
1787324400000,77384.69,77794,77328,77703.03,395.07002
1787325300000,77703.04,77871.33,77524,77614.36,302.17575
1787326200000,77614.36,77749.39,77487.98,77503.54,244.3111
1787327100000,77503.54,77544,77170,77221.98,374.80888
1787328000000,77221.98,77310,76858.57,76858.57,321.27712
1787328900000,76858.57,77390.68,76784.81,77383.87,333.45206
1787329800000,77383.88,77416,77239.63,77362.04,345.85614
1787330700000,77362.04,77563.53,77318,77486.01,367.63441
1787331600000,77486.01,77722.12,77468.46,77561.3,312.30592
1787332500000,77561.3,77562,77189.95,77558.64,335.39507
1787333400000,77558.64,77650,77349.34,77395.48,303.95154
1787334300000,77395.49,77513.26,77324,77392.68,147.68603
1787335200000,77392.69,77550,77278.62,77326,272.17379
1787336100000,77326.01,77495.58,77266,77388,201.62072
1787337000000,77388,77462.3,76860.32,76945.99,360.87194
1787337900000,76946,77146,76643.72,77146,412.73053
1787338800000,77145.99,77195.76,76856.2,77145.46,286.43828
1787339700000,77145.47,77349.35,76973.72,77322.81,269.05439
1787340600000,77322.8,77360,77106.45,77174,261.49526
1787341500000,77173.99,77273.76,77014.32,77028.94,334.35006
1787342400000,77028.94,77321.98,76863.56,77275.02,296.44017
1787343300000,77275.03,77548.99,77275.03,77490,256.58164
1787344200000,77489.99,77545.77,77354,77474.01,206.61439
1787345100000,77474.01,77543.4,77316,77520.19,145.85388
1787346000000,77520.19,77814.99,77388,77690.01,218.24297
1787346900000,77690.01,78203.38,77588,78090,345.02528
1787347800000,78090,78500,78000,78240.71,454.08258
1787348700000,78240.72,78675.1,78233,78505.15,334.62891
1787349600000,78505.14,78760.68,78178.59,78749.86,371.22535
1787350500000,78749.85,78749.85,78349.99,78499.84,250.42802
1787351400000,78499.84,78582.15,78081.8,78514.01,229.55113
1787352300000,78514,78618,78238.85,78460.14,171.6176
1787353200000,78460.13,78618,78344,78550,214.83741
1787354100000,78550,78720,78360,78409.45,311.00882
1787355000000,78409.44,78507.99,78100.26,78389,165.1275
1787355900000,78389,78404,78136,78338.03,130.62291
1787356800000,78338.03,78500,77738,77909.02,292.53621
1787357700000,77909.02,78105.9,77864,77919.99,134.23396
1787358600000,77919.99,78059.99,77755.05,77832.85,160.72623
1787359500000,77832.84,77988,77683.37,77953.3,234.60975
1787360400000,77953.3,78197.99,77908,78110.7,135.43714
1787361300000,78110.71,78168.1,77902,78016,106.30246
1787362200000,78016,78234,77896.51,77923.91,219.43364
1787363100000,77923.9,78014,77816.66,77830.01,151.78719
1787364000000,77830.01,78113.89,77791.19,78058.01,145.94573
1787364900000,78058.01,78473.72,78048,78398,187.69134
1787365800000,78398,78519.99,78172,78510.26,313.21107
1787366700000,78510.25,78563.83,78320.92,78470,318.32079
1787367600000,78470,78696.25,78380,78394.21,207.46507
1787368500000,78394.21,78797.99,78372,78768.01,187.12876
1787369400000,78768.01,78828.15,78561.38,78647.58,180.24731
1787370300000,78647.57,78685.28,78394.01,78410.98,159.96196
1787371200000,78410.98,78466.86,78244.6,78397.05,168.81729
1787372100000,78397.06,78590.43,78207.61,78590.42,154.87258
1787373000000,78590.43,78818,78522,78660.9,226.64137
1787373900000,78660.89,78686,78456,78470,188.02181
1787374800000,78470,78584,76500,77336.61,1918.97923
1787375700000,77336.61,77549.52,76724.68,77305.15,1123.4272
1787376600000,77305.15,77571.29,76920.62,77175.88,522.45245
1787377500000,77175.88,77508.96,77074.31,77380.75,251.49312
1787378400000,77380.75,77454.18,77150.01,77181.07,187.66746
1787379300000,77181.07,77399.51,77181.07,77245.6,215.59003
1787380200000,77245.6,77572.16,76985.14,77394.6,260.97141
1787381100000,77394.61,77541.19,77383.45,77486.09,174.08369
1787382000000,77486.09,77669.28,77278,77375.3,225.19627
1787382900000,77375.3,77488.3,77220,77485.44,132.02587
1787383800000,77485.44,77506,77302,77418.24,156.90093
1787384700000,77418.24,77442,77274.4,77289.18,120.22646
1787385600000,77289.18,77435.34,77194,77424.28,182.9814
1787386500000,77424.28,77445.6,77115.33,77226,217.51144
1787387400000,77226.01,77322,77037.42,77297.52,298.13707
1787388300000,77297.52,77297.53,77117.11,77210.55,171.84618
1787389200000,77210.55,77376.05,77050,77376.04,334.30793
1787390100000,77376.05,77395.04,77176.46,77222.35,322.30648
1787391000000,77222.35,77261.81,77158,77203.45,110.31533
1787391900000,77203.45,77203.46,76851.25,77061.99,322.38014
1787392800000,77062,77088.92,76680,76714.41,265.71501
1787393700000,76714.42,76946,76533.87,76934.02,402.95067
1787394600000,76934.02,77177.49,76870,77167.17,145.47001
1787395500000,77167.18,77187.46,76884.85,76976,244.70005
1787396400000,76976.01,77062,76822,76863.56,148.87262
1787397300000,76863.56,76999.7,76772.05,76987.23,224.73768
1787398200000,76987.22,77190.22,76946.89,77175.01,201.80362
1787399100000,77175.02,77204.68,77061.81,77130.02,153.96611
1787400000000,77130.01,77284.21,77073.86,77242.62,133.82008
1787400900000,77242.63,77341.3,77199.72,77330.01,222.45132
1787401800000,77330.01,77344,77208.13,77344,80.82925
1787402700000,77344,77387.99,77258,77300.27,92.74347
1787403600000,77300.27,77310.29,77194.55,77225.91,78.88189
1787404500000,77225.92,77252,77126.03,77170.86,140.18881
1787405400000,77170.86,77185.99,77116,77150,107.76412
1787406300000,77149.99,77362.03,77149.99,77288.62,144.75258
1787407200000,77288.62,77305.14,76949.56,77030.01,169.45595
1787408100000,77030,77093.22,76957.82,77093.21,82.27323
1787409000000,77093.22,77163.53,76960,76960,160.31735
1787409900000,76960.01,77081.73,76930,77003.62,122.00359
1787410800000,77003.62,77086.56,76944.77,76944.77,109.90016
1787411700000,76944.77,77033.43,76880,76992.01,149.91735
1787412600000,76992,77100.77,76989.79,77060.01,78.3403
1787413500000,77060,77091.91,76922,76978.83,127.12981
1787414400000,76978.83,77066.25,76956.36,77053.38,123.41156
1787415300000,77053.39,77232,77046.8,77198,116.3976
1787416200000,77198,77460,77150.45,77395.88,164.44212
1787417100000,77395.87,77547.96,77288,77288.01,133.26931
1787418000000,77288.01,77334.86,77240,77275.02,123.459
1787418900000,77275.03,77334.57,77066.66,77084.94,74.55717
1787419800000,77084.95,77220.75,77084.95,77220.74,59.4056
1787420700000,77220.74,77369.99,77220.73,77278.01,110.47094
1787421600000,77278.01,77360.92,77207.09,77240.25,84.19048
1787422500000,77240.24,77344,77240.24,77295.99,41.34705
1787423400000,77295.99,77320,77220.81,77227.9,59.95543
1787424300000,77227.9,77257.87,77138,77257.86,60.84085
1787425200000,77257.87,77337.72,77206.53,77329.77,84.65495
1787426100000,77329.78,77337.69,77254,77281.98,66.27528
1787427000000,77281.97,77422,77281.97,77422,45.47809
1787427900000,77422,77469.64,77410.07,77418.25,64.00821
1787428800000,77418.26,77467.53,77366.02,77412.25,69.68961
1787429700000,77412.25,77428.1,77298.15,77298.15,118.99388
1787430600000,77298.16,77408,77258,77352.18,98.76031
1787431500000,77352.19,77374.62,77264.5,77311.69,64.24663
1787432400000,77311.69,77311.69,77026,77048,112.92012
1787433300000,77048.01,77206.8,77048.01,77183.47,60.96733
1787434200000,77183.46,77196.03,76924.28,77030.33,143.42423
1787435100000,77030.33,77030.33,76828.78,76856.01,155.23026
1787436000000,76856,77155.46,76772,77101.69,204.8443
1787436900000,77101.68,77154.01,77042.46,77048.2,172.94392
1787437800000,77048.21,77090.01,76876,77070.01,402.71159
1787438700000,77070.01,77148,76958.1,76997.76,153.48333
1787439600000,76997.77,77084.23,76946.46,76974.79,190.45579
1787440500000,76974.79,77021.57,76939.99,76939.99,90.71428
1787441400000,76940,77034,76900,77022.58,99.98829
1787442300000,77022.58,77126.53,77008,77074.93,61.79418
1787443200000,77074.94,77143.94,77042.91,77080.01,68.37339
1787444100000,77080.01,77250,77055.99,77227.91,62.58045
1787445000000,77227.91,77356,77227.9,77282.47,110.73133
1787445900000,77282.47,77359.53,77256,77302.65,180.96278
1787446800000,77302.65,77400,77172,77399.99,98.77653
1787447700000,77400,77400,77260,77268.09,44.60617
1787448600000,77268.09,77318.26,77169.08,77253.04,76.90853
1787449500000,77253.04,77329.42,77158,77190.29,95.64337
1787450400000,77190.29,77211.08,77050.01,77050.02,89.43611
1787451300000,77050.02,77125.02,77005.88,77114.47,59.30815
1787452200000,77114.48,77207.3,77114.47,77175.95,47.69068
1787453100000,77175.96,77232.55,77064.22,77079.46,76.01127
1787454000000,77079.46,77114,77002.39,77083.77,137.51506
1787454900000,77083.78,77136.78,76988,76988.01,90.91221
1787455800000,76988,76988.01,76837,76849.99,163.99909
1787456700000,76849.99,76985.01,76849.99,76927.87,149.61156
1787457600000,76927.87,77025.99,76706.45,77004.3,283.86959
1787458500000,77004.31,77036.58,76795.83,76961.8,137.07866
1787459400000,76961.81,76974,76812.16,76821.23,269.69933
1787460300000,76821.23,76823.4,76477.04,76602,451.66619
1787461200000,76602,76730.99,75810.01,75889.21,732.76335
1787462100000,75889.21,76315.2,75545.67,76228.07,798.08191
1787463000000,76228.07,76333.83,76100,76166.88,242.14191
1787463900000,76166.88,76247.08,76030,76053.37,248.53751
1787464800000,76053.38,76148,75872.89,76078.02,257.61426
1787465700000,76078.01,76302.4,76069.11,76226,238.85652
1787466600000,76226,76357.51,76176.79,76254.89,155.22348
1787467500000,76254.9,76270.76,76025.4,76096.95,136.75066
1787468400000,76096.96,76318,76029.46,76299.99,125.37174
1787469300000,76300,76345.31,76230,76230.01,89.54926
1787470200000,76230.01,76231.68,76051.17,76058.72,109.56055
1787471100000,76058.72,76148,75907.82,76007.13,173.93967
1787472000000,76007.12,76300,75952.09,76206.13,339.76423
1787472900000,76206.12,76299,76203.83,76236.35,150.90055
1787473800000,76236.35,76654.78,76236.34,76519.75,188.04451
1787474700000,76519.76,76612.39,76448.37,76486.49,94.78295
1787475600000,76486.49,76639.99,76470,76579.18,95.61709
1787476500000,76579.18,76605.32,76476.36,76556.01,67.55572
1787477400000,76556,76576.39,76467,76564.5,83.29315
1787478300000,76564.5,76640.21,76505.01,76549.98,99.9066
1787479200000,76549.99,76732.36,76542,76656.55,146.50038
1787480100000,76656.55,76923.52,76646,76757.53,180.40667
1787481000000,76757.53,76924.29,76749.27,76856.67,115.66324
1787481900000,76856.68,76877.19,76780.15,76790.35,91.14128
1787482800000,76790.35,76892,76744.94,76883.38,88.17952
1787483700000,76884.62,77314,76824,77170,343.54737
1787484600000,77169.99,77393.69,77132,77283.25,212.81195
1787485500000,77283.25,77400,77189.99,77311.02,140.28458
1787486400000,77311.02,77311.99,76975.63,77080.02,266.37054
1787487300000,77080.01,77127.72,77020,77047.83,55.79635
1787488200000,77047.84,77248,77047.83,77238.1,83.41733
1787489100000,77238.1,77260,77164,77206,41.01467
1787490000000,77206.01,77341.35,77192.21,77338.87,104.18005
1787490900000,77338.87,77765.8,77338.22,77438.77,572.23865
1787491800000,77439.65,77629,77350.72,77522,139.92363
1787492700000,77521.99,77564,77373.89,77487.62,139.58592
1787493600000,77487.62,77617.89,77330.4,77552.72,146.63117
1787494500000,77552.72,77640.58,77421.06,77452.55,154.64457
1787495400000,77452.54,77487.99,76802,77025.14,500.57743
1787496300000,77025.13,77315.01,77025.13,77186,213.83128
1787497200000,77186,77336.93,77070.01,77170,210.26403
1787498100000,77170,77244,76913.49,77199.99,190.77556
1787499000000,77200,77324.71,77144,77282.01,102.36913
1787499900000,77282.01,77282.01,77144,77156.13,58.75064
1787500800000,77156.14,77303.31,77156.13,77277.66,50.54341
1787501700000,77277.66,77328,77216.8,77327.99,83.25857
1787502600000,77328,77440.42,77318.05,77388,101.85386
1787503500000,77388,77475,77360,77429.88,67.58376
1787504400000,77429.87,77443.95,77148.2,77283.26,118.734
1787505300000,77283.26,77380,77196.18,77250,94.61673
1787506200000,77250,77314,77161.81,77245.05,72.43921
1787507100000,77245.05,77327.09,77176.41,77176.41,110.36993
1787508000000,77176.41,77411.07,77116,77353.94,352.09173
1787508900000,77353.95,77415.33,77275.18,77356.01,140.79873
1787509800000,77356.01,77369.91,77311.95,77345.51,105.92373
1787510700000,77345.51,77349.77,77261.16,77341.98,71.35775
1787511600000,77341.99,77411.03,77255.99,77322,145.12498
1787512500000,77322,77396.94,77300.83,77355.24,35.24449
1787513400000,77355.25,77445.11,77257.99,77443.86,55.41926
1787514300000,77443.86,77487.04,77329.27,77346.01,59.14985
1787515200000,77346,77346.01,77200.03,77272,58.313
1787516100000,77272,77410.43,77272,77387.19,36.98428
1787517000000,77387.2,77460,77385.99,77428.01,40.1296
1787517900000,77428,77434.89,77390.94,77401.6,34.55067
1787518800000,77401.59,77709.87,77401.59,77697.68,157.84314
1787519700000,77697.69,78052.85,77697.69,78024.18,352.48263
1787520600000,78024.18,78037.99,77545.84,77622,218.31165
1787521500000,77622,77864.26,77621.99,77833.23,132.9946
1787522400000,77833.23,77979,77579.99,77703.56,252.43257
1787523300000,77703.56,77808,77638,77668,116.80637
1787524200000,77668,77727.16,77600,77648.01,104.89507
1787525100000,77648.01,77704.79,77560.02,77598.88,113.23093
1787526000000,77598.87,77622.86,77290.22,77470.6,189.00253
1787526900000,77470.6,77670,77445.34,77667.51,132.43145
1787527800000,77667.51,77829.7,77400,77483.99,215.76545
1787528700000,77483.99,77793.85,77483.99,77734,124.00591
1787529600000,77734,77742,77514,77627.9,121.25196
1787530500000,77627.9,77643.88,77268,77432,179.93014
1787531400000,77432,77597.84,77219.34,77236.04,143.81917
1787532300000,77236.04,77679.51,77142.85,77679.5,185.62871
1787533200000,77679.51,77717.28,77439.28,77439.29,171.13024
1787534100000,77439.29,77464.29,77226.01,77246.01,175.49081
1787535000000,77246,77368,77178.06,77213.99,169.89612
1787535900000,77213.99,77264,76918,76922.1,336.95504
1787536800000,76922.11,77420,76883.61,77372,275.00206
1787537700000,77372,77509.05,77371.99,77447.93,143.80345
1787538600000,77447.93,77545.08,77404.83,77453.04,102.66971
1787539500000,77453.05,77528.52,77244.42,77478.69,210.96868
1787540400000,77478.7,77532.37,77204.87,77204.92,453.9609
1787541300000,77204.91,77273,77122.8,77122.81,320.50502
1787542200000,77122.8,77161.36,76964.01,76987.01,384.89385
1787543100000,76987.01,77152,76933,76933.02,288.13092
1787544000000,76933.02,77091.16,76933.02,77009.01,409.11099
1787544900000,77009,77247.12,77009,77208.45,180.32307
1787545800000,77208.45,77219.85,77050,77098.94,157.61547
1787546700000,77098.94,77122.01,76670.01,76897.44,444.31794
1787547600000,76897.44,77208.6,76844,77208.6,288.35771
1787548500000,77208.6,77226.93,76946.01,77055.03,214.64813
1787549400000,77055.02,77181.72,76842.72,77079.22,204.72069
1787550300000,77079.22,77177.33,76992.45,77149.4,176.79092
1787551200000,77149.39,77435.64,77071,77396.01,259.06439
1787552100000,77396.01,77470.23,77296.16,77360.91,210.81536
1787553000000,77360.91,77382.7,77232,77351.9,125.09503
1787553900000,77351.9,77525.09,77344.01,77464.33,151.00912
1787554800000,77464.33,77790.19,77464.31,77760,216.12682
1787555700000,77759.99,77760,77550,77593.27,113.24505
1787556600000,77593.27,77593.28,77344.06,77344.06,161.79667
1787557500000,77344.06,77425.34,77281.68,77307.15,190.16271
1787558400000,77307.14,77414.88,77206,77248.97,154.68689
1787559300000,77248.97,77248.97,76838,76923.67,440.19711
1787560200000,76923.67,77129.97,76913.99,77129.97,161.87624
1787561100000,77129.96,77145.07,77020.06,77041.47,164.7042
1787562000000,77041.46,77306.87,77028,77288.25,101.14968
1787562900000,77288.25,77420,77217,77418.79,186.92125
1787563800000,77418.79,77510.09,77399.82,77467.96,94.50293
1787564700000,77467.96,77602.8,77442.42,77554.08,140.43591
1787565600000,77554.08,77885.23,77542,77846.42,298.83626
1787566500000,77846.41,77946.34,77774.94,77858.35,304.38683
1787567400000,77858.36,78017,77696.03,77726.31,340.9882
1787568300000,77726.3,77827.79,77534.09,77617.22,168.87359
1787569200000,77617.23,77854,77450,77819.05,188.24215
1787570100000,77819.05,77896,77723.07,77835.23,148.21039
1787571000000,77835.22,78569.99,77822.41,78568.7,682.36585
1787571900000,78568.7,78600,78090.04,78443.65,305.64248
1787572800000,78443.65,78451.69,78110,78154,280.24732
1787573700000,78154,78517.27,77982,78460.01,334.43011
1787574600000,78460,78882,78380,78729.26,496.75662
1787575500000,78729.25,79326.48,78724,79159.99,747.40946
1787576400000,79159.98,79450,78961.76,79223.01,650.25462
1787577300000,79223.02,79238.53,78885.73,79023.99,787.78498
1787578200000,79024,79049.36,78210,78288.4,1179.09017
1787579100000,78288.4,78622,77851.9,78597.99,683.45431
1787580000000,78597.99,79243.72,78597.99,79202.01,694.83802
1787580900000,79202,79651.59,78883.01,79391.73,1126.98451
1787581800000,79391.72,79841.12,79337.16,79662.16,952.99676
1787582700000,79662.16,79773.77,79279.5,79510.92,455.32404
1787583600000,79510.93,79733.58,79364,79548.83,346.57904
1787584500000,79548.82,79989,79528,79895.88,734.61397
1787585400000,79895.87,80000,79016,79298.3,1557.46923
1787586300000,79298.3,79552.09,78824.78,79100.01,1027.51341
1787587200000,79100.01,79539.27,79100.01,79488,593.23382
1787588100000,79488.01,79877.87,79486,79668,402.15339
1787589000000,79668,79771.91,79368,79371.01,236.78287
1787589900000,79371.01,79389.97,78901.1,79047.6,645.11834
1787590800000,79047.61,79198,78601.44,79103.97,705.83822
1787591700000,79103.96,79173.92,78468.61,78546,499.52494
1787592600000,78546,78851.25,78485.13,78635.96,265.61372
1787593500000,78635.97,78825.99,78561.98,78761.14,166.95314
1787594400000,78761.14,79018,78746.9,79012,230.45854
1787595300000,79012,79077.4,78933.86,79013.99,195.16603
1787596200000,79014,79084.22,78718.01,78968,200.36386
1787597100000,78968,79080,78862,78928.35,157.8426
1787598000000,78928.35,79118.42,78783.11,79030,270.02111
1787598900000,79030,79045.99,78621.39,78875.95,235.76286
1787599800000,78875.95,78962.54,78766.53,78886,226.4747
1787600700000,78885.99,78892,78600,78758,330.80635
1787601600000,78757.99,78820,78560,78686.07,148.78476
1787602500000,78686.07,78792,78617.11,78695.56,77.96
1787603400000,78695.55,78996,78637.95,78904.54,132.10005
1787604300000,78904.53,78942.73,78824,78932.33,62.36486
1787605200000,78932.33,79044,78932.32,79027.19,65.28231
1787606100000,79027.19,79036,78853.43,78918,89.77017
1787607000000,78918,79023.72,78918,78982,65.63414
1787607900000,78982,79049.4,78922,78984.23,81.79003
1787608800000,78984.23,78988,78833.33,78870,100.07774
1787609700000,78870,78931.89,78753.43,78773.99,46.42852
1787610600000,78774,78926,78740.44,78772.01,132.15907
1787611500000,78772,78838,78692,78740,73.10493
1787612400000,78740,78822,78622.13,78740.44,203.91671
1787613300000,78740.44,78977.38,78739.99,78904,86.64923
1787614200000,78904.01,78999.82,78867.17,78956.01,106.23522
1787615100000,78956.01,79017.76,78823.03,78992.75,239.9183
1787616000000,78992.76,79083.49,78900.83,78963.99,268.44561
1787616900000,78963.99,78963.99,78715.63,78800.09,149.00254
1787617800000,78800.08,79372,78743.32,79372,268.53518
1787618700000,79372,79888,79336.91,79739.99,447.5113
1787619600000,79739.99,79985.41,79609.84,79648,283.28204
1787620500000,79648,79958.33,79478,79823.2,229.78106
1787621400000,79823.19,79920,79670.27,79700.01,338.00551
1787622300000,79700.01,79846,79512,79828,216.16558
1787623200000,79828,79930,79742,79867.99,351.07489
1787624100000,79868,81090,79826,81010.01,1883.65128
1787625000000,81010,81272.62,80776,80827.01,629.44568
1787625900000,80827.01,80866,80433.83,80649.63,450.73347
1787626800000,80649.62,80956,80590.67,80791.98,381.23825
1787627700000,80791.98,80820,80508.76,80636.69,367.34627
1787628600000,80636.69,80880.17,80544,80592,322.48114
1787629500000,80592,80674,80314.31,80488.01,288.4251
1787630400000,80488.01,80608,80266,80496.13,215.112
1787631300000,80496.13,80498.65,80233.62,80256,278.36729
1787632200000,80256,80391.14,80150,80237.25,233.25612
1787633100000,80237.25,80363.74,80214.18,80363.73,172.0767
1787634000000,80363.74,80577.62,80322,80554,203.95185
1787634900000,80554,80739.5,80486,80642,275.5649
1787635800000,80641.99,80821.53,80598,80708,132.95166
1787636700000,80708.01,80816.23,80640,80731.9,381.57151
1787637600000,80731.9,80860,80683.25,80852.19,245.62281
1787638500000,80852.19,80923.69,80747.66,80747.66,176.10134
1787639400000,80747.66,80748.14,80512.01,80532.34,186.77725
1787640300000,80532.35,80574.09,80420,80574.09,136.89741
1787641200000,80574.09,80819.67,80541.67,80718.01,188.94461
1787642100000,80718,80742.71,80606.31,80670.01,86.85876
1787643000000,80670,80697.79,80484,80513.18,186.44853
1787643900000,80513.17,80529.84,79369.17,79705.79,845.43193
1787644800000,79705.79,79975.67,79622,79926.08,226.85409
1787645700000,79926.07,80249,79926.07,80198.39,233.44235
1787646600000,80198.4,80228.93,79907.45,80111.99,169.00127
1787647500000,80111.99,80124,79840,79930.77,159.01788
1787648400000,79930.76,79952.06,79704.28,79844.01,440.00591
1787649300000,79844,79958,79776,79822,154.36889
1787650200000,79821.99,79940,79748,79748,140.64132
1787651100000,79748.01,79776,78888,79187.2,740.26898
1787652000000,79187.2,79342,78992,79313.99,240.55761
1787652900000,79314,79429.94,79219.96,79274.01,172.33016
1787653800000,79274,79327.77,79235.09,79320.74,175.76477
1787654700000,79320.75,79484.01,79306,79309.63,248.29414
1787655600000,79309.63,79396,79086.52,79100.89,148.42047
1787656500000,79100.9,79300.15,79064.89,79253.99,113.79207
1787657400000,79253.99,79463.59,79160.74,79160.74,168.30331
1787658300000,79160.75,79185.65,79044.18,79117.99,186.77847
1787659200000,79118,79171.88,78682,79080.82,360.97962
1787660100000,79080.83,79083.6,78640,78884,311.47025
1787661000000,78883.99,79000,78772,78933.31,160.7091
1787661900000,78933.32,79090.09,78898.59,78980,174.18173
1787662800000,78980.01,79078,78720,78812,191.28348
1787663700000,78812,78820,78571.62,78648.01,289.83801
1787664600000,78648,79222,78604.89,78646.01,620.7609
1787665500000,78646.01,78662,78120.74,78647.99,632.23981
1787666400000,78648,79050,78531.55,78995.3,323.27707
1787667300000,78995.31,79305.2,78909.15,79211.88,354.16214
1787668200000,79211.89,79386.94,79033.01,79167.53,286.64763
1787669100000,79167.52,79376,79158.36,79235.99,251.97844
1787670000000,79236,79360,79060.28,79107.28,197.55356
1787670900000,79108,79280,79020.04,79235.8,168.77698
1787671800000,79235.79,79475,79184,79400.54,265.29766
1787672700000,79400.53,79527.09,79263.09,79502.01,162.45442
1787673600000,79502.01,79563.71,79158.22,79168.98,253.59193
1787674500000,79168.99,79270,79067.72,79150,130.16079
1787675400000,79149.99,79357.99,79145.05,79228,135.27748
1787676300000,79228.01,79372.08,79092.1,79156.02,157.1485
1787677200000,79156.02,79156.02,78862,78966,223.00712
1787678100000,78966,79020,78752.06,78798,159.12643
1787679000000,78798,79184.15,78797.99,79139.91,230.38086
1787679900000,79139.92,79256.08,79139.92,79240.01,134.76762
1787680800000,79240.02,79380,79217.51,79317.55,140.35163
1787681700000,79317.56,79332.59,79237.18,79276.01,114.3689
1787682600000,79276,79276.01,79108,79172.02,91.33411
1787683500000,79172.02,79236.95,79048.44,79128,123.44618
1787684400000,79128.01,79190,79018,79161.49,171.99772
1787685300000,79161.49,79233.57,78909.28,78933.89,152.62226
1787686200000,78933.88,78946.42,78728.35,78746.72,192.11672
1787687100000,78746.72,78944.79,78737.56,78925.95,186.13203
1787688000000,78925.96,78976,78668.15,78881.98,158.56584
1787688900000,78881.99,78962,78768,78772.03,73.52896
1787689800000,78772.03,78788,78366,78465.99,201.49534
1787690700000,78466,78545.99,78165.27,78206.13,343.96082
1787691600000,78206.14,78298,77851,78285.99,453.49095
1787692500000,78286,78480,78208,78466.47,164.40781
1787693400000,78466.47,78654,78380.86,78584,112.88671
1787694300000,78583.99,78664,78542,78570,110.10336
1787695200000,78569.99,78944,78569.99,78932.43,193.89408
1787696100000,78932.43,79000,78606,78643.48,147.58633
1787697000000,78643.48,78866,78596,78780.01,105.12482
1787697900000,78780,78979.57,78777.17,78889.51,130.7331
1787698800000,78889.51,78977.49,78807.97,78952.92,201.3236
1787699700000,78952.91,78966.4,78630.29,78734.93,163.9243
1787700600000,78734.93,78796,78516.45,78591.66,82.04687
1787701500000,78591.66,78620.61,78396.88,78539.14,243.09871
1787702400000,78539.13,78625.99,78312,78356,227.6182
1787703300000,78356,78605.99,78338,78591.98,117.93252
1787704200000,78591.99,78668,78367.29,78390.63,140.1713
1787705100000,78390.62,78721.48,78369.36,78631.79,194.92836
1787706000000,78631.7,78902,78607.29,78746,199.34322
1787706900000,78745.99,78879.88,78693.29,78711.95,201.45964
1787707800000,78711.96,78960,78711.96,78872.34,116.95995
1787708700000,78872.35,78872.35,78764.2,78815.13,54.63493
1787709600000,78815.13,78879.08,78748.56,78782,72.69411
1787710500000,78782.01,79251.6,78762.08,79230.54,211.12038
1787711400000,79230.54,79243.86,79124,79148.2,131.91518
1787712300000,79148.2,79194.51,79044.01,79108,89.79838
1787713200000,79108.01,79184,79046,79046.01,94.31356
1787714100000,79046,79135.22,78993.72,79043.51,142.09959
1787715000000,79043.52,79120,78900,79060.66,119.07424
1787715900000,79060.66,79112.21,78950.91,79088.62,98.01892
1787716800000,79088.61,79200,78968.95,79039.5,184.91601
1787717700000,79039.51,79140,78980,79009.99,133.68197
1787718600000,79010,79050.08,78892.11,78965.1,74.12751
1787719500000,78965.1,78965.11,78790.68,78826,90.20878
1787720400000,78826,78952.46,78638,78902,133.96549
1787721300000,78902,79073.33,78752,79026.22,175.01513
1787722200000,79026.23,79143.62,78984.82,79120.1,107.59573
1787723100000,79120.09,79120.1,78956.83,79085.98,98.66054
1787724000000,79085.98,79206,78970,79008,132.08648
1787724900000,79008,79056,78817.42,78898.18,137.65398
1787725800000,78898.18,78962,78816,78935.64,97.54853
1787726700000,78935.64,78969.06,78866.37,78947.92,92.06871
1787727600000,78947.92,79096,78867,78987.75,124.53674
1787728500000,78987.75,79047.99,78900.92,78950,92.0694
1787729400000,78950,79050.5,78888.88,78997.46,151.39563
1787730300000,78997.46,79062,78920,78925.56,148.23941
1787731200000,78925.57,79119.37,78828,79044.01,140.80077
1787732100000,79044.01,79116.3,78914.16,78989.68,82.24641
1787733000000,78989.69,79022.44,78896.02,78998.98,349.81258
1787733900000,78998.97,79011.09,78600,78707.59,422.56717
1787734800000,78707.59,78877.02,78668.48,78775.3,112.59319
1787735700000,78775.31,78775.31,78387.12,78525.05,185.57217
1787736600000,78525.05,78592,78325,78327.12,115.70488
1787737500000,78327.11,78492,78244.83,78444.49,139.49797
1787738400000,78444.5,78474,78291.09,78430.46,87.94379
1787739300000,78430.46,78636,78424.4,78624.13,83.50303
1787740200000,78624.13,78808.15,78570.77,78722,106.18853
1787741100000,78722.01,78879.75,78700,78727.45,89.64846
1787742000000,78727.46,78782,78662.44,78709.31,57.66919
1787742900000,78709.31,78736.57,78617.75,78629.78,54.39677
1787743800000,78629.78,78629.78,78317,78482.41,203.13993
1787744700000,78482.4,78574,78380,78487.26,98.23504
1787745600000,78487.26,78562,78359.12,78400.01,120.19665
1787746500000,78400.01,78713.79,78288,78713.71,135.88262
1787747400000,78713.7,78713.7,77918.25,78265.99,593.60333
1787748300000,78265.99,78448,78206,78319.59,173.26665
1787749200000,78319.58,78444,77983.74,78120.67,279.79044
1787750100000,78120.68,78172.79,77913.19,78052.01,159.62405
1787751000000,78052.01,78495.03,78052,78492,275.51752
1787751900000,78491.99,78554,78116,78448.66,228.29086
1787752800000,78448.66,78603.41,78297.71,78456,196.63229
1787753700000,78455.99,78572,78202.86,78247.99,172.18107
1787754600000,78247.98,78278.02,77935,77979.87,228.73255
1787755500000,77979.86,78041.41,77774,77790.48,453.60104
1787756400000,77790.48,77957.98,77632.58,77836.99,281.12053
1787757300000,77836.99,78161.4,77732,78159.64,162.87616
1787758200000,78159.65,78167.26,77918,78035.7,140.17261
1787759100000,78035.7,78145.79,77974.86,78011.65,128.07189
1787760000000,78011.64,78159.99,77976.5,78077.51,88.92854
1787760900000,78077.51,78130.55,77984,78060.62,153.12294
1787761800000,78060.62,78145.2,77858,77873.99,151.84199
1787762700000,77874,78161.73,77874,77991.3,206.65439
1787763600000,77991.29,78128.91,77991.29,78128.91,73.84068
1787764500000,78128.9,78512.05,78128.9,78512.05,249.02495
1787765400000,78512.05,78603,78493.54,78514.76,157.62392
1787766300000,78514.77,78514.81,78368,78442.83,104.63369
1787767200000,78442.84,78650.26,78402.8,78562.52,107.1162
1787768100000,78562.52,78601.3,78442.16,78468,95.25291
1787769000000,78468,78490,78280.01,78296.62,76.61065
1787769900000,78296.62,78502.91,78293.82,78472.41,58.26513
1787770800000,78472.41,78514,78381.27,78381.98,100.01668
1787771700000,78381.98,78572,78292,78531.97,150.55103
1787772600000,78531.97,78551.65,78384.01,78436.56,101.90467
1787773500000,78436.57,78546,78436.56,78475.49,114.37896
1787774400000,78475.49,78521.7,78400,78420,67.00207
1787775300000,78420,78459.78,78200,78396.6,102.9255
1787776200000,78396.59,78433.86,78293.85,78404.9,81.74951
1787777100000,78404.9,78466.16,78388,78452.04,70.54718
1787778000000,78452.04,78800,78392.19,78794.28,156.82465
1787778900000,78794.28,78845.06,78707.99,78750,116.01176
1787779800000,78750.01,78840.01,78652.15,78714.99,107.12849
1787780700000,78714.99,78802.38,78669.61,78724.01,48.51949
1787781600000,78724,78871.15,78680,78782.98,332.22449
1787782500000,78782.97,78975.85,78763.47,78821.05,143.45808
1787783400000,78821.04,78821.04,78590,78687.67,109.69951
1787784300000,78687.66,78738,78554,78700,345.88005
1787785200000,78700,78752,78654,78708.74,65.38123
1787786100000,78708.73,78903.38,78670.7,78865.34,102.63883
1787787000000,78865.35,79058,78863.65,79049.99,214.22617
1787787900000,79050,79174.12,78999.83,79023.75,314.84187
1787788800000,79023.75,79028.49,78818,78837.5,101.34154
1787789700000,78837.5,78940,78819.88,78902,59.09525
1787790600000,78902,78907.77,78791.99,78897.99,258.33307
1787791500000,78897.99,78897.99,78690.01,78690.01,109.05739
1787792400000,78690.02,78778,78633.3,78667.63,119.01545
1787793300000,78667.63,78961.48,78546.13,78936.04,213.62255
1787794200000,78936.04,78979.76,78717.97,78717.98,86.5153
1787795100000,78717.97,79017.99,78708.01,78898.67,101.56415
1787796000000,78898.68,78978,78852,78884.26,67.70235
1787796900000,78884.27,78884.27,78727.42,78757.21,51.00218
1787797800000,78757.22,78800,78712,78736.64,39.65932
1787798700000,78736.64,78791.99,78704.62,78717.76,270.65796
1787799600000,78717.76,78778,78670,78677.34,130.96583
1787800500000,78677.34,78990,78643.23,78896.01,88.50233
1787801400000,78896,78926,78834.51,78876.5,79.02797
1787802300000,78876.51,78919.97,78775.44,78830.68,58.79466
1787803200000,78830.68,78888.69,78800,78862.47,39.57399
1787804100000,78862.46,78900,78785.05,78785.06,43.06633
1787805000000,78785.06,78814,78684.18,78813.99,51.91525
1787805900000,78814,78820,78708.95,78783.99,47.05835
1787806800000,78783.99,78784,78650,78650.01,56.4523
1787807700000,78650.01,78804,78629.75,78662.52,64.54783
1787808600000,78662.52,78800,78600,78715.87,89.74831
1787809500000,78715.88,78928,78707.95,78912.55,86.5801
1787810400000,78912.54,78912.55,78651.73,78677.77,88.66748
1787811300000,78677.77,78796,78604.78,78651.85,163.51639
1787812200000,78651.85,78794,78651.84,78750,95.68951
1787813100000,78749.99,78842.38,78749.99,78817.49,51.27665
1787814000000,78817.5,78861.46,78768.87,78832.42,34.37709
1787814900000,78832.41,78841.33,78754,78795.45,65.52024
1787815800000,78795.45,78877.93,78795.44,78838,93.58335
1787816700000,78838,79095.99,78838,79082.17,152.46048
1787817600000,79082.18,79875,79048,79635.93,804.26616
1787818500000,79635.94,79749.99,79442.55,79749.99,286.91577
1787819400000,79749.99,79995.85,79718,79917.32,280.68426
1787820300000,79917.32,80022,79700,79755.99,333.75598
1787821200000,79756,79884.54,79683.09,79877.28,178.95995
1787822100000,79877.27,80497.76,79787.58,80493.86,472.7806
1787823000000,80493.87,80520,80199.53,80253.57,215.94019
1787823900000,80253.57,80277,79919.6,79986,264.1991
1787824800000,79986,80158.15,79806.17,79932.76,167.98483
1787825700000,79932.76,80020,79342,79664.56,247.54901
1787826600000,79664.56,79676,79368.5,79609.1,158.28847
1787827500000,79609.11,79626,79496,79626,110.84944
1787828400000,79625.99,79754,79553.23,79754,105.76368
1787829300000,79753.99,79766.3,79496,79523.99,105.17836
1787830200000,79524,79562.38,79390,79438.51,192.92789
1787831100000,79438.5,79500,79172.65,79477.67,217.24453
1787832000000,79477.66,79555.98,79378,79498.01,175.07201
1787832900000,79498.01,79596,79394,79551,84.48899
1787833800000,79551,79551,79268.77,79273.63,140.42746
1787834700000,79273.62,79355.92,79266,79282.31,105.97672
1787835600000,79282.31,79377.99,79269.52,79362.46,151.22443
1787836500000,79362.5,79486,79300.14,79352.62,188.61732
1787837400000,79352.63,79364,79090.27,79236.23,395.42962
1787838300000,79236.24,79568,78920,79533.15,408.05051
1787839200000,79533.16,79799.99,79354.47,79457.22,364.40059
1787840100000,79457.23,79911.45,79395.29,79911.45,283.21208
1787841000000,79911.45,80388,79804,80365.08,460.86581
1787841900000,80365.09,80365.09,80004.47,80204.05,355.71332
1787842800000,80204.06,80799.91,80094,80677.08,534.18882
1787843700000,80677.09,80729.99,80397.23,80600,364.98004
1787844600000,80600,80608,80342.1,80491.78,306.54607
1787845500000,80491.78,80508.09,80299.14,80302.32,209.63471
1787846400000,80302.32,80536,80189.39,80408,269.17024
1787847300000,80408,80533.99,80392,80412,236.29069
1787848200000,80412,80624,80268,80572,254.58644
1787849100000,80572.01,80603.36,80350,80374,197.93321
1787850000000,80374,80662,80230,80623.72,227.3681
1787850900000,80623.71,80848.74,80593.58,80713.59,310.03487
1787851800000,80713.59,80806.76,80462,80484,335.66602
1787852700000,80484,80566.39,80432,80442.46,100.69176
1787853600000,80442.47,80442.47,79982.38,80076.76,222.03517
1787854500000,80076.76,80194,79749.7,79912,234.9064
1787855400000,79911.99,80014.81,79826.9,79964.07,112.45163
1787856300000,79964.06,80159.11,79910,80150.69,93.43224
1787857200000,80150.69,80294.11,80115.45,80163.26,95.67814
1787858100000,80163.26,80232,80042.41,80177.03,103.86491
1787859000000,80177.04,80226,79980,80007.6,149.80518
1787859900000,80007.61,80051.4,79886,79910.19,165.26029
1787860800000,79910.19,80051.68,79882.86,79957.2,99.89692
1787861700000,79957.21,80120,79952.01,79988.02,75.3055
1787862600000,79988.03,80051.75,79978,80020.02,34.06216
1787863500000,80020.01,80096,79966.05,80096,73.60795
1787864400000,80096,80155.99,80018,80097.55,105.73539
1787865300000,80097.55,80129.9,79992,80034.19,59.10351
1787866200000,80034.19,80126,79975.74,80023.99,62.91133
1787867100000,80024,80184,80008.01,80184,50.66519
1787868000000,80184,80321.04,80183.99,80250.1,75.18532
1787868900000,80250.11,80432.36,80204.33,80238.71,272.16209
1787869800000,80238.71,80289.61,80150,80284.04,102.40625
1787870700000,80284.03,80303.22,80218,80303.21,84.48707
1787871600000,80303.21,80312.86,80150,80167.03,125.28221
1787872500000,80167.02,80393.6,80134,80321.96,69.12175
1787873400000,80321.95,80327.04,80248,80262.06,55.94696
1787874300000,80262.06,80315.25,80192.08,80249.58,79.47439
1787875200000,80249.59,80270,80153.99,80216.59,117.43507
1787876100000,80216.59,80460.52,80216.58,80421.58,152.25704
1787877000000,80421.58,80500,80358.61,80418.23,98.84376
1787877900000,80418.22,80705.37,80349.1,80576,148.06109
1787878800000,80575.99,80876.04,80575.99,80754.45,188.50654
1787879700000,80754.45,81175.94,80692,81130.98,479.54479
1787880600000,81130.97,81478.87,80810.81,80844.03,576.32979
1787881500000,80844.03,80884,80434.15,80500.38,218.66977
1787882400000,80500.38,80500.38,80229.04,80235.83,241.17041
1787883300000,80235.83,80293.92,79917.88,79917.89,466.25028
1787884200000,79917.88,80153.48,79822.4,80037.99,253.15353
1787885100000,80038,80038,79723.02,79926.11,229.63087
1787886000000,79926.11,79974,79775.61,79876,116.47994
1787886900000,79876,80060.01,79874,79910,172.91101
1787887800000,79910.01,79991.32,79812,79814.57,130.49142
1787888700000,79814.56,79863.04,79778.66,79810.49,110.81216
1787889600000,79810.48,79844.69,79603.81,79844.69,224.54992
1787890500000,79844.68,79970.5,79816,79816.01,172.79041
1787891400000,79816,79840,79630.05,79705.26,75.84724
1787892300000,79705.26,79744.75,79617.74,79643.81,89.68035
1787893200000,79643.8,79720.87,79558.11,79634,126.85578
1787894100000,79634,79731.5,79574.38,79731.5,61.28888
1787895000000,79731.49,79861.46,79703.83,79806.23,54.97257
1787895900000,79806.23,79872.6,79647.64,79686,83.46381
1787896800000,79686,79903.26,79685.99,79903.26,110.93048
1787897700000,79903.26,79903.26,79800.45,79827.15,79.87914
1787898600000,79827.14,79874,79800,79861.98,66.2916
1787899500000,79861.99,79999,79861.98,79904.21,102.03108
1787900400000,79904.21,79904.21,79662.13,79687.62,109.62977
1787901300000,79687.62,79813.74,79678,79805.27,67.43658
1787902200000,79805.27,79805.28,79573.36,79578.15,397.07246
1787903100000,79578.15,79675.61,79575.27,79660,443.96761
1787904000000,79660,79840,79659.99,79738.52,113.65215
1787904900000,79738.51,79835.81,79738.51,79788.72,74.5468
1787905800000,79788.73,79819.45,79716.48,79716.48,176.15679
1787906700000,79716.48,79724.53,79480,79516.78,161.85222
1787907600000,79516.77,79516.78,79259.43,79382.86,219.2346
1787908500000,79382.86,79460.41,79377.33,79377.34,95.82538
1787909400000,79377.34,79445,79276,79277.82,133.24376
1787910300000,79277.81,79350,79273.78,79285.19,93.44069
1787911200000,79285.19,79308.01,79001.01,79220.48,280.12601
1787912100000,79220.49,79308.39,79152,79303.65,96.77274
1787913000000,79303.65,79373.39,79294.57,79328.76,64.56269
1787913900000,79328.75,79571.99,79316.17,79565.89,107.31007
1787914800000,79565.9,79720.36,79555.22,79694,111.16337
1787915700000,79694,79770.29,79650,79668.83,120.37439
1787916600000,79668.83,79745.2,79582.9,79626.03,108.32128
1787917500000,79626.03,79644.88,79560.12,79604.13,54.22033
1787918400000,79604.12,79672.77,79512.34,79535.73,77.32838
1787919300000,79535.73,79727.36,79526,79526,99.12629
1787920200000,79526,79532.52,79306.11,79416.88,144.62704
1787921100000,79416.88,79440,79356.07,79421.05,78.97146
1787922000000,79421.04,79477.67,79288,79371.28,82.21118
1787922900000,79371.28,79375.24,79070,79199.22,143.97492
1787923800000,79199.21,79356.08,79034.56,79088,199.38694
1787924700000,79087.99,79635.01,79072.56,79330.75,417.65166
1787925600000,79330.34,79706.64,78423.03,78626,1379.32754
1787926500000,78626,79030.9,78512,78946.08,461.39121
1787927400000,78946.07,79703.11,78848,79416.87,750.76635
1787928300000,79416.88,79599.26,79100,79542.44,338.64492
1787929200000,79542.44,79838.73,79290,79306.13,289.66389
1787930100000,79306.13,79512,79236.92,79334,143.85819
1787931000000,79334,79346,78774.42,78789.09,427.38201
1787931900000,78789.09,78908.97,78312.64,78331.13,394.11185
1787932800000,78331.13,78404,77816.57,77825.73,801.7568
1787933700000,77825.73,77856,76888,77530.5,1376.26539
1787934600000,77530.5,77965.6,77512,77800.03,498.52056
1787935500000,77800.03,77993.15,77778,77788.46,279.07363
1787936400000,77788.45,78000,77642.78,78000,299.95225
1787937300000,78000,78131.86,77832,77940.01,160.43253
1787938200000,77940.01,77997.4,77698,77783.58,120.88003
1787939100000,77783.58,77986,77783.57,77904,141.49533
1787940000000,77904,77935.5,77742,77744,89.12873
1787940900000,77744,77793.27,77500.01,77592,149.92578
1787941800000,77592.01,77621.61,77332.21,77408.13,206.02184
1787942700000,77408.14,77554,77270,77554,130.28724
1787943600000,77554,77742,77522,77678.18,139.48161
1787944500000,77678.17,77797.35,77633.28,77705.07,116.24536
1787945400000,77705.07,77708.48,77536.79,77536.79,91.80598
1787946300000,77536.79,77595.6,77376,77580.03,153.51905
1787947200000,77580.03,77609.83,77480,77562.7,107.12877
1787948100000,77562.71,77562.71,77406.41,77510.72,51.93373
1787949000000,77510.71,77510.71,77310.24,77402.01,59.6204
1787949900000,77402.01,77470,77346,77407.34,45.42436
1787950800000,77407.34,77437.74,77328.44,77405.15,47.0622
1787951700000,77405.15,77432,77325.37,77412.9,192.53376
1787952600000,77412.9,77537.33,77412.86,77476,53.91312
1787953500000,77476,77476,77255.69,77364,98.87807
1787954400000,77364,77454.5,77342,77448.8,58.87244
1787955300000,77448.8,77594.48,77403.33,77573,66.0696
1787956200000,77572.99,77746,77565.24,77738.72,83.61638
1787957100000,77738.73,77773.2,77686,77758.69,130.5841
1787958000000,77758.69,77807.18,77678.76,77774.76,324.25087
1787958900000,77774.76,77774.78,77666.45,77684.41,119.75423
1787959800000,77684.41,77720.07,77666.02,77696.07,88.15459
1787960700000,77696.07,77846.72,77640.74,77845.87,67.38548
1787961600000,77845.88,77895.94,77776,77818.24,76.24269
1787962500000,77818.24,77963.92,77818.24,77903.85,89.2265
1787963400000,77903.86,77903.86,77772.07,77788.72,62.00949
1787964300000,77788.72,77818.12,77722,77733.63,94.33111
1787965200000,77733.63,77733.63,77631.28,77637.65,81.7842
1787966100000,77637.65,77789.5,77637.65,77789.49,38.83826
1787967000000,77789.49,77832.67,77758.1,77828.38,45.41771
1787967900000,77828.39,77849.29,77759.14,77794.11,69.02951
1787968800000,77794.11,77829.72,77748,77748.01,43.99965
1787969700000,77748.01,77748.01,77584.53,77629.44,68.78965
1787970600000,77629.43,77677.78,77596,77618.04,178.1561
1787971500000,77618.04,77717.78,77618.04,77671.18,76.67539
1787972400000,77671.18,77731.43,77671.18,77680.96,50.68851
1787973300000,77680.97,77715.56,77634.81,77684.45,64.01002
1787974200000,77684.45,77707.09,77580.01,77622.73,64.82605
1787975100000,77622.72,77622.72,77507.16,77507.17,59.36729
1787976000000,77507.17,77597.2,77507.17,77583.76,45.766
1787976900000,77583.76,77615.13,77583.75,77602.46,37.92012
1787977800000,77602.46,77646.6,77590.27,77620.49,52.52952
1787978700000,77620.49,77678.67,77613.9,77648.91,93.69034
1787979600000,77648.91,77716.12,77624.81,77701.35,65.1655
1787980500000,77701.36,77702.6,77634.47,77660.01,38.74636
1787981400000,77660.01,77714,77634.71,77688.35,54.47363
1787982300000,77688.35,77694,77604.06,77632.53,36.93704
1787983200000,77632.52,77632.53,77478.61,77478.62,59.38446
1787984100000,77478.61,77516.78,77382.37,77409.86,97.87323
1787985000000,77409.86,77491.16,77409.86,77446.12,79.83301
1787985900000,77446.13,77475.84,77427.24,77466.82,67.93852
1787986800000,77466.83,77536.68,77438.01,77466.65,75.74597
1787987700000,77466.65,77530.6,77450.34,77524.73,88.38904
1787988600000,77524.73,77660.04,77514.41,77655.14,304.97792
1787989500000,77655.15,77672,77625.63,77626.01,464.78559
1787990400000,77626.01,77626.01,77487.73,77525.99,115.00495
1787991300000,77525.99,77593.06,77516.58,77589.75,54.35824
1787992200000,77589.76,77590.03,77514.04,77580,53.21745
1787993100000,77580,77634,77538,77633.99,59.09785
1787994000000,77634,77679.58,77566.01,77644,80.85817
1787994900000,77644,77664.28,77612.07,77626.5,34.98559
1787995800000,77626.49,77754.23,77626.49,77661.84,54.0561
1787996700000,77661.85,77674,77650.02,77650.03,42.62805
1787997600000,77650.02,77650.03,77526,77581.67,66.55137
1787998500000,77581.67,77720,77581.66,77671.51,61.42052
1787999400000,77671.5,77724.55,77671.47,77688.47,54.22283
1788000300000,77688.48,77732,77635.16,77635.17,45.96734
1788001200000,77635.17,77720,77627.03,77720,39.40644
1788002100000,77720,77724.99,77679.53,77700.01,45.9548
1788003000000,77700,77702,77643,77643.01,32.67134
1788003900000,77643,77668,77573.32,77584.67,151.57256
1788004800000,77584.66,77612,77567.49,77596.58,124.53415
1788005700000,77596.59,77657.99,77538,77584,71.61946
1788006600000,77583.99,77600,77506.63,77575.05,44.39541
1788007500000,77575.05,77596,77554,77583.74,75.82731
1788008400000,77583.74,77668,77559.45,77658.54,46.84398
1788009300000,77658.54,77722,77642.34,77659.14,63.73244
1788010200000,77659.14,77714,77640,77662,43.21944
1788011100000,77662.01,77720.96,77658,77704.32,41.78913
1788012000000,77704.32,77722,77663.83,77686.7,57.61062
1788012900000,77686.7,77756.4,77671.87,77694.52,59.23666
1788013800000,77694.52,78034.4,77687.38,77926.01,193.2252
1788014700000,77926,78150,77926,78014.37,146.34916
1788015600000,78014.37,78014.37,77857.93,77935.92,85.46461
1788016500000,77935.92,77989.8,77864,77903.95,115.58952
1788017400000,77903.84,77903.84,77811.04,77834.73,53.99614
1788018300000,77834.74,77936.85,77806.9,77865.36,59.82517
1788019200000,77865.36,77988,77858.29,77987.99,80.6378
1788020100000,77988,78130.43,77914,77946,98.15526
1788021000000,77946,78027.02,77894.01,78018,70.47238
1788021900000,78018,78099.99,78000,78027.17,81.21802
1788022800000,78027.17,78086.81,78019.65,78048.43,72.16354
1788023700000,78048.43,78100,77989.52,77990.77,30.09468
1788024600000,77990.78,78029.66,77896,78020,46.94221
1788025500000,78020,78100,77990.05,78100,60.90583
1788026400000,78099.99,78158,78069.31,78072.89,52.30475
1788027300000,78072.89,78099.4,78028.08,78053.27,45.2407
1788028200000,78053.27,78212.81,78018.02,78145.99,108.29144
1788029100000,78145.99,78250,78145.99,78158.01,47.09857
1788030000000,78158.01,78309.16,78158,78309.16,68.43371
1788030900000,78309.15,78330,78240.87,78240.9,57.19474
1788031800000,78240.9,78260.44,78193.59,78252.29,53.47439
1788032700000,78252.3,78260,78138.87,78182,52.24282
1788033600000,78181.99,78298,78170.72,78227.99,43.575
1788034500000,78227.99,78263.51,78182,78182.01,28.75615
1788035400000,78182,78182,78117.95,78137.64,39.94149
1788036300000,78137.63,78153.22,78117.95,78129.92,20.02024
1788037200000,78129.92,78188.65,78062,78154.91,64.66462
1788038100000,78154.92,78175.01,78102,78107.61,24.16801
1788039000000,78107.61,78119.53,78070,78098.96,20.87599
1788039900000,78098.97,78198,78098.54,78161.63,22.32889
1788040800000,78161.62,78220,78110,78137.37,143.42131
1788041700000,78137.38,78158,78086,78146.78,57.7543
1788042600000,78146.79,78184.92,78134.99,78180,78.16912
1788043500000,78180,78239.4,78179.99,78228.34,18.88343
1788044400000,78228.33,78250,78200.58,78241.68,27.05302
1788045300000,78241.67,78265.27,78190,78261.43,68.11325
1788046200000,78261.44,78283.7,78218.48,78218.49,137.70698
1788047100000,78218.49,78282.53,78218.49,78230,93.21955
1788048000000,78230,78238.22,78147.17,78177.5,53.68268
1788048900000,78177.5,78330,78177.49,78216.52,58.36094
1788049800000,78216.52,78299.79,78194.24,78209.3,42.56271
1788050700000,78209.29,78251.93,78179.85,78179.86,30.59591
1788051600000,78179.86,78190,78070,78072.01,56.19425
1788052500000,78072.01,78072.01,77995.81,78016.17,102.84265
1788053400000,78016.17,78069.97,77994.02,78061.66,48.65624
1788054300000,78061.65,78131.99,78044.9,78081.5,49.35957
1788055200000,78081.49,78129.98,78066.64,78086.33,32.46553
1788056100000,78086.32,78087.92,78018.06,78042.5,24.26685
1788057000000,78042.49,78121.9,78014.74,78102.45,26.1111
1788057900000,78102.45,78178.02,78090.57,78106.01,36.80118
1788058800000,78106,78127.85,78066.46,78084.93,40.91716
1788059700000,78084.93,78168,78065.99,78168,71.25263
1788060600000,78168,78233.7,78146.22,78190.43,65.57603
1788061500000,78190.44,78191.37,78144.68,78144.68,76.65871
1788062400000,78144.68,78220,78144.68,78157.21,45.15818
1788063300000,78157.22,78173.04,78093.01,78122.04,44.72811
1788064200000,78122.03,78122.04,78020.06,78021.62,83.58421
1788065100000,78021.63,78109.75,77990,78109.75,42.06376
1788066000000,78109.74,78214,78109.74,78146.01,74.89223
1788066900000,78146,78146.01,78136.78,78140,17.6756
1788067800000,78140,78140,78122,78126.23,32.68598
1788068700000,78126.23,78135.28,78121.81,78127.71,36.03932
1788069600000,78127.72,78146,78106.07,78123.32,32.5835
1788070500000,78123.33,78194,78123.32,78177.41,40.69926
1788071400000,78177.41,78298.59,78177.41,78245.91,69.21992
1788072300000,78245.91,78310.71,78233.67,78280.34,66.17754
1788073200000,78280.34,78291.27,78256,78256.01,22.05437
1788074100000,78256.01,78256.01,78230,78230,15.70499
1788075000000,78230.01,78230.01,78146,78146.01,46.62663
1788075900000,78146.01,78162,78118,78118,53.11951
1788076800000,78118,78195.57,78118,78148.07,53.19358
1788077700000,78148.06,78207.22,78148.06,78154.09,33.87079
1788078600000,78154.09,78154.1,78040,78062,32.28082
1788079500000,78061.99,78086,78034,78074.01,24.33075
1788080400000,78074.01,78100,78074.01,78100,14.66228
1788081300000,78099.99,78118.87,77986,77991.65,65.39114
1788082200000,77991.65,78052.76,77989.03,78035.03,53.33151
1788083100000,78035.02,78060,78000,78000.01,31.88302
1788084000000,78000.01,78072.01,77962.49,78017.51,51.50675
1788084900000,78017.51,78122.44,77998,78050,71.1085
1788085800000,78050.01,78122.12,78050,78112.5,28.06701
1788086700000,78112.51,78145.29,78112.5,78145.29,17.62288
1788087600000,78145.29,78198.26,78144.18,78167.75,27.46661
1788088500000,78167.76,78220,78153.18,78220,21.42599
1788089400000,78219.99,78242,78153.18,78190.9,56.63165
1788090300000,78190.9,78190.9,78117.11,78166,66.51669
1788091200000,78165.99,78725.98,78165.99,78660,303.95076
1788092100000,78660,78660,78496.69,78627.99,173.04102
1788093000000,78627.99,78850.81,78550,78658.01,205.99026
1788093900000,78658.01,78785.54,78590.04,78785.06,131.12778
1788094800000,78785.06,78826,78625.54,78633.85,143.06821
1788095700000,78633.86,78729.9,78590.14,78729.9,74.20527
1788096600000,78729.89,78821.59,78680,78790.92,82.2608
1788097500000,78790.93,78966.76,78790.92,78860,189.28592
1788098400000,78860.01,78945.94,78778,78929.01,169.19501
1788099300000,78929.02,78939.2,78800,78868.74,111.30926
1788100200000,78868.75,78935.71,78722,78761.96,88.16714
1788101100000,78761.96,78825.6,78724,78783.71,70.65836
1788102000000,78783.7,78876.11,78646.88,78665.63,215.69277
1788102900000,78665.64,78841.58,78626,78791.68,193.37325
1788103800000,78791.67,78860,78787.3,78859.99,67.3181
1788104700000,78860,78912.94,78790.79,78823.63,77.43696
1788105600000,78823.62,79187.5,78750,79124,218.18932
1788106500000,79124,79250,79012,79043.77,190.6572
1788107400000,79043.78,79266.85,79014.92,79204,114.53335
1788108300000,79204,79400,79144,79337.93,144.18401
1788109200000,79337.93,79337.93,79137.35,79178.49,108.46875
1788110100000,79178.49,79178.49,78774.85,78940.62,217.958
1788111000000,78940.61,79060,78882,79044.82,71.38907
1788111900000,79044.81,79080.01,78962.83,79021.02,62.91103
1788112800000,79021.02,79074,78776,78839.29,133.67586
1788113700000,78839.3,79009.61,78839.29,79009.61,42.20752
1788114600000,79009.61,79181.99,79009.61,79088.56,79.09085
1788115500000,79088.55,79088.56,79020,79036.69,38.80447
1788116400000,79036.68,79041.96,78942,79035.59,63.23976
1788117300000,79035.58,79038.09,78912.3,78917.24,53.96651
1788118200000,78917.24,78944,78778,78794,62.99281
1788119100000,78794,78871.46,78721.98,78856.39,51.9921
1788120000000,78856.39,78918.01,78838.02,78864.01,44.20898
1788120900000,78864.02,78931.49,78842,78842,34.77519
1788121800000,78842,78887.02,78438.23,78475.99,132.85143
1788122700000,78476,78742.31,78476,78597.33,82.3778
1788123600000,78597.32,78597.33,78229.82,78503.59,288.70229
1788124500000,78503.59,78667.87,78476,78644,62.94196
1788125400000,78644,78733.77,78602,78635.87,64.53251
1788126300000,78635.87,78690,78550.47,78653,45.23412
1788127200000,78653,78804,78530,78571.28,98.42671
1788128100000,78571.28,78571.28,78304.47,78382.11,116.00897
1788129000000,78382.11,78540,78280,78460.01,72.3353
1788129900000,78460,78508,78380,78422.01,103.65269
1788130800000,78422.01,78454,78311.6,78366.16,285.21214
1788131700000,78366.16,78404,77646.28,77678.09,484.47443
1788132600000,77678.1,77882.16,77350,77476.77,463.05852
1788133500000,77476.78,77734.61,77000,77682,567.68231
1788134400000,77682,77827.99,77436.4,77754.7,315.10082
1788135300000,77754.71,77971.47,77720.88,77901.33,148.64341
1788136200000,77901.34,78185.89,77892,78032.01,156.06934
1788137100000,78032.02,78034.01,77922,77937.04,91.62022
1788138000000,77937.03,77993.03,77565.08,77660.16,235.00852
1788138900000,77660.17,77851.41,77578,77775.26,103.48453
1788139800000,77775.27,77953.99,77654,77750,140.96556
1788140700000,77749.99,77854,77622,77640.94,87.80197
1788141600000,77640.93,78000,77526.01,77952.8,150.07212
1788142500000,77952.81,77954,77824,77875.05,193.19567
1788143400000,77875.05,77931.78,77716.41,77716.42,91.46011
1788144300000,77716.42,77764,77392,77473.99,138.67144
1788145200000,77474,77691.56,77394,77658.01,104.73812
1788146100000,77658,77756.5,77590.01,77731.11,60.11133
1788147000000,77731.1,77838,77676,77818.31,50.32444
1788147900000,77818.31,77872,77752,77756.71,63.75147
1788148800000,77756.7,77769.11,77572.25,77590.42,116.93962
1788149700000,77590.42,77604.28,77492.03,77514.01,149.62476
1788150600000,77514,77583.01,77458.83,77568,174.16676
1788151500000,77568,77651.86,77471.99,77622.28,109.29659
1788152400000,77622.29,77800,77514,77762,105.49547
1788153300000,77762,78156.78,77758.01,77998.84,190.45981
1788154200000,77998.83,78061.99,77872.66,77974.02,118.9279
1788155100000,77974.01,78062.88,77949.01,78016,97.03773
1788156000000,78016.01,78079.18,77864.16,78023.13,161.5845
1788156900000,78023.13,78122,77972,78007.99,256.74174
1788157800000,78007.99,78156.77,77924,78084,128.82149
1788158700000,78084.01,78123.8,78011.74,78093.87,420.87437
1788159600000,78093.88,78170,78034.01,78127.9,313.70595
1788160500000,78127.91,78322.56,78127.9,78213.01,139.13129
1788161400000,78213,78290,78128,78270.72,160.80892
1788162300000,78270.72,78289.86,78194,78196.01,102.38762
1788163200000,78196.01,78348.88,78048,78157.6,124.583
1788164100000,78157.59,78157.6,77982,78094,130.51146
1788165000000,78094,78464,78077.44,78324,234.71026
1788165900000,78323.99,78521.89,78320,78480.8,292.94074
1788166800000,78480.79,78802,78396.35,78652,263.976
1788167700000,78652.01,78799.78,78596.01,78652.06,158.97332
1788168600000,78652.07,78715.96,78597.21,78699.26,105.73606
1788169500000,78699.25,78800,78511.02,78511.03,96.08148
1788170400000,78511.03,78525.39,78316.91,78519.99,151.26074
1788171300000,78519.99,78520,78402,78438.16,67.84825
1788172200000,78438.16,78547.38,78376,78534.1,185.44502
1788173100000,78534.1,78732,78510.01,78710.01,172.16433
1788174000000,78710.02,78710.02,78567.1,78623.71,136.51081
1788174900000,78623.71,78640.01,78472,78480.08,109.79825
1788175800000,78480.09,78482.97,78356.43,78387.85,147.56948
1788176700000,78387.86,78419.86,78302,78315.43,88.47718
1788177600000,78315.43,78543.86,78276,78410.01,169.35561
1788178500000,78410,78482,78060,78092.01,219.404
1788179400000,78092,78158.2,77675.04,77885.56,268.8835
1788180300000,77885.55,77930.4,77776.48,77930.39,158.96947
1788181200000,77930.4,78200,77930.4,78086.55,183.2141
1788182100000,78086.55,78086.56,77892.52,78055.64,148.43832
1788183000000,78055.65,78282,77838,78000,368.76546
1788183900000,78000.01,78060,77716.75,77867.39,382.85372
1788184800000,77867.39,78072.65,77806,77902.01,251.702
1788185700000,77902.01,78080,77746.6,78030.08,237.26194
1788186600000,78030.08,78686.94,77970,78517.19,406.49581
1788187500000,78517.18,78657.51,78378,78600.14,473.20299
1788188400000,78601.93,78695.4,78317.46,78325.59,436.4835
1788189300000,78325.59,78543.56,78212.3,78462.94,251.28445
1788190200000,78462.94,78777.9,78408,78718,270.08015
1788191100000,78718.01,78770.51,78542,78580.42,161.80841
1788192000000,78580.43,78794.94,78530.45,78675.99,170.32251
1788192900000,78675.98,78752,78524,78647.2,146.22853
1788193800000,78647.2,78766,78581.45,78726,106.29431
1788194700000,78726,78884.48,78638,78639.57,153.41917
1788195600000,78639.57,78808,78616,78737.22,124.59099
1788196500000,78737.23,78743.52,78494,78534.26,116.89011
1788197400000,78534.25,79019.86,78534.25,78911.33,219.74356
1788198300000,78911.34,78960,78840.68,78897.36,143.47386
1788199200000,78897.35,78956.93,78779.24,78956.93,65.24546
1788200100000,78956.92,79087.38,78844.03,78908,128.92084
1788201000000,78908,79212,78885.59,79188.07,146.41553
1788201900000,79188.08,79188.08,78992.49,79016,132.93408
1788202800000,79016.01,79250,79016,79188.08,129.58231
1788203700000,79188.08,79188.08,79025,79090.01,88.35554
1788204600000,79090.01,79140,78930,78981.99,101.05777
1788205500000,78981.99,79100,78851.93,78898.06,104.46773
1788206400000,78898.06,78966,78864,78960.51,71.423
1788207300000,78960.51,79172,78923.07,78923.08,104.8067
1788208200000,78923.07,78950,78784.32,78883.68,85.91991
1788209100000,78883.69,78920.21,78832,78864.72,104.5338
1788210000000,78864.73,78890.87,78732.22,78838,126.84674
1788210900000,78838,78964,78817.01,78960.38,99.61326
1788211800000,78960.39,79066.32,78960.39,79054,90.19622
1788212700000,79054,79071.12,78958,78964.32,88.05491
1788213600000,78964.33,79015.83,78894,78894,88.89042
1788214500000,78894.01,78894.01,78746.56,78761.92,77.32197
1788215400000,78761.91,78769,78654.72,78665.36,90.74129
1788216300000,78665.37,78665.37,78579.3,78593.15,89.25945
1788217200000,78593.15,78593.16,78405.01,78457.56,122.65077
1788218100000,78457.57,78593.61,78457.56,78580.57,74.03735
1788219000000,78580.57,78586,78504.6,78559.41,100.29967
1788219900000,78559.42,78582,78550.3,78581.29,79.55486
1788220800000,78581.3,78796.51,78562,78754.74,140.45653
1788221700000,78754.73,78900.01,78742.42,78872.73,104.91977
1788222600000,78872.73,78891.93,78678,78707.98,148.33588
1788223500000,78707.97,78808,78584,78652,128.99695
1788224400000,78652,78797.99,78530,78545.83,132.92059
1788225300000,78545.83,78643.46,78412.7,78421.38,132.05394
1788226200000,78421.38,78585.01,78375.83,78575.99,95.39319
1788227100000,78575.99,78576,78388,78410.62,80.57658
1788228000000,78410.62,78410.62,78189.93,78293.99,151.81638
1788228900000,78293.99,78329.62,78200.01,78215.99,146.97069
1788229800000,78215.99,78407.28,78215.99,78362,124.45478
1788230700000,78362,78457.55,78340.91,78449.99,101.65308
1788231600000,78449.99,78500,78406.29,78430.86,72.28172
1788232500000,78430.86,78506.01,78400.18,78477.87,47.37197
1788233400000,78477.87,78874,78477.87,78792.91,238.94404
1788234300000,78792.9,78794,78670.95,78679.01,183.60867
1788235200000,78679.01,78800,78653.96,78672.6,151.42147
1788236100000,78672.6,78915.09,78672.59,78829.54,88.33907
1788237000000,78829.53,78853.45,78708.07,78720.01,56.12955
1788237900000,78720.01,78778,78683.88,78727.11,148.23639
1788238800000,78727.11,78970.82,78727.11,78858.76,113.88273
1788239700000,78858.76,79000,78792,78993.19,119.34966
1788240600000,78993.19,79177.18,78968.78,79167.51,179.65824
1788241500000,79167.5,79220.61,79091.96,79179.99,134.07258
1788242400000,79179.99,79179.99,78974,79030.64,124.99459
1788243300000,79030.64,79030.64,78821.67,78897.64,128.55557
1788244200000,78897.64,78950.34,78865.44,78878,107.14134
1788245100000,78878,78886.45,78745.38,78745.39,104.01386
1788246000000,78745.39,78806,78718.6,78724.46,75.05025
1788246900000,78724.46,78797.53,78707.42,78781.5,63.61578
1788247800000,78781.5,78796,78500,78622.71,198.08687
1788248700000,78622.71,78686,78594,78632.37,68.9601
1788249600000,78632.37,78658.01,78272.72,78309.99,171.25754
1788250500000,78309.99,78338.5,77870.5,77888,324.17691
1788251400000,77887.99,78052.64,77835.77,77979.87,269.13662
1788252300000,77979.87,78040,77820,77883.28,174.53958
1788253200000,77883.28,77928.22,77786.18,77827.28,183.15273
1788254100000,77827.27,77977.61,77804.07,77931.29,318.15478
1788255000000,77931.3,78062.24,77852.04,78062.24,280.24266
1788255900000,78062.23,78062.24,77910,77915,169.79228
1788256800000,77915,77999.16,77806,77881.88,112.17362
1788257700000,77881.88,78048,77758.69,78005.85,123.20551
1788258600000,78005.85,78196,78005.84,78136.01,117.29529
1788259500000,78136.01,78174.29,77987.49,78029.67,71.26713
1788260400000,78029.67,78054,77922.79,77989.14,82.89195
1788261300000,77989.14,78023.86,77890,78009.12,76.49378
1788262200000,78009.12,78202.52,77958,78106.55,100.76482
1788263100000,78106.54,78198.65,78056.72,78098.97,77.29677
1788264000000,78098.96,78156,77954,78031.99,98.38269
1788264900000,78032,78100.96,77913.86,77994.01,95.84924
1788265800000,77994,77994.01,77742.01,77970.53,164.38534
1788266700000,77970.52,78074.68,77928.48,78004,115.83899
1788267600000,78004.01,78016.01,77515.07,77818.91,334.39022
1788268500000,77818.9,77897.69,77732,77888.39,140.97532
1788269400000,77888.39,78038.8,77510,77924,511.48744
1788270300000,77924.01,78202,77858.43,78071.99,298.35956
1788271200000,78072,78420,78052,78269.11,268.81167
1788272100000,78269.1,78411.8,78147.16,78262.15,239.63457
1788273000000,78262.14,78405,78232.36,78399.99,135.37944
1788273900000,78400,78424,78144,78167.99,156.73015
1788274800000,78168,78169.69,77727.61,77826.25,259.32068
1788275700000,77826.24,77886,77762.11,77869.21,103.55405
1788276600000,77869.22,78023.12,77811.73,78018.45,114.22075
1788277500000,78018.44,78104,77918.96,77919.06,83.0106
1788278400000,77919.07,77976,77647.45,77668.9,120.8652
1788279300000,77668.89,77746.61,77468,77623.13,228.95048
1788280200000,77623.12,77623.13,77318,77443.01,256.86125
1788281100000,77443.01,77652,77430.57,77596.01,85.5614
1788282000000,77596.01,77652,77504.73,77523.04,80.70164
1788282900000,77523.04,77620,77416.83,77513.92,129.20444
1788283800000,77513.93,77721.26,77508.33,77520,99.63392
1788284700000,77520,77520.01,77241.12,77265.79,175.22204
1788285600000,77265.79,77319.64,77141.09,77224.15,163.19856
1788286500000,77224.16,77248,76737,77057.21,530.27758
1788287400000,77057.21,77122,76577,76577.01,438.69675
1788288300000,76577,77157.52,76420,77153.9,353.72546
1788289200000,77153.89,77306.22,77112,77204.16,152.46941
1788290100000,77204.16,77466.55,77138,77362.45,121.34963
1788291000000,77362.45,77385.53,77298,77309.79,95.00819
1788291900000,77309.79,77332,77200,77312,76.21545
1788292800000,77312,77425.99,77236.48,77425.99,85.66131
1788293700000,77425.99,77469.87,77325.12,77400,74.84068
1788294600000,77400,77471.9,77340.36,77386.72,57.86059
1788295500000,77386.72,77469.01,77349.66,77448.45,48.01369
1788296400000,77448.46,77516.3,77068.24,77114.44,139.41036
1788297300000,77114.43,77268,76920.36,77188.68,142.77815
1788298200000,77188.69,77225.73,77035.12,77146.1,90.12781
1788299100000,77146.1,77272.72,77135,77211.32,42.67078
1788300000000,77211.32,77312,77188,77295.35,58.30387
1788300900000,77295.35,77295.35,77072,77072,88.3188
1788301800000,77072.01,77189.23,77030,77151.43,95.55764
1788302700000,77151.44,77364.01,77151.43,77274.02,93.11813
1788303600000,77274.02,77320,77218,77262.01,53.46458
1788304500000,77262,77396.84,77262,77396.84,59.97528
1788305400000,77396.83,77591.82,77383.99,77537.5,94.49212
1788306300000,77537.5,77638.18,77418,77439,133.66881
1788307200000,77439.01,77512,77358,77397.03,124.66593
1788308100000,77397.02,77462,77255.86,77262.9,72.75931
1788309000000,77262.91,77338.22,77132,77229.31,98.56312
1788309900000,77229.31,77273.41,77182.79,77213.25,56.52883
1788310800000,77213.24,77372,77154.37,77351.46,130.59503
1788311700000,77351.46,77351.46,77150,77150,148.7651
1788312600000,77150.01,77188,76848,76886.93,156.90703
1788313500000,76886.93,77044,76718.48,77020.68,225.32995
1788314400000,77020.67,77210,76948.97,77088.4,145.95603
1788315300000,77088.39,77343.74,77080.73,77325.48,130.0862
1788316200000,77325.47,77325.47,77171.51,77226,86.81678
1788317100000,77225.99,77329.2,77204,77329.2,74.32044
1788318000000,77329.2,77600,77314.51,77512,169.5729
1788318900000,77512,77792,77494,77660.56,215.24278
1788319800000,77660.56,77660.56,77514,77552,99.14923
1788320700000,77552,77640,77508.02,77563.5,134.40962
1788321600000,77563.5,77563.5,77359.99,77376.39,105.3585
1788322500000,77376.38,77446.64,77294.56,77431.27,85.94115
1788323400000,77431.27,77591.82,77431.27,77589.32,71.92097
1788324300000,77589.31,77612.84,77537.31,77561.82,36.70648
1788325200000,77561.82,77600.02,77438,77600.02,67.27657
1788326100000,77600.02,77761.93,77600.02,77744.78,97.90236
1788327000000,77744.78,77749.24,77672.1,77704.68,60.07931
1788327900000,77704.68,77756.51,77567.8,77651.07,116.57026
1788328800000,77651.08,77724,77576.51,77581.73,106.23978
1788329700000,77581.73,77666.9,77545.93,77545.93,72.6544
1788330600000,77545.94,77683.47,77462,77614,146.70899
1788331500000,77614.01,77620.01,77500,77611.54,71.4482
1788332400000,77611.53,77765.99,77594,77671,99.12515
1788333300000,77670.99,77696.81,77594,77598,82.3819
1788334200000,77598.01,77631.58,77560,77560.01,130.81168
1788335100000,77560,77599.76,77473.84,77473.85,203.58837
1788336000000,77473.86,77546,77381.65,77417.57,166.53775
1788336900000,77417.58,77475.14,77248.01,77248.01,110.70583
1788337800000,77248.02,77248.02,76945.35,76970.87,188.14746
1788338700000,76970.88,77046.93,76746.81,76854.11,239.72355
1788339600000,76854.11,77049.4,76852.88,76945.13,147.14558
1788340500000,76945.13,76968,76600,76891.96,254.27031
1788341400000,76891.96,76897.98,76517.24,76563.51,276.92836
1788342300000,76563.52,76760,76484.64,76752.26,357.70807
1788343200000,76752.26,76753.83,76569.56,76640.01,155.08546
1788344100000,76640,76703.12,76571.8,76571.8,124.98758
1788345000000,76571.8,76610,76478,76605.99,139.91154
1788345900000,76605.98,76695.4,76264,76680.88,504.90969
1788346800000,76680.88,76727.47,76519.99,76727.46,202.78241
1788347700000,76727.47,76758,76356,76502,133.06851
1788348600000,76502,76738.98,76488,76646.1,148.65309
1788349500000,76646.1,76848.73,76600,76828.76,157.25514
1788350400000,76828.75,76841.9,76677.76,76827.99,175.54655
1788351300000,76827.99,77049.4,76772,76988.5,142.30573
1788352200000,76988.49,76991.83,76800,76822.56,111.15413
1788353100000,76822.55,76825.18,76611.67,76613.88,152.90808
1788354000000,76613.87,76881.23,76613.87,76744.02,124.76383
1788354900000,76744.01,76960.02,76712,76881.11,133.32489
1788355800000,76881.12,77400.56,76625,77381.65,310.83286
1788356700000,77381.66,77443.61,76996,77146,243.91069
1788357600000,77146,77346.84,77010.24,77346.83,186.45619
1788358500000,77346.83,77490,77232.28,77336.51,149.975
1788359400000,77336.52,77396.97,77110,77324.96,120.66932
1788360300000,77324.97,77334.2,77066.42,77066.42,98.30028
1788361200000,77066.42,77182,76748.01,76819.99,327.00015
1788362100000,76819.99,77147.7,76816.87,77039.92,145.66993
1788363000000,77039.91,77386,76994.01,77369.78,197.84436
1788363900000,77369.78,77372,77140,77288.98,154.42369
1788364800000,77288.97,77396,77210,77356.01,216.1706
1788365700000,77356.01,77582,77332.66,77464.02,605.58493
1788366600000,77464.03,77567.42,77264.28,77264.28,262.83694
1788367500000,77264.29,77330,77171.5,77171.5,95.33157
1788368400000,77171.51,77246,77066.42,77128.83,151.60676
1788369300000,77128.83,77162.12,76950.56,77100,107.81276
1788370200000,77099.99,77308.91,77083.76,77308.9,109.94672
1788371100000,77308.91,77406,77308.91,77381.66,95.65535
1788372000000,77381.65,77442.85,77326.05,77411.84,78.09635
1788372900000,77411.85,77524,77382,77447.28,133.99367
1788373800000,77447.28,77454.78,77298,77314,119.6648
1788374700000,77314.01,77413.8,77296.52,77377.76,43.24031
1788375600000,77377.76,77401.88,77328,77391.78,82.12494
1788376500000,77391.77,77416,77168.66,77168.66,61.90845
1788377400000,77168.66,77249.55,77124,77230.12,72.30999
1788378300000,77230.12,77354.08,77152,77341.47,73.07042
1788379200000,77341.48,77520,77287.02,77364.33,92.58268
1788380100000,77364.34,77464.18,77207.47,77382.36,96.46958
1788381000000,77382.35,77481.41,77320,77369.99,97.47431
1788381900000,77369.99,77474.62,77300,77406.01,95.60869
1788382800000,77406,77406.01,77316,77328,85.39221
1788383700000,77328.01,77332.76,77243,77283.48,33.60952
1788384600000,77283.49,77431.78,77242,77426.69,60.07534
1788385500000,77426.68,77426.69,77268.4,77284,111.98744
1788386400000,77284.01,77284.01,77076,77158.8,66.49248
1788387300000,77158.8,77171.51,77023.11,77024.53,43.68101
1788388200000,77024.52,77157.58,77024.52,77124.28,36.40816
1788389100000,77124.29,77124.29,77032.76,77034.03,41.61863
1788390000000,77034.03,77221.82,77007.36,77221.82,81.95771
1788390900000,77221.82,77221.82,77142,77195.08,36.09957
1788391800000,77195.09,77258,77112.28,77145.99,34.39378
1788392700000,77145.99,77372.62,77145.99,77340.01,40.48417
1788393600000,77340.01,77394,77171.5,77171.51,78.6084
1788394500000,77171.5,77171.51,77035.87,77035.87,109.10576
1788395400000,77035.88,77134.37,76980.01,77109.48,85.39067
1788396300000,77109.48,77138,77032.83,77068.01,54.22044
1788397200000,77068,77428,76968,77417.64,154.98037
1788398100000,77417.63,77442.86,77288.41,77438,137.82744
1788399000000,77438,77546.8,77324,77350.47,170.25765
1788399900000,77350.47,77468,77295.05,77356.7,70.22099
1788400800000,77356.69,77488,77238.89,77488,125.8229
1788401700000,77487.99,77617.64,77432.09,77598.67,116.27266
1788402600000,77598.66,77900,77558,77772.25,200.17179
1788403500000,77772.25,77873.08,77734.85,77816.01,121.25269
1788404400000,77816.02,77860,77704.88,77834,126.29267
1788405300000,77834.01,77880,77718.91,77750,122.15047
1788406200000,77750.01,77776,77647.93,77670.53,90.10437
1788407100000,77670.54,77741.99,77642.09,77708,47.38584
1788408000000,77708.01,77833.1,77618.5,77644.27,152.18361
1788408900000,77644.26,77658,77550,77576.15,70.09224
1788409800000,77576.15,77623.66,77547.16,77557.55,38.3319
1788410700000,77557.56,77792.24,77557.55,77776,75.54751
1788411600000,77775.99,77824,77608,77636.35,126.58751
1788412500000,77636.34,77648,77101.01,77200.01,202.38997
1788413400000,77200.01,77514,77172.11,77486.74,109.72937
1788414300000,77486.73,77829.8,77407.43,77809.91,178.82301
1788415200000,77809.91,77856.16,77698.75,77709.85,122.53183
1788416100000,77709.85,77790,77706.27,77748.46,113.09375
1788417000000,77748.46,77828.67,77724,77828.67,93.84891
1788417900000,77828.66,77852,77770.4,77835.19,78.65682
1788418800000,77835.2,78183.91,77812,78061.84,307.65177
1788419700000,78061.83,78061.84,77887.13,77954.01,112.53316
1788420600000,77954.02,78070,77862.05,77900,142.45354
1788421500000,77900.01,77938.9,77600,77663.15,133.58119
1788422400000,77663.14,78066,77663.14,77928,150.09341
1788423300000,77928,77979.14,77826.18,77979.13,60.9534
1788424200000,77979.14,77993.46,77872.33,77882.78,71.61608
1788425100000,77882.77,77910.93,77766,77843.34,80.56623
1788426000000,77843.34,77975.46,77807.99,77874.35,85.08718
1788426900000,77874.36,77913.76,77742.66,77742.67,60.78108
1788427800000,77742.66,77779.89,77660.63,77724.36,95.68322
1788428700000,77724.36,77783.57,77608,77615.24,99.45709
1788429600000,77615.25,77680.8,77540,77562.89,125.48206
1788430500000,77562.9,77708,77528.73,77630.96,73.51753
1788431400000,77630.97,77650.59,77478,77508.66,113.02175
1788432300000,77508.65,77773.26,77502.33,77735.88,94.37126
1788433200000,77735.88,77822.89,77709.52,77822.89,79.69078
1788434100000,77822.89,77959.03,77822.88,77927.21,97.50011
1788435000000,77927.21,77982,77838.01,77929.91,119.82536
1788435900000,77929.91,78004.94,77884,77948.39,99.75275
1788436800000,77948.39,78100,77896.07,78085,139.64774
1788437700000,78085.01,78142.01,77948.96,77970.09,92.56135
1788438600000,77970.09,78446.54,77970.09,78308,358.78982
1788439500000,78307.99,78782.75,78239.77,78652.38,388.94331
1788440400000,78652.37,78712,78516,78548.6,219.56971
1788441300000,78548.61,78600,78450.25,78494.83,131.69314
1788442200000,78494.84,78926,78458.36,78896.01,397.7253
1788443100000,78896.01,79000,78729.78,78840.52,303.75562
1788444000000,78840.52,79000,78704,78990,268.65329
1788444900000,78990,79678.77,78988.66,79664.01,699.59169
1788445800000,79664,79875,79599.99,79764.72,552.13692
1788446700000,79764.71,80561,79760.45,80549.97,993.1263
1788447600000,80549.97,80966.63,80354.65,80557.84,1512.26035
1788448500000,80557.83,80782.53,80465.54,80743.75,474.13173
1788449400000,80743.76,81000,80690,80861.2,423.23456
1788450300000,80861.2,81370.33,80731.18,81348,646.5587
1788451200000,81348,81360,80782.69,80944.5,505.22632
1788452100000,80944.5,80952.49,80613.52,80765.96,302.00656
1788453000000,80765.96,80942.4,80765.61,80801.01,214.70723
1788453900000,80801.01,81035.99,80777.03,80969.37,217.84564
1788454800000,80969.37,81112.06,80886,81109.5,262.72341
1788455700000,81109.5,81145.88,80932,80997.23,297.32804
1788456600000,80997.24,81165,80997.23,81078.58,158.248
1788457500000,81078.58,81188.17,81006,81042,157.19589
1788458400000,81042,81333.33,81019.57,81259.55,223.8755
1788459300000,81259.55,81281.07,80948,80948,125.73756
1788460200000,80948.01,81046,80904,80979.49,127.20484
1788461100000,80979.5,81263.63,80963.24,81254.32,118.80592
1788462000000,81254.31,81640,81171.98,81199.99,352.5209
1788462900000,81200,81606.96,81177.69,81546.71,164.74721
1788463800000,81546.71,81613.57,81377.69,81540,185.04886
1788464700000,81540,81790,81460.92,81755.41,400.64926
1788465600000,81755.41,81780,81401.99,81412.3,191.53548
1788466500000,81412.3,81595.95,81392.74,81535.58,121.31776
1788467400000,81535.57,81632,81407.81,81470.01,99.69282
1788468300000,81470.01,81576.02,81416.01,81473,188.98966
1788469200000,81473,81620.67,81288,81598.01,186.23308
1788470100000,81598.01,81777.75,81506.55,81762,176.13143
1788471000000,81762,82300,81522.54,81522.54,770.55841
1788471900000,81522.54,81748,81416,81590,159.64829
1788472800000,81590,81604.65,81260.99,81378.35,184.95508
1788473700000,81378.35,81399.39,81124.51,81131.82,158.78476
1788474600000,81131.81,81239.6,80905.05,81194.93,249.77409
1788475500000,81194.94,81272,81064.04,81140,119.05812
1788476400000,81140,81213.01,81078,81172.02,114.45743
1788477300000,81172.01,81282,81160,81281.99,109.13886
1788478200000,81281.99,81338,81126,81234,99.69722
1788479100000,81234.01,81328.76,81181.95,81270.37,84.69882
1788480000000,81270.37,81270.38,81084,81244,140.48996
1788480900000,81244,81349.1,81148.01,81148.01,134.5267
1788481800000,81148,81427.75,81126,81224,181.4931
1788482700000,81224,81240,80960,80972.12,186.69156
1788483600000,80972.11,81097.92,80906.43,80944.19,135.74465
1788484500000,80944.19,81022,80786.44,80827.07,155.73813
1788485400000,80827.08,80931.4,80759.52,80785,136.3888
1788486300000,80785.01,81031.63,80774.39,80968.01,77.69437
1788487200000,80968.01,80968.01,80777.98,80799.5,97.91507
1788488100000,80799.51,80871.16,80685,80716.65,164.38603
1788489000000,80716.64,80846.25,80686,80744.01,86.01612
1788489900000,80744.01,80831.99,80669.45,80831.99,85.45782
1788490800000,80832,81021.8,80831.99,80931.78,157.79567
1788491700000,80931.78,80947.99,80842,80842.01,131.58971
1788492600000,80842,80887.18,80806,80873.69,119.14946
1788493500000,80873.7,80969.84,80850,80850,115.2822
1788494400000,80850.01,80973.99,80820,80973.99,100.21683
1788495300000,80973.99,81288,80962.12,81267.64,187.86935
1788496200000,81267.65,81275.58,81019,81039.29,194.44022
1788497100000,81039.3,81142,81028.31,81070.54,119.93841
1788498000000,81070.54,81079.69,80974.45,80980.01,141.90194
1788498900000,80980.01,81143.3,80951,81024.32,162.59794
1788499800000,81024.16,81024.16,80905.05,80985.99,147.37249
1788500700000,80986,81060,80863.03,80996.15,141.86007
1788501600000,80996.15,81090,80910,81018.28,102.15406
1788502500000,81018.27,81036,80700,80725.38,106.36217
1788503400000,80725.37,80856.36,80573.21,80847.84,139.34656
1788504300000,80847.84,80859.05,80700.02,80797.39,87.75246
1788505200000,80797.4,80966.75,80789.61,80938.02,130.82517
1788506100000,80938.01,80964.76,80846,80862.05,84.53322
1788507000000,80862.05,80905.06,80744,80769.91,228.11488
1788507900000,80769.92,80785.36,80641.65,80656.87,262.36155
1788508800000,80656.86,80773.97,80502.87,80773.96,169.61377
1788509700000,80773.96,80997.36,80773.96,80982.57,95.72139
1788510600000,80982.57,81154.4,80974,81048.29,246.75687
1788511500000,81048.29,81237,81000,81147.16,241.95351
1788512400000,81147.16,81230,81081.94,81091.16,171.59307
1788513300000,81091.16,81310,80934.24,81037.65,287.61586
1788514200000,81037.66,81224.76,80984,81169.09,190.19661
1788515100000,81169.09,81223.97,81031.96,81056.63,319.46791
1788516000000,81056.63,81124,80887.28,80963.99,142.85985
1788516900000,80964,80976,80831.14,80961.18,101.80404
1788517800000,80961.18,81116.9,80906.26,81069.83,148.81933
1788518700000,81069.84,81194,81028,81179.63,89.91317
1788519600000,81179.64,81229.3,81080.01,81187.15,120.34852
1788520500000,81187.14,81423.03,81134,81336.21,147.58523
1788521400000,81336.2,81336.2,81200,81247.99,100.0237
1788522300000,81247.99,81351.56,81208,81224.86,144.48991
1788523200000,81224.86,81273.99,81138,81250.38,194.1859
1788524100000,81250.38,81350,81130,81340,128.87629
1788525000000,81340,81340,79414,79686,2502.7825
1788525900000,79686,79690.78,79177.77,79453.96,865.352
1788526800000,79453.95,79583.97,79189,79233.99,499.70924
1788527700000,79233.99,79492.84,79205.9,79312,353.28753
1788528600000,79312,79545.15,79000,79401.99,672.55793
1788529500000,79401.99,79704,79237.54,79378.67,402.28714
1788530400000,79378.66,79572,79250,79414.01,382.27736
1788531300000,79414,79508.95,79080.55,79378.58,387.15259
1788532200000,79378.59,79470,78868.58,79036.05,406.71165
1788533100000,79036.05,79144,78660,78915.71,640.59189
1788534000000,78915.71,79199,78800,79198.84,298.51266
1788534900000,79198.84,79436.3,79172,79413.03,248.60582
1788535800000,79413.03,79543.47,79361.18,79520.97,219.02449
1788536700000,79520.96,79555.32,79388.97,79429.33,176.63684
1788537600000,79429.33,79530.43,79378.19,79454,161.1807
1788538500000,79454,79586.09,79440,79549.34,254.14059
1788539400000,79549.35,79862.46,79543.3,79852.96,349.49217
1788540300000,79852.96,79877.07,79730.47,79745.73,295.02158
1788541200000,79745.72,79752.92,79616,79616,148.86438
1788542100000,79616.01,79648.98,79511.58,79511.59,79.81282
1788543000000,79511.59,79582,79439.21,79479.45,92.15484
1788543900000,79479.46,79518,79383,79472.22,71.68288
1788544800000,79472.22,79592,79472.22,79527.54,83.91167
1788545700000,79527.55,79614,79527.54,79534.55,62.47127
1788546600000,79534.56,79650,79534.56,79638.01,67.66493
1788547500000,79638,79655.86,79594.9,79618.15,49.29329
1788548400000,79618.15,79728,79618.14,79706,65.17424
1788549300000,79705.99,79819.99,79691.65,79808.23,133.87055
1788550200000,79808.23,79808.23,79636.95,79682.72,82.05227
1788551100000,79682.73,79810,79642,79793.34,110.87533
1788552000000,79793.35,79862.15,79768.28,79815.59,90.80273
1788552900000,79815.59,79837.98,79747.76,79759.46,41.17138
1788553800000,79759.46,79777.53,79700,79724.01,53.97082
1788554700000,79724.02,79769.25,79667.99,79697.04,66.22701
1788555600000,79697.03,79789.98,79697.03,79769.59,51.4184
1788556500000,79769.6,79811.98,79736.01,79772.57,65.74906
1788557400000,79772.56,79819.3,79746.74,79762.26,293.8452
1788558300000,79762.27,79800,79512,79624,234.52912
1788559200000,79624,79692.56,79624,79692.56,127.84134
1788560100000,79692.56,79713.88,79604,79706,183.42233
1788561000000,79706,79716,79662,79662.01,102.52059
1788561900000,79662,79679.87,79622.58,79636.09,85.21312
1788562800000,79636.09,79650,79600.89,79611.11,42.98137
1788563700000,79611.12,79758,79611.11,79736.03,55.901
1788564600000,79736.02,79736.03,79668.01,79668.01,24.83473
1788565500000,79668.02,79668.02,79617.16,79660.77,29.21254
1788566400000,79660.77,79721.57,79616.58,79672.68,38.09247
1788567300000,79672.68,79672.68,79600,79652.71,38.83577
1788568200000,79652.72,79699.68,79624,79627.21,40.17141
1788569100000,79627.21,79649.23,79562,79573.36,62.44013
1788570000000,79573.37,79682.05,79550.75,79626.03,62.61816
1788570900000,79626.02,79700,79604,79693.99,50.82516
1788571800000,79693.99,79710,79610,79635.74,63.19919
1788572700000,79635.74,79664,79533.34,79533.34,74.634
1788573600000,79533.34,79578,79472.22,79564,93.15685
1788574500000,79564.01,79596.8,79512,79521.56,60.33114
1788575400000,79521.55,79622,79521.55,79619.45,44.93815
1788576300000,79619.44,79619.45,79538.58,79569.09,28.12324
1788577200000,79569.09,79569.09,79510.93,79545.75,35.061
1788578100000,79545.76,79614,79545.75,79584,92.65582
1788579000000,79584.01,79630,79584,79622.75,44.10923
1788579900000,79622.75,79630.74,79581.57,79582,50.35297
1788580800000,79581.99,79589.84,79513.29,79539.99,59.15723
1788581700000,79540,79576,79539.99,79558.28,40.60011
1788582600000,79558.28,79560.12,79530,79533.28,40.4304
1788583500000,79533.29,79559.88,79500,79500.01,143.771
1788584400000,79500.01,79558.73,79442,79558.73,157.98511
1788585300000,79558.73,79586.04,79520,79586.04,170.2383
1788586200000,79586.04,79594,79522,79522.01,33.70382
1788587100000,79522.01,79600.01,79493.82,79577.53,124.63355
1788588000000,79577.53,79635.97,79576,79626.54,63.25981
1788588900000,79626.54,79645.45,79613.4,79643.03,55.52302
1788589800000,79643.03,79715.72,79630,79664,62.82879
1788590700000,79664,79684.78,79644,79644.01,74.15322
1788591600000,79644.01,79698,79639.22,79692.44,79.60953
1788592500000,79692.44,79717.59,79672.68,79717.58,51.25829
1788593400000,79717.58,79749.7,79708.14,79730.74,84.52359
1788594300000,79731.17,79763.41,79694.71,79709.96,57.88614
1788595200000,79709.96,79709.96,79633.38,79662.01,77.19173
1788596100000,79662.01,79727.95,79608.22,79639.43,88.72061
1788597000000,79639.44,79639.44,79568,79615.3,109.76188
1788597900000,79615.29,79667.99,79600,79650,102.25462
1788598800000,79650.01,79735.97,79650,79719.41,111.56626
1788599700000,79719.41,79719.41,79693.15,79697.72,72.63975
1788600600000,79697.72,79708.35,79657.34,79689.48,108.87572
1788601500000,79689.48,79689.48,79612,79631.28,98.14335
1788602400000,79631.29,79636.91,79619.55,79622,97.22428
1788603300000,79622,79660,79600.02,79615.99,92.55074
1788604200000,79615.99,79664,79615.99,79646.68,32.82301
