time,open,high,low,close,volume
1780828500000,0.08461,0.08467,0.08435,0.08445,2.654446e+06
1780829100000,0.08445,0.08455,0.08414,0.08438,4.673098e+06
1780830000000,0.08438,0.08451,0.08416,0.08432,8.700325e+06
1780830900000,0.08431,0.08462,0.08426,0.08459,3.18166e+06
1780831800000,0.08459,0.08474,0.08444,0.0847,4.947363e+06
1780832700000,0.08471,0.08482,0.08446,0.08459,3.940557e+06
1780833600000,0.0846,0.08463,0.08342,0.08354,2.394185e+07
1780834500000,0.08354,0.08386,0.08331,0.08362,8.417654e+06
1780835400000,0.08363,0.08379,0.0832,0.08341,1.6637082e+07
1780836300000,0.08342,0.08391,0.08342,0.08378,3.998209e+06
1780837200000,0.08378,0.08398,0.08363,0.08385,4.393688e+06
1780838100000,0.08386,0.08393,0.08368,0.08383,5.45404e+06
1780839000000,0.08383,0.08394,0.08365,0.08384,2.85919e+06
1780839900000,0.08385,0.08402,0.08378,0.08385,1.552257e+06
1780840800000,0.08385,0.08409,0.08383,0.08399,5.104529e+06
1780841700000,0.08399,0.08478,0.08393,0.08464,1.0164452e+07
1780842600000,0.08465,0.085,0.08432,0.08434,7.552201e+06
1780843500000,0.08435,0.08461,0.08418,0.08457,4.206703e+06
1780844400000,0.08456,0.0846,0.08427,0.08457,5.39405e+06
1780845300000,0.08457,0.08475,0.0843,0.08475,3.37505e+06
1780846200000,0.08474,0.08496,0.08468,0.08481,3.352851e+06
1780847100000,0.08481,0.08481,0.08444,0.08465,3.771675e+06
1780848000000,0.08465,0.08483,0.08451,0.08477,4.022994e+06
1780848900000,0.08476,0.08487,0.08461,0.08472,6.118066e+06
1780849800000,0.08472,0.08495,0.08464,0.08483,3.934148e+06
1780850700000,0.08483,0.08499,0.08463,0.08482,3.526419e+06
1780851600000,0.08481,0.08532,0.08476,0.08523,1.3756605e+07
1780852500000,0.08524,0.08529,0.085,0.08503,4.289143e+06
1780853400000,0.08503,0.08518,0.08501,0.08507,5.671561e+06
1780854300000,0.08506,0.08506,0.08463,0.08483,3.273606e+06
1780855200000,0.08484,0.08497,0.08476,0.08495,1.577692e+06
1780856100000,0.08494,0.08497,0.08471,0.08481,1.253265e+06
1780857000000,0.08482,0.08497,0.08465,0.0847,1.079612e+06
1780857900000,0.08469,0.08477,0.08433,0.08437,4.877675e+06
1780858800000,0.08437,0.08439,0.08353,0.08365,8.786319e+06
1780859700000,0.08365,0.08365,0.08319,0.08342,1.0376318e+07
1780860600000,0.08343,0.08344,0.08309,0.08315,3.369206e+06
1780861500000,0.08316,0.08348,0.083,0.08336,8.988915e+06
1780862400000,0.08335,0.08388,0.08313,0.0837,5.60394e+06
1780863300000,0.08369,0.08424,0.0836,0.08402,8.270073e+06
1780864200000,0.08402,0.08411,0.08386,0.08401,5.093711e+06
1780865100000,0.08401,0.08432,0.08393,0.08417,1.862033e+06
1780866000000,0.08417,0.08424,0.08381,0.08412,2.167838e+06
1780866900000,0.08412,0.08418,0.08383,0.0839,1.462284e+06
1780867800000,0.0839,0.08393,0.08357,0.08368,3.425532e+06
1780868700000,0.08368,0.08402,0.08367,0.08402,2.816508e+06
1780869600000,0.08403,0.0867,0.08385,0.08657,4.6429186e+07
1780870500000,0.08655,0.08756,0.08564,0.08591,7.3538503e+07
1780871400000,0.08591,0.08634,0.08536,0.086,1.6984451e+07
1780872300000,0.08601,0.08618,0.08538,0.08553,2.0120294e+07
1780873200000,0.08552,0.086,0.08546,0.0859,9.580284e+06
1780874100000,0.0859,0.08618,0.08559,0.08616,8.658596e+06
1780875000000,0.08616,0.08622,0.0859,0.08608,4.510227e+06
1780875900000,0.08608,0.08646,0.08597,0.08628,9.136796e+06
1780876800000,0.08627,0.08636,0.08584,0.08599,6.479609e+06
1780877700000,0.08599,0.08632,0.0858,0.08632,9.335983e+06
1780878600000,0.08631,0.08682,0.08611,0.08656,1.4076596e+07
1780879500000,0.08656,0.08676,0.08623,0.0864,6.294122e+06
1780880400000,0.0864,0.08653,0.08537,0.08539,1.1056872e+07
1780881300000,0.08539,0.08556,0.08486,0.08497,1.3614121e+07
1780882200000,0.08498,0.08555,0.08483,0.08547,9.489936e+06
1780883100000,0.08547,0.08575,0.08526,0.08571,6.079638e+06
1780884000000,0.08571,0.08586,0.08553,0.08582,5.098141e+06
1780884900000,0.08583,0.08595,0.08558,0.08576,4.170158e+06
1780885800000,0.08576,0.08585,0.08543,0.08577,2.097234e+07
1780886700000,0.08578,0.08592,0.08556,0.08591,4.602108e+06
1780887600000,0.0859,0.08632,0.0857,0.08612,9.278301e+06
1780888500000,0.08612,0.08617,0.08561,0.08565,4.085099e+06
1780889400000,0.08565,0.08588,0.08556,0.08571,2.981993e+06
1780890300000,0.08571,0.08601,0.0857,0.08592,5.9135e+06
1780891200000,0.08593,0.086,0.08524,0.08546,7.242094e+06
1780892100000,0.08546,0.08552,0.08516,0.08543,3.444364e+06
1780893000000,0.08544,0.08548,0.08483,0.08501,8.109492e+06
1780893900000,0.08501,0.08532,0.08494,0.08494,5.437448e+06
1780894800000,0.08494,0.08512,0.08459,0.08466,8.232998e+06
1780895700000,0.08466,0.08501,0.08454,0.08498,7.920737e+06
1780896600000,0.08497,0.08498,0.08436,0.08456,4.584449e+06
1780897500000,0.08456,0.0848,0.08446,0.0848,7.245994e+06
1780898400000,0.0848,0.08517,0.08479,0.08506,6.97947e+06
1780899300000,0.08506,0.08541,0.08503,0.0853,5.69681e+06
1780900200000,0.08531,0.08534,0.08512,0.0853,4.6821e+06
1780901100000,0.08531,0.08535,0.08518,0.0853,1.476747e+06
1780902000000,0.0853,0.08556,0.08497,0.08536,7.060575e+06
1780902900000,0.08536,0.08564,0.08516,0.08552,6.222581e+06
1780903800000,0.08553,0.08573,0.08549,0.08559,3.439019e+06
1780904700000,0.08558,0.08579,0.08555,0.08566,2.585056e+06
1780905600000,0.08566,0.08566,0.08534,0.08554,4.090127e+06
1780906500000,0.08555,0.08558,0.08511,0.08529,4.690301e+06
1780907400000,0.08529,0.0854,0.08508,0.08523,2.595395e+06
1780908300000,0.08524,0.08526,0.0849,0.08515,4.082977e+06
1780909200000,0.08515,0.08544,0.0851,0.08544,2.756461e+06
1780910100000,0.08543,0.08573,0.08533,0.08555,2.317206e+06
1780911000000,0.08556,0.08594,0.08536,0.08576,8.524395e+06
1780911900000,0.08576,0.08592,0.08567,0.08592,5.280341e+06
1780912800000,0.08591,0.086,0.08563,0.08571,3.549064e+06
1780913700000,0.08571,0.08571,0.08528,0.08538,4.69779e+06
1780914600000,0.08538,0.08601,0.08532,0.08572,1.0331664e+07
1780915500000,0.08572,0.08576,0.08548,0.08566,3.059015e+06
1780916400000,0.08566,0.08618,0.08547,0.08606,8.96545e+06
1780917300000,0.08607,0.08653,0.08603,0.08646,1.6568551e+07
1780918200000,0.08647,0.08684,0.08636,0.08652,8.108813e+06
1780919100000,0.08652,0.08657,0.08626,0.0864,7.766613e+06
1780920000000,0.0864,0.08662,0.0858,0.08584,1.2770849e+07
1780920900000,0.08584,0.08636,0.08584,0.08636,5.176805e+06
1780921800000,0.08636,0.08689,0.08633,0.08679,1.1322114e+07
1780922700000,0.0868,0.087,0.0866,0.08684,7.286136e+06
1780923600000,0.08684,0.08693,0.08664,0.08667,7.595798e+06
1780924500000,0.08667,0.08686,0.08634,0.08636,4.301087e+06
1780925400000,0.08635,0.08657,0.08606,0.08623,1.7563241e+07
1780926300000,0.08624,0.08665,0.08612,0.08636,6.782494e+06
1780927200000,0.08635,0.08655,0.08614,0.08642,3.850908e+06
1780928100000,0.08643,0.08646,0.08619,0.08633,2.933035e+06
1780929000000,0.08633,0.08661,0.08627,0.0865,5.917615e+06
1780929900000,0.0865,0.08684,0.08645,0.0867,5.14935e+06
1780930800000,0.08671,0.08735,0.0867,0.08728,8.335265e+06
1780931700000,0.08729,0.08747,0.08698,0.087,9.88603e+06
1780932600000,0.08701,0.08703,0.08681,0.08701,1.044548e+07
1780933500000,0.08701,0.08728,0.08687,0.08698,3.413498e+06
1780934400000,0.08699,0.08729,0.08687,0.08715,3.434327e+06
1780935300000,0.08716,0.08754,0.08715,0.08721,1.66235e+07
1780936200000,0.08721,0.08723,0.08675,0.08695,5.490716e+06
1780937100000,0.08695,0.08696,0.08639,0.08647,4.354645e+06
1780938000000,0.08647,0.08654,0.08615,0.08627,5.636903e+06
1780938900000,0.08627,0.08677,0.08626,0.08672,4.272723e+06
1780939800000,0.08672,0.08673,0.08624,0.08654,2.785049e+06
1780940700000,0.08654,0.08684,0.08646,0.08684,3.384833e+06
1780941600000,0.08684,0.08708,0.08684,0.08698,4.630267e+06
1780942500000,0.08698,0.08718,0.08698,0.08715,3.349267e+06
1780943400000,0.08716,0.08728,0.08685,0.0869,3.872644e+06
1780944300000,0.0869,0.08696,0.08661,0.08685,2.332558e+06
1780945200000,0.08685,0.08708,0.08679,0.08683,1.713297e+06
1780946100000,0.08683,0.0871,0.08669,0.08695,6.289634e+06
1780947000000,0.08696,0.08707,0.08682,0.08695,2.34658e+06
1780947900000,0.08694,0.087,0.08668,0.0868,3.894055e+06
1780948800000,0.08681,0.08685,0.08634,0.08644,2.291833e+06
1780949700000,0.08644,0.08661,0.08632,0.08649,2.837701e+06
1780950600000,0.08649,0.08675,0.08639,0.08669,1.297409e+06
1780951500000,0.08669,0.08676,0.08656,0.08676,952672
1780952400000,0.08677,0.08744,0.08676,0.08741,8.118012e+06
1780953300000,0.0874,0.08745,0.08717,0.08734,4.971228e+06
1780954200000,0.08734,0.08749,0.08722,0.08748,2.226603e+06
1780955100000,0.08748,0.08748,0.08706,0.08706,2.017427e+06
1780956000000,0.08706,0.08713,0.08672,0.08676,6.702632e+06
1780956900000,0.08677,0.08707,0.08663,0.08685,5.21722e+06
1780957800000,0.08685,0.08703,0.08678,0.087,2.954731e+06
1780958700000,0.087,0.08703,0.0868,0.08702,1.404529e+06
1780959600000,0.08703,0.08723,0.08694,0.08715,1.72654e+06
1780960500000,0.08714,0.08717,0.08647,0.08658,3.607948e+06
1780961400000,0.08658,0.08661,0.08634,0.08649,9.240299e+06
1780962300000,0.0865,0.0865,0.08613,0.08634,5.320356e+06
1780963200000,0.08635,0.08649,0.08606,0.0861,7.160527e+06
1780964100000,0.08611,0.08643,0.08532,0.08546,2.5036106e+07
1780965000000,0.08547,0.08551,0.0847,0.08514,3.1311206e+07
1780965900000,0.08513,0.08513,0.08459,0.08482,1.868265e+07
1780966800000,0.08482,0.0851,0.08475,0.08489,9.464679e+06
1780967700000,0.08489,0.08534,0.08484,0.0852,5.683986e+06
1780968600000,0.0852,0.08537,0.08497,0.08506,5.968044e+06
1780969500000,0.08507,0.08535,0.08497,0.08513,3.660873e+06
1780970400000,0.08512,0.08527,0.08499,0.08501,4.037836e+06
1780971300000,0.08502,0.08504,0.08472,0.085,9.575655e+06
1780972200000,0.085,0.08505,0.08456,0.08493,1.0966425e+07
1780973100000,0.08493,0.08532,0.08486,0.08532,4.547565e+06
1780974000000,0.08533,0.08549,0.08521,0.08541,5.410867e+06
1780974900000,0.08542,0.0855,0.08512,0.08518,3.512221e+06
1780975800000,0.08518,0.08524,0.08493,0.08516,3.141666e+06
1780976700000,0.08516,0.08535,0.08512,0.08531,1.539042e+06
1780977600000,0.0853,0.08548,0.08506,0.08531,5.724323e+06
1780978500000,0.08531,0.08543,0.08517,0.08519,1.674557e+06
1780979400000,0.08519,0.08642,0.08511,0.08622,3.2663452e+07
1780980300000,0.08623,0.08646,0.08608,0.08616,8.895497e+06
1780981200000,0.08615,0.08632,0.08595,0.08616,3.430624e+06
1780982100000,0.08617,0.08637,0.08617,0.08625,3.838442e+06
1780983000000,0.08625,0.08675,0.08625,0.08652,1.1308947e+07
1780983900000,0.08651,0.08664,0.08636,0.08647,4.504697e+06
1780984800000,0.08647,0.08655,0.08632,0.08654,3.851576e+06
1780985700000,0.08653,0.08674,0.0865,0.08657,2.716675e+06
1780986600000,0.08658,0.08668,0.08646,0.08659,4.153599e+06
1780987500000,0.08659,0.08665,0.08628,0.08633,6.382713e+06
1780988400000,0.08634,0.08666,0.08632,0.0864,4.083745e+06
1780989300000,0.0864,0.08661,0.08599,0.08607,1.2786744e+07
1780990200000,0.08606,0.08635,0.08606,0.08629,2.867625e+06
1780991100000,0.0863,0.08641,0.08625,0.08641,2.300933e+06
1780992000000,0.08641,0.08645,0.08576,0.08592,1.0132557e+07
1780992900000,0.08593,0.08611,0.08584,0.08597,1.811835e+06
1780993800000,0.08596,0.08607,0.08576,0.08601,4.542063e+06
1780994700000,0.086,0.08612,0.08584,0.08586,3.591111e+06
1780995600000,0.08586,0.08595,0.0857,0.08593,1.40845e+06
1780996500000,0.08594,0.08606,0.08566,0.08566,3.282819e+06
1780997400000,0.08566,0.08567,0.08526,0.08538,1.1264402e+07
1780998300000,0.08538,0.08545,0.08527,0.08542,1.824067e+06
1780999200000,0.08543,0.08561,0.08521,0.08546,8.286961e+06
1781000100000,0.08546,0.0855,0.08531,0.08544,4.519303e+06
1781001000000,0.08544,0.08548,0.08527,0.08543,1.792532e+06
1781001900000,0.08543,0.08559,0.08535,0.08551,5.576778e+06
1781002800000,0.0855,0.08557,0.08518,0.0852,4.766318e+06
1781003700000,0.0852,0.08536,0.08517,0.08532,3.942956e+06
1781004600000,0.08532,0.08556,0.08524,0.08542,3.412533e+06
1781005500000,0.08543,0.0856,0.08538,0.08553,3.978058e+06
1781006400000,0.08552,0.08595,0.08549,0.08586,6.335366e+06
1781007300000,0.08586,0.08586,0.08562,0.08573,1.651563e+06
1781008200000,0.08572,0.08582,0.0856,0.08563,3.166518e+06
1781009100000,0.08563,0.08591,0.0855,0.08586,4.376995e+06
1781010000000,0.08586,0.08612,0.08582,0.08582,8.379571e+06
1781010900000,0.08582,0.08583,0.08533,0.08546,5.337901e+06
1781011800000,0.08546,0.08568,0.08523,0.08568,9.806562e+06
1781012700000,0.08569,0.08594,0.08564,0.08571,4.643423e+06
1781013600000,0.0857,0.08591,0.08535,0.08535,6.609662e+06
1781014500000,0.08534,0.08542,0.08456,0.08459,2.3378821e+07
1781015400000,0.08459,0.08492,0.08433,0.08461,2.4489769e+07
1781016300000,0.08461,0.08503,0.08434,0.08502,1.2799979e+07
1781017200000,0.08503,0.08532,0.08481,0.0852,1.6262339e+07
1781018100000,0.0852,0.08528,0.08448,0.08448,1.2326049e+07
1781019000000,0.08447,0.08463,0.08413,0.08439,2.331459e+07
1781019900000,0.0844,0.08456,0.08407,0.0841,1.1175333e+07
1781020800000,0.0841,0.08431,0.08377,0.08395,2.2047161e+07
1781021700000,0.08396,0.08405,0.08358,0.08387,9.040567e+06
1781022600000,0.08386,0.0842,0.08316,0.08399,1.8970225e+07
1781023500000,0.08398,0.08447,0.08386,0.08435,1.2109272e+07
1781024400000,0.08435,0.08514,0.08433,0.08495,1.0445863e+07
1781025300000,0.08496,0.08547,0.08495,0.08526,1.8406893e+07
1781026200000,0.08527,0.08548,0.08509,0.0851,3.687798e+06
1781027100000,0.0851,0.0851,0.08476,0.08478,5.80051e+06
1781028000000,0.08479,0.08497,0.0846,0.08486,7.62065e+06
1781028900000,0.08485,0.08527,0.08473,0.08488,1.1948783e+07
1781029800000,0.08488,0.08517,0.08472,0.08472,1.4220711e+07
1781030700000,0.08472,0.08498,0.08472,0.0849,6.449252e+06
1781031600000,0.08489,0.08512,0.08479,0.08487,5.685637e+06
1781032500000,0.08488,0.08499,0.08472,0.08488,6.575426e+06
1781033400000,0.08489,0.08516,0.08481,0.08492,3.528474e+06
1781034300000,0.08493,0.08537,0.08479,0.08521,9.933003e+06
1781035200000,0.08521,0.08539,0.08513,0.08538,2.67128e+06
1781036100000,0.08539,0.08562,0.08513,0.08538,2.0177348e+07
1781037000000,0.08537,0.08557,0.08523,0.08553,2.139495e+06
1781037900000,0.08553,0.08556,0.0854,0.08556,1.785155e+06
1781038800000,0.08556,0.08571,0.08542,0.08555,5.567837e+06
1781039700000,0.08555,0.08555,0.08492,0.08496,5.265808e+06
1781040600000,0.08496,0.08503,0.08465,0.0848,5.495335e+06
1781041500000,0.0848,0.08486,0.08469,0.08484,1.017457e+06
1781042400000,0.08484,0.08496,0.08465,0.08493,1.360203e+06
1781043300000,0.08493,0.08508,0.08481,0.08494,3.128953e+06
1781044200000,0.08495,0.08514,0.08487,0.08499,3.891017e+06
1781045100000,0.08498,0.08503,0.08452,0.08454,3.036097e+06
1781046000000,0.08454,0.08472,0.08445,0.08462,8.293143e+06
1781046900000,0.08463,0.0849,0.08458,0.08464,7.067459e+06
1781047800000,0.08465,0.08479,0.08453,0.08475,3.326015e+06
1781048700000,0.08476,0.08496,0.08467,0.08479,1.698925e+06
1781049600000,0.08479,0.08515,0.08479,0.08502,2.891572e+06
1781050500000,0.08503,0.08507,0.08482,0.08507,1.656512e+06
1781051400000,0.08506,0.08507,0.08421,0.08431,3.974196e+06
1781052300000,0.08431,0.0851,0.08431,0.08508,3.944547e+06
1781053200000,0.08507,0.08514,0.08475,0.08492,2.441942e+06
1781054100000,0.08491,0.08505,0.08478,0.08486,2.027518e+06
1781055000000,0.08486,0.08497,0.08449,0.08461,3.04319e+06
1781055900000,0.08462,0.08487,0.08454,0.08469,3.340836e+06
1781056800000,0.08469,0.08481,0.08439,0.08439,2.435993e+06
1781057700000,0.0844,0.08442,0.08407,0.0843,2.163596e+06
1781058600000,0.08431,0.08437,0.08377,0.08395,7.591368e+06
1781059500000,0.08395,0.08396,0.08369,0.08382,4.026663e+06
1781060400000,0.08382,0.08421,0.08381,0.08399,2.446946e+06
1781061300000,0.08398,0.08427,0.08387,0.08423,1.868199e+06
1781062200000,0.08423,0.08423,0.08395,0.08403,1.085584e+06
1781063100000,0.08403,0.08408,0.08389,0.08395,1.837878e+06
1781064000000,0.08396,0.08407,0.08386,0.08396,3.047761e+06
1781064900000,0.08397,0.08412,0.08391,0.08397,1.334778e+06
1781065800000,0.08397,0.08397,0.08348,0.08353,3.962449e+06
1781066700000,0.08352,0.08369,0.08349,0.08361,2.934e+06
1781067600000,0.08361,0.08375,0.08346,0.08348,3.4427e+06
1781068500000,0.08348,0.08364,0.08326,0.08364,4.056445e+06
1781069400000,0.08365,0.08375,0.08346,0.08361,1.363663e+06
1781070300000,0.08361,0.08365,0.0834,0.08357,1.647779e+06
1781071200000,0.08358,0.08366,0.08345,0.0836,1.344423e+06
1781072100000,0.08359,0.08379,0.08353,0.08357,4.059017e+06
1781073000000,0.08356,0.08378,0.08328,0.0837,5.383171e+06
1781073900000,0.0837,0.08386,0.08364,0.08365,3.775844e+06
1781074800000,0.08364,0.08392,0.08359,0.08387,2.421337e+06
1781075700000,0.08387,0.08416,0.08386,0.08407,4.349563e+06
1781076600000,0.08407,0.08437,0.08398,0.08418,2.472892e+06
1781077500000,0.08417,0.08429,0.0841,0.08422,5.379665e+06
1781078400000,0.08423,0.08425,0.08378,0.08386,3.358133e+06
1781079300000,0.08387,0.08412,0.08366,0.08373,3.96903e+06
1781080200000,0.08372,0.08385,0.08326,0.08328,9.886839e+06
1781081100000,0.08327,0.08353,0.08321,0.08342,4.483928e+06
1781082000000,0.08342,0.08356,0.08317,0.08319,5.544599e+06
1781082900000,0.08318,0.08337,0.08285,0.08333,1.218283e+07
1781083800000,0.08332,0.08365,0.08332,0.08343,9.651964e+06
1781084700000,0.08344,0.08365,0.08327,0.08354,2.070186e+06
1781085600000,0.08354,0.08357,0.08334,0.08346,3.026417e+06
1781086500000,0.08345,0.08368,0.08326,0.08365,3.846868e+06
1781087400000,0.08366,0.0839,0.08356,0.08368,2.247013e+06
1781088300000,0.08369,0.08379,0.08356,0.08372,1.788949e+06
1781089200000,0.08372,0.08376,0.08282,0.08334,1.7757937e+07
1781090100000,0.08333,0.0835,0.08294,0.08316,8.229089e+06
1781091000000,0.08317,0.08322,0.08302,0.08317,2.931594e+06
1781091900000,0.08317,0.08342,0.08313,0.0833,2.22784e+06
1781092800000,0.08331,0.08347,0.08308,0.08335,6.001418e+06
1781093700000,0.08334,0.08347,0.08303,0.08326,5.557013e+06
1781094600000,0.08326,0.0846,0.08316,0.08398,3.1840487e+07
1781095500000,0.08398,0.0842,0.0839,0.08391,6.903903e+06
1781096400000,0.0839,0.08406,0.08376,0.084,2.671902e+06
1781097300000,0.084,0.08416,0.0839,0.08412,2.539969e+06
1781098200000,0.08412,0.08517,0.084,0.08514,2.267404e+07
1781099100000,0.08514,0.0852,0.08453,0.0846,1.1818123e+07
1781100000000,0.08461,0.08476,0.08426,0.08431,7.691206e+06
1781100900000,0.08431,0.08453,0.08397,0.08434,1.2272629e+07
1781101800000,0.08433,0.08468,0.08407,0.08437,4.017539e+06
1781102700000,0.08437,0.08456,0.08407,0.08453,9.457082e+06
1781103600000,0.08453,0.08485,0.08402,0.08424,9.928776e+06
1781104500000,0.08423,0.08489,0.08411,0.08478,5.764432e+06
1781105400000,0.08478,0.08499,0.08458,0.0849,5.419009e+06
1781106300000,0.0849,0.08547,0.08421,0.08513,1.9911643e+07
1781107200000,0.08514,0.08523,0.08477,0.08481,1.0633517e+07
1781108100000,0.08481,0.08497,0.08435,0.08475,5.56025e+06
1781109000000,0.08474,0.0848,0.08438,0.0844,6.588845e+06
1781109900000,0.08439,0.08439,0.08374,0.08416,1.3833713e+07
1781110800000,0.08416,0.08449,0.08407,0.08416,4.838112e+06
1781111700000,0.08415,0.08437,0.0837,0.08373,3.996541e+06
1781112600000,0.08373,0.08386,0.08337,0.08348,1.3156767e+07
1781113500000,0.08349,0.08408,0.08341,0.08391,7.05534e+06
1781114400000,0.08391,0.08405,0.08375,0.08387,2.5042e+06
1781115300000,0.08387,0.08395,0.08364,0.08395,3.419649e+06
1781116200000,0.08394,0.08394,0.08344,0.08351,5.50602e+06
1781117100000,0.08352,0.08392,0.0833,0.08392,4.697027e+06
1781118000000,0.08391,0.08394,0.08351,0.08353,2.730467e+06
1781118900000,0.08353,0.08361,0.08323,0.08347,4.537065e+06
1781119800000,0.08346,0.08363,0.08335,0.08345,2.596655e+06
1781120700000,0.08345,0.08346,0.08303,0.08316,5.075304e+06
1781121600000,0.08316,0.08331,0.08277,0.08311,7.180526e+06
1781122500000,0.08311,0.08324,0.08289,0.0831,4.532847e+06
1781123400000,0.0831,0.08312,0.08291,0.08291,3.431077e+06
1781124300000,0.08291,0.08296,0.08267,0.08286,6.109667e+06
1781125200000,0.08285,0.08285,0.08218,0.08229,1.1092541e+07
1781126100000,0.08228,0.0826,0.08228,0.08251,3.380714e+06
1781127000000,0.0825,0.08266,0.0824,0.08263,2.484474e+06
1781127900000,0.08264,0.08271,0.08183,0.08217,8.684029e+06
1781128800000,0.08218,0.08224,0.08195,0.08212,7.030438e+06
1781129700000,0.08212,0.08222,0.08187,0.08207,6.111011e+06
1781130600000,0.08207,0.08271,0.08206,0.08252,5.725953e+06
1781131500000,0.08253,0.08255,0.08235,0.08236,4.61699e+06
1781132400000,0.08235,0.08246,0.08215,0.08243,6.985283e+06
1781133300000,0.08244,0.08307,0.08223,0.083,9.701515e+06
1781134200000,0.083,0.08312,0.08283,0.08301,3.100366e+06
1781135100000,0.08302,0.08313,0.08292,0.08294,1.831727e+06
1781136000000,0.08295,0.08328,0.08295,0.08327,2.59612e+06
1781136900000,0.08327,0.08366,0.08327,0.0835,6.334859e+06
1781137800000,0.0835,0.08362,0.08339,0.08343,8.999573e+06
1781138700000,0.08344,0.08361,0.08336,0.08343,1.055258e+06
1781139600000,0.08344,0.08388,0.08343,0.08381,4.76769e+06
1781140500000,0.0838,0.08412,0.08378,0.08405,6.394925e+06
1781141400000,0.08405,0.08448,0.08393,0.08437,3.233852e+06
1781142300000,0.08437,0.08443,0.08422,0.08427,4.594813e+06
1781143200000,0.08427,0.08435,0.08391,0.08401,2.925387e+06
1781144100000,0.08402,0.08416,0.08377,0.08379,2.491887e+06
1781145000000,0.08379,0.08386,0.08363,0.08385,3.409871e+06
1781145900000,0.08384,0.08422,0.08372,0.08415,3.733332e+06
1781146800000,0.08415,0.08424,0.08392,0.08399,1.636812e+06
1781147700000,0.08398,0.08419,0.08395,0.08418,767085
1781148600000,0.08419,0.08464,0.08419,0.08439,6.966917e+06
1781149500000,0.0844,0.08529,0.08438,0.08504,1.7526803e+07
1781150400000,0.08505,0.08514,0.08481,0.08498,1.0203044e+07
1781151300000,0.08498,0.08506,0.0849,0.08499,4.263996e+06
1781152200000,0.08498,0.08521,0.08481,0.08521,5.972937e+06
1781153100000,0.0852,0.08544,0.0851,0.08519,6.236515e+06
1781154000000,0.08519,0.08519,0.08488,0.08499,6.835256e+06
1781154900000,0.08499,0.08513,0.08489,0.08498,4.789423e+06
1781155800000,0.08498,0.0851,0.08488,0.08509,2.698242e+06
1781156700000,0.0851,0.08514,0.0848,0.0848,7.300364e+06
1781157600000,0.0848,0.08497,0.0846,0.0849,9.831401e+06
1781158500000,0.08491,0.08518,0.08491,0.08501,9.540599e+06
1781159400000,0.085,0.08511,0.08496,0.08501,4.779329e+06
1781160300000,0.08502,0.08508,0.08474,0.08477,2.656195e+06
1781161200000,0.08476,0.08485,0.08467,0.08479,1.1635347e+07
1781162100000,0.08478,0.08504,0.08478,0.08497,3.999007e+06
1781163000000,0.08497,0.08504,0.08471,0.08472,3.962033e+06
1781163900000,0.08471,0.08489,0.08471,0.08488,1.828747e+06
1781164800000,0.08487,0.0851,0.08486,0.08508,2.506574e+06
1781165700000,0.08508,0.0854,0.08504,0.08539,6.368802e+06
1781166600000,0.0854,0.0855,0.08522,0.08522,6.978178e+06
1781167500000,0.08522,0.0854,0.0852,0.08526,2.899706e+06
1781168400000,0.08526,0.08526,0.08486,0.08492,4.164745e+06
1781169300000,0.08492,0.08494,0.08478,0.08488,5.401081e+06
1781170200000,0.08489,0.0851,0.08489,0.08498,2.433028e+06
1781171100000,0.08498,0.0852,0.08493,0.08509,4.985964e+06
1781172000000,0.0851,0.0852,0.08499,0.08514,1.947086e+06
1781172900000,0.08514,0.08516,0.08497,0.08503,2.002334e+06
1781173800000,0.08504,0.08513,0.08499,0.08503,1.538004e+06
1781174700000,0.08503,0.08522,0.08503,0.08517,4.959027e+06
1781175600000,0.08516,0.0852,0.08494,0.08516,4.479081e+06
1781176500000,0.08515,0.08523,0.08502,0.08516,2.143699e+06
1781177400000,0.08516,0.0853,0.08503,0.08511,3.735262e+06
1781178300000,0.08511,0.08558,0.08509,0.08532,5.61982e+06
1781179200000,0.08533,0.08534,0.08515,0.08524,1.0799127e+07
1781180100000,0.08523,0.08529,0.08423,0.08445,1.5954414e+07
1781181000000,0.08444,0.08487,0.08425,0.0848,1.4484542e+07
1781181900000,0.0848,0.0849,0.08465,0.08478,4.885964e+06
1781182800000,0.08477,0.08486,0.08466,0.08482,2.962131e+06
1781183700000,0.08482,0.08507,0.08476,0.08481,4.03486e+06
1781184600000,0.08481,0.08495,0.08451,0.0849,5.604249e+06
1781185500000,0.08491,0.08525,0.0849,0.085,8.828522e+06
1781186400000,0.085,0.08512,0.08468,0.08477,4.481227e+06
1781187300000,0.08477,0.08507,0.08465,0.08503,4.684825e+06
1781188200000,0.08504,0.08517,0.08493,0.08509,3.560958e+06
1781189100000,0.08509,0.08545,0.08501,0.08501,6.10298e+06
1781190000000,0.08501,0.08507,0.0846,0.08481,1.0469977e+07
1781190900000,0.08481,0.08513,0.08477,0.08506,2.56307e+06
1781191800000,0.08506,0.08521,0.0849,0.08493,2.193375e+06
1781192700000,0.08492,0.08498,0.08468,0.08494,3.546975e+06
1781193600000,0.08495,0.08512,0.08481,0.08511,4.908915e+06
1781194500000,0.08512,0.08515,0.08468,0.08481,5.199468e+06
1781195400000,0.0848,0.08503,0.08463,0.08479,5.065719e+06
1781196300000,0.0848,0.08483,0.08468,0.08474,3.102814e+06
1781197200000,0.08473,0.08486,0.08447,0.08464,5.266974e+06
1781198100000,0.08463,0.08546,0.08441,0.08544,1.2642756e+07
1781199000000,0.08543,0.08625,0.08542,0.08625,3.4656231e+07
1781199900000,0.08625,0.08686,0.08622,0.08674,2.565417e+07
1781200800000,0.08674,0.08702,0.08626,0.08668,1.6132669e+07
1781201700000,0.08669,0.08691,0.08627,0.08637,9.446843e+06
1781202600000,0.08638,0.08658,0.08632,0.08656,2.833693e+06
1781203500000,0.08656,0.08667,0.08646,0.08652,5.454371e+06
1781204400000,0.08651,0.08659,0.08621,0.08635,7.25057e+06
1781205300000,0.08636,0.0868,0.08636,0.08666,1.3200758e+07
1781206200000,0.08666,0.08708,0.08665,0.08669,1.5672018e+07
1781207100000,0.08668,0.08671,0.08645,0.08651,4.227014e+06
1781208000000,0.08651,0.08664,0.08644,0.08648,3.336655e+06
1781208900000,0.08647,0.08654,0.08612,0.08617,5.661079e+06
1781209800000,0.08617,0.08624,0.08602,0.08606,2.953429e+06
1781210700000,0.08606,0.08633,0.08601,0.08632,2.342688e+06
1781211600000,0.08632,0.08673,0.08631,0.08667,2.4328e+06
1781212500000,0.08666,0.08666,0.08641,0.08644,5.289729e+06
1781213400000,0.08644,0.08655,0.08636,0.08649,1.0684698e+07
1781214300000,0.08649,0.08654,0.08632,0.08644,1.882572e+06
1781215200000,0.08645,0.08659,0.08633,0.08651,3.301378e+06
1781216100000,0.08652,0.08661,0.08642,0.08654,1.818515e+06
1781217000000,0.08654,0.08672,0.08637,0.08637,4.281493e+06
1781217900000,0.08636,0.08653,0.08628,0.08639,5.137142e+06
1781218800000,0.08639,0.08639,0.08617,0.08632,2.506741e+06
1781219700000,0.08632,0.08639,0.08614,0.08617,1.967325e+06
1781220600000,0.08617,0.08651,0.08617,0.08637,4.101531e+06
1781221500000,0.08638,0.08638,0.08599,0.08608,2.743058e+06
1781222400000,0.08608,0.08621,0.08587,0.08608,1.3414699e+07
1781223300000,0.08607,0.08611,0.08589,0.08603,2.270142e+06
1781224200000,0.08602,0.08617,0.08596,0.0861,2.753017e+06
1781225100000,0.08609,0.08611,0.08589,0.0859,2.011064e+06
1781226000000,0.08589,0.08607,0.08572,0.08602,4.377108e+06
1781226900000,0.08603,0.08614,0.08563,0.08576,5.01905e+06
1781227800000,0.08577,0.08581,0.08561,0.08574,5.248883e+06
1781228700000,0.08575,0.08592,0.08575,0.0859,2.217383e+06
1781229600000,0.08591,0.08658,0.08591,0.08641,3.850063e+06
1781230500000,0.08642,0.08646,0.08622,0.08627,2.226718e+06
1781231400000,0.08627,0.08656,0.08627,0.08656,3.254726e+06
1781232300000,0.08657,0.08657,0.08636,0.0864,4.479534e+06
1781233200000,0.08641,0.08647,0.08629,0.08637,2.118659e+06
1781234100000,0.08637,0.08641,0.08619,0.08634,1.546691e+06
1781235000000,0.08634,0.08651,0.08629,0.08643,2.572903e+06
1781235900000,0.08643,0.08659,0.08635,0.08658,2.675766e+06
1781236800000,0.08659,0.08664,0.08646,0.08653,2.575813e+06
1781237700000,0.08653,0.0868,0.08653,0.08678,4.546799e+06
1781238600000,0.08679,0.08694,0.08668,0.08672,1.0120016e+07
1781239500000,0.08673,0.08715,0.0867,0.08701,1.8910549e+07
1781240400000,0.08701,0.08706,0.08672,0.08683,9.76748e+06
1781241300000,0.08683,0.087,0.08677,0.08679,3.486609e+06
1781242200000,0.08678,0.08746,0.08674,0.08703,4.7064912e+07
1781243100000,0.08704,0.08715,0.08671,0.08678,1.0892441e+07
1781244000000,0.08678,0.08711,0.08659,0.08665,1.0701471e+07
1781244900000,0.08665,0.08667,0.08623,0.08638,1.6493353e+07
1781245800000,0.08637,0.08637,0.08505,0.08534,5.8724481e+07
1781246700000,0.08535,0.0855,0.08532,0.08542,6.82916e+06
1781247600000,0.08542,0.08578,0.08542,0.08552,5.656218e+06
1781248500000,0.08551,0.08573,0.08546,0.08565,2.782678e+06
1781249400000,0.08564,0.08576,0.08557,0.08566,2.075779e+06
1781250300000,0.08565,0.08601,0.08559,0.08596,1.4622003e+07
1781251200000,0.08596,0.08635,0.08595,0.08622,1.7844679e+07
1781252100000,0.08623,0.08672,0.08621,0.08661,6.957344e+06
1781253000000,0.08662,0.08671,0.0864,0.08641,4.107108e+06
1781253900000,0.08642,0.08671,0.08638,0.08666,2.066564e+06
1781254800000,0.08666,0.08674,0.08653,0.08665,2.727736e+06
1781255700000,0.08666,0.08696,0.08666,0.08693,6.153368e+06
1781256600000,0.08693,0.0873,0.08692,0.08709,8.039785e+06
1781257500000,0.08709,0.08722,0.087,0.08702,7.444326e+06
1781258400000,0.08703,0.08709,0.0868,0.08688,3.864104e+06
1781259300000,0.08687,0.08697,0.08634,0.0865,1.550253e+07
1781260200000,0.0865,0.08674,0.08649,0.08659,2.611137e+06
1781261100000,0.0866,0.0867,0.08657,0.0866,2.748414e+06
1781262000000,0.08661,0.08678,0.08657,0.0867,2.100397e+06
1781262900000,0.08669,0.08675,0.08655,0.08665,2.269273e+06
1781263800000,0.08665,0.08672,0.08648,0.08672,2.714939e+06
1781264700000,0.08672,0.08696,0.08672,0.08696,4.48218e+06
1781265600000,0.08695,0.08712,0.08682,0.0871,4.139139e+06
1781266500000,0.0871,0.0873,0.08691,0.08695,7.515331e+06
1781267400000,0.08694,0.08711,0.08682,0.08691,8.041215e+06
1781268300000,0.08692,0.08709,0.08679,0.08702,4.250965e+06
1781269200000,0.08702,0.0871,0.08686,0.08702,3.169708e+06
1781270100000,0.08701,0.08723,0.08688,0.08705,4.099261e+06
1781271000000,0.08706,0.08729,0.0867,0.08701,1.7850413e+07
1781271900000,0.08702,0.08737,0.08666,0.08701,1.5217103e+07
1781272800000,0.08701,0.08767,0.08694,0.0876,1.2622223e+07
1781273700000,0.0876,0.08957,0.08756,0.08951,5.5866623e+07
1781274600000,0.0895,0.09247,0.08913,0.09031,1.79634996e+08
1781275500000,0.09031,0.09066,0.08924,0.09061,7.3482526e+07
1781276400000,0.09061,0.09084,0.08967,0.09028,4.3549595e+07
1781277300000,0.09027,0.09028,0.08933,0.08954,2.2990148e+07
1781278200000,0.08954,0.08966,0.08849,0.0886,5.7792944e+07
1781279100000,0.0886,0.08877,0.08719,0.08744,5.8565197e+07
1781280000000,0.08744,0.08826,0.08721,0.0881,3.4603359e+07
1781280900000,0.0881,0.08838,0.08787,0.08809,1.6683442e+07
1781281800000,0.08809,0.08862,0.08803,0.0883,1.3215446e+07
1781282700000,0.08831,0.08878,0.08829,0.08878,1.0812095e+07
1781283600000,0.08879,0.08904,0.08845,0.08853,1.2799272e+07
1781284500000,0.08854,0.08854,0.08807,0.0884,5.862014e+06
1781285400000,0.08841,0.08851,0.08809,0.08815,5.761038e+06
1781286300000,0.08815,0.08829,0.08777,0.08786,5.175054e+06
1781287200000,0.08787,0.0881,0.08763,0.08779,7.267933e+06
1781288100000,0.08778,0.0879,0.08746,0.08777,4.802641e+06
1781289000000,0.08778,0.08798,0.08759,0.08786,4.506544e+06
1781289900000,0.08785,0.08798,0.08755,0.08758,3.27298e+06
1781290800000,0.08759,0.08798,0.08758,0.08792,3.078699e+06
1781291700000,0.08792,0.08807,0.08772,0.08796,2.504126e+06
1781292600000,0.08796,0.08815,0.08763,0.08769,8.175242e+06
1781293500000,0.08769,0.08777,0.08731,0.08741,5.599384e+06
1781294400000,0.08741,0.08769,0.08736,0.08769,7.187613e+06
1781295300000,0.0877,0.08776,0.08745,0.0877,6.820352e+06
1781296200000,0.0877,0.08784,0.08766,0.0877,2.632274e+06
1781297100000,0.0877,0.08774,0.08735,0.08747,4.039915e+06
1781298000000,0.08748,0.08766,0.08729,0.08756,3.148661e+06
1781298900000,0.08757,0.08769,0.08757,0.08766,3.501827e+06
1781299800000,0.08766,0.08773,0.08758,0.08758,2.444846e+06
1781300700000,0.08758,0.08758,0.08654,0.08672,1.1176421e+07
1781301600000,0.08672,0.08684,0.08637,0.08652,9.315126e+06
1781302500000,0.08653,0.08668,0.08644,0.08646,4.772302e+06
1781303400000,0.08646,0.0866,0.08619,0.08626,5.649559e+06
1781304300000,0.08625,0.0864,0.08617,0.08637,3.75775e+06
1781305200000,0.08637,0.08637,0.086,0.0861,1.1916629e+07
1781306100000,0.0861,0.08612,0.08558,0.08588,1.6999651e+07
1781307000000,0.08589,0.08596,0.08566,0.08586,5.255023e+06
1781307900000,0.08587,0.08607,0.08586,0.08598,4.208164e+06
1781308800000,0.08599,0.08606,0.0858,0.086,4.860879e+06
1781309700000,0.08601,0.0861,0.08584,0.08593,4.533837e+06
1781310600000,0.08593,0.08616,0.08589,0.08603,3.34086e+06
1781311500000,0.08602,0.08622,0.08596,0.08611,2.686485e+06
1781312400000,0.08611,0.08643,0.08609,0.0864,5.323802e+06
1781313300000,0.08639,0.08643,0.08618,0.08641,3.439991e+06
1781314200000,0.08642,0.08679,0.08631,0.08662,1.0134693e+07
1781315100000,0.08662,0.08679,0.08662,0.08677,3.515152e+06
1781316000000,0.08678,0.08692,0.08666,0.08682,6.794679e+06
1781316900000,0.08682,0.08683,0.08659,0.08667,3.118742e+06
1781317800000,0.08667,0.08671,0.08651,0.08654,2.040764e+06
1781318700000,0.08655,0.08659,0.08625,0.08646,5.117018e+06
1781319600000,0.08646,0.08659,0.08639,0.08641,4.19634e+06
1781320500000,0.08641,0.08644,0.08608,0.08624,6.307444e+06
1781321400000,0.08625,0.08641,0.0862,0.08635,3.946726e+06
1781322300000,0.08635,0.08648,0.08629,0.0863,1.554968e+06
1781323200000,0.08629,0.08633,0.08603,0.08617,1.999133e+06
1781324100000,0.08617,0.08634,0.08613,0.08625,2.073425e+06
1781325000000,0.08625,0.08649,0.08623,0.08641,3.647453e+06
1781325900000,0.08641,0.08646,0.08608,0.08609,2.283498e+06
1781326800000,0.0861,0.0863,0.08608,0.08624,1.753851e+06
1781327700000,0.08624,0.08624,0.08602,0.08606,3.867788e+06
1781328600000,0.08606,0.0862,0.08599,0.08608,4.637857e+06
1781329500000,0.08607,0.08616,0.08581,0.08616,5.493392e+06
1781330400000,0.08616,0.08627,0.08612,0.08615,2.723406e+06
1781331300000,0.08614,0.08633,0.08608,0.08633,2.954037e+06
1781332200000,0.08633,0.08653,0.08629,0.08645,1.0952894e+07
1781333100000,0.08645,0.08677,0.08645,0.08666,8.299137e+06
1781334000000,0.08666,0.08677,0.08646,0.0867,5.139251e+06
1781334900000,0.0867,0.08718,0.08662,0.08706,1.2444891e+07
1781335800000,0.08706,0.08711,0.08696,0.08706,7.096675e+06
1781336700000,0.08706,0.08725,0.08702,0.08707,8.996692e+06
1781337600000,0.08707,0.08722,0.08692,0.08699,7.622268e+06
1781338500000,0.08699,0.0872,0.08696,0.08709,4.474937e+06
1781339400000,0.08708,0.08739,0.08705,0.08719,3.314426e+06
1781340300000,0.08718,0.08726,0.08713,0.08714,2.234144e+06
1781341200000,0.08714,0.08735,0.08714,0.08732,2.508938e+06
1781342100000,0.08732,0.08747,0.08723,0.08726,2.486009e+06
1781343000000,0.08727,0.08732,0.08719,0.08727,2.182919e+06
1781343900000,0.08726,0.08726,0.08703,0.08715,1.3763719e+07
1781344800000,0.08715,0.0874,0.08712,0.08738,6.437171e+06
1781345700000,0.08739,0.08752,0.08729,0.0874,4.301666e+06
1781346600000,0.08739,0.0875,0.08733,0.08741,3.650465e+06
1781347500000,0.0874,0.08748,0.0872,0.08732,2.761962e+06
1781348400000,0.08732,0.08772,0.08726,0.0877,5.231823e+06
1781349300000,0.08771,0.08795,0.08771,0.08792,6.743996e+06
1781350200000,0.08792,0.08794,0.08781,0.08785,2.346797e+06
1781351100000,0.08785,0.08796,0.08774,0.08796,4.9547e+06
1781352000000,0.08795,0.08796,0.08774,0.08777,6.004556e+06
1781352900000,0.08776,0.08797,0.08776,0.08787,3.874165e+06
1781353800000,0.08787,0.08829,0.08786,0.0882,6.220679e+06
1781354700000,0.0882,0.08876,0.08818,0.08857,1.1099972e+07
1781355600000,0.08857,0.08859,0.08814,0.08826,7.980957e+06
1781356500000,0.08827,0.08843,0.08813,0.08825,4.756178e+06
1781357400000,0.08825,0.08841,0.08804,0.08829,4.87921e+06
1781358300000,0.08828,0.08829,0.08802,0.08812,6.225212e+06
1781359200000,0.08812,0.0883,0.08808,0.08827,4.992334e+06
1781360100000,0.08827,0.08844,0.08805,0.08818,3.790844e+06
1781361000000,0.08818,0.08836,0.08813,0.08816,4.709647e+06
1781361900000,0.08817,0.0884,0.08817,0.08837,4.669012e+06
1781362800000,0.08838,0.08872,0.08828,0.08863,9.328922e+06
1781363700000,0.08863,0.08883,0.08856,0.08861,8.210453e+06
1781364600000,0.08861,0.08881,0.08846,0.08847,3.42633e+06
1781365500000,0.08846,0.08856,0.08831,0.08835,1.5242555e+07
1781366400000,0.08836,0.08838,0.08803,0.0881,1.0390369e+07
1781367300000,0.0881,0.08813,0.08762,0.08782,1.0905994e+07
1781368200000,0.08782,0.088,0.08767,0.08794,5.198651e+06
1781369100000,0.08795,0.08812,0.08754,0.08792,1.2117316e+07
1781370000000,0.08791,0.08795,0.08739,0.08741,1.7806101e+07
1781370900000,0.08742,0.08773,0.0874,0.0877,4.060015e+06
1781371800000,0.0877,0.08779,0.08766,0.08779,1.811509e+06
1781372700000,0.08778,0.08779,0.08744,0.08762,4.477149e+06
1781373600000,0.08762,0.08777,0.08759,0.08772,1.39271e+06
1781374500000,0.08771,0.08781,0.08759,0.08779,1.983066e+06
1781375400000,0.08778,0.08787,0.08774,0.08784,921403
1781376300000,0.08785,0.08787,0.08756,0.08769,1.779445e+06
1781377200000,0.08769,0.08772,0.08759,0.08768,861542
1781378100000,0.08768,0.08771,0.08753,0.08756,1.779242e+06
1781379000000,0.08756,0.0879,0.08751,0.08787,3.578649e+06
1781379900000,0.08788,0.0879,0.08762,0.08763,8.650526e+06
1781380800000,0.08763,0.08772,0.08753,0.0877,2.183088e+06
1781381700000,0.0877,0.08778,0.08764,0.0877,1.709458e+06
1781382600000,0.0877,0.08773,0.08763,0.08768,978022
1781383500000,0.08768,0.08771,0.0876,0.08767,763167
1781384400000,0.08766,0.08775,0.08763,0.08767,1.19983e+06
1781385300000,0.08767,0.08779,0.08763,0.0877,1.197075e+06
1781386200000,0.08771,0.08859,0.0877,0.08833,1.6455955e+07
1781387100000,0.08834,0.08857,0.08809,0.08816,5.514459e+06
1781388000000,0.08816,0.08818,0.08784,0.08792,4.80575e+06
1781388900000,0.08793,0.08807,0.08785,0.08801,1.706127e+06
1781389800000,0.088,0.08803,0.08786,0.0879,3.347027e+06
1781390700000,0.08791,0.08792,0.0878,0.08785,2.232922e+06
1781391600000,0.08784,0.08801,0.08782,0.08786,926241
1781392500000,0.08786,0.08804,0.08783,0.08792,2.175735e+06
1781393400000,0.08792,0.08804,0.08789,0.08791,1.943344e+06
1781394300000,0.08791,0.08795,0.08773,0.08788,2.156368e+06
1781395200000,0.08787,0.08789,0.08775,0.08785,1.388534e+06
1781396100000,0.08785,0.08794,0.08772,0.08777,882373
1781397000000,0.08778,0.08789,0.08771,0.08779,1.752514e+06
1781397900000,0.08779,0.08783,0.08757,0.0877,4.406253e+06
1781398800000,0.08769,0.08789,0.08758,0.08778,1.864246e+06
1781399700000,0.08777,0.08801,0.08777,0.08793,2.506238e+06
1781400600000,0.08792,0.08792,0.08779,0.08785,1.045491e+06
1781401500000,0.08785,0.08798,0.0878,0.08781,3.929214e+06
1781402400000,0.08781,0.08808,0.08776,0.08801,5.74731e+06
1781403300000,0.08801,0.08811,0.08786,0.0879,2.460441e+06
1781404200000,0.0879,0.08806,0.08788,0.08794,1.239312e+06
1781405100000,0.08794,0.08798,0.08786,0.08793,1.606883e+06
1781406000000,0.08792,0.08793,0.08781,0.08783,1.092776e+06
1781406900000,0.08783,0.088,0.08781,0.08796,2.367967e+06
1781407800000,0.08795,0.08798,0.08784,0.0879,2.47345e+06
1781408700000,0.08789,0.08816,0.08787,0.08809,3.053654e+06
1781409600000,0.08809,0.08814,0.08784,0.08794,1.889611e+06
1781410500000,0.08794,0.08804,0.0878,0.08782,1.096983e+06
1781411400000,0.08782,0.08785,0.08748,0.08753,3.376772e+06
1781412300000,0.08753,0.08765,0.08744,0.0876,3.614242e+06
1781413200000,0.08761,0.08767,0.08749,0.08754,2.397908e+06
1781414100000,0.08754,0.08757,0.0873,0.08735,2.643538e+06
1781415000000,0.08734,0.0877,0.08727,0.08761,4.000762e+06
1781415900000,0.0876,0.08778,0.0876,0.08763,1.128724e+06
1781416800000,0.08763,0.08786,0.08763,0.08783,2.077999e+06
1781417700000,0.08782,0.08782,0.08764,0.08778,1.496762e+06
1781418600000,0.08778,0.08778,0.08749,0.08749,1.688478e+06
1781419500000,0.08749,0.08753,0.08741,0.08751,682423
1781420400000,0.08751,0.08752,0.0873,0.08731,1.276536e+06
1781421300000,0.08732,0.08745,0.08731,0.08737,1.36221e+06
1781422200000,0.08738,0.08739,0.08704,0.08708,3.631173e+06
1781423100000,0.08708,0.08727,0.08708,0.08719,1.321949e+06
1781424000000,0.08719,0.08722,0.08703,0.08718,2.7707e+06
1781424900000,0.08719,0.08742,0.08719,0.08742,2.419477e+06
1781425800000,0.08741,0.08747,0.08734,0.08741,2.092352e+06
1781426700000,0.08742,0.08744,0.08717,0.08721,3.304866e+06
1781427600000,0.08721,0.08723,0.08704,0.08707,1.970392e+06
1781428500000,0.08708,0.0871,0.08673,0.08698,3.859467e+06
1781429400000,0.08697,0.08741,0.08693,0.08737,2.449166e+06
1781430300000,0.08737,0.08746,0.08733,0.08742,1.089561e+06
1781431200000,0.08742,0.08744,0.08726,0.0873,1.513338e+06
1781432100000,0.08729,0.08751,0.08728,0.08735,2.77858e+06
1781433000000,0.08734,0.08747,0.0873,0.08733,2.14174e+06
1781433900000,0.08733,0.08735,0.08709,0.08712,1.844989e+06
1781434800000,0.08713,0.08725,0.08701,0.08721,1.251198e+06
1781435700000,0.08722,0.08722,0.08709,0.08715,1.20454e+06
1781436600000,0.08715,0.08728,0.08713,0.08718,986115
1781437500000,0.08719,0.08723,0.08702,0.08703,1.239496e+06
1781438400000,0.08703,0.0871,0.08684,0.0869,5.099602e+06
1781439300000,0.0869,0.08705,0.08686,0.08687,1.996909e+06
1781440200000,0.08686,0.08695,0.0864,0.0866,9.848541e+06
1781441100000,0.0866,0.08663,0.08645,0.08658,5.457e+06
1781442000000,0.08658,0.08669,0.08647,0.08651,2.609364e+06
1781442900000,0.08651,0.08663,0.0863,0.08632,3.90696e+06
1781443800000,0.08633,0.0866,0.08621,0.08657,8.200205e+06
1781444700000,0.08657,0.08661,0.08634,0.0865,5.475872e+06
1781445600000,0.0865,0.08653,0.08633,0.08641,1.524169e+06
1781446500000,0.08641,0.08655,0.08623,0.08624,5.685126e+06
1781447400000,0.08624,0.08627,0.08568,0.08583,2.260067e+07
1781448300000,0.08583,0.08602,0.08577,0.08602,5.136102e+06
1781449200000,0.08603,0.08619,0.08601,0.08612,2.764838e+06
1781450100000,0.08612,0.08619,0.08591,0.08604,4.459023e+06
1781451000000,0.08603,0.08618,0.08597,0.0861,1.493677e+06
1781451900000,0.0861,0.08639,0.08602,0.08632,4.1867971e+07
1781452800000,0.08632,0.08656,0.08629,0.08646,6.3989e+06
1781453700000,0.08646,0.08669,0.08642,0.08655,6.737503e+06
1781454600000,0.08654,0.08667,0.08653,0.08664,2.094859e+06
1781455500000,0.08665,0.08666,0.08634,0.08646,5.807425e+06
1781456400000,0.08645,0.08665,0.08643,0.08653,4.483866e+06
1781457300000,0.08653,0.0866,0.0864,0.08646,1.820603e+06
1781458200000,0.08647,0.08656,0.08626,0.0865,2.962229e+06
1781459100000,0.08649,0.08655,0.08625,0.08636,3.307188e+06
1781460000000,0.08637,0.08642,0.08627,0.08641,1.21153e+06
1781460900000,0.08642,0.08646,0.08616,0.08619,2.459781e+06
1781461800000,0.08619,0.08634,0.08615,0.08633,1.881915e+06
1781462700000,0.08634,0.0864,0.08632,0.08635,944877
1781463600000,0.08636,0.08653,0.08624,0.0865,679672
1781464500000,0.08651,0.08661,0.08651,0.08655,374180
1781465400000,0.08655,0.08663,0.08643,0.08646,562119
1781466300000,0.08646,0.08647,0.08636,0.08642,1.111833e+06
1781467200000,0.08642,0.08651,0.0863,0.08635,2.200877e+06
1781468100000,0.08635,0.08672,0.08632,0.08671,3.442982e+06
1781469000000,0.08671,0.08697,0.08664,0.08685,2.498058e+06
1781469900000,0.08685,0.08686,0.08664,0.08665,1.248575e+06
1781470800000,0.08665,0.08684,0.08661,0.08684,1.921905e+06
1781471700000,0.08683,0.08808,0.08683,0.08803,2.8345395e+07
1781472600000,0.08804,0.0888,0.08793,0.08859,1.4733584e+07
1781473500000,0.08859,0.08913,0.08848,0.08857,1.7853595e+07
1781474400000,0.08857,0.08882,0.08799,0.08838,2.2836718e+07
1781475300000,0.08838,0.0885,0.08807,0.08831,9.116994e+06
1781476200000,0.08832,0.08875,0.08824,0.08849,9.451628e+06
1781477100000,0.0885,0.08855,0.08828,0.08839,9.659079e+06
1781478000000,0.08839,0.08858,0.08811,0.08847,7.137632e+06
1781478900000,0.08848,0.08897,0.08843,0.08885,6.226903e+06
1781479800000,0.08885,0.08899,0.08851,0.08856,1.7672181e+07
1781480700000,0.08856,0.08895,0.08854,0.08889,5.571127e+06
1781481600000,0.08889,0.08917,0.08872,0.08915,2.2043817e+07
1781482500000,0.08914,0.08914,0.08875,0.08888,8.8436e+06
1781483400000,0.08888,0.08889,0.08851,0.08859,6.000935e+06
1781484300000,0.08859,0.08889,0.08852,0.0888,2.449615e+06
1781485200000,0.08881,0.08884,0.08841,0.0888,4.854117e+06
1781486100000,0.08879,0.08885,0.08828,0.08837,1.2388621e+07
1781487000000,0.08837,0.08888,0.08825,0.08887,1.3818004e+07
1781487900000,0.08887,0.08889,0.08837,0.08843,1.9840391e+07
1781488800000,0.08842,0.08895,0.08835,0.0889,5.916775e+06
1781489700000,0.0889,0.08921,0.08884,0.08886,7.249304e+06
1781490600000,0.08886,0.08898,0.08877,0.0889,2.291842e+06
1781491500000,0.08889,0.08893,0.08872,0.08876,4.135318e+06
1781492400000,0.08876,0.08912,0.08867,0.08908,6.177117e+06
1781493300000,0.08908,0.08912,0.08892,0.08903,3.729642e+06
1781494200000,0.08902,0.0891,0.08883,0.0891,1.0045984e+07
1781495100000,0.08909,0.08913,0.08893,0.08896,6.902141e+06
1781496000000,0.08897,0.089,0.08876,0.08892,5.05163e+06
1781496900000,0.08892,0.08902,0.08881,0.08882,3.158734e+06
1781497800000,0.08882,0.08885,0.08857,0.08864,6.274681e+06
1781498700000,0.08863,0.0888,0.08857,0.08858,4.713948e+06
1781499600000,0.08858,0.08863,0.08847,0.08857,2.979079e+06
1781500500000,0.08857,0.08893,0.08855,0.08892,3.539574e+06
1781501400000,0.08893,0.08895,0.08864,0.08865,7.707036e+06
1781502300000,0.08864,0.0888,0.08862,0.08874,1.307366e+06
1781503200000,0.08874,0.08886,0.08865,0.08886,7.431534e+06
1781504100000,0.08885,0.089,0.0888,0.08892,3.009724e+06
1781505000000,0.08892,0.08896,0.08863,0.08872,3.748389e+06
1781505900000,0.08872,0.0889,0.08867,0.08872,2.769842e+06
1781506800000,0.08872,0.08873,0.08845,0.08863,3.951412e+06
1781507700000,0.08862,0.08878,0.08857,0.08871,4.54715e+06
1781508600000,0.0887,0.0887,0.08838,0.08852,2.512821e+06
1781509500000,0.08851,0.08863,0.08838,0.08853,4.024183e+06
1781510400000,0.08853,0.08875,0.08846,0.08853,5.424025e+06
1781511300000,0.08853,0.08876,0.08844,0.08875,6.724578e+06
1781512200000,0.08874,0.08893,0.08871,0.08883,3.615216e+06
1781513100000,0.08884,0.08889,0.08853,0.08855,3.830269e+06
1781514000000,0.08855,0.08871,0.08854,0.0886,2.556178e+06
1781514900000,0.0886,0.08876,0.08851,0.08857,4.625404e+06
1781515800000,0.08857,0.08857,0.08812,0.0884,6.274278e+06
1781516700000,0.0884,0.08862,0.08836,0.08859,4.141347e+06
1781517600000,0.08858,0.08874,0.08856,0.08864,2.322568e+06
1781518500000,0.08865,0.08873,0.08846,0.08847,3.025688e+06
1781519400000,0.08847,0.08868,0.08845,0.08864,1.09318e+06
1781520300000,0.08865,0.08946,0.08855,0.08922,2.3417049e+07
1781521200000,0.08921,0.08939,0.08902,0.08926,1.1234253e+07
1781522100000,0.08926,0.09011,0.08923,0.08981,3.0690825e+07
1781523000000,0.08981,0.08994,0.08962,0.08962,1.2618387e+07
1781523900000,0.08962,0.08991,0.08954,0.08971,6.543618e+06
1781524800000,0.08972,0.08991,0.08958,0.0898,5.420004e+06
1781525700000,0.0898,0.0899,0.08953,0.08987,4.313492e+06
1781526600000,0.08987,0.09023,0.08964,0.0902,1.5058742e+07
1781527500000,0.09019,0.0902,0.08997,0.09008,7.959025e+06
1781528400000,0.09008,0.09048,0.08997,0.09046,1.8686496e+07
1781529300000,0.09045,0.09092,0.09043,0.09078,2.8864034e+07
1781530200000,0.09078,0.09084,0.09012,0.09039,2.1725667e+07
1781531100000,0.09038,0.09041,0.09005,0.09033,1.5184748e+07
1781532000000,0.09032,0.09034,0.08982,0.09011,1.5217022e+07
1781532900000,0.09011,0.09024,0.0898,0.08993,2.9972715e+07
1781533800000,0.08994,0.08995,0.08907,0.0893,9.9834072e+07
1781534700000,0.0893,0.08995,0.0893,0.08952,3.1971947e+07
1781535600000,0.08952,0.08967,0.08946,0.08952,9.554317e+06
1781536500000,0.08952,0.08968,0.08938,0.08949,7.465005e+06
1781537400000,0.08949,0.09019,0.08923,0.09009,1.6224098e+07
1781538300000,0.0901,0.09077,0.09008,0.09071,1.9971023e+07
1781539200000,0.0907,0.09071,0.09028,0.0904,1.0506427e+07
1781540100000,0.09039,0.09057,0.09009,0.09049,1.0536131e+07
1781541000000,0.0905,0.09063,0.09021,0.09044,6.725725e+06
1781541900000,0.09044,0.09057,0.09005,0.09008,4.817672e+06
1781542800000,0.09008,0.09011,0.08958,0.08964,1.6585394e+07
1781543700000,0.08964,0.08971,0.08948,0.08959,7.491548e+06
1781544600000,0.08959,0.08975,0.08928,0.08961,4.546616e+06
1781545500000,0.0896,0.08985,0.08953,0.08968,4.473419e+06
1781546400000,0.08967,0.08974,0.08931,0.0895,4.891008e+06
1781547300000,0.0895,0.08964,0.08935,0.08939,2.970793e+06
1781548200000,0.08939,0.08956,0.08926,0.08941,6.888361e+06
1781549100000,0.08942,0.0896,0.08931,0.08933,3.566442e+06
1781550000000,0.08933,0.08974,0.08924,0.08963,3.795276e+06
1781550900000,0.08963,0.08972,0.08859,0.08887,1.827387e+07
1781551800000,0.08888,0.08928,0.08886,0.08928,1.0088739e+07
1781552700000,0.08929,0.08933,0.08874,0.089,7.356872e+06
1781553600000,0.089,0.08925,0.08883,0.08918,4.659119e+06
1781554500000,0.08919,0.08922,0.08891,0.08894,1.1572173e+07
1781555400000,0.08894,0.0891,0.08889,0.08893,2.840463e+06
1781556300000,0.08892,0.08908,0.08869,0.08901,1.1827972e+07
1781557200000,0.089,0.08912,0.08876,0.08909,6.135297e+06
1781558100000,0.08908,0.08917,0.08885,0.08885,2.53636e+06
1781559000000,0.08884,0.08892,0.08864,0.08887,5.108747e+06
1781559900000,0.08886,0.0889,0.0887,0.08884,1.088737e+06
1781560800000,0.08884,0.08898,0.08873,0.08877,2.189614e+06
1781561700000,0.08878,0.08889,0.08808,0.08821,1.4943343e+07
1781562600000,0.0882,0.08837,0.08784,0.08809,9.919193e+06
1781563500000,0.08808,0.08819,0.08781,0.08802,1.7359695e+07
1781564400000,0.08803,0.08828,0.08798,0.0882,3.932791e+06
1781565300000,0.0882,0.08825,0.08784,0.08812,5.877816e+06
1781566200000,0.08813,0.08814,0.0878,0.08809,3.134111e+06
1781567100000,0.0881,0.08822,0.08806,0.08814,3.183695e+06
1781568000000,0.08814,0.08832,0.08801,0.08826,2.849598e+06
1781568900000,0.08826,0.08831,0.08791,0.08791,5.817259e+06
1781569800000,0.08792,0.08825,0.08788,0.0881,2.373822e+06
1781570700000,0.0881,0.0881,0.08769,0.08776,5.598062e+06
1781571600000,0.08776,0.08806,0.08774,0.08788,5.001546e+06
1781572500000,0.08789,0.08804,0.0878,0.08797,2.333521e+06
1781573400000,0.08797,0.08812,0.08789,0.08804,3.200732e+06
1781574300000,0.08804,0.08812,0.08784,0.08787,2.403746e+06
1781575200000,0.08787,0.088,0.08735,0.08736,2.1316866e+07
1781576100000,0.08736,0.08755,0.08681,0.08689,1.9506425e+07
1781577000000,0.08688,0.08722,0.08683,0.08709,6.779785e+06
1781577900000,0.08709,0.08722,0.08686,0.08699,8.654327e+06
1781578800000,0.087,0.08716,0.08688,0.08716,5.012566e+06
1781579700000,0.08716,0.08744,0.08687,0.08743,5.119117e+06
1781580600000,0.08743,0.08753,0.08738,0.08752,4.196532e+06
1781581500000,0.08753,0.08754,0.08745,0.08747,3.623023e+06
1781582400000,0.08747,0.0876,0.0873,0.08734,4.911127e+06
1781583300000,0.08733,0.08735,0.08704,0.08704,4.469284e+06
1781584200000,0.08704,0.08705,0.08672,0.08685,7.398791e+06
1781585100000,0.08686,0.08699,0.08678,0.08695,5.738952e+06
1781586000000,0.08694,0.08726,0.08693,0.08713,4.481182e+06
1781586900000,0.08712,0.08734,0.087,0.08725,1.5713685e+07
1781587800000,0.08726,0.08732,0.08711,0.08726,6.664823e+06
1781588700000,0.08726,0.08735,0.08715,0.08728,2.8404757e+07
1781589600000,0.08728,0.08742,0.08728,0.08741,3.228477e+06
1781590500000,0.08741,0.08747,0.08734,0.08743,3.699971e+06
1781591400000,0.08744,0.08772,0.0874,0.08756,6.245133e+06
1781592300000,0.08755,0.08773,0.08753,0.08763,4.711876e+06
1781593200000,0.08764,0.08779,0.08755,0.08756,6.710754e+06
1781594100000,0.08756,0.08766,0.08745,0.08762,3.701868e+06
1781595000000,0.08761,0.08782,0.08759,0.08766,4.078888e+06
1781595900000,0.08766,0.08786,0.08764,0.08785,2.546375e+06
1781596800000,0.08785,0.08787,0.08761,0.08782,4.086138e+06
1781597700000,0.08783,0.08823,0.08783,0.08816,2.2305607e+07
1781598600000,0.08817,0.08851,0.08817,0.08837,2.6020215e+07
1781599500000,0.08837,0.08909,0.08837,0.08885,2.2413763e+07
1781600400000,0.08885,0.08896,0.0887,0.08883,6.264167e+06
1781601300000,0.08883,0.08883,0.08841,0.08861,1.0719198e+07
1781602200000,0.08862,0.08881,0.08848,0.0888,5.811912e+06
1781603100000,0.08881,0.08887,0.08844,0.08855,3.75889e+06
1781604000000,0.08855,0.08859,0.08827,0.0883,2.267291e+06
1781604900000,0.08831,0.08866,0.08831,0.08864,4.512774e+06
1781605800000,0.08864,0.08868,0.08847,0.08861,2.694568e+06
1781606700000,0.0886,0.08861,0.08825,0.08828,3.207382e+06
1781607600000,0.08828,0.08844,0.08811,0.08819,3.884072e+06
1781608500000,0.08819,0.08838,0.08797,0.08804,3.933803e+06
1781609400000,0.08804,0.08809,0.08783,0.08804,3.602323e+06
1781610300000,0.08804,0.08821,0.08796,0.0882,2.502081e+06
1781611200000,0.08819,0.08836,0.08792,0.08826,5.24454e+06
1781612100000,0.08827,0.08848,0.08827,0.08845,5.13986e+06
1781613000000,0.08846,0.08893,0.08834,0.08848,9.020534e+06
1781613900000,0.08847,0.08847,0.08811,0.08843,1.2167555e+07
1781614800000,0.08844,0.08848,0.08725,0.08771,1.0569431e+07
1781615700000,0.08772,0.08786,0.08747,0.08749,4.463508e+06
1781616600000,0.08748,0.08782,0.08735,0.08768,6.880643e+06
1781617500000,0.08768,0.08774,0.08722,0.08743,6.787342e+06
1781618400000,0.08743,0.08777,0.08739,0.08744,4.777896e+06
1781619300000,0.08744,0.08757,0.0865,0.08652,2.1211412e+07
1781620200000,0.08653,0.08696,0.08622,0.08682,1.4353356e+07
1781621100000,0.08682,0.087,0.08655,0.08668,3.647636e+06
1781622000000,0.08667,0.08707,0.08656,0.08705,4.128071e+06
1781622900000,0.08706,0.08711,0.0868,0.08701,4.038083e+06
1781623800000,0.08701,0.08737,0.08696,0.08706,2.05956e+06
1781624700000,0.08706,0.0874,0.08683,0.08719,7.594041e+06
1781625600000,0.08718,0.0873,0.08693,0.08695,4.132319e+06
1781626500000,0.08695,0.08707,0.08672,0.08695,3.312666e+06
1781627400000,0.08694,0.08694,0.0863,0.08663,4.3556851e+07
1781628300000,0.08663,0.08666,0.08639,0.08654,5.912274e+06
1781629200000,0.08654,0.08678,0.08654,0.08672,3.728467e+06
1781630100000,0.08672,0.08698,0.08657,0.08667,3.078502e+06
1781631000000,0.08666,0.0869,0.08652,0.08681,2.702137e+06
1781631900000,0.08681,0.08737,0.08678,0.08725,5.437664e+06
1781632800000,0.08726,0.08787,0.08722,0.08765,6.945415e+06
1781633700000,0.08765,0.08775,0.08732,0.08744,2.20081e+06
1781634600000,0.08743,0.08765,0.08739,0.08756,3.507379e+06
1781635500000,0.08757,0.08774,0.08751,0.08758,2.343502e+06
1781636400000,0.08759,0.08759,0.08726,0.08728,5.373442e+06
1781637300000,0.08728,0.08743,0.08699,0.08741,5.858138e+06
1781638200000,0.08742,0.08762,0.08741,0.08759,2.106306e+06
1781639100000,0.0876,0.08769,0.0871,0.08728,7.512053e+06
1781640000000,0.08728,0.08757,0.08711,0.08749,2.529392e+06
1781640900000,0.08748,0.08775,0.08742,0.08748,6.649693e+06
1781641800000,0.08748,0.08769,0.08746,0.08768,1.694331e+06
1781642700000,0.08768,0.08779,0.08762,0.08767,2.203397e+06
1781643600000,0.08768,0.08779,0.08756,0.08771,1.73999e+06
1781644500000,0.0877,0.08775,0.08743,0.08752,2.919337e+06
1781645400000,0.08751,0.08755,0.08727,0.08744,3.477326e+06
1781646300000,0.08744,0.08758,0.08731,0.08748,2.876237e+06
1781647200000,0.08747,0.08764,0.08727,0.0875,1.806149e+06
1781648100000,0.08751,0.08757,0.08731,0.0874,791986
1781649000000,0.0874,0.08744,0.0873,0.08731,1.462158e+06
1781649900000,0.0873,0.08738,0.0872,0.08735,2.137822e+06
1781650800000,0.08735,0.08742,0.08717,0.0872,975442
1781651700000,0.0872,0.08728,0.08701,0.08726,2.59622e+06
1781652600000,0.08726,0.08741,0.08725,0.08736,1.165155e+06
1781653500000,0.08735,0.08737,0.08708,0.08717,2.624612e+06
1781654400000,0.08717,0.08734,0.08714,0.08723,2.007449e+06
1781655300000,0.08723,0.08736,0.08714,0.08723,2.451749e+06
1781656200000,0.08722,0.08749,0.08713,0.08747,1.2326e+06
1781657100000,0.08747,0.08751,0.08725,0.0874,1.0391149e+07
1781658000000,0.08741,0.08752,0.08731,0.08747,5.423175e+06
1781658900000,0.08746,0.08746,0.08699,0.0872,3.320683e+06
1781659800000,0.0872,0.08758,0.08708,0.08749,1.193069e+06
1781660700000,0.0875,0.08786,0.08749,0.08777,2.825603e+06
1781661600000,0.08778,0.08782,0.08763,0.08767,1.141713e+06
1781662500000,0.08767,0.08812,0.08757,0.08809,5.620684e+06
1781663400000,0.08809,0.0881,0.08751,0.08768,3.032329e+06
1781664300000,0.08769,0.08779,0.08755,0.08778,1.229649e+06
1781665200000,0.08778,0.08778,0.08754,0.08757,2.937931e+06
1781666100000,0.08757,0.08757,0.08736,0.08749,2.875424e+06
1781667000000,0.08748,0.08766,0.08739,0.08741,2.919444e+06
1781667900000,0.08741,0.08753,0.08729,0.08748,1.0222101e+07
1781668800000,0.08749,0.08762,0.08739,0.08751,1.107682e+06
1781669700000,0.0875,0.08759,0.08738,0.08758,1.567964e+06
1781670600000,0.08758,0.08775,0.08755,0.08768,1.235141e+06
1781671500000,0.08767,0.08786,0.08751,0.08753,1.888665e+06
1781672400000,0.08753,0.08768,0.08737,0.08743,4.091226e+06
1781673300000,0.08742,0.08762,0.08723,0.08761,2.875354e+06
1781674200000,0.0876,0.08769,0.08754,0.08766,2.703914e+06
1781675100000,0.08765,0.08768,0.08735,0.0874,1.323373e+06
1781676000000,0.0874,0.08751,0.08734,0.08747,1.113439e+06
1781676900000,0.08747,0.08751,0.0871,0.08712,2.218793e+06
1781677800000,0.08711,0.08717,0.08675,0.0869,9.046874e+06
1781678700000,0.08691,0.08712,0.08691,0.08702,6.58317e+06
1781679600000,0.08703,0.08719,0.08689,0.08715,4.520394e+06
1781680500000,0.08714,0.08723,0.08677,0.08679,9.802051e+06
1781681400000,0.08679,0.08695,0.0867,0.08689,2.728855e+06
1781682300000,0.08689,0.08696,0.08658,0.0869,3.648754e+06
1781683200000,0.08691,0.08692,0.08652,0.08654,3.838322e+06
1781684100000,0.08655,0.08661,0.08637,0.0865,5.754717e+06
1781685000000,0.0865,0.0865,0.08591,0.086,1.4749725e+07
1781685900000,0.086,0.0861,0.08575,0.08597,5.174358e+06
1781686800000,0.08596,0.08615,0.08596,0.08608,8.105249e+06
1781687700000,0.08608,0.08628,0.08601,0.08614,2.853313e+06
1781688600000,0.08614,0.08615,0.08597,0.08598,1.630059e+06
1781689500000,0.08598,0.08617,0.0859,0.08606,4.578746e+06
1781690400000,0.08607,0.08614,0.0859,0.08605,2.306697e+06
1781691300000,0.08605,0.08617,0.08596,0.08611,1.431291e+06
1781692200000,0.08611,0.08618,0.08603,0.08612,1.279616e+06
1781693100000,0.08611,0.08618,0.08594,0.08598,1.638765e+06
1781694000000,0.08599,0.0861,0.08555,0.0858,7.47852e+06
1781694900000,0.08581,0.08587,0.0855,0.08572,1.6397667e+07
1781695800000,0.08572,0.08596,0.08568,0.08596,1.739089e+06
1781696700000,0.08596,0.08603,0.08584,0.08584,1.681213e+06
1781697600000,0.08584,0.08607,0.08572,0.08607,2.483768e+06
1781698500000,0.08607,0.08607,0.08556,0.08565,5.626664e+06
1781699400000,0.08565,0.08606,0.08548,0.08603,4.610264e+06
1781700300000,0.08603,0.08628,0.08602,0.08625,2.582347e+06
1781701200000,0.08625,0.08634,0.08613,0.08628,3.756154e+06
1781702100000,0.08627,0.08629,0.08598,0.08614,3.12835e+06
1781703000000,0.08613,0.08655,0.08595,0.08651,6.884089e+06
1781703900000,0.08651,0.08661,0.08623,0.08628,2.807543e+06
1781704800000,0.08628,0.08648,0.08615,0.08646,2.02785e+06
1781705700000,0.08646,0.08657,0.0863,0.08641,2.884451e+06
1781706600000,0.08642,0.08646,0.08614,0.08627,1.670441e+06
1781707500000,0.08627,0.08636,0.08565,0.08608,7.548176e+06
1781708400000,0.08608,0.08645,0.08601,0.08645,2.390257e+06
1781709300000,0.08644,0.08679,0.08638,0.08661,5.245076e+06
1781710200000,0.08661,0.0869,0.08652,0.08684,4.768296e+06
1781711100000,0.08684,0.08729,0.08682,0.08729,7.561035e+06
1781712000000,0.08729,0.08737,0.08706,0.08721,4.88904e+06
1781712900000,0.08721,0.08777,0.08711,0.08759,5.642292e+06
1781713800000,0.08759,0.08767,0.08719,0.08733,4.337416e+06
1781714700000,0.08733,0.08738,0.08704,0.08706,4.939566e+06
1781715600000,0.08707,0.08721,0.08693,0.08698,4.334787e+06
1781716500000,0.08698,0.08729,0.08697,0.08726,2.413047e+06
1781717400000,0.08726,0.08741,0.08697,0.08705,2.209536e+06
1781718300000,0.08706,0.08762,0.08695,0.08759,4.006973e+06
1781719200000,0.08759,0.08759,0.08587,0.08679,2.2467449e+07
1781720100000,0.08679,0.08706,0.08653,0.08665,5.294551e+06
1781721000000,0.08666,0.08789,0.08649,0.08773,1.0889246e+07
1781721900000,0.08773,0.08776,0.08689,0.08704,4.579061e+06
1781722800000,0.08705,0.08724,0.0866,0.08699,7.447644e+06
1781723700000,0.087,0.08702,0.08539,0.08556,1.7645785e+07
1781724600000,0.08555,0.08594,0.085,0.08515,1.3713363e+07
1781725500000,0.08516,0.08564,0.08505,0.08542,1.5726185e+07
1781726400000,0.08541,0.08576,0.08528,0.08564,5.488234e+06
1781727300000,0.08564,0.08588,0.08558,0.08574,1.747695e+06
1781728200000,0.08575,0.08604,0.08566,0.08567,2.943944e+06
1781729100000,0.08566,0.08626,0.08559,0.08622,5.524522e+06
1781730000000,0.08623,0.08626,0.08587,0.08589,4.524569e+06
1781730900000,0.08588,0.0861,0.08582,0.08593,1.34074e+06
1781731800000,0.08592,0.08612,0.08567,0.08573,2.840026e+06
1781732700000,0.08572,0.08572,0.08545,0.0856,3.042354e+06
1781733600000,0.0856,0.0856,0.08464,0.08536,1.4131118e+07
1781734500000,0.08536,0.08579,0.0853,0.08579,1.252991e+06
1781735400000,0.08579,0.08589,0.08574,0.08577,1.004567e+06
1781736300000,0.08578,0.08597,0.08577,0.08584,774424
1781737200000,0.08584,0.08611,0.08581,0.08586,2.280518e+06
1781738100000,0.08586,0.08617,0.08586,0.08608,1.038123e+06
1781739000000,0.08608,0.08611,0.08585,0.08588,893293
1781739900000,0.08587,0.08595,0.08578,0.08593,883878
1781740800000,0.08592,0.08635,0.08591,0.0862,1.918988e+06
1781741700000,0.08621,0.08631,0.0861,0.08619,996116
1781742600000,0.08619,0.08636,0.08613,0.08621,2.380661e+06
1781743500000,0.08621,0.08631,0.08612,0.08621,1.199408e+06
1781744400000,0.08621,0.08657,0.0862,0.08638,4.203373e+06
1781745300000,0.08638,0.08638,0.0862,0.08629,1.951881e+06
1781746200000,0.08629,0.08639,0.08611,0.08617,1.481097e+06
1781747100000,0.08616,0.08627,0.08608,0.08623,786836
1781748000000,0.08624,0.08634,0.08614,0.08615,1.45417e+06
1781748900000,0.08614,0.08638,0.08606,0.08633,1.495962e+06
1781749800000,0.08634,0.08635,0.08615,0.0862,927197
1781750700000,0.0862,0.08625,0.0861,0.08619,1.86928e+06
1781751600000,0.08618,0.08619,0.08601,0.08607,1.084154e+06
1781752500000,0.08606,0.08607,0.08554,0.08556,1.312612e+06
1781753400000,0.08555,0.08562,0.08521,0.08532,7.55627e+06
1781754300000,0.08531,0.08554,0.08528,0.08533,2.579126e+06
1781755200000,0.08533,0.08541,0.08447,0.08466,1.4086245e+07
1781756100000,0.08466,0.08484,0.0844,0.08468,3.735482e+06
1781757000000,0.08469,0.08481,0.08456,0.08457,1.319372e+06
1781757900000,0.08457,0.0848,0.08441,0.08467,2.624331e+06
1781758800000,0.08466,0.08468,0.08394,0.08417,1.4310387e+07
1781759700000,0.08416,0.08436,0.08412,0.08426,3.710843e+06
1781760600000,0.08426,0.0845,0.08414,0.08431,3.572775e+06
1781761500000,0.08431,0.08436,0.08417,0.08428,2.014334e+06
1781762400000,0.08428,0.08446,0.08413,0.08431,4.188029e+06
1781763300000,0.08431,0.08449,0.0842,0.08435,1.637739e+06
1781764200000,0.08435,0.08448,0.08429,0.0844,2.29218e+06
1781765100000,0.0844,0.08478,0.0843,0.08468,5.769349e+06
1781766000000,0.08468,0.0847,0.08445,0.08466,2.974687e+06
1781766900000,0.08465,0.08507,0.08461,0.08497,3.039406e+06
1781767800000,0.08498,0.08514,0.08491,0.08506,1.211209e+06
1781768700000,0.08507,0.08514,0.08491,0.08494,2.461514e+06
1781769600000,0.08495,0.0852,0.0848,0.08505,5.620001e+06
1781770500000,0.08505,0.0851,0.08498,0.08505,1.135451e+06
1781771400000,0.08505,0.08525,0.08505,0.08516,2.070337e+06
1781772300000,0.08516,0.08522,0.08503,0.08508,1.701879e+06
1781773200000,0.08507,0.08516,0.085,0.08511,1.811486e+06
1781774100000,0.0851,0.08523,0.08492,0.08492,2.393403e+06
1781775000000,0.08492,0.08515,0.08489,0.08514,1.214311e+06
1781775900000,0.08514,0.08521,0.08505,0.0851,1.184704e+06
1781776800000,0.08509,0.08511,0.08471,0.08473,2.674265e+06
1781777700000,0.08473,0.08482,0.08457,0.08476,3.143922e+06
1781778600000,0.08476,0.08488,0.08466,0.08476,1.451247e+06
1781779500000,0.08475,0.08505,0.08468,0.08489,4.342856e+06
1781780400000,0.08489,0.08504,0.08463,0.08474,790716
1781781300000,0.08475,0.08477,0.08438,0.08464,1.971106e+06
1781782200000,0.08465,0.08475,0.08431,0.08446,3.698162e+06
1781783100000,0.08446,0.08455,0.08433,0.08452,1.787433e+06
1781784000000,0.08453,0.08463,0.08445,0.08457,1.346604e+06
1781784900000,0.08457,0.0848,0.08455,0.08478,2.166745e+06
1781785800000,0.08478,0.08487,0.08455,0.08469,1.59309e+06
1781786700000,0.08469,0.08486,0.08469,0.08484,2.295478e+06
1781787600000,0.08484,0.08484,0.08469,0.08473,1.471436e+06
1781788500000,0.08473,0.0849,0.08468,0.0848,2.149709e+06
1781789400000,0.08479,0.0848,0.08388,0.0839,7.595891e+06
1781790300000,0.0839,0.08431,0.08358,0.08407,9.598719e+06
1781791200000,0.08407,0.08421,0.08382,0.08389,7.134989e+06
1781792100000,0.0839,0.0845,0.08371,0.08402,3.253403e+06
1781793000000,0.08402,0.0843,0.08393,0.08396,3.088517e+06
1781793900000,0.08395,0.08414,0.08363,0.0839,8.857935e+06
1781794800000,0.0839,0.08391,0.08343,0.08358,4.623396e+06
1781795700000,0.08357,0.08362,0.08277,0.08286,2.7047384e+07
1781796600000,0.08286,0.08315,0.08211,0.08231,3.0936333e+07
1781797500000,0.08231,0.08251,0.08184,0.08199,2.8554467e+07
1781798400000,0.08199,0.08262,0.08192,0.0825,1.1606999e+07
1781799300000,0.08251,0.08264,0.08218,0.08236,5.611169e+06
1781800200000,0.08236,0.08258,0.08216,0.08251,4.682962e+06
1781801100000,0.08251,0.08277,0.08248,0.08268,4.466757e+06
1781802000000,0.08269,0.08271,0.08227,0.08236,4.641244e+06
1781802900000,0.08236,0.0825,0.082,0.08234,8.614327e+06
1781803800000,0.08234,0.08263,0.08225,0.08239,4.590659e+06
1781804700000,0.08239,0.08255,0.08218,0.08236,1.817306e+06
1781805600000,0.08237,0.08254,0.08226,0.08236,1.0367727e+07
1781806500000,0.08235,0.08265,0.08225,0.08251,6.568864e+06
1781807400000,0.0825,0.08258,0.08233,0.08255,2.234682e+06
1781808300000,0.08255,0.08266,0.08233,0.08242,1.796357e+06
1781809200000,0.08242,0.08253,0.08237,0.08248,1.471494e+06
1781810100000,0.08248,0.0826,0.08239,0.08253,1.734744e+06
1781811000000,0.08253,0.08293,0.0825,0.08288,3.049005e+06
1781811900000,0.08288,0.08303,0.08283,0.08289,5.162638e+06
1781812800000,0.08289,0.08333,0.08289,0.08322,3.857844e+06
1781813700000,0.08321,0.08344,0.08316,0.08341,2.086481e+06
1781814600000,0.08341,0.08354,0.08329,0.08336,5.684232e+06
1781815500000,0.08337,0.08346,0.08322,0.08343,3.857545e+06
1781816400000,0.08343,0.08355,0.08322,0.08326,1.603494e+06
1781817300000,0.08326,0.0834,0.08308,0.08337,2.490991e+06
1781818200000,0.08337,0.08346,0.08323,0.08331,2.205348e+06
1781819100000,0.08332,0.08347,0.08328,0.0834,981710
1781820000000,0.08339,0.08346,0.08323,0.08333,2.419044e+06
1781820900000,0.08333,0.08335,0.08315,0.08323,3.850245e+06
1781821800000,0.08323,0.08325,0.08301,0.08322,2.113697e+06
1781822700000,0.08323,0.08351,0.08317,0.08345,742218
1781823600000,0.08345,0.08345,0.08313,0.08314,1.822263e+06
1781824500000,0.08314,0.08343,0.08313,0.08341,619462
1781825400000,0.08342,0.08357,0.08342,0.08347,1.501129e+06
1781826300000,0.08347,0.0836,0.08335,0.08352,2.258005e+06
1781827200000,0.08351,0.08354,0.08337,0.08348,2.323327e+06
1781828100000,0.08348,0.08375,0.08345,0.08365,1.661969e+06
1781829000000,0.08365,0.08379,0.08357,0.08368,1.525178e+06
1781829900000,0.08369,0.08371,0.08357,0.08364,1.874187e+06
1781830800000,0.08365,0.08385,0.08358,0.08365,2.673295e+06
1781831700000,0.08365,0.08385,0.08362,0.08364,2.610289e+06
1781832600000,0.08365,0.08371,0.08347,0.08365,1.559294e+06
1781833500000,0.08364,0.0839,0.08364,0.08385,1.646277e+06
1781834400000,0.08385,0.08396,0.08374,0.08375,1.293359e+06
1781835300000,0.08375,0.08382,0.08352,0.08357,1.135664e+06
1781836200000,0.08356,0.08372,0.08352,0.08365,1.29571e+06
1781837100000,0.08365,0.08367,0.08351,0.08365,2.425474e+06
1781838000000,0.08366,0.08374,0.08333,0.0834,2.395456e+06
1781838900000,0.0834,0.08341,0.08261,0.08315,1.9528176e+07
1781839800000,0.08315,0.08315,0.08274,0.08283,2.321375e+06
1781840700000,0.08282,0.08294,0.08271,0.08289,1.511463e+06
1781841600000,0.08289,0.08289,0.08239,0.08286,4.316638e+06
1781842500000,0.08285,0.08304,0.08248,0.08256,2.670047e+06
1781843400000,0.08256,0.08258,0.08216,0.08242,3.432999e+06
1781844300000,0.08242,0.08247,0.08205,0.08225,4.245504e+06
1781845200000,0.08226,0.08273,0.08224,0.08267,1.403035e+06
1781846100000,0.08267,0.08267,0.08229,0.08245,2.642259e+06
1781847000000,0.08244,0.08256,0.08234,0.08247,1.687835e+06
1781847900000,0.08247,0.08264,0.08244,0.08263,1.771869e+06
1781848800000,0.08262,0.08279,0.08257,0.0827,2.662908e+06
1781849700000,0.08271,0.0828,0.08259,0.08271,1.962617e+06
1781850600000,0.0827,0.08278,0.08245,0.0826,2.282273e+06
1781851500000,0.08259,0.08278,0.08248,0.08274,1.500324e+06
1781852400000,0.08273,0.08275,0.08249,0.08252,1.145472e+06
1781853300000,0.08251,0.08264,0.08241,0.0825,1.16585e+06
1781854200000,0.08249,0.08263,0.08199,0.08218,7.831065e+06
1781855100000,0.08218,0.0824,0.08205,0.08235,1.914637e+06
1781856000000,0.08235,0.08248,0.08231,0.08246,1.935252e+06
1781856900000,0.08245,0.08257,0.0824,0.08249,1.665275e+06
1781857800000,0.0825,0.08268,0.08247,0.08256,1.037767e+06
1781858700000,0.08256,0.08261,0.08246,0.08254,2.696035e+06
1781859600000,0.08255,0.08263,0.08212,0.0822,2.349944e+06
1781860500000,0.0822,0.0823,0.08208,0.08223,2.767085e+06
1781861400000,0.08222,0.08245,0.0822,0.08236,2.812605e+06
1781862300000,0.08235,0.08236,0.08217,0.08225,3.761452e+06
1781863200000,0.08224,0.08239,0.08213,0.08234,1.747854e+06
1781864100000,0.08233,0.08241,0.08217,0.08237,2.163419e+06
1781865000000,0.08236,0.08236,0.08205,0.08218,2.109662e+06
1781865900000,0.08217,0.08245,0.08215,0.08234,989074
1781866800000,0.08234,0.08237,0.08216,0.08225,3.101361e+06
1781867700000,0.08226,0.08249,0.08219,0.08238,1.46392e+06
1781868600000,0.08238,0.08243,0.08231,0.08239,1.043725e+06
1781869500000,0.08239,0.08249,0.08235,0.0824,1.883727e+06
1781870400000,0.08241,0.08251,0.08231,0.08232,1.902936e+06
1781871300000,0.08232,0.08232,0.08215,0.08225,1.011697e+06
1781872200000,0.08225,0.08235,0.08202,0.08224,3.673418e+06
1781873100000,0.08223,0.08273,0.08188,0.08268,1.1156768e+07
1781874000000,0.08268,0.08283,0.08257,0.08261,4.108495e+06
1781874900000,0.08261,0.08268,0.08246,0.08268,2.905287e+06
1781875800000,0.08268,0.08311,0.08263,0.08306,4.417595e+06
1781876700000,0.08307,0.08351,0.08307,0.08323,9.402601e+06
1781877600000,0.08323,0.08337,0.08305,0.08311,4.967109e+06
1781878500000,0.08312,0.08341,0.08298,0.08333,3.137511e+06
1781879400000,0.08332,0.08341,0.08317,0.08326,3.623696e+06
1781880300000,0.08327,0.08333,0.08309,0.08311,2.634866e+06
1781881200000,0.08311,0.08317,0.08302,0.08315,1.609734e+06
1781882100000,0.08316,0.0832,0.08299,0.08306,1.800518e+06
1781883000000,0.08306,0.0834,0.08306,0.08333,2.78541e+06
1781883900000,0.08333,0.08336,0.08316,0.0832,955334
1781884800000,0.08321,0.08341,0.08315,0.0834,1.845497e+06
1781885700000,0.0834,0.0834,0.08321,0.08329,3.147255e+06
1781886600000,0.08328,0.08333,0.08319,0.08325,1.908243e+06
1781887500000,0.08325,0.08325,0.08286,0.08289,1.747616e+06
1781888400000,0.0829,0.08303,0.08276,0.083,1.061398e+06
1781889300000,0.08301,0.08321,0.08292,0.08296,1.478699e+06
1781890200000,0.08296,0.08331,0.08296,0.0833,1.854755e+06
1781891100000,0.08329,0.08346,0.08324,0.08335,1.792862e+06
1781892000000,0.08335,0.08341,0.08322,0.0833,854138
1781892900000,0.0833,0.0833,0.08319,0.08321,614825
1781893800000,0.08322,0.08325,0.08294,0.08299,1.008743e+06
1781894700000,0.08298,0.08317,0.08297,0.08316,1.083524e+06
1781895600000,0.08316,0.08317,0.08289,0.083,863381
1781896500000,0.083,0.08301,0.08279,0.08287,1.158134e+06
1781897400000,0.08286,0.08293,0.08273,0.08291,540524
1781898300000,0.08292,0.08311,0.08289,0.08292,777503
1781899200000,0.08293,0.08302,0.08289,0.08296,389169
1781900100000,0.08297,0.08297,0.08271,0.08292,403234
1781901000000,0.08292,0.08297,0.08277,0.08287,790581
1781901900000,0.08287,0.08325,0.08287,0.08323,1.056798e+06
1781902800000,0.08323,0.0833,0.08306,0.08328,2.74972e+06
1781903700000,0.08328,0.08332,0.08308,0.0831,3.641074e+06
1781904600000,0.08311,0.08317,0.08291,0.08292,1.06824e+06
1781905500000,0.08292,0.08301,0.08279,0.08286,806706
1781906400000,0.08285,0.08304,0.08282,0.08304,403154
1781907300000,0.08304,0.08321,0.08302,0.08313,4.163748e+06
1781908200000,0.08314,0.08322,0.0831,0.0832,2.40587e+06
1781909100000,0.0832,0.08328,0.08314,0.08324,1.206554e+06
1781910000000,0.08325,0.08325,0.08312,0.08316,772506
1781910900000,0.08316,0.08333,0.08315,0.08333,1.619187e+06
1781911800000,0.08333,0.08347,0.0833,0.08333,3.410671e+06
1781912700000,0.08333,0.08373,0.08326,0.08357,5.409467e+06
1781913600000,0.08356,0.08366,0.08344,0.08356,1.209912e+06
1781914500000,0.08355,0.08375,0.0835,0.08371,3.294966e+06
1781915400000,0.0837,0.08393,0.08362,0.08367,2.491838e+06
1781916300000,0.08368,0.0837,0.08347,0.08348,1.120049e+06
1781917200000,0.08347,0.08352,0.08333,0.08338,1.766259e+06
1781918100000,0.08338,0.08351,0.08329,0.08339,592239
1781919000000,0.0834,0.08361,0.08337,0.08338,1.844564e+06
1781919900000,0.08338,0.08351,0.08338,0.0835,1.108944e+06
1781920800000,0.08349,0.08357,0.08332,0.08336,1.882195e+06
1781921700000,0.08335,0.08335,0.08321,0.08323,601632
1781922600000,0.08324,0.0834,0.08312,0.08316,6.053132e+06
1781923500000,0.08316,0.08325,0.08302,0.08305,7.838526e+06
1781924400000,0.08305,0.08316,0.08305,0.08315,825835
1781925300000,0.08315,0.08329,0.08315,0.08329,2.200135e+06
1781926200000,0.08329,0.08335,0.08324,0.08327,2.035695e+06
1781927100000,0.08328,0.08328,0.08321,0.08327,643817
1781928000000,0.08327,0.08333,0.08322,0.08325,2.0615e+06
1781928900000,0.08325,0.08337,0.08321,0.08336,3.047216e+06
1781929800000,0.08336,0.08352,0.08329,0.08349,2.639128e+06
1781930700000,0.08349,0.08352,0.08338,0.08352,1.908985e+06
1781931600000,0.08353,0.0842,0.08345,0.08405,1.3354948e+07
1781932500000,0.08404,0.08409,0.08366,0.08371,2.920862e+06
1781933400000,0.08372,0.08384,0.08369,0.08378,1.874659e+06
1781934300000,0.08379,0.08399,0.08368,0.08397,1.968421e+06
1781935200000,0.08397,0.084,0.08389,0.08398,1.29175e+06
1781936100000,0.08399,0.08417,0.08393,0.08412,4.270953e+06
1781937000000,0.08412,0.08413,0.084,0.08408,2.838144e+06
1781937900000,0.08408,0.08429,0.08407,0.0842,2.337799e+06
1781938800000,0.08421,0.0843,0.084,0.08412,6.570543e+06
1781939700000,0.08411,0.08434,0.08409,0.08428,2.629825e+06
1781940600000,0.08429,0.08431,0.08411,0.08412,2.050437e+06
1781941500000,0.08412,0.08416,0.08393,0.08409,9.048186e+06
1781942400000,0.0841,0.08414,0.0839,0.08403,3.514051e+06
1781943300000,0.08404,0.08412,0.08394,0.08394,1.221027e+06
1781944200000,0.08394,0.08396,0.08381,0.08391,2.201577e+06
1781945100000,0.08392,0.084,0.08386,0.08397,1.145593e+06
1781946000000,0.08398,0.08408,0.08398,0.08404,1.254687e+06
1781946900000,0.08404,0.08414,0.084,0.08408,3.195708e+06
1781947800000,0.08408,0.08431,0.08407,0.08428,1.87645e+06
1781948700000,0.08428,0.0843,0.08418,0.08419,730292
1781949600000,0.08419,0.08423,0.08414,0.08418,880039
1781950500000,0.08417,0.0842,0.084,0.08402,1.184842e+06
1781951400000,0.08403,0.08405,0.08386,0.08392,1.40723e+06
1781952300000,0.08393,0.08399,0.08391,0.08395,1.374898e+06
1781953200000,0.08396,0.08398,0.08377,0.08389,1.442996e+06
1781954100000,0.08389,0.08397,0.08386,0.08396,783289
1781955000000,0.08397,0.084,0.08392,0.08397,1.83659e+06
1781955900000,0.08397,0.08403,0.08383,0.08388,953803
1781956800000,0.08388,0.08403,0.08383,0.08398,1.808836e+06
1781957700000,0.08397,0.08401,0.08389,0.08401,1.336147e+06
1781958600000,0.084,0.08401,0.08372,0.08383,1.717424e+06
1781959500000,0.08382,0.08385,0.08372,0.08384,1.272335e+06
1781960400000,0.08384,0.08387,0.08376,0.08381,1.48114e+06
1781961300000,0.08381,0.08388,0.08321,0.08331,4.30081e+06
1781962200000,0.08331,0.08349,0.08324,0.08342,2.751037e+06
1781963100000,0.08342,0.08348,0.0833,0.0833,692443
1781964000000,0.0833,0.0833,0.08262,0.08269,7.558786e+06
1781964900000,0.08269,0.08296,0.08269,0.08295,1.508031e+06
1781965800000,0.08295,0.08312,0.08289,0.08311,1.583946e+06
1781966700000,0.08311,0.08415,0.08309,0.08373,9.086014e+06
1781967600000,0.08373,0.08383,0.08353,0.08372,3.875765e+06
1781968500000,0.08373,0.08422,0.08364,0.08394,9.452336e+06
1781969400000,0.08394,0.08395,0.0837,0.08377,1.719356e+06
1781970300000,0.08377,0.08382,0.08365,0.08375,4.556711e+06
1781971200000,0.08376,0.08377,0.08355,0.08361,2.088201e+06
1781972100000,0.08361,0.08365,0.08342,0.08343,1.126643e+06
1781973000000,0.08343,0.08353,0.08331,0.08349,1.164868e+06
1781973900000,0.08349,0.08353,0.08341,0.0835,711136
1781974800000,0.0835,0.0835,0.08332,0.08337,1.327386e+06
1781975700000,0.08337,0.08341,0.08317,0.08332,2.170013e+06
1781976600000,0.08331,0.08331,0.08284,0.08306,6.693354e+06
1781977500000,0.08307,0.08312,0.083,0.08309,1.849784e+06
1781978400000,0.08309,0.08329,0.08308,0.08321,2.252175e+06
1781979300000,0.08321,0.0834,0.08321,0.08339,1.672999e+06
1781980200000,0.0834,0.08343,0.08325,0.08326,2.589877e+06
1781981100000,0.08327,0.08331,0.08312,0.08314,1.068136e+06
1781982000000,0.08315,0.08332,0.08314,0.08328,1.192931e+06
1781982900000,0.08329,0.08332,0.08316,0.08322,597089
1781983800000,0.08322,0.08344,0.0832,0.08342,575443
1781984700000,0.08342,0.08345,0.08331,0.08334,464711
1781985600000,0.08335,0.08341,0.08329,0.08337,1.207244e+06
1781986500000,0.08336,0.08338,0.08331,0.08331,934060
1781987400000,0.08331,0.08338,0.08323,0.08335,338737
1781988300000,0.08335,0.08344,0.08334,0.08339,742553
1781989200000,0.08339,0.08363,0.08336,0.08354,1.519103e+06
1781990100000,0.08354,0.08354,0.08342,0.08346,1.895523e+06
1781991000000,0.08346,0.08363,0.08345,0.08357,1.46858e+06
1781991900000,0.08357,0.08357,0.08338,0.08352,1.284533e+06
1781992800000,0.08351,0.0839,0.08341,0.08386,2.000754e+06
1781993700000,0.08385,0.084,0.08367,0.08393,3.389369e+06
1781994600000,0.08392,0.08404,0.08382,0.08388,2.045318e+06
1781995500000,0.08389,0.08395,0.0838,0.08385,622997
1781996400000,0.08385,0.08397,0.08383,0.08395,1.682389e+06
1781997300000,0.08395,0.08406,0.08376,0.08377,2.141974e+06
1781998200000,0.08377,0.08384,0.08374,0.0838,769639
1781999100000,0.0838,0.0838,0.08366,0.0837,613519
1782000000000,0.08371,0.08374,0.08364,0.08368,777439
1782000900000,0.08368,0.08372,0.08356,0.0836,694585
1782001800000,0.0836,0.08369,0.08357,0.08362,686085
1782002700000,0.08362,0.08368,0.08357,0.08368,449395
1782003600000,0.08368,0.0837,0.08353,0.08353,766301
1782004500000,0.08353,0.08359,0.08352,0.08354,460307
1782005400000,0.08354,0.08368,0.08351,0.08363,1.073535e+06
1782006300000,0.08363,0.08371,0.08362,0.08364,583580
1782007200000,0.08364,0.08369,0.08359,0.08369,465029
1782008100000,0.08369,0.0837,0.08363,0.08367,458225
1782009000000,0.08367,0.08367,0.0836,0.08363,1.41722e+06
1782009900000,0.08362,0.08367,0.08358,0.08358,161194
1782010800000,0.08358,0.08363,0.08346,0.08363,1.006339e+06
1782011700000,0.08363,0.08387,0.08356,0.08367,2.528574e+06
1782012600000,0.08367,0.08378,0.0836,0.08372,582903
1782013500000,0.08373,0.08373,0.08365,0.08369,547963
1782014400000,0.08369,0.08369,0.08353,0.08357,544972
1782015300000,0.08357,0.08373,0.08357,0.08367,1.885785e+06
1782016200000,0.08367,0.08381,0.0836,0.08362,1.182693e+06
1782017100000,0.08361,0.08361,0.08328,0.08331,2.334656e+06
1782018000000,0.08331,0.08341,0.08323,0.08339,546093
1782018900000,0.0834,0.08343,0.08329,0.0834,1.229386e+06
1782019800000,0.0834,0.08344,0.08329,0.0833,3.658307e+06
1782020700000,0.0833,0.08331,0.08314,0.08325,3.307247e+06
1782021600000,0.08325,0.08333,0.08322,0.0833,565977
1782022500000,0.08329,0.08339,0.08328,0.08338,728010
1782023400000,0.08337,0.08351,0.08332,0.08344,4.820604e+06
1782024300000,0.08344,0.08348,0.08337,0.08343,1.323513e+06
1782025200000,0.08343,0.08346,0.08335,0.08342,2.013184e+06
1782026100000,0.08341,0.08344,0.08332,0.08339,858985
1782027000000,0.08338,0.08362,0.08338,0.08362,1.912665e+06
1782027900000,0.08363,0.08367,0.08348,0.08349,1.934641e+06
1782028800000,0.0835,0.08357,0.08342,0.08343,799202
1782029700000,0.08343,0.08343,0.08325,0.08325,2.246492e+06
1782030600000,0.08326,0.08331,0.08288,0.08315,3.262096e+06
1782031500000,0.08315,0.08317,0.08304,0.08315,2.491618e+06
1782032400000,0.08316,0.0832,0.08301,0.08307,3.256305e+06
1782033300000,0.08306,0.08318,0.08301,0.08312,1.055014e+06
1782034200000,0.08312,0.08335,0.08312,0.08324,1.332978e+06
1782035100000,0.08324,0.08339,0.08324,0.08336,1.745715e+06
1782036000000,0.08337,0.08348,0.08332,0.08337,4.234015e+06
1782036900000,0.08337,0.08356,0.08334,0.08346,770814
1782037800000,0.08345,0.08347,0.08337,0.08338,2.416854e+06
1782038700000,0.08338,0.08346,0.08327,0.08328,3.084239e+06
1782039600000,0.08328,0.08335,0.08308,0.08321,3.187322e+06
1782040500000,0.08321,0.08321,0.08276,0.08316,2.419439e+06
1782041400000,0.08317,0.08318,0.08299,0.08308,1.502332e+06
1782042300000,0.08308,0.08316,0.08299,0.08305,1.670509e+06
1782043200000,0.08305,0.08319,0.08303,0.08307,870641
1782044100000,0.08307,0.08317,0.08293,0.08308,3.414946e+06
1782045000000,0.08309,0.08316,0.083,0.08309,2.433669e+06
1782045900000,0.0831,0.08339,0.08309,0.08334,874564
1782046800000,0.08334,0.08335,0.08322,0.08332,1.695448e+06
1782047700000,0.08332,0.08342,0.08329,0.08336,890373
1782048600000,0.08337,0.08344,0.08315,0.08338,3.695419e+06
1782049500000,0.08338,0.0835,0.08337,0.08348,664776
1782050400000,0.08348,0.08354,0.08338,0.0834,1.625147e+06
1782051300000,0.08339,0.08344,0.08328,0.08336,1.255533e+06
1782052200000,0.08337,0.08355,0.08335,0.0835,2.356279e+06
1782053100000,0.0835,0.08351,0.08336,0.08345,1.103738e+06
1782054000000,0.08346,0.08365,0.08343,0.08346,1.317506e+06
1782054900000,0.08346,0.08356,0.08345,0.08354,820291
1782055800000,0.08354,0.08357,0.08345,0.08351,2.056635e+06
1782056700000,0.08351,0.08354,0.08341,0.08344,1.218437e+06
1782057600000,0.08343,0.08345,0.08329,0.08336,5.162397e+06
1782058500000,0.08336,0.08351,0.08329,0.08342,2.615487e+06
1782059400000,0.08343,0.08345,0.08314,0.0833,2.518552e+06
1782060300000,0.08331,0.08359,0.08331,0.08357,5.019854e+06
1782061200000,0.08358,0.08378,0.08357,0.08369,6.689063e+06
1782062100000,0.08369,0.08371,0.08341,0.08342,2.674052e+06
1782063000000,0.08342,0.08345,0.08323,0.08335,1.700236e+06
1782063900000,0.08335,0.08345,0.08332,0.08339,1.071832e+06
1782064800000,0.0834,0.08342,0.08316,0.08333,1.048757e+06
1782065700000,0.08332,0.08344,0.08332,0.0834,2.65233e+06
1782066600000,0.08339,0.08368,0.08335,0.08354,1.137656e+06
1782067500000,0.08354,0.08356,0.08343,0.08348,953324
1782068400000,0.08348,0.08363,0.08345,0.08354,871308
1782069300000,0.08353,0.08358,0.08347,0.08357,481003
1782070200000,0.08358,0.08365,0.08352,0.08362,1.352459e+06
1782071100000,0.08363,0.08367,0.08361,0.08364,550725
1782072000000,0.08364,0.08368,0.08358,0.0836,885308
1782072900000,0.0836,0.08363,0.0834,0.08343,581090
1782073800000,0.08343,0.08348,0.08336,0.08343,511023
1782074700000,0.08342,0.08343,0.08307,0.08316,2.789184e+06
1782075600000,0.08316,0.08321,0.08231,0.08263,1.1589711e+07
1782076500000,0.08263,0.08283,0.08236,0.08268,3.504168e+06
1782077400000,0.08269,0.08297,0.08263,0.08292,3.147552e+06
1782078300000,0.08292,0.08302,0.08283,0.08289,708087
1782079200000,0.08289,0.08313,0.08271,0.08288,3.125409e+06
1782080100000,0.08289,0.08306,0.08286,0.08291,3.071847e+06
1782081000000,0.08291,0.08292,0.08267,0.08278,1.679189e+06
1782081900000,0.08278,0.08301,0.08275,0.08291,872035
1782082800000,0.08291,0.08291,0.0825,0.08251,2.280729e+06
1782083700000,0.0825,0.08274,0.08245,0.08258,2.022333e+06
1782084600000,0.08258,0.08261,0.08214,0.08226,5.683789e+06
1782085500000,0.08227,0.08237,0.08218,0.08224,3.430366e+06
1782086400000,0.08223,0.08257,0.08223,0.08252,1.830658e+06
1782087300000,0.08253,0.08277,0.0825,0.08274,7.272895e+06
1782088200000,0.08275,0.08321,0.0827,0.08302,3.987971e+06
1782089100000,0.08301,0.0832,0.0829,0.08316,3.052371e+06
1782090000000,0.08316,0.08345,0.08302,0.08305,2.568486e+06
1782090900000,0.08306,0.08426,0.08306,0.08403,1.0972495e+07
1782091800000,0.08402,0.08408,0.08358,0.08371,3.678093e+06
1782092700000,0.08371,0.08376,0.0836,0.0837,2.100706e+06
1782093600000,0.0837,0.08378,0.08355,0.08355,1.447871e+06
1782094500000,0.08354,0.08374,0.08349,0.08361,1.732775e+06
1782095400000,0.08361,0.08378,0.08358,0.08363,757495
1782096300000,0.08363,0.08364,0.08332,0.08332,2.279244e+06
1782097200000,0.08332,0.08332,0.08294,0.0831,1.916772e+06
1782098100000,0.08311,0.08342,0.08311,0.0833,869021
1782099000000,0.0833,0.08351,0.08315,0.08316,1.029053e+06
1782099900000,0.08317,0.08319,0.08282,0.08293,4.34608e+06
1782100800000,0.08294,0.08316,0.08279,0.08312,1.688464e+06
1782101700000,0.08311,0.08317,0.08303,0.08312,1.201752e+06
1782102600000,0.08312,0.08317,0.08295,0.08299,1.141498e+06
1782103500000,0.083,0.08324,0.083,0.08323,1.306281e+06
1782104400000,0.08324,0.08349,0.08319,0.08346,1.123533e+06
1782105300000,0.08345,0.08347,0.08337,0.08338,1.795257e+06
1782106200000,0.08338,0.08347,0.08333,0.08339,1.309319e+06
1782107100000,0.08339,0.08339,0.08329,0.08332,595638
1782108000000,0.08333,0.08352,0.08322,0.08339,1.433395e+06
1782108900000,0.08339,0.08343,0.08326,0.08333,1.958595e+06
1782109800000,0.08333,0.08338,0.08321,0.08324,1.581955e+06
1782110700000,0.08323,0.08328,0.08313,0.0832,1.595709e+06
1782111600000,0.0832,0.08363,0.08316,0.08354,1.764634e+06
1782112500000,0.08353,0.08365,0.08352,0.0836,1.601879e+06
1782113400000,0.08361,0.08373,0.08349,0.08352,3.305561e+06
1782114300000,0.08352,0.08366,0.08344,0.0835,1.057042e+06
1782115200000,0.08351,0.08359,0.08335,0.08359,1.38538e+06
1782116100000,0.08358,0.08381,0.08354,0.08366,3.542551e+06
1782117000000,0.08365,0.08369,0.08344,0.08369,3.458754e+06
1782117900000,0.08368,0.08374,0.08352,0.08359,1.511897e+06
1782118800000,0.0836,0.08372,0.08357,0.08366,1.53348e+06
1782119700000,0.08366,0.08371,0.08361,0.08364,1.154734e+06
1782120600000,0.08364,0.08378,0.08359,0.08374,1.703601e+06
1782121500000,0.08374,0.08378,0.0837,0.0837,1.038019e+06
1782122400000,0.08371,0.08399,0.0837,0.08383,2.229898e+06
1782123300000,0.08383,0.08393,0.08375,0.08378,654012
1782124200000,0.08378,0.08379,0.0835,0.08352,1.061288e+06
1782125100000,0.08353,0.0837,0.08353,0.08369,4.097653e+06
1782126000000,0.0837,0.08414,0.08366,0.08397,7.112091e+06
1782126900000,0.08397,0.08415,0.08385,0.08401,2.756507e+06
1782127800000,0.08401,0.08442,0.08401,0.08425,7.135022e+06
1782128700000,0.08425,0.08447,0.0842,0.08423,6.637496e+06
1782129600000,0.08424,0.08448,0.08419,0.08435,7.367738e+06
1782130500000,0.08434,0.08459,0.08427,0.08446,5.640208e+06
1782131400000,0.08446,0.08453,0.08427,0.08444,7.30245e+06
1782132300000,0.08444,0.08467,0.08434,0.08461,2.871944e+06
1782133200000,0.08462,0.08466,0.08444,0.08452,5.966061e+06
1782134100000,0.08451,0.08461,0.08439,0.08443,2.498296e+06
1782135000000,0.08443,0.08488,0.08436,0.08482,6.053091e+06
1782135900000,0.08481,0.08506,0.08479,0.08503,6.333748e+06
1782136800000,0.08504,0.08509,0.08448,0.08453,5.696025e+06
1782137700000,0.08453,0.08455,0.08403,0.08403,6.975978e+06
1782138600000,0.08404,0.0841,0.0838,0.08381,1.002676e+07
1782139500000,0.08382,0.0841,0.08371,0.08396,3.547641e+06
1782140400000,0.08396,0.08415,0.08375,0.08409,2.746628e+06
1782141300000,0.08409,0.08412,0.08385,0.084,2.863313e+06
1782142200000,0.08401,0.08412,0.08394,0.084,4.398565e+06
1782143100000,0.08399,0.08404,0.08353,0.08364,9.788687e+06
1782144000000,0.08365,0.08368,0.08334,0.08347,5.471696e+06
1782144900000,0.08347,0.08364,0.08333,0.08344,4.557005e+06
1782145800000,0.08345,0.08345,0.08311,0.08325,4.042201e+06
1782146700000,0.08325,0.0835,0.08311,0.08338,5.891773e+06
1782147600000,0.08338,0.08343,0.08325,0.08333,2.036657e+06
1782148500000,0.08333,0.08337,0.0831,0.08311,2.487176e+06
1782149400000,0.0831,0.08319,0.08294,0.08312,3.11938e+06
1782150300000,0.08312,0.08336,0.08312,0.08331,2.14184e+06
1782151200000,0.0833,0.08341,0.08324,0.08338,1.522328e+06
1782152100000,0.08338,0.08346,0.08315,0.08319,2.614381e+06
1782153000000,0.08319,0.08324,0.08311,0.08317,1.905684e+06
1782153900000,0.08318,0.0832,0.0828,0.08289,9.244343e+06
1782154800000,0.0829,0.08293,0.08263,0.08279,1.842414e+06
1782155700000,0.08279,0.08292,0.08266,0.08275,1.96214e+06
1782156600000,0.08275,0.08289,0.08266,0.08267,5.685574e+06
1782157500000,0.08267,0.08283,0.08248,0.08276,5.450913e+06
1782158400000,0.08276,0.083,0.0827,0.08292,1.983357e+06
1782159300000,0.08292,0.08295,0.08265,0.08279,2.136022e+06
1782160200000,0.08279,0.08301,0.08278,0.08298,843477
1782161100000,0.08298,0.08302,0.08276,0.08285,2.250331e+06
1782162000000,0.08285,0.08288,0.08274,0.08281,1.907222e+06
1782162900000,0.08281,0.08281,0.0826,0.08264,3.116031e+06
1782163800000,0.08264,0.08272,0.08237,0.08252,2.340064e+06
1782164700000,0.08251,0.08274,0.0825,0.08274,3.112578e+06
1782165600000,0.08273,0.08287,0.08265,0.08278,3.971282e+06
1782166500000,0.08278,0.08279,0.08196,0.08214,1.1521667e+07
1782167400000,0.08214,0.08231,0.08188,0.08207,1.2310674e+07
1782168300000,0.08208,0.08231,0.08203,0.08225,3.013366e+06
1782169200000,0.08224,0.08233,0.08216,0.08228,1.915264e+06
1782170100000,0.08229,0.08248,0.0822,0.08244,9.097125e+06
1782171000000,0.08244,0.08252,0.08231,0.08244,1.219358e+06
1782171900000,0.08243,0.08255,0.08233,0.08247,1.666319e+06
1782172800000,0.08248,0.08249,0.08227,0.08242,4.572093e+06
1782173700000,0.08241,0.08245,0.082,0.08207,5.488393e+06
1782174600000,0.08208,0.08249,0.08208,0.08249,3.296772e+06
1782175500000,0.08249,0.0826,0.08239,0.08259,3.607524e+06
1782176400000,0.08258,0.08271,0.08254,0.08255,1.566985e+06
1782177300000,0.08254,0.08268,0.08246,0.08257,3.002992e+06
1782178200000,0.08257,0.08266,0.08204,0.08217,1.1373642e+07
1782179100000,0.08217,0.08218,0.0812,0.08191,2.6231579e+07
1782180000000,0.08191,0.08204,0.08175,0.08187,3.771769e+06
1782180900000,0.08188,0.08217,0.08188,0.08209,2.383416e+06
1782181800000,0.08208,0.08225,0.08203,0.08218,939949
1782182700000,0.08217,0.08238,0.08213,0.0823,2.160076e+06
1782183600000,0.0823,0.0823,0.08187,0.08198,2.611494e+06
1782184500000,0.08199,0.08218,0.08191,0.08213,1.377772e+06
1782185400000,0.08213,0.08215,0.08195,0.08204,3.042975e+06
1782186300000,0.08204,0.08225,0.08204,0.08223,1.383402e+06
1782187200000,0.08222,0.08225,0.08202,0.0822,2.20092e+06
1782188100000,0.0822,0.08221,0.08197,0.08221,1.37781e+06
1782189000000,0.08221,0.08221,0.08185,0.08186,1.941951e+06
1782189900000,0.08187,0.08195,0.08162,0.08169,3.923752e+06
1782190800000,0.08169,0.08182,0.08161,0.0817,2.875766e+06
1782191700000,0.0817,0.08184,0.08141,0.08155,4.3835e+06
1782192600000,0.08155,0.0816,0.08137,0.08158,4.956487e+06
1782193500000,0.08158,0.08176,0.08148,0.08171,2.661735e+06
1782194400000,0.08172,0.08172,0.08043,0.08091,2.5987802e+07
1782195300000,0.08091,0.08097,0.07968,0.08021,5.7540797e+07
1782196200000,0.08021,0.08043,0.07996,0.0802,1.1412377e+07
1782197100000,0.08019,0.08046,0.08017,0.08026,3.693273e+06
1782198000000,0.08025,0.08038,0.0802,0.08029,3.778802e+06
1782198900000,0.08029,0.08044,0.08027,0.08037,4.564398e+06
1782199800000,0.08036,0.08039,0.08006,0.08007,4.269961e+06
1782200700000,0.08007,0.08028,0.07997,0.08,7.617611e+06
1782201600000,0.08,0.08005,0.07961,0.07973,9.851444e+06
1782202500000,0.07973,0.07973,0.07841,0.07864,6.1548658e+07
1782203400000,0.07863,0.07932,0.0786,0.07917,1.5593046e+07
1782204300000,0.07917,0.07923,0.07907,0.07913,7.51118e+06
1782205200000,0.07913,0.07927,0.07909,0.07919,3.376951e+06
1782206100000,0.0792,0.0793,0.07916,0.07919,8.009984e+06
1782207000000,0.0792,0.07922,0.07896,0.07902,8.285839e+06
1782207900000,0.07901,0.07913,0.07896,0.07903,6.088265e+06
1782208800000,0.07903,0.07936,0.07903,0.07923,4.864856e+06
1782209700000,0.07922,0.07924,0.07912,0.07917,3.660326e+06
1782210600000,0.07916,0.07918,0.07898,0.07906,2.836899e+06
1782211500000,0.07906,0.07912,0.07898,0.07911,3.028355e+06
1782212400000,0.07912,0.07923,0.07911,0.07922,1.585957e+06
1782213300000,0.07922,0.07956,0.07918,0.0794,6.30863e+06
1782214200000,0.0794,0.07956,0.07939,0.07952,5.487851e+06
1782215100000,0.07952,0.07964,0.07942,0.07958,7.702219e+06
1782216000000,0.07959,0.07966,0.0795,0.07955,2.991109e+06
1782216900000,0.07955,0.07956,0.07931,0.0795,5.566751e+06
1782217800000,0.07951,0.0796,0.07941,0.0795,3.898505e+06
1782218700000,0.0795,0.07952,0.0793,0.07944,6.129561e+06
1782219600000,0.07944,0.07948,0.07922,0.07939,4.445294e+06
1782220500000,0.07939,0.07939,0.07913,0.07917,4.755407e+06
1782221400000,0.07917,0.07982,0.07903,0.07951,1.3899838e+07
1782222300000,0.07951,0.07975,0.07938,0.07962,5.779302e+06
1782223200000,0.07963,0.07978,0.07943,0.07977,1.7116181e+07
1782224100000,0.07976,0.07983,0.07932,0.07947,7.186518e+06
1782225000000,0.07946,0.07969,0.07927,0.07933,6.630108e+06
1782225900000,0.07934,0.0794,0.07888,0.07899,1.0633404e+07
1782226800000,0.07899,0.07905,0.07864,0.07881,1.4214816e+07
1782227700000,0.07881,0.07882,0.07846,0.07858,7.453116e+06
1782228600000,0.07858,0.07891,0.07858,0.07864,6.177882e+06
1782229500000,0.07864,0.07883,0.07837,0.07882,6.76218e+06
1782230400000,0.07883,0.07937,0.07871,0.07922,1.5199607e+07
1782231300000,0.07922,0.07926,0.07891,0.07899,3.383392e+06
1782232200000,0.07898,0.07916,0.07894,0.07906,3.813525e+06
1782233100000,0.07906,0.07909,0.07882,0.07892,2.841806e+06
1782234000000,0.07891,0.07892,0.07861,0.07868,6.660698e+06
1782234900000,0.07868,0.07904,0.07868,0.079,1.795559e+06
1782235800000,0.07901,0.07912,0.07879,0.07883,1.192021e+06
1782236700000,0.07882,0.07885,0.07853,0.0786,2.714167e+06
1782237600000,0.0786,0.07873,0.07851,0.0787,1.513189e+06
1782238500000,0.07871,0.07888,0.07868,0.07872,1.768581e+06
1782239400000,0.07872,0.07872,0.07841,0.07845,2.115234e+06
1782240300000,0.07845,0.07869,0.0783,0.0786,2.76882e+06
1782241200000,0.07861,0.07878,0.07857,0.07861,7.788964e+06
1782242100000,0.07861,0.07863,0.07839,0.07854,1.0766085e+07
1782243000000,0.07855,0.07863,0.07835,0.07839,3.143748e+06
1782243900000,0.0784,0.07861,0.07837,0.07846,3.134768e+06
1782244800000,0.07846,0.07883,0.07846,0.07874,2.38522e+06
1782245700000,0.07874,0.07883,0.0786,0.0787,4.262e+06
1782246600000,0.07869,0.07869,0.07855,0.07855,1.646114e+06
1782247500000,0.07854,0.07856,0.07839,0.07851,1.007659e+06
1782248400000,0.07852,0.0787,0.07851,0.07861,5.520183e+06
1782249300000,0.07862,0.07868,0.07854,0.07864,2.527634e+06
1782250200000,0.07863,0.07875,0.07861,0.0787,5.524961e+06
1782251100000,0.0787,0.0788,0.0787,0.07876,1.908508e+06
1782252000000,0.07877,0.07898,0.07872,0.07897,1.759765e+06
1782252900000,0.07896,0.07915,0.07872,0.0788,3.434449e+06
1782253800000,0.0788,0.0789,0.07874,0.07887,1.258879e+06
1782254700000,0.07887,0.07905,0.07886,0.07899,953974
1782255600000,0.07898,0.07898,0.07875,0.07875,2.045598e+06
1782256500000,0.07875,0.07895,0.07874,0.07889,931633
1782257400000,0.07889,0.07893,0.07878,0.07882,770484
1782258300000,0.07882,0.07912,0.07882,0.07889,1.307423e+06
1782259200000,0.07889,0.07914,0.07886,0.07905,1.710918e+06
1782260100000,0.07905,0.07921,0.079,0.07913,2.252195e+06
1782261000000,0.07914,0.07927,0.07905,0.07916,2.760764e+06
1782261900000,0.07915,0.07919,0.079,0.07914,2.421139e+06
1782262800000,0.07915,0.0792,0.07895,0.07914,1.723822e+06
1782263700000,0.07913,0.07922,0.07893,0.07921,1.703697e+06
1782264600000,0.07921,0.07981,0.07921,0.07959,9.771731e+06
1782265500000,0.07959,0.07977,0.07957,0.07958,1.886401e+06
1782266400000,0.07957,0.07965,0.07934,0.07944,2.813425e+06
1782267300000,0.07943,0.07943,0.07908,0.07922,4.022421e+06
1782268200000,0.07922,0.07938,0.07907,0.07934,3.290575e+06
1782269100000,0.07933,0.07936,0.07911,0.07911,4.605577e+06
1782270000000,0.07911,0.0792,0.07896,0.07909,2.096298e+06
1782270900000,0.07909,0.07911,0.07881,0.0791,2.684012e+06
1782271800000,0.0791,0.07934,0.07905,0.07927,5.37452e+06
1782272700000,0.07927,0.07931,0.07909,0.0791,999203
1782273600000,0.0791,0.07915,0.07901,0.07908,1.171603e+06
1782274500000,0.07909,0.07914,0.07848,0.07868,3.029612e+06
1782275400000,0.07867,0.07894,0.07867,0.07887,2.833095e+06
1782276300000,0.07887,0.07923,0.07887,0.07918,1.109707e+06
1782277200000,0.07917,0.0793,0.0791,0.07921,1.163591e+06
1782278100000,0.07921,0.07934,0.07914,0.07931,3.760344e+06
1782279000000,0.07931,0.07947,0.07924,0.07936,2.367619e+06
1782279900000,0.07936,0.07936,0.07916,0.0792,1.105739e+06
1782280800000,0.07921,0.07925,0.07902,0.07917,1.26691e+06
1782281700000,0.07917,0.07917,0.07901,0.07904,926848
1782282600000,0.07904,0.07913,0.07902,0.07902,1.516969e+06
1782283500000,0.07903,0.07912,0.07897,0.07903,1.573866e+06
1782284400000,0.07903,0.07907,0.07886,0.079,3.235581e+06
1782285300000,0.079,0.07903,0.07891,0.07899,1.213476e+06
1782286200000,0.07898,0.07905,0.07877,0.07891,1.569227e+06
1782287100000,0.07891,0.07895,0.07877,0.07886,3.315371e+06
1782288000000,0.07886,0.07901,0.07884,0.07898,4.083325e+06
1782288900000,0.07899,0.07907,0.07894,0.07904,1.369807e+06
1782289800000,0.07905,0.07922,0.07902,0.07914,1.376102e+06
1782290700000,0.07913,0.07919,0.07905,0.07917,575806
1782291600000,0.07918,0.07919,0.07894,0.07902,2.506598e+06
1782292500000,0.07901,0.07902,0.07871,0.07881,4.74784e+06
1782293400000,0.07881,0.07887,0.0787,0.07878,1.386433e+06
1782294300000,0.07878,0.079,0.07874,0.07896,1.068411e+06
1782295200000,0.07895,0.07895,0.07871,0.0788,1.113591e+06
1782296100000,0.0788,0.0788,0.07851,0.07867,4.63556e+06
1782297000000,0.07868,0.0788,0.07864,0.0788,2.200116e+06
1782297900000,0.0788,0.0788,0.07857,0.07858,2.298775e+06
1782298800000,0.07859,0.07865,0.07815,0.0782,1.1219398e+07
1782299700000,0.07821,0.07836,0.07801,0.07828,4.753381e+06
1782300600000,0.07827,0.07872,0.07827,0.07871,3.220892e+06
1782301500000,0.0787,0.07962,0.07866,0.07903,1.1296311e+07
1782302400000,0.07903,0.07908,0.07885,0.07896,3.249555e+06
1782303300000,0.07897,0.07906,0.07891,0.079,1.470264e+06
1782304200000,0.079,0.07905,0.07884,0.07886,1.661537e+06
1782305100000,0.07887,0.07891,0.07857,0.07861,1.77561e+06
1782306000000,0.07862,0.07865,0.07743,0.07776,4.1611384e+07
1782306900000,0.07777,0.0779,0.07713,0.07764,2.0071044e+07
1782307800000,0.07763,0.07801,0.07711,0.07726,2.4635364e+07
1782308700000,0.07725,0.07735,0.07668,0.07682,2.8176846e+07
1782309600000,0.07681,0.07705,0.07648,0.07697,3.9926077e+07
1782310500000,0.07696,0.07698,0.07651,0.07688,2.7754286e+07
1782311400000,0.07688,0.07717,0.0767,0.07686,9.879871e+06
1782312300000,0.07686,0.07693,0.07663,0.07678,1.0044376e+07
1782313200000,0.07678,0.07679,0.07643,0.07651,7.9056e+06
1782314100000,0.07651,0.07699,0.0765,0.07659,5.103525e+06
1782315000000,0.07659,0.07661,0.07472,0.075,1.01082902e+08
1782315900000,0.075,0.07503,0.07459,0.07478,2.4430416e+07
1782316800000,0.07477,0.07531,0.07472,0.07525,1.6239517e+07
1782317700000,0.07524,0.07566,0.07521,0.07553,1.5721569e+07
1782318600000,0.07552,0.07566,0.0752,0.07535,1.5988693e+07
1782319500000,0.07534,0.07535,0.07362,0.0742,6.2627825e+07
1782320400000,0.0742,0.07459,0.07395,0.07416,3.3905314e+07
1782321300000,0.07416,0.07422,0.07315,0.07345,3.1173199e+07
1782322200000,0.07346,0.07371,0.07327,0.07346,1.6281632e+07
1782323100000,0.07346,0.07352,0.0728,0.07308,2.214531e+07
1782324000000,0.07308,0.07358,0.0729,0.07358,1.0202041e+07
1782324900000,0.07358,0.07443,0.07358,0.0742,2.0027511e+07
1782325800000,0.07419,0.07435,0.07402,0.07406,4.386672e+06
1782326700000,0.07406,0.07415,0.07377,0.0739,5.174274e+06
1782327600000,0.07391,0.0742,0.07365,0.07377,6.082135e+06
1782328500000,0.07376,0.07402,0.07363,0.07394,5.354756e+06
1782329400000,0.07394,0.07408,0.07374,0.07396,5.537556e+06
1782330300000,0.07396,0.07419,0.07385,0.07413,9.639711e+06
1782331200000,0.07414,0.07534,0.074,0.07517,2.0460957e+07
1782332100000,0.07516,0.07549,0.07505,0.07541,7.043829e+06
1782333000000,0.07542,0.07559,0.07536,0.07549,5.202912e+06
1782333900000,0.07549,0.07583,0.07549,0.07559,9.051275e+06
1782334800000,0.07558,0.07563,0.07514,0.07529,6.936016e+06
1782335700000,0.07529,0.07555,0.07523,0.07553,3.062323e+06
1782336600000,0.07553,0.07586,0.0755,0.07578,4.121899e+06
1782337500000,0.07578,0.07616,0.07571,0.07606,3.538894e+06
1782338400000,0.07606,0.07649,0.07604,0.07606,1.9308123e+07
1782339300000,0.07606,0.07606,0.07591,0.07597,3.696206e+06
1782340200000,0.07597,0.07606,0.07586,0.07597,3.37962e+06
1782341100000,0.07597,0.07597,0.0758,0.07587,5.153176e+06
1782342000000,0.07587,0.07594,0.0758,0.07587,1.676079e+06
1782342900000,0.07586,0.07614,0.07577,0.07604,4.753263e+06
1782343800000,0.07604,0.07613,0.07597,0.07607,1.205596e+06
1782344700000,0.07607,0.0762,0.07595,0.07612,1.917255e+06
1782345600000,0.07613,0.07646,0.0761,0.07632,6.983198e+06
1782346500000,0.07633,0.07639,0.07616,0.07626,3.205724e+06
1782347400000,0.07625,0.07634,0.07612,0.07612,7.023993e+06
1782348300000,0.07613,0.07631,0.07601,0.07615,1.3997851e+07
1782349200000,0.07615,0.07634,0.07609,0.07616,6.818273e+06
1782350100000,0.07617,0.07637,0.07609,0.0762,5.096215e+06
1782351000000,0.0762,0.07641,0.07619,0.07626,1.386805e+06
1782351900000,0.07625,0.0764,0.07623,0.07631,2.009444e+06
1782352800000,0.07631,0.07641,0.07617,0.07621,1.40133e+06
1782353700000,0.07621,0.07642,0.07615,0.07641,1.390672e+06
1782354600000,0.0764,0.0764,0.07609,0.07614,1.497785e+06
1782355500000,0.07613,0.07622,0.07603,0.07621,1.4985482e+07
1782356400000,0.07622,0.07632,0.076,0.07605,3.522556e+06
1782357300000,0.07604,0.07617,0.07591,0.07609,3.920926e+06
1782358200000,0.07608,0.07614,0.07598,0.076,1.339117e+06
1782359100000,0.076,0.07606,0.07595,0.07605,1.644362e+06
1782360000000,0.07605,0.0761,0.07596,0.076,875696
1782360900000,0.07599,0.07603,0.0759,0.07594,1.319759e+06
1782361800000,0.07593,0.07599,0.07581,0.07599,3.192119e+06
1782362700000,0.07599,0.07681,0.07598,0.07677,1.2020648e+07
1782363600000,0.07676,0.07733,0.0767,0.07717,1.3764263e+07
1782364500000,0.07717,0.07748,0.07702,0.07724,9.716398e+06
1782365400000,0.07725,0.07731,0.07715,0.07719,2.740332e+06
1782366300000,0.07718,0.07738,0.07715,0.07727,2.956554e+06
1782367200000,0.07728,0.07741,0.07722,0.07732,2.438757e+06
1782368100000,0.07731,0.0775,0.0771,0.07711,3.20571e+06
1782369000000,0.07711,0.07726,0.07707,0.07724,2.438843e+06
1782369900000,0.07724,0.0774,0.07724,0.0773,2.986897e+06
1782370800000,0.0773,0.07737,0.07706,0.0772,2.245192e+06
1782371700000,0.0772,0.07734,0.07716,0.07722,3.440983e+06
1782372600000,0.07722,0.07732,0.07717,0.07728,1.863175e+06
1782373500000,0.07729,0.07737,0.07714,0.07736,1.981699e+06
1782374400000,0.07736,0.07738,0.07719,0.07726,2.283178e+06
1782375300000,0.07726,0.07732,0.07718,0.07725,4.763157e+06
1782376200000,0.07724,0.07726,0.07715,0.07721,2.303886e+06
1782377100000,0.07721,0.07723,0.07702,0.07707,1.476217e+06
1782378000000,0.07707,0.07718,0.07702,0.07713,781595
1782378900000,0.07714,0.07716,0.07692,0.07696,2.547616e+06
1782379800000,0.07695,0.07702,0.07683,0.07695,1.356418e+06
1782380700000,0.07695,0.07701,0.07692,0.07697,806404
1782381600000,0.07697,0.07699,0.07687,0.07694,1.185458e+06
1782382500000,0.07694,0.07698,0.07656,0.07658,5.235931e+06
1782383400000,0.07659,0.0766,0.07629,0.07629,7.15039e+06
1782384300000,0.07629,0.07632,0.07611,0.07621,6.524384e+06
1782385200000,0.07621,0.07632,0.07584,0.07613,6.230381e+06
1782386100000,0.07614,0.07617,0.07586,0.07586,2.946559e+06
1782387000000,0.07587,0.07603,0.07586,0.07593,2.100109e+06
1782387900000,0.07593,0.07599,0.07576,0.07596,5.557662e+06
1782388800000,0.07595,0.07607,0.07588,0.07595,7.674635e+06
1782389700000,0.07594,0.07594,0.07539,0.07545,4.173354e+06
1782390600000,0.07545,0.07639,0.07544,0.07601,1.4442019e+07
1782391500000,0.076,0.07612,0.07591,0.07604,2.807728e+06
1782392400000,0.07605,0.07618,0.07595,0.0761,3.257756e+06
1782393300000,0.0761,0.07626,0.07604,0.07617,2.218955e+06
1782394200000,0.07617,0.07647,0.07477,0.0748,4.6800318e+07
1782395100000,0.0748,0.07514,0.07145,0.07176,9.021845e+07
1782396000000,0.07176,0.07396,0.07176,0.07361,4.5007139e+07
1782396900000,0.0736,0.07386,0.07289,0.07327,1.5399253e+07
1782397800000,0.07326,0.07461,0.07309,0.07329,2.6666876e+07
1782398700000,0.0733,0.07366,0.073,0.07315,1.5567681e+07
1782399600000,0.07316,0.07318,0.07244,0.07256,1.4563113e+07
1782400500000,0.07255,0.07294,0.07216,0.07281,1.5435076e+07
1782401400000,0.07282,0.07308,0.0727,0.0729,6.979795e+06
1782402300000,0.0729,0.07352,0.07283,0.07342,7.444338e+06
1782403200000,0.07342,0.07421,0.07339,0.07383,1.8092934e+07
1782404100000,0.07384,0.07398,0.07365,0.07389,1.0302836e+07
1782405000000,0.07389,0.07389,0.07332,0.07336,9.1104e+06
1782405900000,0.07336,0.07342,0.07312,0.07341,7.611048e+06
1782406800000,0.07341,0.07435,0.07339,0.07432,7.98642e+06
1782407700000,0.07432,0.07527,0.07432,0.07514,1.4685331e+07
1782408600000,0.07513,0.07521,0.07466,0.07466,4.710699e+06
1782409500000,0.07466,0.07495,0.07448,0.07495,4.832177e+06
1782410400000,0.07496,0.07499,0.07411,0.07413,5.846066e+06
1782411300000,0.07414,0.07463,0.07391,0.07415,1.0253978e+07
1782412200000,0.07415,0.07415,0.07349,0.0737,7.934545e+06
1782413100000,0.0737,0.07388,0.07348,0.07361,2.724272e+06
1782414000000,0.07362,0.07367,0.0732,0.07326,4.400519e+06
1782414900000,0.07326,0.07332,0.07292,0.07314,1.2422504e+07
1782415800000,0.07315,0.07333,0.07313,0.0732,4.286932e+06
1782416700000,0.0732,0.07339,0.07304,0.07339,4.965082e+06
1782417600000,0.0734,0.07396,0.0734,0.07379,4.616034e+06
1782418500000,0.07379,0.07406,0.07378,0.07397,4.494693e+06
1782419400000,0.07397,0.07397,0.07363,0.07367,3.890822e+06
1782420300000,0.07367,0.07368,0.07345,0.07359,1.290883e+06
1782421200000,0.07359,0.07397,0.07358,0.07397,1.718165e+06
1782422100000,0.07396,0.07437,0.07391,0.07431,2.199735e+06
1782423000000,0.07431,0.07478,0.0743,0.07461,6.771842e+06
1782423900000,0.07462,0.07493,0.07446,0.07491,3.510924e+06
1782424800000,0.07491,0.07501,0.07464,0.07473,7.285715e+06
1782425700000,0.07473,0.0749,0.07468,0.07473,1.380224e+06
1782426600000,0.07472,0.07481,0.07457,0.07461,1.113683e+06
1782427500000,0.07461,0.07475,0.07454,0.0747,1.980871e+06
1782428400000,0.07471,0.07486,0.07462,0.07472,2.28855e+06
1782429300000,0.07471,0.07517,0.07471,0.0751,2.317355e+06
1782430200000,0.0751,0.07532,0.07493,0.07497,2.832687e+06
1782431100000,0.07496,0.07496,0.07485,0.07491,1.538019e+06
1782432000000,0.0749,0.07508,0.07486,0.07501,7.967052e+06
1782432900000,0.07502,0.07511,0.07486,0.07499,2.282629e+06
1782433800000,0.07499,0.07502,0.07486,0.07494,1.333988e+06
1782434700000,0.07493,0.07495,0.07464,0.07469,2.07538e+06
1782435600000,0.07469,0.07478,0.0743,0.07439,4.796833e+06
1782436500000,0.07438,0.07449,0.07393,0.07393,8.1275e+06
1782437400000,0.07393,0.074,0.07384,0.07393,7.38343e+06
1782438300000,0.07393,0.07417,0.07391,0.07403,2.315161e+06
1782439200000,0.07404,0.07408,0.07253,0.07258,1.7014029e+07
1782440100000,0.07258,0.0733,0.0725,0.07324,1.6767905e+07
1782441000000,0.07324,0.07338,0.07295,0.07316,6.816723e+06
1782441900000,0.07316,0.07316,0.07259,0.07271,6.342867e+06
1782442800000,0.07272,0.07357,0.07212,0.07352,2.692169e+07
1782443700000,0.07351,0.07367,0.0731,0.07348,8.591076e+06
1782444600000,0.07348,0.07387,0.07322,0.07383,9.409241e+06
1782445500000,0.07382,0.07482,0.0738,0.07468,1.7889238e+07
1782446400000,0.07467,0.07472,0.07445,0.07452,4.163614e+06
1782447300000,0.07452,0.07483,0.07426,0.07438,5.13565e+06
1782448200000,0.07438,0.07443,0.07418,0.07429,1.930352e+06
1782449100000,0.0743,0.07438,0.07414,0.07427,2.503601e+06
1782450000000,0.07428,0.07434,0.07415,0.07433,3.278104e+06
1782450900000,0.07433,0.07444,0.07397,0.0743,2.206027e+06
1782451800000,0.07431,0.07453,0.07427,0.07434,2.305566e+06
1782452700000,0.07434,0.07448,0.07417,0.07443,2.044494e+06
1782453600000,0.07442,0.07442,0.07399,0.074,5.264211e+06
1782454500000,0.07399,0.07479,0.07399,0.07468,6.7432e+06
1782455400000,0.07469,0.07524,0.07446,0.07513,1.3976593e+07
1782456300000,0.07513,0.07524,0.07453,0.07475,8.1178339e+07
1782457200000,0.07474,0.07511,0.07467,0.07507,1.1297036e+07
1782458100000,0.07507,0.07521,0.07493,0.07508,5.836237e+06
1782459000000,0.07507,0.07529,0.07503,0.07503,7.209307e+06
1782459900000,0.07502,0.07514,0.07469,0.0751,1.5289809e+07
1782460800000,0.0751,0.07518,0.07464,0.07469,8.451288e+06
1782461700000,0.0747,0.07473,0.07452,0.07456,3.048673e+06
1782462600000,0.07456,0.07456,0.07431,0.07445,3.134296e+06
1782463500000,0.07445,0.07462,0.07428,0.07444,1.1673783e+07
1782464400000,0.07444,0.07448,0.07426,0.07446,2.690938e+06
1782465300000,0.07446,0.07447,0.07428,0.07439,3.617301e+06
1782466200000,0.07439,0.07457,0.07433,0.07444,2.439799e+06
1782467100000,0.07444,0.07444,0.07392,0.07401,5.528945e+06
1782468000000,0.07402,0.07415,0.07388,0.07404,2.673048e+06
1782468900000,0.07404,0.07412,0.07395,0.07396,2.370325e+06
1782469800000,0.07396,0.07405,0.07364,0.07386,4.454056e+06
1782470700000,0.07385,0.07388,0.07362,0.07371,2.82673e+06
1782471600000,0.07372,0.07402,0.07367,0.07386,1.484914e+06
1782472500000,0.07387,0.07387,0.07352,0.07358,3.11448e+06
1782473400000,0.07357,0.07381,0.07354,0.07362,1.967159e+06
1782474300000,0.07361,0.07365,0.07332,0.07346,6.006726e+06
1782475200000,0.07347,0.07362,0.07341,0.07348,3.361731e+06
1782476100000,0.07348,0.0739,0.07348,0.0739,2.670672e+06
1782477000000,0.07389,0.07428,0.07294,0.07315,1.0097326e+07
1782477900000,0.07316,0.07369,0.07305,0.07337,4.138359e+06
1782478800000,0.07337,0.07381,0.07326,0.07355,6.254409e+06
1782479700000,0.07354,0.07361,0.07281,0.07332,9.55239e+06
1782480600000,0.07332,0.07393,0.07323,0.07383,2.5736263e+07
1782481500000,0.07382,0.07476,0.07365,0.07474,1.7415603e+07
1782482400000,0.07474,0.07492,0.07416,0.07439,1.1360088e+07
1782483300000,0.07439,0.07481,0.07423,0.07457,8.758284e+06
1782484200000,0.07457,0.07472,0.0739,0.07397,1.4595132e+07
1782485100000,0.07397,0.07437,0.07386,0.07397,9.272195e+06
1782486000000,0.07397,0.07443,0.07386,0.07412,3.798892e+06
1782486900000,0.07412,0.07481,0.07407,0.0746,7.584848e+06
1782487800000,0.07461,0.0754,0.07453,0.07521,1.5150708e+07
1782488700000,0.07522,0.07525,0.07457,0.07499,8.80975e+06
1782489600000,0.075,0.07562,0.075,0.07505,1.193218e+07
1782490500000,0.07506,0.07517,0.07462,0.07497,1.0008157e+07
1782491400000,0.07496,0.07564,0.07496,0.07534,9.579655e+06
1782492300000,0.07534,0.07559,0.07528,0.07531,7.160608e+06
1782493200000,0.0753,0.0757,0.07522,0.07562,3.701128e+06
1782494100000,0.07562,0.07572,0.07535,0.07563,4.258564e+06
1782495000000,0.07563,0.07572,0.07532,0.07555,5.028089e+06
1782495900000,0.07556,0.07575,0.0755,0.07558,1.270281e+06
1782496800000,0.07559,0.07581,0.07559,0.07563,2.603487e+06
1782497700000,0.07563,0.0757,0.07518,0.07524,1.969819e+06
1782498600000,0.07524,0.0754,0.07519,0.07538,2.454382e+06
1782499500000,0.07537,0.07537,0.07509,0.07519,2.14685e+06
1782500400000,0.07519,0.07574,0.07505,0.07566,3.611585e+06
1782501300000,0.07566,0.07612,0.07553,0.07596,7.822295e+06
1782502200000,0.07596,0.07609,0.07579,0.07591,2.735858e+06
1782503100000,0.07591,0.07597,0.07548,0.07556,5.743775e+06
1782504000000,0.07557,0.07614,0.07557,0.07572,1.393908e+07
1782504900000,0.07572,0.0759,0.07568,0.07585,1.295572e+06
1782505800000,0.07585,0.07585,0.07533,0.07538,6.261602e+06
1782506700000,0.07539,0.07553,0.07533,0.07548,1.724234e+06
1782507600000,0.07549,0.07553,0.07525,0.07544,1.870201e+06
1782508500000,0.07544,0.07558,0.07533,0.07558,550374
1782509400000,0.07558,0.07588,0.07557,0.07583,2.014926e+06
1782510300000,0.07583,0.07587,0.07546,0.07546,2.819924e+06
1782511200000,0.07545,0.07551,0.07517,0.07541,2.699088e+06
1782512100000,0.07542,0.07555,0.07542,0.07547,1.240158e+06
1782513000000,0.07547,0.07565,0.0754,0.07562,2.212815e+06
1782513900000,0.07562,0.07574,0.07553,0.0757,629729
1782514800000,0.0757,0.07581,0.07567,0.0758,2.796851e+06
1782515700000,0.07581,0.07581,0.07562,0.07563,3.240201e+06
1782516600000,0.07564,0.0759,0.07563,0.07587,1.386349e+06
1782517500000,0.07588,0.07592,0.07575,0.0758,516870
1782518400000,0.0758,0.076,0.07578,0.07585,3.14784e+06
1782519300000,0.07585,0.07589,0.07569,0.0757,1.212959e+06
1782520200000,0.07569,0.07569,0.07512,0.07529,1.1197859e+07
1782521100000,0.0753,0.07552,0.07525,0.07544,1.744805e+06
1782522000000,0.07545,0.07546,0.07531,0.07533,2.337682e+06
1782522900000,0.07534,0.07544,0.07527,0.07543,1.207495e+06
1782523800000,0.07542,0.0755,0.07533,0.07545,2.301731e+06
1782524700000,0.07546,0.07549,0.07536,0.07542,670595
1782525600000,0.07543,0.07568,0.0754,0.07564,1.086554e+06
1782526500000,0.07565,0.07605,0.07562,0.0759,5.759705e+06
1782527400000,0.0759,0.07602,0.07578,0.07599,2.856232e+06
1782528300000,0.07599,0.07607,0.0759,0.07592,2.225543e+06
1782529200000,0.07591,0.07598,0.07561,0.07563,3.585296e+06
1782530100000,0.07563,0.07591,0.07563,0.0758,1.758061e+06
1782531000000,0.07579,0.07586,0.07572,0.07576,2.376213e+06
1782531900000,0.07576,0.07577,0.07562,0.07567,2.103833e+06
1782532800000,0.07567,0.07593,0.07567,0.0759,3.832705e+06
1782533700000,0.0759,0.07601,0.07583,0.07584,1.639665e+06
1782534600000,0.07584,0.07587,0.07577,0.07579,695747
1782535500000,0.07579,0.07585,0.07558,0.07563,2.343511e+06
1782536400000,0.07563,0.07565,0.07549,0.07563,2.524636e+06
1782537300000,0.07562,0.07562,0.07541,0.07543,1.878847e+06
1782538200000,0.07543,0.07561,0.07541,0.07558,2.580096e+06
1782539100000,0.07558,0.07579,0.07558,0.07576,1.568144e+06
1782540000000,0.07576,0.07576,0.07546,0.07552,1.595211e+06
1782540900000,0.07551,0.0757,0.07549,0.07566,3.15389e+06
1782541800000,0.07566,0.07587,0.07565,0.07579,4.658594e+06
1782542700000,0.0758,0.07587,0.07567,0.07571,1.891591e+06
1782543600000,0.07572,0.07576,0.07559,0.07561,1.951204e+06
1782544500000,0.07562,0.07583,0.07558,0.07576,2.237851e+06
1782545400000,0.07576,0.0758,0.07572,0.07578,1.090003e+06
1782546300000,0.07579,0.07588,0.07577,0.07582,2.225522e+06
1782547200000,0.07582,0.07583,0.07569,0.07571,3.163992e+06
1782548100000,0.07572,0.07575,0.07562,0.07563,1.960439e+06
1782549000000,0.07562,0.07566,0.07549,0.07552,1.80385e+06
1782549900000,0.07552,0.07559,0.07542,0.07557,2.79069e+06
1782550800000,0.07556,0.07567,0.07535,0.07536,3.847957e+06
1782551700000,0.07536,0.07543,0.0753,0.07537,1.802744e+06
1782552600000,0.07538,0.07541,0.07529,0.07531,3.330396e+06
1782553500000,0.07532,0.07543,0.07531,0.07541,976178
1782554400000,0.0754,0.07545,0.07531,0.07543,1.230072e+06
1782555300000,0.07544,0.07544,0.07532,0.07539,2.129041e+06
1782556200000,0.07538,0.07545,0.07532,0.07537,6.151815e+06
1782557100000,0.07537,0.07539,0.07526,0.07537,2.357744e+06
1782558000000,0.07536,0.07538,0.07519,0.07525,2.222877e+06
1782558900000,0.07526,0.07526,0.07496,0.07506,5.556392e+06
1782559800000,0.07507,0.07522,0.07506,0.07516,2.637112e+06
1782560700000,0.07516,0.07535,0.07515,0.07534,3.906602e+06
1782561600000,0.07533,0.0754,0.07526,0.07534,2.883322e+06
1782562500000,0.07534,0.0755,0.07533,0.07542,2.463308e+06
1782563400000,0.07542,0.07557,0.07538,0.07555,1.501083e+06
1782564300000,0.07556,0.07565,0.07551,0.07558,2.367881e+06
1782565200000,0.07559,0.07564,0.07548,0.07561,2.466419e+06
1782566100000,0.0756,0.07577,0.07555,0.07572,2.697944e+06
1782567000000,0.07571,0.07595,0.07566,0.07589,4.057059e+06
1782567900000,0.07589,0.0759,0.07575,0.07581,2.239693e+06
1782568800000,0.07582,0.07603,0.07572,0.07597,8.026357e+06
1782569700000,0.07597,0.07598,0.07586,0.07591,3.572704e+06
1782570600000,0.0759,0.07596,0.07579,0.07594,3.582809e+06
1782571500000,0.07593,0.07608,0.0759,0.07598,4.890291e+06
1782572400000,0.07599,0.07644,0.07588,0.07631,1.1080048e+07
1782573300000,0.07632,0.07635,0.0761,0.07623,1.399472e+06
1782574200000,0.07624,0.07644,0.07614,0.07629,3.467469e+06
1782575100000,0.07629,0.07629,0.07613,0.07625,2.135373e+06
1782576000000,0.07625,0.07636,0.07614,0.07614,4.357567e+06
1782576900000,0.07614,0.07614,0.07595,0.07608,5.080117e+06
1782577800000,0.07609,0.07631,0.07609,0.07626,2.399234e+06
1782578700000,0.07626,0.07634,0.07619,0.07625,2.446888e+06
1782579600000,0.07624,0.07628,0.0756,0.07584,7.449401e+06
1782580500000,0.07585,0.07591,0.0757,0.07582,1.740664e+06
1782581400000,0.07583,0.07598,0.0757,0.07584,2.296851e+06
1782582300000,0.07583,0.07584,0.07564,0.07567,1.377998e+06
1782583200000,0.07567,0.0757,0.0753,0.07538,3.179879e+06
1782584100000,0.07539,0.07547,0.07522,0.07535,5.045623e+06
1782585000000,0.07536,0.07548,0.07535,0.07538,1.877941e+06
1782585900000,0.07538,0.0754,0.0753,0.07536,1.673063e+06
1782586800000,0.07536,0.07545,0.07534,0.07535,386341
1782587700000,0.07536,0.07536,0.07481,0.07494,7.933873e+06
1782588600000,0.07494,0.07494,0.0745,0.0747,6.979425e+06
1782589500000,0.0747,0.07481,0.07464,0.07476,1.122115e+06
1782590400000,0.07477,0.07492,0.07477,0.0749,1.331248e+06
1782591300000,0.07489,0.07495,0.07484,0.07488,677272
1782592200000,0.07489,0.07491,0.07474,0.07477,1.340135e+06
1782593100000,0.07476,0.07483,0.0747,0.07478,1.283003e+06
1782594000000,0.07478,0.075,0.07476,0.07492,2.075886e+06
1782594900000,0.07493,0.075,0.07483,0.07499,3.284072e+06
1782595800000,0.075,0.075,0.0745,0.07459,3.927699e+06
1782596700000,0.07459,0.0747,0.0744,0.07458,3.107922e+06
1782597600000,0.07458,0.0746,0.07443,0.07449,4.386273e+06
1782598500000,0.07449,0.0746,0.07408,0.07457,4.206222e+06
1782599400000,0.07456,0.0748,0.07455,0.07469,2.609715e+06
1782600300000,0.07469,0.07486,0.07466,0.07483,617626
1782601200000,0.07483,0.07489,0.07461,0.07462,3.383296e+06
1782602100000,0.07461,0.07464,0.07442,0.07448,2.724589e+06
1782603000000,0.07448,0.07462,0.07445,0.07459,1.009305e+06
1782603900000,0.07458,0.07461,0.07449,0.0745,1.486308e+06
1782604800000,0.0745,0.07466,0.07447,0.07459,1.925408e+06
1782605700000,0.0746,0.0747,0.07458,0.07468,737112
1782606600000,0.07469,0.0747,0.07456,0.07466,859264
1782607500000,0.07466,0.07469,0.07456,0.0746,708167
1782608400000,0.0746,0.0746,0.07437,0.07446,1.37375e+06
1782609300000,0.07447,0.07461,0.07444,0.07456,1.104083e+06
1782610200000,0.07456,0.07467,0.07453,0.07455,8.587984e+06
1782611100000,0.07455,0.07458,0.07447,0.07447,3.617784e+06
1782612000000,0.07448,0.0746,0.07443,0.07458,2.2423732e+07
1782612900000,0.07458,0.07463,0.0742,0.07422,2.9407239e+07
1782613800000,0.07422,0.07426,0.07408,0.07412,4.801239e+06
1782614700000,0.07413,0.07424,0.0741,0.07415,2.999506e+06
1782615600000,0.07415,0.07447,0.07415,0.07443,3.11661e+06
1782616500000,0.07443,0.07443,0.07428,0.07434,2.164898e+06
1782617400000,0.07435,0.07437,0.07411,0.07416,2.356233e+06
1782618300000,0.07415,0.0743,0.07414,0.07429,1.131458e+06
1782619200000,0.07428,0.07428,0.07412,0.07417,1.717821e+06
1782620100000,0.07417,0.07425,0.0741,0.0742,1.633928e+06
1782621000000,0.0742,0.0742,0.07397,0.07411,5.705901e+06
1782621900000,0.07411,0.07423,0.07401,0.07402,1.118892e+06
1782622800000,0.07402,0.07404,0.07377,0.07381,4.078747e+06
1782623700000,0.07381,0.0739,0.0735,0.07363,4.683233e+06
1782624600000,0.07362,0.07378,0.07355,0.07375,2.3811e+06
1782625500000,0.07376,0.07392,0.07375,0.07386,758968
1782626400000,0.07387,0.0739,0.07329,0.07332,4.290173e+06
1782627300000,0.07333,0.07356,0.07323,0.07346,5.74243e+06
1782628200000,0.07345,0.07356,0.07345,0.07348,1.428253e+06
1782629100000,0.07347,0.07358,0.0734,0.07349,1.214748e+06
1782630000000,0.07348,0.07376,0.07348,0.07365,3.573538e+06
1782630900000,0.07366,0.07367,0.07347,0.07349,1.293239e+06
1782631800000,0.07349,0.07376,0.07344,0.07366,3.560142e+06
1782632700000,0.07366,0.07379,0.07361,0.07379,1.746432e+06
1782633600000,0.07378,0.07387,0.07369,0.0737,1.860281e+06
1782634500000,0.0737,0.07378,0.07367,0.07369,944616
1782635400000,0.07369,0.07429,0.07367,0.07419,7.542325e+06
1782636300000,0.07418,0.07427,0.07404,0.07408,4.041838e+06
1782637200000,0.07408,0.07428,0.07396,0.07413,3.695979e+06
1782638100000,0.07414,0.07416,0.07403,0.07405,2.000886e+06
1782639000000,0.07405,0.07412,0.07401,0.07409,2.796532e+06
1782639900000,0.07408,0.07412,0.07353,0.07356,7.468723e+06
1782640800000,0.07357,0.0737,0.07345,0.07367,5.642107e+06
1782641700000,0.07366,0.07375,0.07331,0.07337,4.824586e+06
1782642600000,0.07336,0.07352,0.07331,0.07348,3.068294e+06
1782643500000,0.07348,0.0735,0.07343,0.07349,2.226783e+06
1782644400000,0.0735,0.07365,0.07335,0.07339,4.058137e+06
1782645300000,0.0734,0.07375,0.07337,0.07364,2.892872e+06
1782646200000,0.07364,0.07373,0.07349,0.07373,1.314216e+06
1782647100000,0.07373,0.0739,0.07367,0.07385,1.204905e+06
1782648000000,0.07385,0.07385,0.07359,0.07365,1.964142e+06
1782648900000,0.07365,0.07384,0.07345,0.07384,2.78077e+06
1782649800000,0.07384,0.07405,0.07359,0.07365,2.212518e+06
1782650700000,0.07366,0.07382,0.07364,0.07379,505245
1782651600000,0.07378,0.07379,0.0734,0.07364,2.243527e+06
1782652500000,0.07365,0.07369,0.07355,0.07358,1.058264e+06
1782653400000,0.07358,0.07372,0.07354,0.07369,3.767315e+06
1782654300000,0.0737,0.07372,0.07348,0.07354,889948
1782655200000,0.07353,0.0738,0.07353,0.07375,1.402341e+06
1782656100000,0.07376,0.07401,0.07371,0.0738,3.057116e+06
1782657000000,0.0738,0.0739,0.07375,0.0738,3.64157e+06
1782657900000,0.07379,0.0739,0.07366,0.07366,1.915859e+06
1782658800000,0.07366,0.07384,0.07347,0.07378,6.076995e+06
1782659700000,0.07377,0.0739,0.07365,0.07378,3.505833e+06
1782660600000,0.07377,0.07387,0.07353,0.0737,3.912584e+06
1782661500000,0.0737,0.0737,0.07339,0.07358,3.566703e+06
1782662400000,0.07359,0.07363,0.07342,0.07346,4.312166e+06
1782663300000,0.07346,0.07353,0.07315,0.0733,3.926399e+06
1782664200000,0.07331,0.07333,0.07295,0.07306,1.432908e+07
1782665100000,0.07307,0.07323,0.07301,0.07317,1.82898e+06
1782666000000,0.07317,0.07344,0.07297,0.07307,4.274192e+06
1782666900000,0.07307,0.07311,0.07288,0.07291,2.65726e+06
1782667800000,0.07291,0.07308,0.07273,0.07302,5.820685e+06
1782668700000,0.07302,0.07323,0.073,0.07321,1.036394e+06
1782669600000,0.0732,0.07332,0.07314,0.07315,1.637045e+06
1782670500000,0.07315,0.07325,0.07305,0.07309,1.325263e+06
1782671400000,0.07308,0.07316,0.07297,0.07309,973604
1782672300000,0.07308,0.07328,0.07306,0.07327,884660
1782673200000,0.07327,0.07328,0.07303,0.07312,820579
1782674100000,0.07313,0.0732,0.07304,0.07319,913424
1782675000000,0.07319,0.07336,0.07298,0.07299,1.037064e+06
1782675900000,0.07299,0.07299,0.07263,0.07294,3.790897e+06
1782676800000,0.07293,0.07329,0.0729,0.07326,1.178269e+06
1782677700000,0.07326,0.07345,0.07323,0.07334,984372
1782678600000,0.07334,0.07335,0.07323,0.07324,657154
1782679500000,0.07324,0.07333,0.0732,0.07322,874030
1782680400000,0.07322,0.07326,0.07311,0.07321,1.733123e+06
1782681300000,0.07321,0.07321,0.07306,0.0731,1.464031e+06
1782682200000,0.0731,0.0732,0.07298,0.07303,3.832444e+06
1782683100000,0.07303,0.07304,0.0725,0.07278,3.69161e+06
1782684000000,0.07279,0.07375,0.07279,0.07322,9.462442e+06
1782684900000,0.07321,0.07329,0.07272,0.07302,4.034599e+06
1782685800000,0.07302,0.07314,0.07275,0.07277,2.688195e+06
1782686700000,0.07277,0.07287,0.07216,0.07246,1.0274369e+07
1782687600000,0.07245,0.0729,0.07239,0.0727,3.584383e+06
1782688500000,0.0727,0.07308,0.07265,0.07298,1.763051e+06
1782689400000,0.07298,0.0734,0.07297,0.07324,4.030833e+06
1782690300000,0.07323,0.07337,0.07316,0.0732,2.31045e+06
1782691200000,0.0732,0.07325,0.07278,0.07312,3.178019e+06
1782692100000,0.07311,0.07315,0.07254,0.07254,2.359687e+06
1782693000000,0.07253,0.07296,0.07218,0.07293,7.28035e+06
1782693900000,0.07292,0.07338,0.07258,0.07332,3.71982e+06
1782694800000,0.07333,0.07337,0.07281,0.07288,3.172942e+06
1782695700000,0.07288,0.07291,0.07257,0.07264,4.21826e+06
1782696600000,0.07264,0.07305,0.07255,0.07296,3.434043e+06
1782697500000,0.07296,0.0731,0.07279,0.07282,2.904518e+06
1782698400000,0.07281,0.07293,0.07196,0.07222,8.319725e+06
1782699300000,0.07222,0.07311,0.07221,0.07303,6.998763e+06
1782700200000,0.07302,0.07311,0.07287,0.07308,1.2941879e+07
1782701100000,0.07307,0.07319,0.07296,0.07312,1.4014034e+07
1782702000000,0.07312,0.07361,0.07311,0.07339,7.995961e+06
1782702900000,0.07339,0.07363,0.0733,0.07358,2.102917e+06
1782703800000,0.07358,0.07365,0.0731,0.07313,2.347368e+06
1782704700000,0.07313,0.0733,0.07306,0.07329,1.803536e+06
1782705600000,0.0733,0.07332,0.07296,0.073,2.089714e+06
1782706500000,0.073,0.07302,0.07278,0.07292,1.563303e+06
1782707400000,0.07292,0.07293,0.07245,0.07251,2.906007e+06
1782708300000,0.07251,0.07268,0.07232,0.07255,3.799428e+06
1782709200000,0.07256,0.07262,0.07207,0.07233,5.932903e+06
1782710100000,0.07233,0.0726,0.07232,0.07252,2.769367e+06
1782711000000,0.07253,0.07282,0.07246,0.07276,3.008699e+06
1782711900000,0.07276,0.0731,0.07273,0.0731,3.832826e+06
1782712800000,0.07311,0.0733,0.07303,0.07327,1.99193e+06
1782713700000,0.07327,0.07349,0.07325,0.07333,2.491427e+06
1782714600000,0.07334,0.0734,0.07301,0.07302,3.337382e+06
1782715500000,0.07303,0.07321,0.07301,0.07319,1.392438e+06
1782716400000,0.07319,0.0732,0.07294,0.07313,1.34306e+06
1782717300000,0.07314,0.07332,0.07308,0.0732,3.383984e+06
1782718200000,0.0732,0.07322,0.07289,0.07291,1.2274211e+07
1782719100000,0.0729,0.07307,0.07277,0.07278,4.105009e+06
1782720000000,0.07278,0.07293,0.07266,0.07275,2.976756e+06
1782720900000,0.07275,0.07283,0.07233,0.07237,9.029665e+06
1782721800000,0.07236,0.07262,0.07222,0.07255,9.164683e+06
1782722700000,0.07254,0.07272,0.07247,0.07254,1.821412e+06
1782723600000,0.07253,0.07273,0.07252,0.07273,2.371225e+06
1782724500000,0.07272,0.07298,0.07253,0.0728,5.2416e+06
1782725400000,0.0728,0.07288,0.07269,0.07284,2.046225e+06
1782726300000,0.07284,0.07295,0.07264,0.07279,4.56774e+06
1782727200000,0.0728,0.07323,0.0728,0.07313,6.038371e+06
1782728100000,0.07313,0.07313,0.073,0.07304,1.91432e+06
1782729000000,0.07304,0.07304,0.07281,0.07293,1.052542e+06
1782729900000,0.07292,0.07297,0.07284,0.07292,2.112092e+06
1782730800000,0.07293,0.07299,0.07262,0.07263,2.057467e+06
1782731700000,0.07263,0.07275,0.07248,0.07275,4.062184e+06
1782732600000,0.07274,0.07315,0.07268,0.07276,5.39614e+06
1782733500000,0.07275,0.07287,0.07272,0.07284,2.570733e+06
1782734400000,0.07284,0.07387,0.07246,0.07375,2.1062363e+07
1782735300000,0.07375,0.0739,0.07356,0.07373,1.1484878e+07
1782736200000,0.07373,0.07375,0.07297,0.07309,1.0954742e+07
1782737100000,0.0731,0.07317,0.07275,0.07298,4.069346e+06
1782738000000,0.07298,0.07352,0.07298,0.07335,3.409589e+06
1782738900000,0.07335,0.07338,0.07279,0.07279,3.745253e+06
1782739800000,0.07278,0.0733,0.07235,0.07247,1.2777358e+07
1782740700000,0.07246,0.07276,0.07225,0.07274,6.84485e+06
1782741600000,0.07275,0.07282,0.07218,0.07223,6.389122e+06
1782742500000,0.07223,0.07266,0.07203,0.07257,1.1411048e+07
1782743400000,0.07256,0.07294,0.07232,0.07236,3.217728e+06
1782744300000,0.07235,0.07269,0.07216,0.0726,3.432901e+06
1782745200000,0.07261,0.07262,0.072,0.07216,3.339977e+06
1782746100000,0.07216,0.07261,0.07212,0.0726,1.846478e+06
1782747000000,0.07261,0.07299,0.07261,0.0729,7.116766e+06
1782747900000,0.0729,0.07296,0.07277,0.07283,4.864962e+06
1782748800000,0.07283,0.07299,0.07269,0.07273,2.148484e+06
1782749700000,0.07273,0.07279,0.07213,0.07222,7.323147e+06
1782750600000,0.07221,0.07265,0.0722,0.07265,9.376936e+06
1782751500000,0.07264,0.07295,0.07256,0.07281,2.397849e+06
1782752400000,0.07281,0.07388,0.07279,0.07382,1.2127584e+07
1782753300000,0.07382,0.07413,0.07373,0.07403,9.093047e+06
1782754200000,0.07403,0.07429,0.07375,0.0741,8.638873e+06
1782755100000,0.0741,0.07416,0.07389,0.07391,4.015099e+06
1782756000000,0.07391,0.07409,0.07378,0.07408,3.080148e+06
1782756900000,0.07407,0.07409,0.07376,0.07377,4.440907e+06
1782757800000,0.07377,0.07397,0.07372,0.0739,4.219461e+06
1782758700000,0.07389,0.07391,0.07374,0.07386,1.809782e+06
1782759600000,0.07387,0.07389,0.07375,0.07376,2.960854e+06
1782760500000,0.07375,0.0741,0.07371,0.07406,6.070695e+06
1782761400000,0.07405,0.07413,0.07386,0.07402,3.232569e+06
1782762300000,0.07402,0.07405,0.07386,0.07391,4.359348e+06
1782763200000,0.07391,0.07395,0.07382,0.07385,5.327967e+06
1782764100000,0.07384,0.07395,0.0738,0.07386,1.176093e+06
1782765000000,0.07385,0.07394,0.0738,0.07386,1.947254e+06
1782765900000,0.07386,0.07391,0.0737,0.07372,4.079471e+06
1782766800000,0.07372,0.07397,0.07361,0.07392,3.969104e+06
1782767700000,0.07391,0.07394,0.07382,0.07393,623710
1782768600000,0.07394,0.07413,0.07394,0.07409,3.10602e+06
1782769500000,0.0741,0.07414,0.07393,0.07396,972022
1782770400000,0.07397,0.07404,0.07379,0.07387,4.025594e+06
1782771300000,0.07388,0.07392,0.07371,0.07373,2.107661e+06
1782772200000,0.07372,0.07375,0.07354,0.07362,1.356915e+06
1782773100000,0.07362,0.07364,0.07345,0.07345,3.163165e+06
1782774000000,0.07346,0.07352,0.07343,0.07348,970350
1782774900000,0.07349,0.07349,0.07323,0.07331,1.23442e+06
1782775800000,0.07331,0.07338,0.07324,0.07335,790073
1782776700000,0.07334,0.07348,0.0733,0.07344,1.795126e+06
1782777600000,0.07344,0.07356,0.07337,0.07351,3.342657e+06
1782778500000,0.07351,0.07358,0.073,0.07305,2.878017e+06
1782779400000,0.07305,0.07305,0.07253,0.07263,9.186156e+06
1782780300000,0.07263,0.07276,0.07251,0.07253,4.302805e+06
1782781200000,0.07254,0.07263,0.07227,0.07238,7.372242e+06
1782782100000,0.07238,0.07278,0.07236,0.07275,3.071602e+06
1782783000000,0.07276,0.07277,0.07241,0.07249,4.699929e+06
1782783900000,0.0725,0.07256,0.07241,0.07254,8.119694e+06
1782784800000,0.07255,0.07256,0.07232,0.07237,3.136475e+06
1782785700000,0.07237,0.07264,0.07229,0.07258,2.012295e+06
1782786600000,0.07258,0.0726,0.07245,0.07258,3.460193e+06
1782787500000,0.07258,0.07273,0.07258,0.07264,2.200139e+06
1782788400000,0.07263,0.07278,0.07262,0.07269,1.545546e+06
1782789300000,0.07269,0.0728,0.07259,0.07266,1.611691e+06
1782790200000,0.07266,0.07268,0.07246,0.07252,3.869648e+06
1782791100000,0.07253,0.07255,0.07237,0.07244,7.866635e+06
1782792000000,0.07244,0.0725,0.07215,0.0724,5.32727e+06
1782792900000,0.07239,0.07241,0.07213,0.07238,3.689844e+06
1782793800000,0.07238,0.07259,0.07237,0.07258,2.087808e+06
1782794700000,0.07258,0.07258,0.07243,0.07245,1.908472e+06
1782795600000,0.07245,0.07245,0.07231,0.07239,2.508529e+06
1782796500000,0.07238,0.07244,0.0722,0.07223,1.101546e+07
1782797400000,0.07223,0.07236,0.07208,0.0723,9.702159e+06
1782798300000,0.0723,0.07246,0.07229,0.07244,1.741487e+06
1782799200000,0.07245,0.07247,0.07235,0.07242,999191
1782800100000,0.07242,0.07258,0.07229,0.07255,2.706116e+06
1782801000000,0.07255,0.07259,0.07244,0.07246,1.125669e+06
1782801900000,0.07245,0.0725,0.07241,0.07247,853481
1782802800000,0.07247,0.07261,0.07235,0.07243,3.008028e+06
1782803700000,0.07243,0.07248,0.07233,0.07236,2.28535e+06
1782804600000,0.07236,0.07244,0.07233,0.07234,2.349393e+06
1782805500000,0.07233,0.07244,0.0723,0.0724,1.671827e+06
1782806400000,0.0724,0.07246,0.07229,0.0723,2.901873e+06
1782807300000,0.0723,0.07235,0.07225,0.07233,2.306196e+06
1782808200000,0.07233,0.07235,0.072,0.0722,9.15496e+06
1782809100000,0.0722,0.07248,0.07204,0.07236,1.0712604e+07
1782810000000,0.07236,0.07247,0.07233,0.0724,2.569378e+06
1782810900000,0.07241,0.07241,0.07224,0.07231,7.624906e+06
1782811800000,0.0723,0.07247,0.07223,0.07239,1.589305e+06
1782812700000,0.0724,0.07258,0.07239,0.07257,2.704269e+06
1782813600000,0.07256,0.07264,0.07239,0.07248,9.970795e+06
1782814500000,0.07249,0.07257,0.07225,0.07238,3.4502994e+07
1782815400000,0.07239,0.07252,0.07231,0.07251,2.722211e+06
1782816300000,0.07251,0.07261,0.07246,0.0725,4.301174e+06
1782817200000,0.07249,0.07256,0.07243,0.0725,3.984481e+06
1782818100000,0.07251,0.07253,0.07212,0.07215,1.681477e+06
1782819000000,0.07215,0.07225,0.07202,0.07223,3.043878e+06
1782819900000,0.07224,0.07233,0.071,0.07143,4.655582e+07
1782820800000,0.07143,0.07143,0.07036,0.07051,3.8251367e+07
1782821700000,0.07051,0.07072,0.07007,0.07027,4.7782774e+07
1782822600000,0.07026,0.07035,0.06952,0.06993,5.0987152e+07
1782823500000,0.06992,0.06998,0.06961,0.06966,3.1671855e+07
1782824400000,0.06967,0.07038,0.06967,0.07024,1.5839261e+07
1782825300000,0.07025,0.07044,0.07015,0.07027,6.641953e+06
1782826200000,0.07027,0.07063,0.07,0.07046,2.3300491e+07
1782827100000,0.07046,0.07086,0.07031,0.07077,8.129646e+06
1782828000000,0.07076,0.07131,0.07065,0.07108,2.5795425e+07
1782828900000,0.07109,0.07113,0.07088,0.07101,9.343315e+06
1782829800000,0.07101,0.0711,0.07055,0.07077,7.24511e+06
1782830700000,0.07077,0.07077,0.07021,0.07035,6.09627e+06
1782831600000,0.07035,0.07055,0.0702,0.0705,4.814406e+06
1782832500000,0.0705,0.07078,0.07024,0.07064,1.4566706e+07
1782833400000,0.07064,0.07078,0.07063,0.07068,3.318767e+06
1782834300000,0.07067,0.0711,0.07067,0.07072,1.5300885e+07
1782835200000,0.07073,0.0713,0.07071,0.07102,6.921151e+06
1782836100000,0.07102,0.07112,0.07076,0.07081,4.986375e+06
1782837000000,0.07081,0.07105,0.07058,0.07087,1.381573e+07
1782837900000,0.07087,0.07155,0.07087,0.0714,1.2323001e+07
1782838800000,0.07141,0.07165,0.07129,0.07132,5.403378e+06
1782839700000,0.07133,0.07151,0.07126,0.07127,2.012075e+06
1782840600000,0.07127,0.07143,0.07114,0.07131,2.120738e+06
1782841500000,0.0713,0.07147,0.07126,0.07134,3.287119e+06
1782842400000,0.07135,0.07155,0.07126,0.07152,1.961683e+06
1782843300000,0.07153,0.0729,0.07148,0.07217,4.5885921e+07
1782844200000,0.07217,0.07222,0.07185,0.07211,8.25527e+06
1782845100000,0.07212,0.07248,0.07212,0.07239,3.583047e+06
1782846000000,0.07239,0.07255,0.07224,0.07233,3.247659e+06
1782846900000,0.07232,0.07236,0.07213,0.07224,1.053673e+06
1782847800000,0.07224,0.07253,0.07221,0.07238,1.612757e+06
1782848700000,0.07238,0.07239,0.07221,0.0723,2.69479e+06
1782849600000,0.07229,0.07239,0.07219,0.07226,1.171262e+06
1782850500000,0.07226,0.07226,0.07191,0.07212,1.807119e+06
1782851400000,0.07212,0.07212,0.07196,0.07196,3.274105e+06
1782852300000,0.07196,0.07221,0.07196,0.07205,1.20479e+06
1782853200000,0.07206,0.07219,0.07192,0.07204,5.219036e+06
1782854100000,0.07203,0.07223,0.07199,0.07211,1.874648e+06
1782855000000,0.0721,0.07226,0.07203,0.07204,1.503641e+06
1782855900000,0.07204,0.07218,0.07197,0.07217,2.074955e+06
1782856800000,0.07218,0.07234,0.072,0.07212,2.326511e+06
1782857700000,0.07212,0.07227,0.07205,0.07205,873948
1782858600000,0.07204,0.07204,0.07181,0.07197,1.625315e+06
1782859500000,0.07197,0.07203,0.07189,0.07197,1.606622e+06
1782860400000,0.07198,0.072,0.07185,0.07189,1.606222e+06
1782861300000,0.07188,0.07195,0.07184,0.07188,1.761296e+06
1782862200000,0.07188,0.072,0.07186,0.07199,878787
1782863100000,0.07199,0.07216,0.07199,0.07208,997352
1782864000000,0.07208,0.0722,0.07198,0.07206,2.998563e+06
1782864900000,0.07207,0.07214,0.07172,0.07186,5.39392e+06
1782865800000,0.07187,0.0721,0.07162,0.07173,8.644324e+06
1782866700000,0.07172,0.07192,0.07169,0.07181,4.402217e+06
1782867600000,0.07181,0.07182,0.0705,0.07105,1.4462265e+07
1782868500000,0.07106,0.0714,0.0709,0.07132,5.441164e+06
1782869400000,0.07131,0.07211,0.07128,0.07193,6.679804e+06
1782870300000,0.07192,0.07203,0.07165,0.07187,3.082907e+06
1782871200000,0.07187,0.07204,0.07174,0.07196,1.161175e+06
1782872100000,0.07196,0.07225,0.07194,0.07213,4.375694e+06
1782873000000,0.07214,0.0723,0.07202,0.07222,4.423335e+06
1782873900000,0.07222,0.07224,0.07191,0.07199,4.677621e+06
1782874800000,0.072,0.07228,0.07199,0.07205,2.240814e+06
1782875700000,0.07205,0.07205,0.07186,0.07198,2.659394e+06
1782876600000,0.07199,0.07243,0.0719,0.07219,4.937171e+06
1782877500000,0.07218,0.07251,0.07217,0.07235,4.530383e+06
1782878400000,0.07234,0.07245,0.07227,0.07238,1.798251e+06
1782879300000,0.07238,0.07257,0.07238,0.07255,1.796917e+06
1782880200000,0.07254,0.07259,0.07236,0.0725,4.76888e+06
1782881100000,0.0725,0.07271,0.07249,0.07256,7.89083e+06
1782882000000,0.07256,0.0726,0.0724,0.07243,2.778906e+06
1782882900000,0.07244,0.07249,0.07228,0.07231,2.646089e+06
1782883800000,0.0723,0.0724,0.07224,0.07237,2.523822e+06
1782884700000,0.07238,0.07241,0.07231,0.07234,1.315469e+06
1782885600000,0.07235,0.07238,0.07204,0.0721,3.904359e+06
1782886500000,0.07209,0.07214,0.07171,0.07184,4.438093e+06
1782887400000,0.07183,0.07189,0.07115,0.07137,1.5226553e+07
1782888300000,0.07136,0.07148,0.07109,0.07143,3.266561e+06
1782889200000,0.07143,0.07149,0.07128,0.07148,2.120235e+06
1782890100000,0.07148,0.0716,0.07133,0.07152,1.644898e+06
1782891000000,0.07151,0.07157,0.07137,0.0715,1.452294e+06
1782891900000,0.07149,0.07162,0.07143,0.0715,2.825492e+06
1782892800000,0.07149,0.07156,0.07106,0.07115,2.9635009e+07
1782893700000,0.07115,0.07121,0.07095,0.07106,3.213932e+06
1782894600000,0.07106,0.07123,0.07089,0.07119,3.351019e+06
1782895500000,0.0712,0.07151,0.0711,0.07149,2.519117e+06
1782896400000,0.07149,0.07162,0.07134,0.07139,3.720475e+06
1782897300000,0.0714,0.07149,0.07137,0.07145,2.518524e+06
1782898200000,0.07146,0.07152,0.0714,0.07142,1.708285e+06
1782899100000,0.07142,0.07149,0.07115,0.07129,8.967463e+06
1782900000000,0.0713,0.07138,0.0711,0.07111,3.636496e+06
1782900900000,0.07111,0.07124,0.07098,0.07112,2.730854e+06
1782901800000,0.07112,0.07112,0.07081,0.07085,6.686522e+06
1782902700000,0.07086,0.07104,0.07086,0.07097,2.22276e+06
1782903600000,0.07097,0.07108,0.07082,0.07106,2.751027e+06
1782904500000,0.07106,0.07113,0.07099,0.07107,1.690156e+06
1782905400000,0.07106,0.07124,0.071,0.07118,3.038e+06
1782906300000,0.07118,0.07126,0.07103,0.07116,1.237775e+06
1782907200000,0.07116,0.07124,0.07086,0.071,3.368245e+06
1782908100000,0.071,0.07126,0.071,0.07123,1.549601e+06
1782909000000,0.07123,0.0714,0.07112,0.07123,3.765608e+06
1782909900000,0.07123,0.07144,0.07116,0.07144,4.344186e+06
1782910800000,0.07145,0.07181,0.07145,0.07149,3.611411e+06
1782911700000,0.07149,0.07193,0.07147,0.07188,5.287681e+06
1782912600000,0.07187,0.07208,0.07121,0.07203,9.284825e+06
1782913500000,0.07202,0.07249,0.07192,0.0724,1.3735077e+07
1782914400000,0.0724,0.07282,0.07214,0.07281,1.6965739e+07
1782915300000,0.0728,0.07299,0.07249,0.07257,1.2524469e+07
1782916200000,0.07256,0.07262,0.07228,0.07244,1.2216262e+07
1782917100000,0.07243,0.07269,0.07222,0.07269,4.247107e+06
1782918000000,0.07268,0.07329,0.07266,0.07309,8.555593e+06
1782918900000,0.07309,0.07357,0.07283,0.07337,1.1634794e+07
1782919800000,0.07338,0.07351,0.07318,0.07347,6.863516e+06
1782920700000,0.07346,0.07349,0.07328,0.07337,5.267341e+06
1782921600000,0.07337,0.0735,0.07329,0.07345,4.265406e+06
1782922500000,0.07346,0.07355,0.07317,0.07341,8.150747e+06
1782923400000,0.07341,0.07345,0.07316,0.07317,2.660529e+06
1782924300000,0.07316,0.07316,0.07292,0.07307,5.471275e+06
1782925200000,0.07307,0.0731,0.07278,0.07294,2.470772e+06
1782926100000,0.07295,0.07329,0.07294,0.07318,2.490489e+06
1782927000000,0.07317,0.07322,0.07304,0.07318,3.708334e+06
1782927900000,0.07318,0.07363,0.07318,0.07348,2.824961e+06
1782928800000,0.07347,0.0736,0.07328,0.07332,2.419094e+06
1782929700000,0.07331,0.0734,0.07311,0.07324,2.498848e+06
1782930600000,0.07323,0.07328,0.0731,0.07323,1.619162e+06
1782931500000,0.07323,0.07325,0.07301,0.07311,2.110393e+06
1782932400000,0.07311,0.07338,0.07311,0.07337,1.041334e+06
1782933300000,0.07336,0.07336,0.07305,0.07307,3.194324e+06
1782934200000,0.07307,0.07311,0.07284,0.0729,1.173567e+06
1782935100000,0.07289,0.07298,0.07269,0.07283,3.490814e+06
1782936000000,0.07284,0.07286,0.07263,0.07271,1.454329e+06
1782936900000,0.07271,0.07272,0.07254,0.07267,2.043546e+06
1782937800000,0.07268,0.07276,0.07256,0.07271,1.61935e+06
1782938700000,0.07271,0.07292,0.07271,0.07283,1.127589e+06
1782939600000,0.07283,0.07328,0.07282,0.0732,4.200303e+06
1782940500000,0.0732,0.07327,0.07306,0.07322,1.920401e+06
1782941400000,0.07323,0.07353,0.07311,0.07339,5.67401e+06
1782942300000,0.07338,0.07361,0.07338,0.07346,3.307105e+06
1782943200000,0.07346,0.07353,0.07341,0.07347,3.695549e+06
1782944100000,0.07347,0.07399,0.07331,0.07333,1.6710351e+07
1782945000000,0.07333,0.07343,0.07314,0.07315,3.836033e+06
1782945900000,0.07315,0.07319,0.07299,0.07307,2.280356e+06
1782946800000,0.07306,0.07306,0.07259,0.07263,7.677093e+06
1782947700000,0.07264,0.07279,0.07256,0.07258,5.855095e+06
1782948600000,0.07258,0.07263,0.0723,0.07241,6.254943e+06
1782949500000,0.07241,0.07243,0.07217,0.07222,5.696638e+06
1782950400000,0.07222,0.07231,0.07212,0.07226,1.0618952e+07
1782951300000,0.07226,0.07231,0.07197,0.072,3.731935e+06
1782952200000,0.072,0.072,0.07168,0.07176,5.439922e+06
1782953100000,0.07177,0.07199,0.07177,0.07193,2.165995e+06
1782954000000,0.07194,0.07229,0.0719,0.07229,2.057136e+06
1782954900000,0.07229,0.07244,0.07215,0.07243,2.580432e+06
1782955800000,0.07244,0.07287,0.07244,0.07265,2.769005e+06
1782956700000,0.07266,0.07276,0.07247,0.07256,1.629609e+06
1782957600000,0.07255,0.0726,0.07227,0.07238,3.109846e+06
1782958500000,0.07239,0.07253,0.07239,0.07246,1.70822e+06
1782959400000,0.07246,0.07276,0.07242,0.07275,2.47219e+06
1782960300000,0.07274,0.07284,0.07261,0.07276,2.477918e+06
1782961200000,0.07276,0.07276,0.0724,0.07256,2.3715576e+07
1782962100000,0.07256,0.07315,0.07233,0.07296,1.6283583e+07
1782963000000,0.07296,0.07332,0.07287,0.0733,5.941847e+06
1782963900000,0.07329,0.07349,0.07311,0.07341,6.307082e+06
1782964800000,0.0734,0.07343,0.0732,0.07326,2.810654e+06
1782965700000,0.07327,0.07329,0.07301,0.07305,9.451855e+06
1782966600000,0.07306,0.07318,0.07292,0.07317,5.679285e+06
1782967500000,0.07318,0.07332,0.07316,0.0733,1.523908e+06
1782968400000,0.07329,0.07329,0.07305,0.07309,8.990326e+06
1782969300000,0.07308,0.07311,0.07296,0.073,672398
1782970200000,0.07299,0.07307,0.07269,0.07271,2.479406e+06
1782971100000,0.07271,0.07276,0.0726,0.07273,1.241658e+06
1782972000000,0.07273,0.07276,0.07251,0.07257,5.333638e+06
1782972900000,0.07256,0.07283,0.07254,0.07268,2.742109e+06
1782973800000,0.07268,0.07288,0.07266,0.07273,1.940273e+06
1782974700000,0.07273,0.07274,0.07241,0.0725,2.975595e+06
1782975600000,0.07249,0.07257,0.07243,0.07247,1.767859e+06
1782976500000,0.07248,0.07257,0.07228,0.07241,2.393017e+06
1782977400000,0.07241,0.07258,0.07238,0.07254,4.970313e+06
1782978300000,0.07253,0.07264,0.07248,0.07254,1.627105e+06
1782979200000,0.07254,0.0727,0.0725,0.07255,1.894368e+06
1782980100000,0.07255,0.07278,0.07255,0.07274,2.195504e+06
1782981000000,0.07274,0.07307,0.07269,0.07302,5.835428e+06
1782981900000,0.07302,0.07309,0.07297,0.07306,2.012348e+06
1782982800000,0.07305,0.07306,0.07287,0.07293,1.636427e+06
1782983700000,0.07294,0.07302,0.07264,0.07299,2.5067572e+07
1782984600000,0.073,0.0738,0.07298,0.07351,2.5802162e+07
1782985500000,0.07351,0.07364,0.07332,0.07347,1.2984303e+07
1782986400000,0.07346,0.07368,0.07338,0.07362,3.253266e+06
1782987300000,0.07362,0.07385,0.07354,0.07382,6.643962e+06
1782988200000,0.07383,0.07412,0.0738,0.07391,6.747087e+06
1782989100000,0.07392,0.07406,0.07385,0.07397,6.222215e+06
1782990000000,0.07397,0.07427,0.07381,0.07411,2.5465626e+07
1782990900000,0.07411,0.07427,0.07401,0.07422,5.53711e+06
1782991800000,0.07423,0.07436,0.07403,0.07413,6.598043e+06
1782992700000,0.07413,0.07426,0.07389,0.07418,1.090634e+07
1782993600000,0.07417,0.07448,0.07407,0.07444,7.304602e+06
1782994500000,0.07445,0.07453,0.07407,0.0743,1.1735578e+07
1782995400000,0.07431,0.07476,0.07412,0.07429,2.4570768e+07
1782996300000,0.07429,0.07457,0.07424,0.07435,7.291248e+06
1782997200000,0.07436,0.07453,0.07424,0.07443,1.6374678e+07
1782998100000,0.07443,0.07508,0.07443,0.07461,1.887291e+07
1782999000000,0.07461,0.07556,0.07435,0.07543,2.161419e+07
1782999900000,0.07542,0.07555,0.07502,0.07507,1.2481402e+07
1783000800000,0.07507,0.0755,0.07486,0.07527,1.2658479e+07
1783001700000,0.07527,0.07547,0.07446,0.07466,9.350892e+06
1783002600000,0.07466,0.07487,0.07429,0.07441,1.2476267e+07
1783003500000,0.07441,0.07468,0.07428,0.07451,6.566915e+06
1783004400000,0.07451,0.07459,0.074,0.07427,8.67348e+06
1783005300000,0.07426,0.07463,0.07418,0.07448,7.162238e+06
1783006200000,0.07449,0.07476,0.07444,0.07471,3.190006e+06
1783007100000,0.0747,0.07476,0.07434,0.07454,2.670681e+06
1783008000000,0.07454,0.07479,0.07435,0.07463,3.593995e+06
1783008900000,0.07462,0.07462,0.0741,0.07416,6.125852e+06
1783009800000,0.07416,0.07444,0.07415,0.0744,3.440787e+06
1783010700000,0.0744,0.07465,0.07431,0.07431,2.561656e+06
1783011600000,0.0743,0.07436,0.07415,0.07431,2.548998e+06
1783012500000,0.0743,0.0746,0.07426,0.07452,1.993196e+06
1783013400000,0.07453,0.07453,0.07412,0.07434,2.040228e+06
1783014300000,0.07435,0.07438,0.07415,0.07425,1.316932e+06
1783015200000,0.07424,0.07449,0.07422,0.07444,2.749622e+06
1783016100000,0.07443,0.07454,0.07426,0.07451,3.451519e+06
1783017000000,0.07451,0.07455,0.07438,0.07445,1.410105e+06
1783017900000,0.07445,0.07455,0.07429,0.07437,2.373563e+06
1783018800000,0.07438,0.07439,0.07415,0.07433,1.7823e+06
1783019700000,0.07433,0.07433,0.07412,0.07421,1.43094e+06
1783020600000,0.07421,0.07434,0.07416,0.0743,1.479555e+06
1783021500000,0.07431,0.0745,0.07419,0.07422,4.918015e+06
1783022400000,0.07422,0.07426,0.07412,0.07422,1.031283e+06
1783023300000,0.07422,0.07426,0.07399,0.074,3.480634e+06
1783024200000,0.074,0.07411,0.07399,0.07404,1.085609e+06
1783025100000,0.07405,0.07427,0.07405,0.07411,4.543289e+06
1783026000000,0.07412,0.07416,0.07401,0.07416,1.867475e+06
1783026900000,0.07415,0.07417,0.07403,0.07406,1.624829e+06
1783027800000,0.07405,0.07408,0.07383,0.07388,5.86656e+06
1783028700000,0.07388,0.07407,0.07387,0.07407,1.981982e+06
1783029600000,0.07406,0.07412,0.07377,0.07391,7.113548e+06
1783030500000,0.07391,0.07392,0.07378,0.07379,1.115219e+06
1783031400000,0.07379,0.07392,0.07376,0.07377,1.689522e+06
1783032300000,0.07378,0.07413,0.07374,0.07399,6.76464e+06
1783033200000,0.07398,0.07401,0.07387,0.07392,1.680492e+06
1783034100000,0.07392,0.07426,0.07389,0.07421,3.399966e+06
1783035000000,0.07421,0.07439,0.07418,0.07423,2.507189e+06
1783035900000,0.07424,0.07426,0.07409,0.07418,4.112526e+06
1783036800000,0.07418,0.07432,0.07408,0.07422,5.20199e+06
1783037700000,0.07421,0.07429,0.0741,0.07412,2.315032e+06
1783038600000,0.07411,0.07423,0.07394,0.074,9.25419e+06
1783039500000,0.074,0.07407,0.07393,0.074,1.999552e+06
1783040400000,0.07399,0.0746,0.07396,0.07452,4.602799e+06
1783041300000,0.07452,0.07468,0.07435,0.07447,6.101555e+06
1783042200000,0.07448,0.07495,0.07443,0.07485,3.696837e+06
1783043100000,0.07485,0.07497,0.07473,0.07481,3.099158e+06
1783044000000,0.07481,0.07488,0.07458,0.07462,2.987547e+06
1783044900000,0.07462,0.07492,0.07462,0.07468,6.477914e+06
1783045800000,0.07467,0.07471,0.07444,0.07452,3.323628e+06
1783046700000,0.07452,0.07477,0.07438,0.07474,3.198642e+06
1783047600000,0.07473,0.07473,0.07426,0.07434,5.005641e+06
1783048500000,0.07434,0.07477,0.07431,0.07475,1.0635315e+07
1783049400000,0.07475,0.07487,0.0746,0.07461,2.02212e+06
1783050300000,0.07462,0.07485,0.07461,0.07477,3.144943e+06
1783051200000,0.07478,0.07483,0.07455,0.07473,2.434791e+06
1783052100000,0.07473,0.07473,0.07454,0.07459,1.351356e+06
1783053000000,0.07459,0.07469,0.07446,0.07465,4.264215e+06
1783053900000,0.07466,0.07468,0.07447,0.0745,1.671386e+06
1783054800000,0.0745,0.07465,0.07446,0.07459,2.516636e+06
1783055700000,0.0746,0.07476,0.0745,0.07472,2.819491e+06
1783056600000,0.07472,0.07541,0.07468,0.07508,1.3671016e+07
1783057500000,0.07508,0.07526,0.07504,0.07504,2.773171e+06
1783058400000,0.07504,0.07527,0.07501,0.07511,2.513322e+06
1783059300000,0.07511,0.07534,0.07509,0.07521,2.696583e+06
1783060200000,0.0752,0.07528,0.07504,0.07518,5.779267e+06
1783061100000,0.07519,0.07529,0.07518,0.07522,1.476666e+06
1783062000000,0.07522,0.07529,0.07508,0.07513,2.340543e+06
1783062900000,0.07513,0.07532,0.07513,0.07531,4.049872e+06
1783063800000,0.07532,0.07538,0.07519,0.07532,3.633047e+06
1783064700000,0.07532,0.07538,0.07522,0.0753,7.924721e+06
1783065600000,0.0753,0.0754,0.07513,0.07513,3.491636e+06
1783066500000,0.07514,0.07528,0.07499,0.07523,7.779618e+06
1783067400000,0.07523,0.07559,0.07493,0.07553,3.3794444e+07
1783068300000,0.07553,0.07553,0.07484,0.07489,9.03112e+06
1783069200000,0.07489,0.07512,0.0748,0.07512,6.758068e+06
1783070100000,0.07511,0.07515,0.07491,0.07497,2.893803e+06
1783071000000,0.07498,0.07501,0.07475,0.07488,2.55766e+06
1783071900000,0.07489,0.07509,0.07488,0.075,2.120104e+06
1783072800000,0.075,0.07531,0.07495,0.07518,1.3645011e+07
1783073700000,0.07518,0.0752,0.07503,0.07511,2.852462e+06
1783074600000,0.07512,0.07557,0.07505,0.07551,1.0112771e+07
1783075500000,0.07551,0.07558,0.07533,0.07538,4.320674e+06
1783076400000,0.07539,0.07563,0.07525,0.07558,8.174655e+06
1783077300000,0.07557,0.07585,0.07557,0.07569,8.658009e+06
1783078200000,0.07569,0.07583,0.07556,0.0756,3.033406e+06
1783079100000,0.0756,0.07612,0.0756,0.07592,1.110816e+07
1783080000000,0.07593,0.07614,0.07592,0.076,4.588536e+06
1783080900000,0.07601,0.07601,0.07564,0.07583,6.030886e+06
1783081800000,0.07583,0.07595,0.07566,0.07585,6.287096e+06
1783082700000,0.07585,0.07605,0.07582,0.07603,3.602836e+06
1783083600000,0.07604,0.07612,0.07594,0.07608,6.926458e+06
1783084500000,0.07609,0.07629,0.07595,0.0762,4.423185e+06
1783085400000,0.0762,0.07636,0.07602,0.07628,6.279027e+06
1783086300000,0.07628,0.07671,0.07618,0.07663,1.2977373e+07
1783087200000,0.07663,0.07663,0.07602,0.0761,5.486536e+06
1783088100000,0.07609,0.0763,0.07592,0.07619,1.1486774e+07
1783089000000,0.07618,0.07648,0.07615,0.07644,3.581313e+06
1783089900000,0.07644,0.07681,0.0763,0.07675,7.090952e+06
1783090800000,0.07676,0.07737,0.07662,0.07692,2.3473854e+07
1783091700000,0.07691,0.07699,0.07637,0.07653,8.35638e+06
1783092600000,0.07653,0.07667,0.07629,0.07637,6.029774e+06
1783093500000,0.07637,0.0764,0.07619,0.07634,3.703277e+06
1783094400000,0.07635,0.07649,0.07614,0.07617,7.694777e+06
1783095300000,0.07617,0.07672,0.07616,0.07667,6.562881e+06
1783096200000,0.07667,0.07677,0.0765,0.07655,1.762591e+06
1783097100000,0.07655,0.07657,0.07633,0.07645,2.649589e+06
1783098000000,0.07646,0.07677,0.07639,0.07662,2.774459e+06
1783098900000,0.07662,0.07672,0.07652,0.07668,2.104996e+06
1783099800000,0.07668,0.07706,0.07661,0.07691,4.909714e+06
1783100700000,0.0769,0.077,0.07678,0.07697,2.651694e+06
1783101600000,0.07697,0.07699,0.07675,0.07685,1.953795e+06
1783102500000,0.07686,0.07699,0.0767,0.07672,1.0374884e+07
1783103400000,0.07672,0.077,0.07668,0.07693,2.85291e+06
1783104300000,0.07692,0.07699,0.07684,0.07689,2.182363e+06
1783105200000,0.07689,0.077,0.07675,0.07692,2.048887e+06
1783106100000,0.07693,0.07731,0.07693,0.07728,8.720269e+06
1783107000000,0.07728,0.07767,0.07717,0.07741,6.442429e+06
1783107900000,0.07742,0.07742,0.07717,0.07718,2.132017e+06
1783108800000,0.07717,0.0776,0.07713,0.07751,5.627306e+06
1783109700000,0.07751,0.07808,0.07739,0.07785,1.1003189e+07
1783110600000,0.07785,0.07823,0.07772,0.0779,6.872093e+06
1783111500000,0.0779,0.07805,0.07782,0.07801,3.110558e+06
1783112400000,0.07802,0.07831,0.0779,0.07792,6.55168e+06
1783113300000,0.07792,0.07801,0.07777,0.0778,5.1077e+06
1783114200000,0.0778,0.0778,0.07749,0.07775,2.578276e+06
1783115100000,0.07776,0.07848,0.07775,0.07816,6.938803e+06
1783116000000,0.07817,0.07823,0.07772,0.0778,2.834161e+06
1783116900000,0.07779,0.07787,0.07771,0.07782,3.1021e+06
1783117800000,0.07782,0.07783,0.07752,0.0776,3.115157e+06
1783118700000,0.0776,0.07783,0.07759,0.07781,4.121546e+06
1783119600000,0.07781,0.07782,0.07722,0.0773,8.36748e+06
1783120500000,0.0773,0.0774,0.07723,0.07738,3.111578e+06
1783121400000,0.07738,0.07761,0.07733,0.07752,2.578516e+06
1783122300000,0.07753,0.07764,0.07745,0.07754,8.139473e+06
1783123200000,0.07754,0.07774,0.07743,0.07762,9.601745e+06
1783124100000,0.07762,0.07774,0.07734,0.07748,2.7061e+06
1783125000000,0.07749,0.07753,0.0773,0.07734,2.353276e+06
1783125900000,0.07734,0.07751,0.07732,0.07736,2.266276e+06
1783126800000,0.07736,0.07736,0.07691,0.07698,1.0032605e+07
1783127700000,0.07699,0.07717,0.07686,0.07693,3.892774e+06
1783128600000,0.07694,0.077,0.07676,0.07678,3.392346e+06
1783129500000,0.07679,0.07689,0.0767,0.07684,3.525347e+06
1783130400000,0.07685,0.07692,0.07678,0.07683,1.3852722e+07
1783131300000,0.07682,0.07683,0.07661,0.07674,7.702185e+06
1783132200000,0.07675,0.07695,0.07669,0.07691,4.708011e+06
1783133100000,0.07692,0.07705,0.07679,0.077,5.495802e+06
1783134000000,0.07701,0.07709,0.07675,0.07697,7.895473e+06
1783134900000,0.07698,0.07711,0.07692,0.07704,2.75477e+06
1783135800000,0.07703,0.07734,0.07695,0.0773,2.103446e+06
1783136700000,0.0773,0.07747,0.0773,0.07731,2.058484e+06
1783137600000,0.07731,0.07759,0.07723,0.07742,2.576704e+06
1783138500000,0.07741,0.07744,0.07716,0.07729,2.898368e+06
1783139400000,0.07729,0.07792,0.07727,0.07774,1.5418113e+07
1783140300000,0.07775,0.07815,0.07775,0.07779,1.4325801e+07
1783141200000,0.07779,0.0778,0.0775,0.07757,5.672716e+06
1783142100000,0.07757,0.07763,0.07729,0.07735,1.2401204e+07
1783143000000,0.07735,0.07748,0.07734,0.07746,2.452838e+06
1783143900000,0.07746,0.07751,0.07707,0.07716,3.220965e+06
1783144800000,0.07716,0.07748,0.07715,0.07726,2.493308e+06
1783145700000,0.07726,0.0773,0.07665,0.07685,1.0475055e+07
1783146600000,0.07685,0.07701,0.07684,0.07693,3.947726e+06
1783147500000,0.07693,0.0771,0.07691,0.07706,1.920454e+06
1783148400000,0.07707,0.07709,0.07652,0.07694,2.7970993e+07
1783149300000,0.07695,0.07704,0.07684,0.07686,3.074646e+06
1783150200000,0.07685,0.07692,0.07673,0.07678,2.940416e+06
1783151100000,0.07679,0.07698,0.07674,0.07693,3.301587e+06
1783152000000,0.07692,0.07695,0.07683,0.07692,3.194793e+06
1783152900000,0.07692,0.07699,0.07677,0.07686,2.292343e+06
1783153800000,0.07685,0.07703,0.07682,0.0769,2.390283e+06
1783154700000,0.0769,0.07704,0.07689,0.07701,1.550195e+06
1783155600000,0.07702,0.07716,0.07685,0.07708,1.4008518e+07
1783156500000,0.07707,0.07724,0.07689,0.07695,3.761897e+06
1783157400000,0.07696,0.07697,0.07662,0.07671,5.89673e+06
1783158300000,0.07671,0.07689,0.07669,0.07686,3.15694e+06
1783159200000,0.07686,0.07694,0.07677,0.07688,1.309393e+06
1783160100000,0.07687,0.07693,0.07676,0.07685,2.312265e+06
1783161000000,0.07685,0.07687,0.07673,0.0768,1.76936e+06
1783161900000,0.0768,0.07716,0.07679,0.07712,2.257373e+06
1783162800000,0.07712,0.07719,0.07703,0.07708,1.114227e+06
1783163700000,0.07707,0.07718,0.07692,0.07696,3.401968e+06
1783164600000,0.07695,0.07711,0.07694,0.077,1.476067e+06
1783165500000,0.077,0.0771,0.0769,0.07691,3.070633e+06
1783166400000,0.0769,0.0771,0.07684,0.0769,1.7579625e+07
1783167300000,0.07689,0.07705,0.07685,0.07699,1.0337488e+07
1783168200000,0.07699,0.0771,0.07694,0.07703,1.2917242e+07
1783169100000,0.07702,0.07717,0.07691,0.07713,2.108018e+06
1783170000000,0.07714,0.07725,0.07695,0.077,2.116807e+06
1783170900000,0.07699,0.07748,0.07699,0.07718,4.249118e+06
1783171800000,0.07718,0.07718,0.07699,0.07709,2.927704e+06
1783172700000,0.07708,0.07717,0.07697,0.07716,1.069232e+06
1783173600000,0.07716,0.07759,0.07714,0.07752,4.297666e+06
1783174500000,0.07752,0.07764,0.07735,0.07745,3.837967e+06
1783175400000,0.07746,0.07759,0.07733,0.07753,1.370979e+06
1783176300000,0.07753,0.0778,0.07745,0.0777,5.49611e+06
1783177200000,0.0777,0.07849,0.07767,0.0781,1.8377763e+07
1783178100000,0.07811,0.07834,0.07803,0.07834,5.973703e+06
1783179000000,0.07834,0.07875,0.07829,0.07871,9.485271e+06
1783179900000,0.07871,0.07873,0.07841,0.07856,9.41586e+06
1783180800000,0.07857,0.07857,0.07821,0.07822,7.947642e+06
1783181700000,0.07822,0.0789,0.07818,0.07886,7.085073e+06
1783182600000,0.07886,0.07893,0.07847,0.07855,1.0328322e+07
1783183500000,0.07854,0.07865,0.07843,0.07849,2.199166e+06
1783184400000,0.07849,0.07849,0.07808,0.07832,2.23637e+06
1783185300000,0.07832,0.07857,0.07826,0.0785,1.535924e+06
1783186200000,0.0785,0.07884,0.07847,0.07882,4.033352e+06
1783187100000,0.07883,0.07924,0.07878,0.07909,8.794026e+06
1783188000000,0.07909,0.0792,0.07891,0.07914,5.549545e+06
1783188900000,0.07914,0.07919,0.07891,0.07902,3.034656e+06
1783189800000,0.07901,0.07931,0.07893,0.07896,4.165e+06
1783190700000,0.07896,0.07926,0.07895,0.07917,2.220803e+06
1783191600000,0.07918,0.07938,0.07862,0.07871,4.490609e+06
1783192500000,0.0787,0.07887,0.07868,0.07878,3.231296e+06
1783193400000,0.07877,0.07884,0.07861,0.07877,2.507804e+06
1783194300000,0.07876,0.07876,0.07848,0.07857,2.195796e+06
1783195200000,0.07856,0.07873,0.07849,0.07867,2.014333e+06
1783196100000,0.07867,0.07867,0.07792,0.07808,4.964646e+06
1783197000000,0.07807,0.0782,0.07806,0.07813,1.41965e+06
1783197900000,0.07813,0.07816,0.078,0.07805,1.758741e+06
1783198800000,0.07806,0.07826,0.07802,0.07821,5.092729e+06
1783199700000,0.07822,0.07844,0.07816,0.07842,1.811532e+06
1783200600000,0.07842,0.07853,0.07822,0.07822,3.429757e+06
1783201500000,0.07823,0.07836,0.07818,0.07825,774199
1783202400000,0.07825,0.07827,0.07802,0.07804,1.490216e+06
1783203300000,0.07805,0.07808,0.07786,0.07791,1.504949e+06
1783204200000,0.0779,0.07799,0.07788,0.07797,670802
1783205100000,0.07797,0.07799,0.07782,0.07794,1.166228e+06
1783206000000,0.07795,0.07796,0.07752,0.07754,6.785091e+06
1783206900000,0.07754,0.0778,0.07738,0.07771,3.486573e+06
1783207800000,0.07771,0.07779,0.07763,0.07775,1.110202e+06
1783208700000,0.07775,0.07782,0.07762,0.07766,886350
1783209600000,0.07766,0.07768,0.07734,0.07744,5.993578e+06
1783210500000,0.07744,0.07747,0.07717,0.07728,3.767067e+06
1783211400000,0.07728,0.07733,0.077,0.0773,2.949786e+06
1783212300000,0.0773,0.0774,0.07703,0.07718,1.765325e+06
1783213200000,0.07718,0.07737,0.07717,0.07727,3.735024e+06
1783214100000,0.07726,0.07727,0.07685,0.07715,5.989459e+06
1783215000000,0.07714,0.07714,0.07674,0.07689,5.373794e+06
1783215900000,0.07689,0.07698,0.0767,0.07684,4.89512e+06
1783216800000,0.07684,0.07684,0.07624,0.07635,8.709868e+06
1783217700000,0.07635,0.07658,0.07618,0.07645,6.734685e+06
1783218600000,0.07644,0.07651,0.07596,0.07603,7.642143e+06
1783219500000,0.07602,0.07614,0.07563,0.07587,1.2395539e+07
1783220400000,0.07587,0.07624,0.07584,0.07618,5.708626e+06
1783221300000,0.07617,0.07618,0.07594,0.07598,3.680761e+06
1783222200000,0.07597,0.07611,0.07592,0.07595,4.045917e+06
1783223100000,0.07595,0.07606,0.07592,0.07597,3.134314e+06
1783224000000,0.07597,0.07603,0.07585,0.07598,3.270395e+06
1783224900000,0.07598,0.07626,0.07595,0.07621,2.2995159e+07
1783225800000,0.0762,0.07638,0.07612,0.07633,8.098792e+06
1783226700000,0.07633,0.07636,0.07606,0.07609,4.504171e+06
1783227600000,0.07609,0.07609,0.07587,0.07599,5.524732e+06
1783228500000,0.07599,0.0761,0.07586,0.07594,2.816415e+06
1783229400000,0.07594,0.07603,0.07564,0.07573,3.358469e+06
1783230300000,0.07572,0.07589,0.07568,0.07583,1.810463e+06
1783231200000,0.07584,0.07584,0.07563,0.07581,1.716911e+06
1783232100000,0.07582,0.07591,0.07573,0.07591,1.470298e+06
1783233000000,0.07591,0.07599,0.07581,0.07587,1.715642e+06
1783233900000,0.07586,0.07595,0.07584,0.07589,975885
1783234800000,0.0759,0.07591,0.07579,0.07582,2.316345e+06
1783235700000,0.07581,0.07589,0.07574,0.07582,3.301816e+06
1783236600000,0.07583,0.07606,0.07583,0.076,2.619846e+06
1783237500000,0.07599,0.07626,0.07595,0.07618,2.846431e+06
1783238400000,0.07618,0.07627,0.07604,0.07611,3.344435e+06
1783239300000,0.07612,0.07619,0.07601,0.07606,1.248471e+06
1783240200000,0.07607,0.07616,0.07599,0.07609,887056
1783241100000,0.07609,0.07623,0.076,0.07602,2.127543e+06
1783242000000,0.07602,0.07604,0.07592,0.07598,1.892741e+06
1783242900000,0.07598,0.076,0.07571,0.07574,1.813276e+06
1783243800000,0.07573,0.0758,0.07535,0.0755,9.332414e+06
1783244700000,0.0755,0.07563,0.07542,0.07557,2.542402e+06
1783245600000,0.07556,0.07575,0.07531,0.07569,5.390547e+06
1783246500000,0.07568,0.07583,0.07563,0.07573,830340
1783247400000,0.07572,0.07583,0.0757,0.07579,1.63168e+06
1783248300000,0.07579,0.07598,0.07578,0.07584,851628
1783249200000,0.07585,0.07597,0.0758,0.07587,782309
1783250100000,0.07586,0.07594,0.07579,0.07579,780103
1783251000000,0.07578,0.07598,0.07575,0.0759,834073
1783251900000,0.0759,0.07599,0.07588,0.07592,2.835479e+06
1783252800000,0.07593,0.07594,0.07571,0.0759,1.297391e+06
1783253700000,0.0759,0.07621,0.07588,0.0762,2.666915e+06
1783254600000,0.07621,0.07652,0.07618,0.07633,1.5610849e+07
1783255500000,0.07632,0.07661,0.07632,0.07655,6.21698e+06
1783256400000,0.07655,0.0767,0.07646,0.07663,4.441157e+06
1783257300000,0.07663,0.07663,0.07638,0.07642,2.909935e+06
1783258200000,0.07641,0.0766,0.07638,0.07659,1.412423e+06
1783259100000,0.0766,0.07673,0.07657,0.07662,3.019206e+06
1783260000000,0.07663,0.07673,0.07652,0.07661,1.189392e+06
1783260900000,0.07661,0.0767,0.0765,0.07669,1.744403e+06
1783261800000,0.07669,0.0772,0.07659,0.077,8.033248e+06
1783262700000,0.07701,0.07709,0.07678,0.07708,2.410368e+06
1783263600000,0.07708,0.07737,0.07701,0.07701,5.110528e+06
1783264500000,0.07701,0.07709,0.07681,0.07687,5.128812e+06
1783265400000,0.07687,0.07723,0.07686,0.0769,2.638823e+06
1783266300000,0.07689,0.07721,0.07684,0.07716,3.03497e+06
1783267200000,0.07717,0.07749,0.07712,0.07719,3.624376e+06
1783268100000,0.07719,0.07728,0.07691,0.07692,3.246012e+06
1783269000000,0.07691,0.07709,0.07691,0.07704,3.247835e+06
1783269900000,0.07704,0.07712,0.07692,0.07706,1.579369e+06
1783270800000,0.07705,0.07727,0.07702,0.07722,2.177539e+06
1783271700000,0.07722,0.07786,0.07722,0.07749,1.1852269e+07
1783272600000,0.07749,0.0775,0.07707,0.07712,2.752216e+06
1783273500000,0.07712,0.07732,0.07711,0.0773,1.066619e+06
1783274400000,0.0773,0.07739,0.07722,0.07726,770714
1783275300000,0.07726,0.07753,0.07725,0.07741,1.893011e+06
1783276200000,0.07742,0.0777,0.07737,0.07768,1.898856e+06
1783277100000,0.07767,0.07778,0.07752,0.07763,1.951264e+06
1783278000000,0.07762,0.0778,0.07753,0.07768,1.749976e+06
1783278900000,0.07769,0.07772,0.0772,0.07734,2.451371e+06
1783279800000,0.07734,0.07745,0.0773,0.07735,563573
1783280700000,0.07734,0.07747,0.07723,0.07729,674107
1783281600000,0.07729,0.07749,0.07723,0.07746,794540
1783282500000,0.07747,0.07749,0.07726,0.07735,1.42395e+06
1783283400000,0.07734,0.07734,0.07704,0.07712,2.70924e+06
1783284300000,0.07712,0.07715,0.07701,0.0771,1.448549e+06
1783285200000,0.07711,0.07719,0.07692,0.07714,2.292153e+06
1783286100000,0.07713,0.07767,0.07709,0.07753,2.147376e+06
1783287000000,0.07754,0.07782,0.07745,0.0775,3.14615e+06
1783287900000,0.07751,0.07833,0.07751,0.07793,6.337266e+06
1783288800000,0.07793,0.07806,0.07773,0.07801,3.479627e+06
1783289700000,0.078,0.07855,0.07792,0.0785,2.1642062e+07
1783290600000,0.0785,0.07879,0.07818,0.07822,1.1138706e+07
1783291500000,0.07822,0.0784,0.07812,0.07838,2.72076e+06
1783292400000,0.07838,0.07871,0.0783,0.0787,3.321464e+06
1783293300000,0.07871,0.07883,0.07837,0.07846,4.703245e+06
1783294200000,0.07845,0.07862,0.07809,0.07809,1.4081841e+07
1783295100000,0.07809,0.07809,0.07773,0.07787,5.953323e+06
1783296000000,0.07788,0.0779,0.07755,0.07778,5.737717e+06
1783296900000,0.07779,0.07787,0.07731,0.07731,7.389355e+06
1783297800000,0.07731,0.07776,0.07705,0.07775,3.69227e+06
1783298700000,0.07775,0.07812,0.07758,0.07811,6.611216e+06
1783299600000,0.07811,0.07827,0.07798,0.07807,2.381332e+06
1783300500000,0.07808,0.07825,0.07773,0.07787,2.616682e+06
1783301400000,0.07787,0.07827,0.07778,0.07812,3.33547e+06
1783302300000,0.07811,0.07811,0.07766,0.07771,2.847199e+06
1783303200000,0.07772,0.07792,0.07739,0.07747,5.684524e+06
1783304100000,0.07748,0.07805,0.07745,0.0777,4.304351e+06
1783305000000,0.07771,0.07781,0.07751,0.07757,2.332671e+06
1783305900000,0.07757,0.07777,0.07753,0.07768,1.650538e+06
1783306800000,0.07767,0.07778,0.07756,0.07761,4.682653e+06
1783307700000,0.0776,0.07764,0.0772,0.07736,7.90486e+06
1783308600000,0.07736,0.07756,0.07718,0.07734,7.386885e+06
1783309500000,0.07734,0.07748,0.07728,0.07748,1.563833e+06
1783310400000,0.07747,0.07747,0.0772,0.07743,1.765333e+06
1783311300000,0.07742,0.07743,0.07716,0.07724,1.150489e+06
1783312200000,0.07723,0.07742,0.07713,0.07731,2.86705e+06
1783313100000,0.07732,0.07737,0.07707,0.0771,3.714977e+06
1783314000000,0.07709,0.07711,0.07673,0.07692,1.5021208e+07
1783314900000,0.07691,0.07701,0.07652,0.07656,9.513144e+06
1783315800000,0.07656,0.07677,0.07643,0.07668,5.064717e+06
1783316700000,0.07668,0.07675,0.07659,0.07663,1.25787e+06
1783317600000,0.07663,0.07673,0.07652,0.07669,1.497475e+06
1783318500000,0.07669,0.07674,0.07654,0.07664,1.725943e+06
1783319400000,0.07664,0.07673,0.07653,0.07673,2.915258e+06
1783320300000,0.07674,0.07676,0.07657,0.07665,959899
1783321200000,0.07664,0.07671,0.07652,0.0766,1.825279e+06
1783322100000,0.07661,0.07693,0.0766,0.07684,1.557904e+06
1783323000000,0.07684,0.07707,0.07672,0.07705,1.888825e+06
1783323900000,0.07706,0.07711,0.07692,0.07693,1.906405e+06
1783324800000,0.07693,0.07716,0.07693,0.07703,3.561755e+06
1783325700000,0.07703,0.07721,0.07685,0.07721,2.535765e+06
1783326600000,0.07721,0.07721,0.07685,0.07699,4.383461e+06
1783327500000,0.07698,0.07709,0.07694,0.07705,1.112974e+06
1783328400000,0.07704,0.07707,0.07689,0.07692,1.074427e+06
1783329300000,0.07691,0.07691,0.07671,0.07689,1.792687e+06
1783330200000,0.07688,0.07688,0.07659,0.07674,2.991274e+06
1783331100000,0.07673,0.07677,0.07656,0.07673,2.488135e+06
1783332000000,0.07672,0.07696,0.07668,0.07693,2.085848e+06
1783332900000,0.07693,0.07696,0.07685,0.07685,1.302978e+06
1783333800000,0.07686,0.07717,0.07684,0.07707,2.298201e+06
1783334700000,0.07706,0.07728,0.07705,0.07714,3.785402e+06
1783335600000,0.07714,0.0773,0.07712,0.07717,2.952084e+06
1783336500000,0.07717,0.07727,0.07709,0.07715,764337
1783337400000,0.07714,0.07744,0.07711,0.0774,2.028949e+06
1783338300000,0.0774,0.07744,0.07673,0.07673,6.233492e+06
1783339200000,0.07672,0.07672,0.0755,0.07607,4.588083e+07
1783340100000,0.07608,0.07625,0.07598,0.07612,7.238418e+06
1783341000000,0.07611,0.07631,0.07556,0.07564,2.2592106e+07
1783341900000,0.07564,0.07564,0.07494,0.07494,1.8965001e+07
1783342800000,0.07495,0.07512,0.07459,0.07477,1.6138897e+07
1783343700000,0.07477,0.07495,0.07438,0.07448,1.590372e+07
1783344600000,0.07448,0.07501,0.07437,0.07498,1.1006584e+07
1783345500000,0.07499,0.07555,0.07495,0.07527,9.904039e+06
1783346400000,0.07528,0.07547,0.07512,0.07537,5.807474e+06
1783347300000,0.07537,0.07593,0.07506,0.07552,7.80371e+06
1783348200000,0.07552,0.07567,0.07537,0.07546,3.264259e+06
1783349100000,0.07546,0.07563,0.07529,0.07559,4.884859e+06
1783350000000,0.07559,0.07607,0.07559,0.07598,8.666155e+06
1783350900000,0.07597,0.07597,0.07562,0.07592,4.218e+06
1783351800000,0.07591,0.07656,0.07562,0.07635,1.1560864e+07
1783352700000,0.07636,0.07638,0.07555,0.07625,1.08411674e+08
1783353600000,0.07624,0.0769,0.07598,0.07671,1.4094947e+07
1783354500000,0.07672,0.07691,0.07621,0.07636,1.3615343e+07
1783355400000,0.07635,0.07697,0.07631,0.07695,9.518026e+06
1783356300000,0.07695,0.0771,0.0767,0.0768,7.582019e+06
1783357200000,0.07681,0.07709,0.07673,0.0769,6.538148e+06
1783358100000,0.0769,0.07714,0.07685,0.07698,5.842389e+06
1783359000000,0.07698,0.077,0.07644,0.07675,8.76599e+06
1783359900000,0.07675,0.07703,0.07661,0.07663,4.295261e+06
1783360800000,0.07663,0.07683,0.0765,0.07656,2.608362e+06
1783361700000,0.07657,0.07686,0.07647,0.07665,1.661807e+06
1783362600000,0.07666,0.07693,0.07658,0.0769,1.523142e+06
1783363500000,0.0769,0.07704,0.0768,0.07682,4.096399e+06
1783364400000,0.07682,0.077,0.07676,0.07698,1.588056e+06
1783365300000,0.07698,0.07711,0.07688,0.07709,1.7714e+06
1783366200000,0.07709,0.07719,0.07699,0.07707,1.620301e+06
1783367100000,0.07706,0.07715,0.07686,0.07694,3.207566e+06
1783368000000,0.07694,0.07698,0.07668,0.07682,1.497921e+06
1783368900000,0.07682,0.07691,0.07675,0.07688,1.188481e+06
1783369800000,0.07689,0.07707,0.07685,0.07694,531425
1783370700000,0.07693,0.07706,0.07685,0.07686,1.176646e+06
1783371600000,0.07687,0.07835,0.07686,0.07784,2.5393562e+07
1783372500000,0.07784,0.07791,0.07747,0.07759,1.3986154e+07
1783373400000,0.07758,0.07761,0.07738,0.07744,3.632761e+06
1783374300000,0.07745,0.07762,0.07726,0.07756,2.577399e+06
1783375200000,0.07756,0.07762,0.07726,0.07734,3.021805e+06
1783376100000,0.07734,0.07752,0.07707,0.07712,3.047202e+06
1783377000000,0.07712,0.07717,0.07705,0.07709,1.700658e+06
1783377900000,0.07708,0.07718,0.07699,0.07706,1.86971e+06
1783378800000,0.07706,0.07716,0.07698,0.07707,1.683236e+06
1783379700000,0.07708,0.0771,0.07676,0.07686,5.740851e+06
1783380600000,0.07686,0.07689,0.07669,0.07672,2.614433e+06
1783381500000,0.07672,0.07672,0.07658,0.07666,2.852297e+06
1783382400000,0.07666,0.07673,0.07649,0.07654,3.182361e+06
1783383300000,0.07653,0.07702,0.07647,0.07694,9.460898e+06
1783384200000,0.07693,0.07699,0.0766,0.07663,2.906465e+06
1783385100000,0.07663,0.07693,0.07662,0.07679,1.448709e+06
1783386000000,0.07679,0.07682,0.07627,0.07643,4.604623e+06
1783386900000,0.07643,0.07648,0.07609,0.07613,3.52315e+06
1783387800000,0.07612,0.07615,0.0759,0.07609,8.038231e+06
1783388700000,0.07609,0.07629,0.07604,0.07606,2.153572e+06
1783389600000,0.07606,0.07619,0.07602,0.07606,1.712324e+06
1783390500000,0.07605,0.07614,0.07567,0.07567,6.19076e+06
1783391400000,0.07567,0.0757,0.07537,0.07554,5.961602e+06
1783392300000,0.07555,0.07564,0.07526,0.07532,3.818901e+06
1783393200000,0.07533,0.07543,0.07521,0.07526,4.060278e+06
1783394100000,0.07526,0.07535,0.07505,0.07507,4.86087e+06
1783395000000,0.07507,0.07533,0.07504,0.0751,3.80713e+06
1783395900000,0.0751,0.07516,0.07496,0.07515,2.703944e+06
1783396800000,0.07514,0.07519,0.07487,0.0749,7.003778e+06
1783397700000,0.07489,0.07495,0.07458,0.0748,8.293329e+06
1783398600000,0.0748,0.07489,0.07461,0.07462,4.521253e+06
1783399500000,0.07462,0.07477,0.07452,0.07471,2.890066e+06
1783400400000,0.07471,0.07473,0.07431,0.07434,6.479826e+06
1783401300000,0.07434,0.07447,0.07426,0.07442,3.986277e+06
1783402200000,0.07443,0.07481,0.07442,0.07479,6.967672e+06
1783403100000,0.0748,0.07499,0.07474,0.07486,3.771457e+06
1783404000000,0.07486,0.07499,0.07473,0.07479,2.676905e+06
1783404900000,0.0748,0.07502,0.0748,0.07496,8.399243e+06
1783405800000,0.07496,0.07527,0.07491,0.07523,4.743259e+06
1783406700000,0.07524,0.07552,0.07521,0.07548,1.3759794e+07
1783407600000,0.07547,0.07564,0.07537,0.0756,4.54561e+06
1783408500000,0.0756,0.07566,0.07528,0.07529,3.816763e+06
1783409400000,0.07528,0.07529,0.07495,0.07507,5.859129e+06
1783410300000,0.07507,0.07515,0.07498,0.07498,5.351759e+06
1783411200000,0.07499,0.07501,0.07481,0.07487,2.723184e+06
1783412100000,0.07486,0.07504,0.07484,0.07494,2.089056e+06
1783413000000,0.07495,0.07496,0.07472,0.07488,2.877726e+06
1783413900000,0.07489,0.07493,0.07476,0.07482,8.163249e+06
1783414800000,0.07482,0.07501,0.07475,0.07501,3.281179e+06
1783415700000,0.07501,0.07502,0.07482,0.07482,3.135649e+06
1783416600000,0.07483,0.07499,0.07478,0.07499,4.17661e+06
1783417500000,0.07499,0.07509,0.07486,0.07496,2.90177e+06
1783418400000,0.07496,0.07521,0.07492,0.07502,7.201133e+06
1783419300000,0.07502,0.07513,0.07486,0.07488,3.175419e+06
1783420200000,0.07489,0.07491,0.07476,0.0748,2.505202e+06
1783421100000,0.07481,0.07481,0.07459,0.07465,8.229703e+06
1783422000000,0.07464,0.07464,0.07436,0.07447,5.59467e+06
1783422900000,0.07446,0.07475,0.07442,0.07465,2.969076e+06
1783423800000,0.07464,0.07469,0.07453,0.07467,5.544367e+06
1783424700000,0.07468,0.0749,0.07468,0.0748,6.464237e+06
1783425600000,0.07481,0.07544,0.07475,0.0753,6.248444e+06
1783426500000,0.0753,0.0753,0.07513,0.07529,3.020312e+06
1783427400000,0.07529,0.07531,0.07494,0.07508,5.205844e+06
1783428300000,0.07508,0.07508,0.07484,0.07487,4.02987e+06
1783429200000,0.07486,0.07491,0.07451,0.07464,4.69818e+06
1783430100000,0.07463,0.07468,0.07411,0.07424,8.650985e+06
1783431000000,0.07424,0.07453,0.07414,0.07449,6.618146e+06
1783431900000,0.07449,0.07479,0.07418,0.07429,4.622671e+06
1783432800000,0.0743,0.0746,0.07405,0.07416,4.963856e+06
1783433700000,0.07416,0.07436,0.07396,0.07436,7.11736e+06
1783434600000,0.07437,0.07451,0.07372,0.07417,8.811496e+06
1783435500000,0.07418,0.07497,0.07418,0.07483,4.347545e+06
1783436400000,0.07484,0.07493,0.07463,0.07467,3.859732e+06
1783437300000,0.07467,0.07506,0.07457,0.07503,8.950696e+06
1783438200000,0.07504,0.0754,0.07492,0.0751,1.4387738e+07
1783439100000,0.07511,0.07541,0.07511,0.07521,1.112613e+07
1783440000000,0.07521,0.07531,0.07485,0.07491,5.756095e+06
1783440900000,0.07492,0.07549,0.07481,0.07542,4.183143e+06
1783441800000,0.07542,0.0755,0.07532,0.07547,3.589541e+06
1783442700000,0.07548,0.07575,0.07536,0.07537,5.395919e+06
1783443600000,0.07537,0.07558,0.07532,0.07542,3.84308e+06
1783444500000,0.07541,0.07555,0.07519,0.07553,3.064401e+06
1783445400000,0.07554,0.07557,0.0754,0.07554,5.956841e+06
1783446300000,0.07554,0.07554,0.07534,0.07547,2.139695e+06
1783447200000,0.07547,0.07547,0.07513,0.07518,2.676485e+06
1783448100000,0.07518,0.07532,0.07492,0.07494,3.383839e+06
1783449000000,0.07493,0.07526,0.07488,0.07526,3.378843e+06
1783449900000,0.07526,0.07526,0.07447,0.07452,4.633606e+06
1783450800000,0.07452,0.07466,0.0743,0.07432,3.275017e+06
1783451700000,0.07433,0.07459,0.07412,0.07448,4.134867e+06
1783452600000,0.07449,0.07488,0.07449,0.07479,885371
1783453500000,0.07479,0.07493,0.07469,0.07474,1.331409e+06
1783454400000,0.07475,0.07486,0.07455,0.07471,891229
1783455300000,0.0747,0.07475,0.07448,0.07456,868857
1783456200000,0.07455,0.07457,0.07433,0.07434,1.314302e+06
1783457100000,0.07435,0.07438,0.07427,0.07438,626273
1783458000000,0.07438,0.07459,0.07438,0.07454,1.367078e+06
1783458900000,0.07454,0.07455,0.07404,0.07422,2.734629e+06
1783459800000,0.07421,0.07421,0.07396,0.07407,3.218958e+06
1783460700000,0.07406,0.07422,0.07396,0.07404,3.196271e+06
1783461600000,0.07403,0.0742,0.0736,0.07415,7.640569e+06
1783462500000,0.07416,0.07422,0.07403,0.07409,1.132573e+06
1783463400000,0.07409,0.07435,0.07407,0.07433,1.343021e+06
1783464300000,0.07432,0.07452,0.07429,0.07448,1.520559e+06
1783465200000,0.07447,0.07466,0.07446,0.07455,2.242617e+06
1783466100000,0.07456,0.07472,0.07441,0.07452,2.579922e+06
1783467000000,0.07451,0.07455,0.07422,0.07422,1.192827e+06
1783467900000,0.07421,0.07428,0.07413,0.07418,886097
1783468800000,0.07419,0.07438,0.07415,0.0743,698304
1783469700000,0.0743,0.07438,0.07419,0.07432,3.457194e+06
1783470600000,0.07432,0.07448,0.0742,0.0744,2.08621e+06
1783471500000,0.0744,0.07441,0.07428,0.07437,2.447513e+06
1783472400000,0.07437,0.07441,0.07418,0.07427,1.420838e+06
1783473300000,0.07426,0.07427,0.07397,0.074,1.315387e+06
1783474200000,0.074,0.07401,0.07283,0.07337,2.9431782e+07
1783475100000,0.07337,0.07346,0.07293,0.07307,1.2319548e+07
1783476000000,0.07306,0.07306,0.07271,0.07273,9.073288e+06
1783476900000,0.07272,0.07284,0.07251,0.07271,1.3004183e+07
1783477800000,0.0727,0.07292,0.07231,0.07292,1.0979291e+07
1783478700000,0.07293,0.0731,0.07291,0.07293,2.343782e+06
1783479600000,0.07293,0.07312,0.07293,0.07307,5.834981e+06
1783480500000,0.07307,0.07309,0.07294,0.07309,1.793822e+06
1783481400000,0.07308,0.07308,0.07287,0.07287,9.36802e+06
1783482300000,0.07287,0.07291,0.07256,0.07261,6.255804e+06
1783483200000,0.07262,0.07269,0.07245,0.07263,5.867762e+06
1783484100000,0.07263,0.07272,0.07248,0.07263,5.427585e+06
1783485000000,0.07263,0.07272,0.07239,0.07253,3.290083e+06
1783485900000,0.07253,0.07262,0.07236,0.07261,2.704647e+06
1783486800000,0.07261,0.07277,0.07253,0.07267,1.923916e+06
1783487700000,0.07267,0.07277,0.07258,0.07268,2.818798e+06
1783488600000,0.07267,0.07269,0.0725,0.0725,1.88026e+06
1783489500000,0.07251,0.07257,0.07237,0.07254,3.797284e+06
1783490400000,0.07255,0.07256,0.07217,0.07238,8.955214e+06
1783491300000,0.07237,0.07239,0.07176,0.07202,2.8132552e+07
1783492200000,0.07202,0.07207,0.07179,0.07196,6.385117e+06
1783493100000,0.07196,0.07225,0.07192,0.07214,4.757822e+06
1783494000000,0.07214,0.0722,0.0719,0.07218,3.583663e+06
1783494900000,0.07218,0.07236,0.07203,0.07232,3.89342e+06
1783495800000,0.07233,0.07266,0.07227,0.07249,8.892638e+06
1783496700000,0.07249,0.0725,0.07234,0.07245,2.652835e+06
1783497600000,0.07245,0.07255,0.07234,0.07242,3.365745e+06
1783498500000,0.07242,0.07244,0.07129,0.07138,2.6065765e+07
1783499400000,0.07138,0.07151,0.07101,0.07134,1.7402957e+07
1783500300000,0.07134,0.07182,0.07128,0.07131,7.177586e+06
1783501200000,0.07132,0.07145,0.07122,0.0713,6.832134e+06
1783502100000,0.0713,0.07136,0.07109,0.0713,5.684293e+06
1783503000000,0.0713,0.07166,0.07129,0.07149,7.422339e+06
1783503900000,0.07148,0.0715,0.07129,0.07131,5.660836e+06
1783504800000,0.07132,0.07142,0.07114,0.07129,2.919288e+06
1783505700000,0.0713,0.07163,0.07121,0.0716,2.714558e+06
1783506600000,0.0716,0.07174,0.07152,0.0717,3.95819e+06
1783507500000,0.07169,0.07171,0.07154,0.07164,2.417299e+06
1783508400000,0.07165,0.07175,0.07155,0.07162,3.473932e+06
1783509300000,0.07162,0.07173,0.07156,0.0717,2.287729e+06
1783510200000,0.07169,0.07216,0.07163,0.07197,5.316768e+06
1783511100000,0.07197,0.07215,0.07188,0.07207,4.876535e+06
1783512000000,0.07207,0.07221,0.07195,0.0721,2.719339e+06
1783512900000,0.07211,0.07221,0.07209,0.07217,1.149307e+06
1783513800000,0.07218,0.07221,0.07196,0.07207,3.641769e+06
1783514700000,0.07208,0.07211,0.07183,0.07183,4.471417e+06
1783515600000,0.07183,0.07208,0.07173,0.07199,4.837697e+06
1783516500000,0.07198,0.07207,0.07177,0.07185,2.366776e+06
1783517400000,0.07186,0.07233,0.07185,0.07221,7.425485e+06
1783518300000,0.0722,0.07223,0.07173,0.072,7.933186e+06
1783519200000,0.07199,0.07221,0.07198,0.07202,6.45679e+06
1783520100000,0.07201,0.07218,0.07175,0.07185,4.441909e+06
1783521000000,0.07184,0.07195,0.0717,0.07179,1.826749e+06
1783521900000,0.07179,0.07189,0.07148,0.07188,9.970595e+06
1783522800000,0.07188,0.07193,0.07142,0.07144,3.945862e+06
1783523700000,0.07144,0.07163,0.07126,0.07145,2.753565e+06
1783524600000,0.07144,0.07179,0.07141,0.0717,3.105924e+06
1783525500000,0.07171,0.07191,0.07167,0.07186,1.556556e+06
1783526400000,0.07187,0.07224,0.07184,0.07206,3.985289e+06
1783527300000,0.07206,0.07226,0.07201,0.07217,1.938165e+06
1783528200000,0.07217,0.07246,0.07206,0.07237,5.411061e+06
1783529100000,0.07237,0.07257,0.07233,0.07255,6.389966e+06
1783530000000,0.07255,0.07256,0.07232,0.07232,1.439014e+06
1783530900000,0.07232,0.07291,0.07231,0.07282,2.215783e+06
1783531800000,0.07281,0.07295,0.07269,0.07271,7.57815e+06
1783532700000,0.0727,0.07272,0.07245,0.07251,1.140315e+06
1783533600000,0.07251,0.07277,0.07247,0.07276,2.171137e+06
1783534500000,0.07276,0.07279,0.07258,0.0726,1.332196e+06
1783535400000,0.07259,0.07259,0.07222,0.07234,6.00733e+06
1783536300000,0.07234,0.07256,0.07228,0.07247,3.360669e+06
1783537200000,0.07247,0.07255,0.07231,0.07241,1.113183e+06
1783538100000,0.07241,0.07252,0.07228,0.07249,801178
1783539000000,0.0725,0.07265,0.07246,0.07263,1.091796e+06
1783539900000,0.07263,0.07271,0.07243,0.07265,2.137996e+06
1783540800000,0.07266,0.07272,0.07248,0.0726,3.488075e+06
1783541700000,0.0726,0.0726,0.07244,0.07256,1.3104e+06
1783542600000,0.07255,0.07257,0.07236,0.07251,2.24834e+06
1783543500000,0.0725,0.07254,0.07234,0.07241,3.594038e+06
1783544400000,0.07241,0.07243,0.07207,0.07216,4.572744e+06
1783545300000,0.07216,0.07231,0.07213,0.07229,1.122354e+06
1783546200000,0.07228,0.07252,0.07228,0.07245,1.416006e+06
1783547100000,0.07245,0.07258,0.07245,0.07253,736997
1783548000000,0.07253,0.07279,0.07249,0.0725,2.414842e+06
1783548900000,0.0725,0.07256,0.07238,0.07247,557931
1783549800000,0.07246,0.07254,0.07232,0.0724,1.31487e+06
1783550700000,0.0724,0.07245,0.07234,0.07245,329202
1783551600000,0.07245,0.07249,0.07235,0.07237,1.025211e+06
1783552500000,0.07237,0.07237,0.07219,0.07231,1.134312e+06
1783553400000,0.07231,0.07238,0.0722,0.0723,3.065377e+06
1783554300000,0.07229,0.07243,0.07219,0.07243,1.540304e+06
1783555200000,0.07242,0.07246,0.07225,0.07228,1.099972e+06
1783556100000,0.07229,0.07232,0.07214,0.07228,1.620173e+06
1783557000000,0.07228,0.07236,0.07215,0.07217,900444
1783557900000,0.07216,0.07233,0.07213,0.07228,1.129176e+06
1783558800000,0.07229,0.073,0.07225,0.07272,6.123468e+06
1783559700000,0.07272,0.07288,0.07259,0.0727,3.784523e+06
1783560600000,0.07271,0.07274,0.07225,0.07234,3.247883e+06
1783561500000,0.07234,0.07236,0.0721,0.07213,3.153688e+06
1783562400000,0.07213,0.07263,0.07198,0.07261,2.561722e+06
1783563300000,0.0726,0.0726,0.07233,0.07238,1.457501e+06
1783564200000,0.07237,0.07238,0.07202,0.07214,2.466478e+06
1783565100000,0.07214,0.07222,0.07204,0.07217,2.710755e+06
1783566000000,0.07218,0.07225,0.0721,0.07223,1.99227e+06
1783566900000,0.07223,0.07229,0.07201,0.07218,2.241969e+06
1783567800000,0.07218,0.07241,0.07216,0.07232,1.784778e+06
1783568700000,0.07231,0.07239,0.07223,0.07228,1.962824e+06
1783569600000,0.07228,0.07238,0.07222,0.07231,1.740895e+06
1783570500000,0.07231,0.07244,0.07226,0.07236,1.291867e+06
1783571400000,0.07236,0.07258,0.07235,0.07249,6.028306e+06
1783572300000,0.07249,0.07266,0.07241,0.07265,2.4389e+06
1783573200000,0.07264,0.07288,0.07255,0.07272,1.070535e+07
1783574100000,0.07273,0.07278,0.07244,0.07251,7.568217e+06
1783575000000,0.07251,0.07263,0.07232,0.07262,5.074456e+06
1783575900000,0.07262,0.07284,0.0726,0.07278,4.424267e+06
1783576800000,0.07278,0.07293,0.07257,0.07266,1.3013173e+07
1783577700000,0.07266,0.07306,0.07263,0.07291,6.341778e+06
1783578600000,0.07291,0.07296,0.07284,0.07295,8.700636e+06
1783579500000,0.07294,0.07301,0.07289,0.073,3.399085e+06
1783580400000,0.07301,0.0732,0.07275,0.07284,7.641338e+06
1783581300000,0.07285,0.07298,0.07273,0.07281,3.518485e+06
1783582200000,0.0728,0.07287,0.07268,0.07287,4.025064e+06
1783583100000,0.07287,0.07311,0.07274,0.07281,3.561981e+06
1783584000000,0.0728,0.07296,0.07272,0.07292,5.535461e+06
1783584900000,0.07293,0.07303,0.07287,0.07303,2.513402e+06
1783585800000,0.07303,0.07308,0.07292,0.07297,3.678995e+06
1783586700000,0.07296,0.07298,0.07281,0.07289,3.059808e+06
1783587600000,0.07288,0.07288,0.07265,0.07268,2.354106e+06
1783588500000,0.07267,0.07271,0.07257,0.07269,2.43974e+06
1783589400000,0.07269,0.07277,0.07261,0.07262,2.796089e+06
1783590300000,0.07262,0.0728,0.0726,0.07278,2.143063e+06
1783591200000,0.07278,0.07285,0.0727,0.07272,2.391348e+06
1783592100000,0.07273,0.07275,0.07251,0.07253,2.30984e+06
1783593000000,0.07253,0.07262,0.07246,0.07259,3.088948e+06
1783593900000,0.07258,0.07258,0.07228,0.07241,2.959797e+06
1783594800000,0.07241,0.07247,0.07228,0.07245,2.036922e+06
1783595700000,0.07246,0.07246,0.0723,0.07237,1.404268e+06
1783596600000,0.07238,0.07241,0.07225,0.07231,1.810394e+06
1783597500000,0.07232,0.07252,0.07229,0.0725,5.091485e+06
1783598400000,0.0725,0.07252,0.07227,0.07238,2.037911e+06
1783599300000,0.07237,0.07249,0.07232,0.07239,1.6093731e+07
1783600200000,0.07238,0.07256,0.07219,0.07225,8.679529e+06
1783601100000,0.07225,0.07238,0.07205,0.07228,3.067945e+06
1783602000000,0.07228,0.07252,0.07228,0.0725,2.165284e+06
1783602900000,0.0725,0.0725,0.0723,0.07236,4.455704e+06
1783603800000,0.07237,0.07248,0.07205,0.07248,2.991701e+06
1783604700000,0.07248,0.07276,0.07234,0.07261,5.429599e+06
1783605600000,0.07262,0.07272,0.07246,0.07248,2.609414e+06
1783606500000,0.07248,0.07249,0.0722,0.07241,2.78084e+06
1783607400000,0.07242,0.07271,0.07229,0.0726,2.015034e+06
1783608300000,0.0726,0.07276,0.07254,0.07268,1.642417e+06
1783609200000,0.07269,0.07283,0.07255,0.07276,2.248763e+06
1783610100000,0.07275,0.07292,0.07261,0.07267,2.410323e+06
1783611000000,0.07267,0.07276,0.07256,0.07262,1.30552e+06
1783611900000,0.07263,0.07272,0.07254,0.07265,1.706857e+06
1783612800000,0.07265,0.07281,0.07242,0.07252,6.765214e+06
1783613700000,0.07252,0.0726,0.07237,0.07258,2.643644e+06
1783614600000,0.07259,0.07276,0.07257,0.07271,1.191295e+06
1783615500000,0.07271,0.07274,0.07254,0.07272,2.463624e+06
1783616400000,0.07271,0.07283,0.07269,0.07272,1.235364e+06
1783617300000,0.07272,0.07291,0.07271,0.07275,2.65446e+06
1783618200000,0.07275,0.07309,0.07266,0.07307,8.32584e+06
1783619100000,0.07307,0.07308,0.07286,0.07295,2.732692e+06
1783620000000,0.07294,0.07335,0.0729,0.07328,8.505146e+06
1783620900000,0.07328,0.07344,0.07314,0.0733,3.50079e+06
1783621800000,0.0733,0.07333,0.07317,0.07324,1.764131e+06
1783622700000,0.07324,0.07327,0.07307,0.07316,1.256378e+06
1783623600000,0.07317,0.07317,0.07297,0.07298,903639
1783624500000,0.07298,0.07321,0.0729,0.07319,2.143675e+06
1783625400000,0.0732,0.07333,0.07314,0.07332,1.315125e+06
1783626300000,0.07332,0.07335,0.07304,0.07306,1.14794e+06
1783627200000,0.07307,0.07309,0.07297,0.07303,1.355235e+06
1783628100000,0.07302,0.07327,0.07301,0.07326,1.825136e+06
1783629000000,0.07327,0.0734,0.07323,0.07331,1.623233e+06
1783629900000,0.07332,0.07332,0.07314,0.07329,1.36225e+06
1783630800000,0.07329,0.07357,0.07329,0.07353,5.062545e+06
1783631700000,0.07352,0.07355,0.07333,0.07336,1.785788e+06
1783632600000,0.07335,0.07335,0.07322,0.07325,1.687947e+06
1783633500000,0.07326,0.07343,0.07325,0.07336,877488
1783634400000,0.07337,0.07344,0.0732,0.07321,2.082423e+06
1783635300000,0.07322,0.07335,0.07321,0.0733,972077
1783636200000,0.0733,0.07333,0.07318,0.07328,1.721213e+06
1783637100000,0.07327,0.07329,0.07308,0.07309,1.800378e+06
1783638000000,0.07308,0.07321,0.07302,0.07302,842765
1783638900000,0.07302,0.07311,0.07282,0.07299,1.208552e+06
1783639800000,0.07299,0.07299,0.07283,0.07289,722446
1783640700000,0.0729,0.07294,0.07283,0.07289,573383
1783641600000,0.0729,0.07295,0.07276,0.07294,1.200013e+06
1783642500000,0.07294,0.07297,0.07273,0.07283,1.969043e+06
1783643400000,0.07283,0.07293,0.07266,0.07282,6.149842e+06
1783644300000,0.07281,0.07291,0.07274,0.07291,1.789137e+06
1783645200000,0.07292,0.07298,0.07274,0.07296,944539
1783646100000,0.07297,0.07331,0.07296,0.07331,3.040033e+06
1783647000000,0.0733,0.0733,0.07311,0.07315,3.101008e+06
1783647900000,0.07315,0.07423,0.07314,0.07384,2.6711256e+07
1783648800000,0.07385,0.07406,0.0738,0.07403,8.186604e+06
1783649700000,0.07404,0.07404,0.07385,0.0739,3.071846e+06
1783650600000,0.07389,0.074,0.07378,0.07396,3.60975e+06
1783651500000,0.07395,0.07415,0.07391,0.07406,4.094385e+06
1783652400000,0.07405,0.07412,0.07384,0.07395,2.362654e+06
1783653300000,0.07396,0.07399,0.07386,0.07394,1.892385e+06
1783654200000,0.07394,0.07405,0.07386,0.07405,2.857134e+06
1783655100000,0.07405,0.07418,0.07395,0.07402,2.778976e+06
1783656000000,0.07403,0.07417,0.074,0.07415,3.527056e+06
1783656900000,0.07415,0.07423,0.07395,0.07397,3.002606e+06
1783657800000,0.07396,0.07409,0.07387,0.07398,1.92562e+06
1783658700000,0.07398,0.0741,0.07398,0.07401,1.201319e+06
1783659600000,0.07401,0.07402,0.07386,0.07387,1.836936e+06
1783660500000,0.07386,0.07402,0.07383,0.07398,1.862312e+06
1783661400000,0.07399,0.07422,0.07397,0.07417,3.638189e+06
1783662300000,0.07416,0.07418,0.07409,0.07414,1.845743e+06
1783663200000,0.07415,0.07427,0.0741,0.07424,1.34779e+06
1783664100000,0.07423,0.07424,0.07392,0.07396,4.179271e+06
1783665000000,0.07396,0.07407,0.07396,0.07402,1.323946e+06
1783665900000,0.07402,0.07409,0.07386,0.07394,1.242277e+06
1783666800000,0.07394,0.07399,0.07382,0.07399,2.354995e+06
1783667700000,0.07399,0.07408,0.07394,0.07403,725474
1783668600000,0.07403,0.07403,0.07384,0.07384,2.192631e+06
1783669500000,0.07384,0.07385,0.0737,0.07376,6.248252e+06
1783670400000,0.07377,0.07397,0.07374,0.07396,2.234909e+06
1783671300000,0.07397,0.07442,0.07397,0.07433,9.882045e+06
1783672200000,0.07434,0.07448,0.07425,0.07431,3.795295e+06
1783673100000,0.07432,0.07432,0.07421,0.07424,3.157478e+06
1783674000000,0.07425,0.07431,0.07403,0.07407,2.114236e+06
1783674900000,0.07408,0.07433,0.07405,0.07431,1.502022e+06
1783675800000,0.07432,0.07445,0.07428,0.07444,3.679404e+06
1783676700000,0.07443,0.07447,0.07434,0.07438,1.590868e+06
1783677600000,0.07439,0.07445,0.07426,0.07427,2.111461e+06
1783678500000,0.07428,0.07468,0.07428,0.07466,6.732522e+06
1783679400000,0.07465,0.07465,0.07442,0.07459,3.450374e+06
1783680300000,0.0746,0.07463,0.07442,0.07445,2.434691e+06
1783681200000,0.07445,0.07453,0.07433,0.07451,2.104096e+06
1783682100000,0.07452,0.07464,0.07425,0.0743,2.69762e+06
1783683000000,0.0743,0.07433,0.07415,0.07421,1.34781e+06
1783683900000,0.07421,0.07437,0.0742,0.07437,2.08105e+06
1783684800000,0.07437,0.07452,0.07411,0.0744,1.2116791e+07
1783685700000,0.07439,0.07442,0.07424,0.07434,1.692657e+06
1783686600000,0.07433,0.07433,0.07405,0.07406,2.178511e+06
1783687500000,0.07406,0.07415,0.07399,0.07399,3.077549e+06
1783688400000,0.07399,0.07408,0.07392,0.07402,1.244508e+06
1783689300000,0.07401,0.07413,0.07396,0.07397,1.592138e+06
1783690200000,0.07398,0.07426,0.07391,0.07419,2.338714e+06
1783691100000,0.07418,0.07452,0.07418,0.07434,5.235199e+06
1783692000000,0.07434,0.07441,0.07401,0.07405,3.598174e+06
1783692900000,0.07405,0.07414,0.07366,0.07393,6.181332e+06
1783693800000,0.07393,0.07413,0.07334,0.074,2.0794657e+07
1783694700000,0.07399,0.0741,0.07379,0.07388,3.413188e+06
1783695600000,0.07387,0.07399,0.07375,0.07386,3.532287e+06
1783696500000,0.07386,0.07415,0.07386,0.074,1.714538e+06
1783697400000,0.07401,0.07404,0.07375,0.07376,1.529006e+06
1783698300000,0.07377,0.07407,0.07376,0.07407,1.029159e+06
1783699200000,0.07406,0.07412,0.07394,0.07411,1.598159e+06
1783700100000,0.07412,0.07435,0.07403,0.07404,2.559866e+06
1783701000000,0.07405,0.07426,0.07389,0.07421,2.799671e+06
1783701900000,0.07421,0.07434,0.07412,0.07425,1.501431e+06
1783702800000,0.07426,0.07438,0.07402,0.07403,1.700559e+06
1783703700000,0.07402,0.07409,0.07395,0.07402,1.004323e+06
1783704600000,0.07402,0.07402,0.07387,0.07395,2.499325e+06
1783705500000,0.07394,0.07404,0.07382,0.07388,1.831464e+06
1783706400000,0.07388,0.07416,0.07388,0.0739,5.59201e+06
1783707300000,0.07391,0.07411,0.07383,0.074,5.614171e+06
1783708200000,0.074,0.07407,0.07391,0.07394,1.182244e+06
1783709100000,0.07394,0.07395,0.07364,0.07379,2.366978e+06
1783710000000,0.07378,0.07402,0.07371,0.074,846357
1783710900000,0.074,0.07416,0.07389,0.07412,801753
1783711800000,0.07412,0.07438,0.07408,0.07434,4.608828e+06
1783712700000,0.07434,0.07436,0.07415,0.07417,1.889056e+06
1783713600000,0.07417,0.07424,0.07408,0.07417,814406
1783714500000,0.07416,0.07423,0.07396,0.07405,2.991499e+06
1783715400000,0.07405,0.07427,0.07404,0.07426,505069
1783716300000,0.07426,0.07428,0.07416,0.07419,612973
1783717200000,0.0742,0.07425,0.07409,0.07411,2.246498e+06
1783718100000,0.07411,0.07419,0.0741,0.07414,891705
1783719000000,0.07415,0.07426,0.07415,0.07419,1.279005e+06
1783719900000,0.07418,0.07418,0.07409,0.07414,477239
1783720800000,0.07414,0.07428,0.07412,0.07419,626860
1783721700000,0.07418,0.07422,0.07402,0.07409,2.20966e+06
1783722600000,0.07409,0.07416,0.07407,0.07415,226513
1783723500000,0.07414,0.07422,0.0741,0.07413,1.013378e+06
1783724400000,0.07414,0.07414,0.07395,0.07404,2.623164e+06
1783725300000,0.07405,0.0742,0.07401,0.07417,502710
1783726200000,0.07416,0.07416,0.07406,0.07412,1.178764e+06
1783727100000,0.07413,0.07413,0.07406,0.07412,1.459326e+06
1783728000000,0.07411,0.07416,0.07394,0.07399,2.055638e+06
1783728900000,0.07398,0.07414,0.07391,0.07411,811055
1783729800000,0.07412,0.07421,0.07399,0.07421,965805
1783730700000,0.0742,0.07425,0.07412,0.07422,1.348895e+06
1783731600000,0.07422,0.07424,0.07409,0.07411,646992
1783732500000,0.0741,0.07433,0.0741,0.07424,1.210048e+06
1783733400000,0.07425,0.07438,0.07406,0.07408,1.410117e+06
1783734300000,0.07407,0.07421,0.07405,0.07407,787321
1783735200000,0.07408,0.07419,0.07404,0.07408,1.972536e+06
1783736100000,0.07408,0.07418,0.07408,0.07415,1.064674e+06
1783737000000,0.07415,0.07428,0.07415,0.07423,2.106359e+06
1783737900000,0.07423,0.07428,0.07418,0.07423,1.506269e+06
1783738800000,0.07422,0.07426,0.07413,0.07425,478192
1783739700000,0.07426,0.07429,0.0741,0.07421,2.747379e+06
1783740600000,0.0742,0.07441,0.0742,0.07432,874246
1783741500000,0.07433,0.07434,0.07424,0.07429,1.062563e+06
1783742400000,0.07429,0.07438,0.07427,0.07435,2.478191e+06
1783743300000,0.07435,0.07436,0.07423,0.07425,1.089447e+06
1783744200000,0.07425,0.07443,0.07423,0.07433,2.680386e+06
1783745100000,0.07432,0.07435,0.07424,0.07433,1.134536e+06
1783746000000,0.07432,0.07436,0.07423,0.07433,2.713677e+06
1783746900000,0.07432,0.07449,0.07431,0.07445,1.299189e+06
1783747800000,0.07445,0.07454,0.07438,0.07439,2.867357e+06
1783748700000,0.07439,0.07448,0.07435,0.07445,956099
1783749600000,0.07444,0.07454,0.07434,0.07446,2.378325e+06
1783750500000,0.07445,0.07466,0.07442,0.07448,5.956946e+06
1783751400000,0.07448,0.07464,0.07446,0.07455,2.888914e+06
1783752300000,0.07455,0.07455,0.07435,0.07436,1.979836e+06
1783753200000,0.07436,0.07443,0.07431,0.07439,3.264724e+06
1783754100000,0.0744,0.07444,0.07426,0.07426,6.171475e+06
1783755000000,0.07426,0.07432,0.07419,0.07422,926650
1783755900000,0.07422,0.07429,0.07421,0.07429,1.578765e+06
1783756800000,0.07428,0.07432,0.07421,0.07421,1.366947e+06
1783757700000,0.07421,0.07424,0.07416,0.07422,1.013308e+06
1783758600000,0.07421,0.07428,0.07418,0.07422,1.210913e+06
1783759500000,0.07423,0.07424,0.07413,0.07424,1.212638e+06
1783760400000,0.07424,0.07432,0.07424,0.07425,1.313397e+06
1783761300000,0.07426,0.07441,0.07426,0.07437,1.17559e+06
1783762200000,0.07437,0.07444,0.07424,0.07436,1.108504e+06
1783763100000,0.07436,0.07436,0.07415,0.07417,1.900282e+06
1783764000000,0.07417,0.07428,0.07415,0.07428,760646
1783764900000,0.07428,0.07448,0.07419,0.07448,2.013838e+06
1783765800000,0.07447,0.0746,0.07442,0.07455,1.811402e+06
1783766700000,0.07455,0.07475,0.07445,0.0745,3.778826e+06
1783767600000,0.0745,0.07456,0.07444,0.07447,1.324019e+06
1783768500000,0.07447,0.07453,0.07443,0.07453,1.669364e+06
1783769400000,0.07454,0.07458,0.07449,0.07456,1.124764e+06
1783770300000,0.07456,0.07461,0.07444,0.07448,1.175969e+06
1783771200000,0.07448,0.07458,0.07444,0.07455,2.834902e+06
1783772100000,0.07455,0.07457,0.07446,0.07446,1.399092e+06
1783773000000,0.07446,0.07447,0.07438,0.07446,1.257365e+06
1783773900000,0.07447,0.07466,0.07445,0.0746,2.713856e+06
1783774800000,0.0746,0.07463,0.07451,0.07458,801187
1783775700000,0.07458,0.07482,0.07456,0.07477,3.488693e+06
1783776600000,0.07477,0.075,0.0747,0.07471,3.645528e+06
1783777500000,0.0747,0.0748,0.07466,0.07467,762057
1783778400000,0.07467,0.07508,0.07467,0.07501,4.27697e+06
1783779300000,0.07501,0.07518,0.07498,0.0751,4.31292e+06
1783780200000,0.0751,0.07548,0.07509,0.07524,8.041281e+06
1783781100000,0.07524,0.07527,0.07509,0.07518,2.91728e+06
1783782000000,0.07518,0.07557,0.07518,0.07543,5.17172e+06
1783782900000,0.07543,0.0756,0.07533,0.07547,3.612894e+06
1783783800000,0.07547,0.07548,0.07489,0.07517,1.9159022e+07
1783784700000,0.07518,0.0754,0.07498,0.07533,9.424929e+06
1783785600000,0.07533,0.07538,0.07508,0.0753,1.905063e+06
1783786500000,0.07529,0.07532,0.07512,0.07517,3.064703e+06
1783787400000,0.07517,0.07526,0.07498,0.07504,2.50931e+06
1783788300000,0.07504,0.07506,0.07493,0.07504,2.520767e+06
1783789200000,0.07504,0.07517,0.07496,0.0751,1.677005e+06
1783790100000,0.07509,0.07527,0.07508,0.07522,3.679309e+06
1783791000000,0.07521,0.07533,0.07514,0.07521,4.872407e+06
1783791900000,0.07521,0.07526,0.07509,0.07511,1.561675e+06
1783792800000,0.0751,0.07521,0.07502,0.07515,1.344451e+06
1783793700000,0.07516,0.07527,0.07514,0.07519,1.844066e+06
1783794600000,0.0752,0.07525,0.07516,0.0752,1.743913e+06
1783795500000,0.0752,0.07521,0.0751,0.0752,1.098043e+06
1783796400000,0.07521,0.07557,0.07521,0.07545,5.383771e+06
1783797300000,0.07545,0.0755,0.07518,0.07518,2.137737e+06
1783798200000,0.07518,0.07536,0.07518,0.0753,2.864502e+06
1783799100000,0.07531,0.07537,0.07525,0.07535,1.078843e+06
1783800000000,0.07535,0.07542,0.07529,0.07532,1.270707e+06
1783800900000,0.07531,0.07535,0.07524,0.07525,516927
1783801800000,0.07526,0.07539,0.07525,0.0753,2.201143e+06
1783802700000,0.0753,0.07533,0.07516,0.07517,556204
1783803600000,0.07517,0.07529,0.07516,0.07528,716449
1783804500000,0.07529,0.0753,0.07521,0.07525,452549
1783805400000,0.07524,0.07533,0.07523,0.07528,1.727874e+06
1783806300000,0.07529,0.07535,0.07511,0.0752,991661
1783807200000,0.0752,0.0752,0.07507,0.0751,2.19628e+06
1783808100000,0.0751,0.07513,0.07473,0.07479,5.3362e+06
1783809000000,0.0748,0.07487,0.07461,0.07469,3.590328e+06
1783809900000,0.0747,0.07471,0.07459,0.07464,1.53253e+06
1783810800000,0.07465,0.07471,0.07417,0.07429,6.512739e+06
1783811700000,0.07429,0.07435,0.07357,0.07372,1.7460147e+07
1783812600000,0.07371,0.07371,0.07333,0.07343,7.399208e+06
1783813500000,0.07343,0.0736,0.07319,0.07321,5.873595e+06
1783814400000,0.0732,0.07332,0.07268,0.07274,1.7560871e+07
1783815300000,0.07274,0.073,0.07268,0.07277,8.029156e+06
1783816200000,0.07276,0.07279,0.07228,0.07253,9.544146e+06
1783817100000,0.07254,0.07273,0.07243,0.07266,5.081825e+06
1783818000000,0.07266,0.07293,0.07258,0.07275,5.297777e+06
1783818900000,0.07275,0.07315,0.07272,0.07315,7.540769e+06
1783819800000,0.07314,0.07333,0.07311,0.07329,3.11645e+06
1783820700000,0.0733,0.07339,0.07321,0.07339,4.895922e+06
1783821600000,0.07339,0.07339,0.0731,0.07313,5.729945e+06
1783822500000,0.07313,0.0733,0.07313,0.07324,940548
1783823400000,0.07325,0.0733,0.07314,0.07325,1.42918e+06
1783824300000,0.07326,0.07328,0.07321,0.07323,1.910562e+06
1783825200000,0.07323,0.07329,0.07305,0.07324,1.1000458e+07
1783826100000,0.07324,0.07334,0.07318,0.07332,898767
1783827000000,0.07333,0.07349,0.07328,0.07335,1.840129e+06
1783827900000,0.07335,0.07343,0.07333,0.07343,1.231232e+06
1783828800000,0.07342,0.07349,0.07333,0.07345,2.020658e+06
1783829700000,0.07345,0.07355,0.07332,0.07334,2.330228e+06
1783830600000,0.07333,0.07335,0.07309,0.07321,2.54354e+06
1783831500000,0.0732,0.0732,0.07304,0.07313,570688
1783832400000,0.07313,0.0733,0.07311,0.07321,2.070186e+06
1783833300000,0.07322,0.07323,0.07305,0.07308,1.595584e+06
1783834200000,0.07307,0.07318,0.07303,0.07313,900790
1783835100000,0.07312,0.07318,0.07311,0.07315,588628
1783836000000,0.07314,0.07314,0.07281,0.07289,5.072467e+06
1783836900000,0.07289,0.07289,0.07265,0.07268,4.41287e+06
1783837800000,0.07268,0.07287,0.07257,0.07279,2.362054e+06
1783838700000,0.07279,0.07294,0.07276,0.07289,1.572921e+06
1783839600000,0.07289,0.07299,0.07282,0.07295,1.004299e+06
1783840500000,0.07295,0.07304,0.0729,0.07291,1.488166e+06
1783841400000,0.07292,0.07292,0.0728,0.07282,1.491107e+06
1783842300000,0.07282,0.07295,0.07278,0.07293,1.22309e+06
1783843200000,0.07293,0.07324,0.0729,0.07316,2.494006e+06
1783844100000,0.07316,0.07324,0.07306,0.07306,816018
1783845000000,0.07306,0.07307,0.07297,0.07302,1.309982e+06
1783845900000,0.07302,0.07305,0.07292,0.07303,1.07305e+06
1783846800000,0.07304,0.07309,0.07288,0.0729,1.281573e+06
1783847700000,0.07289,0.07289,0.07272,0.07281,1.753849e+06
1783848600000,0.07281,0.07312,0.0728,0.0731,1.332054e+06
1783849500000,0.0731,0.07316,0.07299,0.07301,562914
1783850400000,0.073,0.07301,0.0729,0.07298,671322
1783851300000,0.07299,0.07305,0.07294,0.07302,1.305395e+06
1783852200000,0.07302,0.07303,0.07291,0.07297,902358
1783853100000,0.07297,0.07302,0.07293,0.07302,519237
1783854000000,0.07301,0.07309,0.07287,0.07293,729711
1783854900000,0.07292,0.07313,0.07292,0.07313,1.458996e+06
1783855800000,0.07314,0.07327,0.07314,0.07318,5.141045e+06
1783856700000,0.07318,0.07329,0.07315,0.07324,2.526682e+06
1783857600000,0.07323,0.07341,0.07316,0.07339,2.065592e+06
1783858500000,0.07339,0.07349,0.07335,0.07344,2.133634e+06
1783859400000,0.07343,0.07345,0.07332,0.07338,1.372082e+06
1783860300000,0.07338,0.07344,0.07332,0.0734,1.592212e+06
1783861200000,0.0734,0.07356,0.07332,0.07351,3.661021e+06
1783862100000,0.0735,0.07355,0.07339,0.07345,8.833478e+06
1783863000000,0.07345,0.07346,0.07337,0.07338,1.1133572e+07
1783863900000,0.07339,0.07342,0.07325,0.07326,1.677675e+06
1783864800000,0.07325,0.07336,0.07323,0.07327,2.88369e+06
1783865700000,0.07327,0.07332,0.07319,0.0732,1.204169e+06
1783866600000,0.07319,0.07344,0.07319,0.07342,1.29339e+06
1783867500000,0.07343,0.07389,0.07343,0.07373,7.047318e+06
1783868400000,0.07373,0.07387,0.07363,0.07368,4.292847e+06
1783869300000,0.07369,0.07385,0.0736,0.07384,2.701643e+06
1783870200000,0.07383,0.07386,0.07361,0.07371,3.099778e+06
1783871100000,0.0737,0.07381,0.07367,0.07372,1.159351e+06
1783872000000,0.07373,0.07379,0.07351,0.07355,1.929743e+06
1783872900000,0.07355,0.07368,0.07354,0.07365,2.9556e+06
1783873800000,0.07365,0.07366,0.07347,0.07355,1.340145e+06
1783874700000,0.07354,0.07366,0.07352,0.07364,1.063266e+06
1783875600000,0.07363,0.07366,0.07354,0.07358,480606
1783876500000,0.07358,0.0736,0.0735,0.07351,546090
1783877400000,0.07351,0.07368,0.07349,0.07361,881024
1783878300000,0.07361,0.07361,0.07332,0.07342,3.121286e+06
1783879200000,0.07342,0.07349,0.07335,0.0734,1.005674e+06
1783880100000,0.07339,0.07357,0.07336,0.07353,3.507373e+06
1783881000000,0.07352,0.07365,0.07351,0.07361,988700
1783881900000,0.07361,0.07368,0.0736,0.07366,1.323048e+06
1783882800000,0.07366,0.07374,0.07364,0.07365,970249
1783883700000,0.07366,0.07368,0.0736,0.0736,585284
1783884600000,0.0736,0.0736,0.07345,0.07347,1.441401e+06
1783885500000,0.07348,0.07373,0.07346,0.07367,1.303429e+06
1783886400000,0.07367,0.07369,0.07354,0.07355,617106
1783887300000,0.07356,0.07358,0.07349,0.07351,630281
1783888200000,0.07351,0.0736,0.07346,0.07358,855377
1783889100000,0.07358,0.07358,0.07342,0.07346,651193
1783890000000,0.07346,0.07358,0.07341,0.07345,1.56734e+06
1783890900000,0.07344,0.07348,0.073,0.07314,6.193116e+06
1783891800000,0.07313,0.07322,0.07292,0.0732,3.148057e+06
1783892700000,0.07321,0.07322,0.07307,0.07309,1.335166e+06
1783893600000,0.07309,0.07309,0.07263,0.07273,7.513251e+06
1783894500000,0.07272,0.0728,0.0724,0.07264,5.01255e+06
1783895400000,0.07264,0.07268,0.07251,0.07252,816448
1783896300000,0.07251,0.07276,0.0724,0.07274,3.61263e+06
1783897200000,0.07275,0.07277,0.07255,0.07264,1.003691e+06
1783898100000,0.07265,0.07275,0.07261,0.07273,901947
1783899000000,0.07273,0.07277,0.07262,0.07273,1.327056e+06
1783899900000,0.07273,0.07286,0.0726,0.07272,1.648926e+06
1783900800000,0.07272,0.07398,0.07262,0.07393,9.855516e+06
1783901700000,0.07393,0.07417,0.07357,0.07358,5.5128e+06
1783902600000,0.07358,0.07359,0.07278,0.07303,5.266326e+06
1783903500000,0.07302,0.07352,0.07302,0.07343,2.687437e+06
1783904400000,0.07343,0.07352,0.07288,0.07321,3.033466e+06
1783905300000,0.07322,0.07345,0.07294,0.07302,3.513584e+06
1783906200000,0.07302,0.07324,0.07288,0.07311,1.419497e+06
1783907100000,0.07312,0.07312,0.07246,0.07253,4.352097e+06
1783908000000,0.07254,0.07272,0.07238,0.07268,4.710413e+06
1783908900000,0.07269,0.07288,0.07268,0.07282,2.691595e+06
1783909800000,0.07282,0.07289,0.07266,0.07281,1.750786e+06
1783910700000,0.07281,0.07293,0.07275,0.07277,1.469892e+06
1783911600000,0.07276,0.07277,0.07189,0.07211,1.8986347e+07
1783912500000,0.07211,0.07235,0.07184,0.07232,6.745125e+06
1783913400000,0.07231,0.07231,0.07161,0.07192,1.2143328e+07
1783914300000,0.07191,0.07213,0.07188,0.0721,2.069544e+06
1783915200000,0.0721,0.07215,0.07192,0.07209,3.349973e+06
1783916100000,0.0721,0.07229,0.07208,0.07221,1.712531e+06
1783917000000,0.07222,0.07225,0.07203,0.07213,2.821207e+06
1783917900000,0.07213,0.07222,0.07202,0.07205,2.059517e+06
1783918800000,0.07205,0.07243,0.07187,0.07233,8.178452e+06
1783919700000,0.07234,0.07242,0.07211,0.07217,2.410879e+06
1783920600000,0.07218,0.07245,0.072,0.07237,9.489921e+06
1783921500000,0.07237,0.07241,0.07228,0.07232,1.829078e+06
1783922400000,0.07232,0.07241,0.07214,0.07216,1.787921e+06
1783923300000,0.07217,0.07231,0.0721,0.07231,2.303614e+06
1783924200000,0.07232,0.07239,0.07217,0.0723,929762
1783925100000,0.07229,0.07236,0.07222,0.07234,996113
1783926000000,0.07235,0.07241,0.07223,0.07233,2.212137e+06
1783926900000,0.07233,0.07249,0.07226,0.07247,1.628057e+06
1783927800000,0.07247,0.07253,0.07237,0.0724,1.788055e+06
1783928700000,0.07241,0.07242,0.07229,0.07237,2.621414e+06
1783929600000,0.07237,0.07252,0.07235,0.07243,1.523669e+06
1783930500000,0.07243,0.07248,0.07231,0.0724,2.458002e+06
1783931400000,0.0724,0.07253,0.0723,0.07253,1.725982e+06
1783932300000,0.07254,0.07269,0.0725,0.07256,3.900947e+06
1783933200000,0.07256,0.07257,0.07249,0.07251,696462
1783934100000,0.07251,0.07251,0.07235,0.07246,1.059913e+06
1783935000000,0.07246,0.07248,0.07237,0.07237,1.499188e+06
1783935900000,0.07238,0.07239,0.07232,0.07237,731948
1783936800000,0.07237,0.07239,0.07224,0.07226,1.398283e+06
1783937700000,0.07226,0.07231,0.07219,0.07222,1.129369e+06
1783938600000,0.07223,0.07231,0.07212,0.07215,5.362203e+06
1783939500000,0.07214,0.07225,0.07208,0.07219,3.63155e+06
1783940400000,0.07219,0.07245,0.07219,0.07239,3.828637e+06
1783941300000,0.07239,0.07248,0.07235,0.07241,2.833979e+06
1783942200000,0.0724,0.07243,0.07229,0.07231,1.638961e+06
1783943100000,0.0723,0.07241,0.07226,0.0723,1.299962e+06
1783944000000,0.0723,0.07237,0.07217,0.07223,1.795785e+06
1783944900000,0.07223,0.07234,0.07212,0.07215,2.793744e+06
1783945800000,0.07215,0.07218,0.07195,0.0721,5.703054e+06
1783946700000,0.07209,0.07217,0.07206,0.07211,1.323023e+06
1783947600000,0.07211,0.07217,0.07203,0.07206,1.959163e+06
1783948500000,0.07207,0.07224,0.0719,0.07214,1.921948e+06
1783949400000,0.07215,0.07237,0.07189,0.07208,5.529937e+06
1783950300000,0.07208,0.07214,0.07188,0.07212,3.864208e+06
1783951200000,0.07211,0.07232,0.0721,0.07232,4.08783e+06
1783952100000,0.07231,0.07256,0.07189,0.07229,9.72535e+06
1783953000000,0.07229,0.07247,0.0722,0.0724,2.183774e+06
1783953900000,0.07239,0.07257,0.07235,0.07254,2.340997e+06
1783954800000,0.07253,0.07261,0.07234,0.07235,3.073738e+06
1783955700000,0.07235,0.07259,0.07235,0.07242,2.022563e+06
1783956600000,0.07243,0.07244,0.07205,0.07214,4.955304e+06
1783957500000,0.07213,0.07223,0.07206,0.07209,2.226593e+06
1783958400000,0.07208,0.07219,0.07202,0.07207,3.697522e+06
1783959300000,0.07206,0.07207,0.07169,0.07175,7.280688e+06
1783960200000,0.07175,0.07185,0.07151,0.07183,3.682071e+06
1783961100000,0.07184,0.07193,0.07163,0.07164,1.494435e+06
1783962000000,0.07165,0.07182,0.07162,0.07174,1.990323e+06
1783962900000,0.07173,0.07178,0.07164,0.07171,1.612445e+06
1783963800000,0.07171,0.07174,0.07124,0.07145,6.272259e+06
1783964700000,0.07145,0.0715,0.07092,0.07095,1.1583665e+07
1783965600000,0.07095,0.07128,0.07094,0.07116,6.701226e+06
1783966500000,0.07116,0.07127,0.07094,0.07119,4.36459e+06
1783967400000,0.07118,0.07127,0.07107,0.07127,1.243536e+06
1783968300000,0.07128,0.07148,0.07123,0.07135,1.96111e+06
1783969200000,0.07136,0.07147,0.07135,0.07146,754457
1783970100000,0.07146,0.07151,0.07136,0.07138,3.502941e+06
1783971000000,0.07137,0.07171,0.07137,0.0717,2.51536e+06
1783971900000,0.0717,0.07188,0.07165,0.07183,1.704495e+06
1783972800000,0.07183,0.07198,0.07177,0.07182,674528
1783973700000,0.07181,0.07192,0.07157,0.07191,2.939755e+06
1783974600000,0.07191,0.07191,0.07172,0.07173,774545
1783975500000,0.07173,0.07179,0.07155,0.07179,716416
1783976400000,0.07179,0.07181,0.07156,0.07164,1.219192e+06
1783977300000,0.07164,0.07175,0.07135,0.07149,2.823464e+06
1783978200000,0.07149,0.07149,0.07108,0.07131,2.586943e+06
1783979100000,0.07132,0.07155,0.07125,0.07151,1.213746e+06
1783980000000,0.0715,0.07173,0.07149,0.07167,719244
1783980900000,0.07167,0.07184,0.07166,0.0717,1.463084e+06
1783981800000,0.0717,0.07173,0.07152,0.07163,847038
1783982700000,0.07163,0.07165,0.07134,0.07135,1.047444e+06
1783983600000,0.07135,0.07145,0.07123,0.07143,1.771944e+06
1783984500000,0.07143,0.07178,0.07142,0.07164,1.427113e+06
1783985400000,0.07164,0.07174,0.07159,0.07171,973539
1783986300000,0.07171,0.07201,0.07171,0.07197,1.905866e+06
1783987200000,0.07198,0.0722,0.07184,0.07214,5.278936e+06
1783988100000,0.07213,0.07217,0.07198,0.07211,2.738806e+06
1783989000000,0.0721,0.07225,0.07197,0.07198,1.867261e+06
1783989900000,0.07199,0.07244,0.07199,0.07234,3.678326e+06
1783990800000,0.07234,0.07237,0.07207,0.07213,3.269916e+06
1783991700000,0.07213,0.07229,0.07207,0.07207,1.8927e+06
1783992600000,0.07207,0.0721,0.07196,0.07203,2.525643e+06
1783993500000,0.07204,0.07208,0.07191,0.07192,2.018996e+06
1783994400000,0.07191,0.07204,0.07182,0.07194,3.060409e+06
1783995300000,0.07194,0.07201,0.07178,0.07182,1.566032e+06
1783996200000,0.07182,0.07205,0.07179,0.072,541386
1783997100000,0.072,0.07204,0.07182,0.07183,4.499397e+06
1783998000000,0.07183,0.07191,0.07176,0.07178,3.916759e+06
1783998900000,0.07177,0.07182,0.07144,0.07166,8.377612e+06
1783999800000,0.07166,0.07198,0.07165,0.07194,1.895993e+06
1784000700000,0.07193,0.07207,0.07192,0.07205,1.031717e+06
1784001600000,0.07205,0.07216,0.07193,0.07199,1.036122e+06
1784002500000,0.07199,0.07211,0.07195,0.07206,1.79907e+06
1784003400000,0.07207,0.07217,0.07204,0.07209,1.912551e+06
1784004300000,0.0721,0.07211,0.07202,0.07207,729234
1784005200000,0.07208,0.07243,0.07208,0.07228,3.510619e+06
1784006100000,0.07229,0.07242,0.07223,0.0723,5.930652e+06
1784007000000,0.0723,0.07241,0.07221,0.07228,1.088442e+06
1784007900000,0.07227,0.07238,0.07224,0.07236,954577
1784008800000,0.07236,0.07237,0.07227,0.07233,929245
1784009700000,0.07233,0.07244,0.0723,0.07234,883125
1784010600000,0.07234,0.0724,0.07227,0.07233,264573
1784011500000,0.07234,0.07238,0.07227,0.07231,1.380838e+06
1784012400000,0.07231,0.07234,0.07218,0.07223,1.344181e+06
1784013300000,0.07224,0.07238,0.07217,0.07235,1.009071e+06
1784014200000,0.07236,0.07236,0.07212,0.07218,1.745565e+06
1784015100000,0.07218,0.07222,0.07213,0.07219,1.594194e+06
1784016000000,0.07219,0.07222,0.0721,0.07214,770510
1784016900000,0.07214,0.0722,0.07208,0.07219,1.355779e+06
1784017800000,0.07218,0.07231,0.07214,0.07226,1.250634e+06
1784018700000,0.07226,0.07227,0.07206,0.07211,2.050834e+06
1784019600000,0.07212,0.07223,0.0721,0.07222,854361
1784020500000,0.07223,0.07228,0.07218,0.07218,863221
1784021400000,0.07219,0.0722,0.07206,0.07215,1.978591e+06
1784022300000,0.07215,0.07224,0.07208,0.07209,631327
1784023200000,0.07209,0.07226,0.07208,0.07221,1.063352e+06
1784024100000,0.07221,0.07223,0.07207,0.07207,621835
1784025000000,0.07207,0.07222,0.07198,0.07218,2.107438e+06
1784025900000,0.07219,0.07237,0.07216,0.07227,1.990333e+06
1784026800000,0.07227,0.07228,0.0722,0.07227,1.404642e+06
1784027700000,0.07228,0.07235,0.0722,0.07231,1.206946e+06
1784028600000,0.07231,0.07235,0.07225,0.07229,1.682868e+06
1784029500000,0.07229,0.07233,0.07225,0.07227,464930
1784030400000,0.07228,0.0723,0.07213,0.07221,885540
1784031300000,0.0722,0.07252,0.07216,0.07233,3.51014e+06
1784032200000,0.07234,0.07314,0.07232,0.07297,3.6412512e+07
1784033100000,0.07297,0.07348,0.07297,0.07335,2.8175098e+07
1784034000000,0.07336,0.07343,0.0731,0.07328,1.0016885e+07
1784034900000,0.07328,0.07411,0.07323,0.07402,2.4956285e+07
1784035800000,0.07403,0.07411,0.0738,0.0739,1.7683234e+07
1784036700000,0.0739,0.07403,0.07371,0.0739,8.145452e+06
1784037600000,0.0739,0.07404,0.07367,0.07404,1.26031e+07
1784038500000,0.07403,0.07413,0.07381,0.07396,9.760544e+06
1784039400000,0.07397,0.07424,0.07386,0.07409,1.7961e+07
1784040300000,0.07409,0.07469,0.07402,0.07454,1.7481141e+07
1784041200000,0.07454,0.07461,0.0744,0.07441,8.86835e+06
1784042100000,0.07441,0.07475,0.07434,0.07474,9.368279e+06
1784043000000,0.07473,0.07518,0.0747,0.07502,2.9233401e+07
1784043900000,0.07501,0.07505,0.07477,0.07491,6.701486e+06
1784044800000,0.07491,0.0753,0.07483,0.07522,1.6356156e+07
1784045700000,0.07523,0.07538,0.07507,0.07517,1.0063307e+07
1784046600000,0.07518,0.07519,0.07476,0.07477,9.05315e+06
1784047500000,0.07477,0.07477,0.07452,0.07458,9.747932e+06
1784048400000,0.07457,0.07458,0.07407,0.07434,1.0265284e+07
1784049300000,0.07435,0.07452,0.07417,0.07449,5.388074e+06
1784050200000,0.0745,0.07453,0.07433,0.07446,1.991676e+06
1784051100000,0.07445,0.07464,0.07433,0.07456,2.633102e+06
1784052000000,0.07456,0.07463,0.07432,0.07434,2.248948e+06
1784052900000,0.07434,0.07445,0.0743,0.0743,1.383156e+06
1784053800000,0.0743,0.0744,0.07419,0.07437,7.384956e+06
1784054700000,0.07437,0.07453,0.07436,0.07446,792151
1784055600000,0.07445,0.07455,0.07432,0.07445,1.0701348e+07
1784056500000,0.07446,0.07457,0.07419,0.07423,3.267519e+06
1784057400000,0.07422,0.07428,0.07414,0.07426,3.314297e+06
1784058300000,0.07426,0.07438,0.07421,0.07424,1.353527e+06
1784059200000,0.07424,0.07428,0.07414,0.07414,1.914984e+06
1784060100000,0.07414,0.07424,0.07411,0.07412,502550
1784061000000,0.07411,0.07412,0.07402,0.07412,3.003807e+06
1784061900000,0.07412,0.07417,0.07407,0.0741,1.026401e+06
1784062800000,0.0741,0.07433,0.07407,0.07429,2.477314e+06
1784063700000,0.07429,0.07457,0.07428,0.07448,5.136288e+06
1784064600000,0.07447,0.07469,0.07443,0.07446,2.81788e+06
1784065500000,0.07445,0.07447,0.0743,0.07433,885170
1784066400000,0.07433,0.07439,0.07401,0.07408,3.219133e+06
1784067300000,0.07408,0.07451,0.07402,0.07436,1.0961634e+07
1784068200000,0.07437,0.07461,0.07436,0.07444,4.431459e+06
1784069100000,0.07444,0.07453,0.07437,0.07437,1.221677e+06
1784070000000,0.07438,0.07449,0.07423,0.07444,3.458449e+06
1784070900000,0.07444,0.07444,0.07424,0.07425,1.502124e+06
1784071800000,0.07426,0.07443,0.07425,0.07439,1.729085e+06
1784072700000,0.0744,0.07466,0.0744,0.07445,7.23787e+06
1784073600000,0.07444,0.07452,0.07435,0.07438,4.248571e+06
1784074500000,0.07439,0.07442,0.07415,0.07416,2.870368e+06
1784075400000,0.07417,0.07418,0.07394,0.07406,8.751721e+06
1784076300000,0.07407,0.07415,0.07402,0.07411,2.820448e+06
1784077200000,0.07412,0.07414,0.07387,0.07395,3.609034e+06
1784078100000,0.07396,0.07419,0.07394,0.07415,2.69013e+06
1784079000000,0.07416,0.07417,0.07397,0.07404,2.134808e+06
1784079900000,0.07404,0.07408,0.07391,0.07402,846357
1784080800000,0.07402,0.07411,0.07393,0.07401,6.252535e+06
1784081700000,0.07402,0.07404,0.07373,0.07374,4.202191e+06
1784082600000,0.07374,0.07381,0.07367,0.0738,2.246206e+06
1784083500000,0.07379,0.07382,0.0737,0.07374,1.526961e+06
1784084400000,0.07375,0.07391,0.07371,0.07388,2.725185e+06
1784085300000,0.07387,0.07398,0.07384,0.07396,5.375295e+06
1784086200000,0.07396,0.07416,0.07396,0.07398,4.963749e+06
1784087100000,0.07398,0.0742,0.07394,0.07404,3.57162e+06
1784088000000,0.07404,0.07414,0.07403,0.07408,1.718801e+06
1784088900000,0.07408,0.07408,0.07392,0.07392,1.634248e+06
1784089800000,0.07392,0.0741,0.07381,0.07403,1.431502e+06
1784090700000,0.07403,0.07423,0.07403,0.0741,4.585301e+06
1784091600000,0.0741,0.07412,0.07385,0.0739,2.522204e+06
1784092500000,0.0739,0.07401,0.0739,0.07395,1.168954e+06
1784093400000,0.07394,0.07414,0.07394,0.07405,1.617361e+06
1784094300000,0.07405,0.07452,0.07404,0.07442,5.866564e+06
1784095200000,0.07443,0.07458,0.07435,0.07456,7.355128e+06
1784096100000,0.07456,0.07466,0.07444,0.07463,2.973939e+06
1784097000000,0.07463,0.07492,0.07455,0.07469,5.393372e+06
1784097900000,0.07469,0.07474,0.07439,0.07442,3.491436e+06
1784098800000,0.07442,0.07442,0.07425,0.07434,1.2296717e+07
1784099700000,0.07435,0.07438,0.07387,0.07391,7.998339e+06
1784100600000,0.07392,0.07409,0.0739,0.07408,2.133065e+06
1784101500000,0.07407,0.07413,0.074,0.07401,1.271097e+06
1784102400000,0.07401,0.0741,0.07392,0.0741,2.177072e+06
1784103300000,0.07411,0.07421,0.07405,0.07419,1.391953e+06
1784104200000,0.0742,0.07426,0.07413,0.07425,465248
1784105100000,0.07426,0.0743,0.07414,0.07421,2.353695e+06
1784106000000,0.07421,0.07441,0.07419,0.07436,789123
1784106900000,0.07435,0.07452,0.07433,0.07444,1.711352e+06
1784107800000,0.07444,0.07444,0.07429,0.07429,1.445779e+06
1784108700000,0.07429,0.07429,0.07338,0.0737,1.47171988e+08
1784109600000,0.07369,0.07388,0.07366,0.07379,4.918601e+06
1784110500000,0.07379,0.07388,0.07362,0.07366,4.041917e+06
1784111400000,0.07365,0.07378,0.07364,0.07376,2.391529e+06
1784112300000,0.07375,0.07381,0.07373,0.07379,4.924912e+06
1784113200000,0.07378,0.07386,0.07366,0.07367,5.842447e+06
1784114100000,0.07367,0.07373,0.07356,0.07368,6.627209e+06
1784115000000,0.07367,0.07382,0.07366,0.0738,1.667137e+06
1784115900000,0.0738,0.07387,0.07377,0.07386,2.446098e+06
1784116800000,0.07385,0.07387,0.07368,0.07377,4.512099e+06
1784117700000,0.07377,0.07381,0.07366,0.07375,1.726097e+06
1784118600000,0.07374,0.07416,0.07372,0.07404,1.1237057e+07
1784119500000,0.07403,0.07477,0.07403,0.07469,1.6636415e+07
1784120400000,0.07469,0.07507,0.07468,0.07503,1.4458642e+07
1784121300000,0.07502,0.07523,0.07485,0.07505,7.992265e+06
1784122200000,0.07505,0.07525,0.07485,0.07488,8.45449e+06
1784123100000,0.07487,0.07487,0.07429,0.07455,1.1560206e+07
1784124000000,0.07456,0.07488,0.07456,0.07481,6.068854e+06
1784124900000,0.0748,0.07518,0.07449,0.07483,1.715082e+07
1784125800000,0.07483,0.07498,0.07466,0.07474,5.250657e+06
1784126700000,0.07475,0.07492,0.07468,0.0749,2.843224e+06
1784127600000,0.07491,0.07501,0.07456,0.07456,9.227939e+06
1784128500000,0.07457,0.07464,0.07432,0.07454,7.684148e+06
1784129400000,0.07454,0.07478,0.07445,0.0747,3.432091e+06
1784130300000,0.07471,0.07485,0.0746,0.07462,2.970839e+06
1784131200000,0.07463,0.07468,0.07397,0.074,6.02675e+06
1784132100000,0.074,0.07415,0.07384,0.07411,6.423577e+06
1784133000000,0.07411,0.07414,0.07336,0.07377,1.6745081e+07
1784133900000,0.07378,0.07401,0.07375,0.07394,7.153965e+06
1784134800000,0.07395,0.07412,0.07394,0.074,3.741193e+06
1784135700000,0.074,0.07404,0.07381,0.07397,4.988463e+06
1784136600000,0.07398,0.07412,0.07392,0.07411,3.69251e+06
1784137500000,0.07411,0.07439,0.074,0.07425,9.078768e+06
1784138400000,0.07424,0.07455,0.07422,0.07455,3.979996e+06
1784139300000,0.07455,0.0748,0.07437,0.07438,6.801199e+06
1784140200000,0.07438,0.0745,0.07425,0.07425,1.609143e+06
1784141100000,0.07425,0.07431,0.07396,0.07405,4.365508e+06
1784142000000,0.07406,0.07418,0.07395,0.07402,2.072797e+06
1784142900000,0.07403,0.07403,0.07375,0.07386,1.885194e+06
1784143800000,0.07386,0.07396,0.07382,0.07392,1.185012e+06
1784144700000,0.07391,0.07392,0.07367,0.07382,3.799336e+06
1784145600000,0.07383,0.07394,0.07376,0.07387,3.521458e+06
1784146500000,0.07386,0.07409,0.07386,0.07402,923154
1784147400000,0.07401,0.07415,0.07401,0.07407,2.154773e+06
1784148300000,0.07407,0.0741,0.07399,0.07403,1.293213e+06
1784149200000,0.07402,0.07414,0.07393,0.07404,1.140635e+06
1784150100000,0.07404,0.07419,0.074,0.07412,869451
1784151000000,0.07412,0.07415,0.07403,0.07408,2.278981e+06
1784151900000,0.07408,0.07412,0.07397,0.07404,1.656384e+06
1784152800000,0.07404,0.07413,0.07392,0.074,1.42801e+06
1784153700000,0.07399,0.07415,0.07396,0.07412,748599
1784154600000,0.07413,0.07418,0.07403,0.07405,588277
1784155500000,0.07404,0.07425,0.074,0.07404,3.970914e+06
1784156400000,0.07405,0.07418,0.07404,0.07413,1.505725e+06
1784157300000,0.07413,0.07419,0.07411,0.07412,711145
1784158200000,0.07412,0.07417,0.07398,0.07401,1.532085e+06
1784159100000,0.07402,0.07412,0.07397,0.07409,913914
1784160000000,0.07409,0.07427,0.07406,0.07421,1.429513e+06
1784160900000,0.0742,0.07421,0.07387,0.07393,2.050502e+06
1784161800000,0.07394,0.07396,0.07378,0.07379,1.487157e+06
1784162700000,0.07379,0.07398,0.07374,0.07391,3.576957e+06
1784163600000,0.07391,0.074,0.07383,0.07386,1.270825e+06
1784164500000,0.07386,0.07391,0.07362,0.07383,2.548062e+06
1784165400000,0.07383,0.07404,0.07383,0.07391,2.379057e+06
1784166300000,0.0739,0.0742,0.07389,0.07413,1.705717e+06
1784167200000,0.07414,0.07416,0.07409,0.07411,1.613556e+06
1784168100000,0.07411,0.07425,0.07405,0.07421,2.008434e+06
1784169000000,0.07421,0.07428,0.07415,0.07418,1.130664e+06
1784169900000,0.07418,0.07439,0.07418,0.07437,1.526154e+06
1784170800000,0.07437,0.07439,0.07422,0.07435,915376
1784171700000,0.07435,0.0745,0.07422,0.07429,9.30325e+06
1784172600000,0.07428,0.07437,0.07413,0.07413,2.660263e+06
1784173500000,0.07413,0.07414,0.07394,0.07399,2.133719e+06
1784174400000,0.074,0.0741,0.07388,0.07409,2.229774e+06
1784175300000,0.07408,0.07408,0.07388,0.074,2.035027e+06
1784176200000,0.074,0.07404,0.07392,0.07397,1.373485e+06
1784177100000,0.07396,0.07396,0.07377,0.07381,2.775685e+06
1784178000000,0.07381,0.07403,0.07379,0.07403,1.516072e+06
1784178900000,0.07404,0.07426,0.07397,0.07414,7.041181e+06
1784179800000,0.07414,0.07428,0.07408,0.07427,6.375561e+06
1784180700000,0.07427,0.07427,0.07415,0.07423,1.0907e+06
1784181600000,0.07423,0.07436,0.07417,0.07417,4.580662e+06
1784182500000,0.07418,0.07418,0.07408,0.07409,1.91858e+06
1784183400000,0.07408,0.07409,0.07389,0.07405,1.162955e+06
1784184300000,0.07405,0.07419,0.07402,0.07413,1.052361e+06
1784185200000,0.07413,0.07415,0.07406,0.07409,1.106156e+06
1784186100000,0.0741,0.07411,0.07395,0.07397,1.688087e+06
1784187000000,0.07396,0.07398,0.07346,0.07352,9.441788e+06
1784187900000,0.07352,0.0736,0.07332,0.07356,4.787565e+06
1784188800000,0.07356,0.07358,0.07269,0.07272,3.1920969e+07
1784189700000,0.07272,0.07307,0.07263,0.07306,2.1148464e+07
1784190600000,0.07306,0.07336,0.07306,0.07314,6.069232e+06
1784191500000,0.07315,0.07332,0.073,0.07315,4.543034e+06
1784192400000,0.07315,0.07325,0.07313,0.07317,2.397889e+06
1784193300000,0.07317,0.0732,0.07305,0.07307,3.089513e+06
1784194200000,0.07307,0.07321,0.07303,0.07317,4.213129e+06
1784195100000,0.07317,0.07327,0.07308,0.07311,2.763743e+06
1784196000000,0.07311,0.07329,0.07306,0.07326,1.780812e+06
1784196900000,0.07325,0.07337,0.07323,0.07337,684610
1784197800000,0.07337,0.07343,0.07327,0.07328,859396
1784198700000,0.07327,0.07333,0.0732,0.07332,504851
1784199600000,0.07333,0.07333,0.0731,0.07316,1.43957e+06
1784200500000,0.07317,0.07327,0.07303,0.07313,1.420031e+06
1784201400000,0.07314,0.07326,0.07311,0.07325,905607
1784202300000,0.07326,0.07331,0.07307,0.07327,3.635757e+06
1784203200000,0.07326,0.07326,0.0731,0.07313,1.935021e+06
1784204100000,0.07312,0.07327,0.07302,0.07326,3.437055e+06
1784205000000,0.07327,0.07331,0.07279,0.07283,5.804062e+06
1784205900000,0.07282,0.073,0.07275,0.07288,3.364759e+06
1784206800000,0.07288,0.07306,0.07284,0.07305,2.579899e+06
1784207700000,0.07305,0.07349,0.07305,0.07348,5.454647e+06
1784208600000,0.07349,0.07374,0.07338,0.07338,9.165695e+06
1784209500000,0.07339,0.07362,0.07338,0.07361,2.397704e+06
1784210400000,0.0736,0.07391,0.07358,0.07387,3.096388e+06
1784211300000,0.07386,0.07397,0.07373,0.07384,3.937068e+06
1784212200000,0.07385,0.07389,0.0737,0.07375,1.798143e+06
1784213100000,0.07376,0.07378,0.07334,0.07362,4.682499e+06
1784214000000,0.07362,0.07366,0.07316,0.07323,3.461796e+06
1784214900000,0.07322,0.07397,0.07317,0.07388,4.883266e+06
1784215800000,0.07389,0.07389,0.07363,0.07369,2.046274e+06
1784216700000,0.07369,0.0738,0.07353,0.07361,2.268039e+06
1784217600000,0.07362,0.07364,0.07341,0.07349,1.348514e+06
1784218500000,0.07348,0.07359,0.07339,0.07355,1.924706e+06
1784219400000,0.07355,0.07372,0.07342,0.07343,1.530449e+06
1784220300000,0.07343,0.07353,0.07335,0.07342,3.132202e+06
1784221200000,0.07342,0.07345,0.0731,0.0731,1.367047e+06
1784222100000,0.0731,0.07329,0.07294,0.07323,3.338053e+06
1784223000000,0.07323,0.07349,0.07322,0.07336,1.203941e+06
1784223900000,0.07337,0.07341,0.07303,0.07322,2.704086e+06
1784224800000,0.07323,0.0735,0.0732,0.07345,1.454629e+06
1784225700000,0.07345,0.07366,0.07341,0.07353,2.321401e+06
1784226600000,0.07352,0.07352,0.07321,0.07332,946984
1784227500000,0.07332,0.07353,0.07332,0.07343,993625
1784228400000,0.07342,0.07351,0.07334,0.07336,2.23943e+06
1784229300000,0.07337,0.07345,0.07325,0.0734,566478
1784230200000,0.07339,0.07345,0.07327,0.07328,5.75073e+06
1784231100000,0.07327,0.07327,0.07309,0.07318,4.491706e+06
1784232000000,0.07317,0.07319,0.0731,0.07312,1.044782e+06
1784232900000,0.07313,0.07323,0.07305,0.07312,705222
1784233800000,0.07313,0.07322,0.07307,0.07319,710805
1784234700000,0.0732,0.0732,0.07305,0.07307,731090
1784235600000,0.07307,0.07322,0.07293,0.07308,1.9153e+06
1784236500000,0.07307,0.07316,0.07305,0.07312,773836
1784237400000,0.07311,0.07328,0.07307,0.07323,1.970195e+06
1784238300000,0.07323,0.07324,0.07309,0.07311,2.090129e+06
1784239200000,0.07312,0.07334,0.07312,0.07325,919939
1784240100000,0.07325,0.07325,0.07289,0.07292,1.283188e+06
1784241000000,0.07292,0.07309,0.07276,0.07286,2.08521e+06
1784241900000,0.07286,0.07293,0.07261,0.07273,3.784104e+06
1784242800000,0.07274,0.07278,0.07243,0.07257,3.993395e+06
1784243700000,0.07256,0.07257,0.07212,0.07227,7.216624e+06
1784244600000,0.07227,0.07237,0.07219,0.07233,2.75253e+06
1784245500000,0.07232,0.07246,0.07227,0.07236,2.580851e+06
1784246400000,0.07236,0.07239,0.07224,0.07229,2.296394e+06
1784247300000,0.0723,0.07248,0.0723,0.07234,2.805553e+06
1784248200000,0.07233,0.07248,0.07209,0.07248,3.482755e+06
1784249100000,0.07248,0.07277,0.07248,0.07275,1.847432e+06
1784250000000,0.07275,0.07287,0.07269,0.0728,1.193866e+06
1784250900000,0.07281,0.07286,0.0725,0.07268,1.827848e+06
1784251800000,0.07269,0.07269,0.0723,0.07231,975645
1784252700000,0.07231,0.07232,0.07206,0.07218,3.848331e+06
1784253600000,0.07217,0.07229,0.07185,0.07218,8.640775e+06
1784254500000,0.07218,0.07223,0.07199,0.07202,2.833383e+06
1784255400000,0.07202,0.07206,0.07188,0.07198,3.186125e+06
1784256300000,0.07199,0.07211,0.07191,0.07209,2.889063e+06
1784257200000,0.0721,0.07243,0.07208,0.07238,2.887131e+06
1784258100000,0.07238,0.07265,0.07235,0.07259,2.804498e+06
1784259000000,0.07259,0.0726,0.07245,0.07252,1.364118e+06
1784259900000,0.07251,0.07252,0.07236,0.07244,880692
1784260800000,0.07244,0.07244,0.07224,0.07226,4.710224e+06
1784261700000,0.07227,0.07231,0.072,0.07215,2.198896e+06
1784262600000,0.07215,0.07234,0.07206,0.07231,1.382133e+06
1784263500000,0.0723,0.07246,0.07226,0.07229,2.611346e+06
1784264400000,0.07228,0.07229,0.07209,0.07227,1.139155e+06
1784265300000,0.07228,0.07229,0.07194,0.07198,2.496654e+06
1784266200000,0.07198,0.07202,0.07178,0.07183,5.389231e+06
1784267100000,0.07183,0.07183,0.07142,0.07153,1.6210581e+07
1784268000000,0.07152,0.0718,0.0714,0.07161,6.357817e+06
1784268900000,0.07161,0.07191,0.07152,0.07189,5.562878e+06
1784269800000,0.07188,0.07199,0.07185,0.07189,4.760664e+06
1784270700000,0.07189,0.07189,0.07173,0.07183,1.387142e+06
1784271600000,0.07183,0.0719,0.07175,0.07176,2.338233e+06
1784272500000,0.07177,0.07178,0.07162,0.07172,2.841484e+06
1784273400000,0.07173,0.07181,0.07159,0.07173,3.070899e+06
1784274300000,0.07173,0.07186,0.07166,0.07169,1.323441e+06
1784275200000,0.07169,0.07178,0.07164,0.07172,1.634947e+06
1784276100000,0.07172,0.07172,0.07129,0.07148,5.348973e+06
1784277000000,0.07148,0.07148,0.07117,0.07142,5.754018e+06
1784277900000,0.07142,0.07157,0.07129,0.07147,2.695923e+06
1784278800000,0.07147,0.07161,0.07144,0.0716,1.931694e+06
1784279700000,0.07161,0.07165,0.07151,0.07164,3.116799e+06
1784280600000,0.07164,0.07175,0.07155,0.07172,1.821386e+06
1784281500000,0.07173,0.07175,0.07164,0.07173,907169
1784282400000,0.07174,0.07201,0.0717,0.07199,8.974361e+06
1784283300000,0.072,0.072,0.07181,0.0719,3.761178e+06
1784284200000,0.07189,0.07198,0.07187,0.07195,3.582408e+06
1784285100000,0.07195,0.07207,0.0719,0.07199,3.832851e+06
1784286000000,0.07199,0.07204,0.0719,0.07193,2.954358e+06
1784286900000,0.07193,0.072,0.07188,0.07198,1.988167e+06
1784287800000,0.07198,0.07212,0.07196,0.07211,3.264818e+06
1784288700000,0.07211,0.07212,0.07201,0.07203,4.518454e+06
1784289600000,0.07203,0.07205,0.07191,0.07192,1.925652e+06
1784290500000,0.07193,0.07196,0.07183,0.07193,1.749177e+06
1784291400000,0.07194,0.07195,0.07167,0.07174,3.305543e+06
1784292300000,0.07174,0.0718,0.07169,0.07169,1.274539e+06
1784293200000,0.0717,0.07171,0.07119,0.07138,7.47885e+06
1784294100000,0.07137,0.07156,0.07134,0.07144,3.32446e+06
1784295000000,0.07145,0.07157,0.071,0.07118,1.3930204e+07
1784295900000,0.07117,0.07196,0.07105,0.07191,6.950652e+06
1784296800000,0.07192,0.07229,0.07191,0.07216,8.089344e+06
1784297700000,0.07216,0.07225,0.07187,0.07189,3.246984e+06
1784298600000,0.07189,0.07209,0.07174,0.07196,4.291838e+06
1784299500000,0.07196,0.07201,0.07181,0.07193,1.907298e+06
1784300400000,0.07192,0.07192,0.07154,0.07165,4.453598e+06
1784301300000,0.07164,0.0719,0.07159,0.07189,6.074386e+06
1784302200000,0.07189,0.0721,0.07173,0.07199,8.188729e+06
1784303100000,0.07199,0.07215,0.0719,0.07215,1.690269e+06
1784304000000,0.07214,0.07233,0.07199,0.0722,5.077723e+06
1784304900000,0.07221,0.07237,0.07209,0.07234,6.428831e+06
1784305800000,0.07234,0.07251,0.07227,0.07245,5.242568e+06
1784306700000,0.07246,0.07256,0.07235,0.07235,5.77352e+06
1784307600000,0.07235,0.07298,0.07235,0.07273,9.319627e+06
1784308500000,0.07272,0.07282,0.07263,0.07274,5.254949e+06
1784309400000,0.07273,0.07275,0.07255,0.07259,1.632529e+06
1784310300000,0.07258,0.07271,0.07255,0.07257,1.901723e+06
1784311200000,0.07258,0.07268,0.07253,0.07263,895856
1784312100000,0.07263,0.07264,0.07238,0.07251,3.535532e+06
1784313000000,0.07251,0.07261,0.07251,0.07259,3.457106e+06
1784313900000,0.07259,0.07288,0.07259,0.0728,6.248677e+06
1784314800000,0.07279,0.0728,0.07252,0.07252,3.87959e+06
1784315700000,0.07252,0.07261,0.07241,0.0726,1.772301e+06
1784316600000,0.07261,0.07268,0.07255,0.07265,2.333022e+06
1784317500000,0.07266,0.07271,0.07262,0.07266,1.798154e+06
1784318400000,0.07266,0.07266,0.07245,0.07258,905978
1784319300000,0.07259,0.07259,0.07244,0.07244,1.365607e+06
1784320200000,0.07244,0.07251,0.07233,0.07246,1.890074e+06
1784321100000,0.07247,0.07272,0.07239,0.07269,1.341783e+06
1784322000000,0.07269,0.07293,0.07269,0.07281,2.975442e+06
1784322900000,0.07281,0.07287,0.07279,0.07283,3.178892e+06
1784323800000,0.07284,0.07284,0.07267,0.0727,1.984642e+06
1784324700000,0.07271,0.07274,0.07263,0.07267,734431
1784325600000,0.07268,0.07272,0.07246,0.07249,1.885647e+06
1784326500000,0.07249,0.07256,0.07242,0.07247,431604
1784327400000,0.07248,0.07251,0.07243,0.07246,511229
1784328300000,0.07246,0.07259,0.07246,0.07255,313183
1784329200000,0.07256,0.07257,0.07235,0.07243,1.008266e+06
1784330100000,0.07243,0.07261,0.07243,0.07261,796848
1784331000000,0.0726,0.07262,0.07253,0.07255,2.016769e+06
1784331900000,0.07255,0.07258,0.07251,0.07256,805199
1784332800000,0.07256,0.07264,0.07249,0.07263,1.668985e+06
1784333700000,0.07263,0.07271,0.07261,0.07269,2.263781e+06
1784334600000,0.07269,0.07269,0.07255,0.07259,1.305547e+06
1784335500000,0.0726,0.07265,0.0725,0.0725,514650
1784336400000,0.0725,0.07254,0.07241,0.07254,777178
1784337300000,0.07254,0.07262,0.07251,0.0726,410609
1784338200000,0.07261,0.07261,0.07249,0.07257,619829
1784339100000,0.07257,0.07264,0.07257,0.07258,635003
1784340000000,0.07258,0.07265,0.07251,0.07264,1.540839e+06
1784340900000,0.07264,0.07276,0.07262,0.07271,1.867514e+06
1784341800000,0.07272,0.07279,0.07265,0.07266,3.471129e+06
1784342700000,0.07266,0.07267,0.07257,0.07257,1.186736e+06
1784343600000,0.07257,0.07281,0.07256,0.07268,1.642777e+06
1784344500000,0.07267,0.07268,0.07257,0.07258,1.731269e+06
1784345400000,0.07258,0.07268,0.07257,0.07261,2.531817e+06
1784346300000,0.07261,0.07269,0.07258,0.07268,628684
1784347200000,0.07268,0.0727,0.07259,0.07261,657785
1784348100000,0.07261,0.07261,0.07252,0.07256,946150
1784349000000,0.07257,0.0726,0.0725,0.07251,1.409241e+06
1784349900000,0.07252,0.07254,0.0725,0.0725,253573
1784350800000,0.07251,0.07251,0.0724,0.0724,559538
1784351700000,0.0724,0.07251,0.0724,0.07245,461844
1784352600000,0.07244,0.0725,0.07243,0.07245,443342
1784353500000,0.07244,0.0725,0.07211,0.07223,1.1636763e+07
1784354400000,0.07223,0.07227,0.07215,0.07225,1.893483e+06
1784355300000,0.07225,0.07243,0.07225,0.07237,1.831768e+06
1784356200000,0.07238,0.07241,0.0723,0.07239,592572
1784357100000,0.07239,0.07242,0.07236,0.07237,222132
1784358000000,0.07237,0.07242,0.07228,0.07233,997928
1784358900000,0.07233,0.07238,0.07233,0.07233,292594
1784359800000,0.07233,0.07234,0.07229,0.07234,781667
1784360700000,0.07233,0.07237,0.07229,0.07231,302631
1784361600000,0.07231,0.07232,0.07223,0.07229,1.251411e+06
1784362500000,0.0723,0.07241,0.07228,0.0724,1.4464e+06
1784363400000,0.07241,0.07246,0.07224,0.07225,1.421727e+06
1784364300000,0.07226,0.07231,0.07224,0.07226,833483
1784365200000,0.07226,0.07229,0.07214,0.07218,1.30669e+06
1784366100000,0.07219,0.07219,0.07194,0.07199,5.385773e+06
1784367000000,0.072,0.07208,0.07196,0.07207,495666
1784367900000,0.07207,0.07218,0.07203,0.07217,2.249155e+06
1784368800000,0.07217,0.07222,0.07213,0.07215,1.42782e+06
1784369700000,0.07214,0.07231,0.07214,0.0723,662357
1784370600000,0.0723,0.07232,0.07217,0.07219,1.087232e+06
1784371500000,0.07218,0.07223,0.07218,0.07221,334000
1784372400000,0.07222,0.07225,0.07217,0.07222,849059
1784373300000,0.07222,0.07229,0.07222,0.07226,1.311718e+06
1784374200000,0.07226,0.07227,0.0722,0.07221,551892
1784375100000,0.0722,0.0723,0.07217,0.07225,1.442183e+06
1784376000000,0.07225,0.0725,0.07224,0.07233,2.097661e+06
1784376900000,0.07232,0.07233,0.07204,0.07209,1.617216e+06
1784377800000,0.07209,0.07234,0.07206,0.07234,1.214714e+06
1784378700000,0.07234,0.07243,0.07233,0.07235,1.001306e+06
1784379600000,0.07234,0.07234,0.07208,0.07209,2.03941e+06
1784380500000,0.07208,0.07214,0.07195,0.07212,2.455932e+06
1784381400000,0.07212,0.07221,0.07209,0.07215,696623
1784382300000,0.07216,0.07218,0.0721,0.07212,2.441915e+06
1784383200000,0.07212,0.07227,0.07207,0.07225,1.292526e+06
1784384100000,0.07224,0.07232,0.0722,0.07232,725113
1784385000000,0.07232,0.07235,0.07222,0.0723,1.956854e+06
1784385900000,0.07231,0.07234,0.07224,0.07227,1.173165e+06
1784386800000,0.07228,0.07231,0.07222,0.07229,4.219617e+06
1784387700000,0.07228,0.07235,0.0722,0.0722,2.105569e+06
1784388600000,0.07221,0.07224,0.07215,0.07218,2.838799e+06
1784389500000,0.07219,0.0723,0.07214,0.07219,2.390869e+06
1784390400000,0.07219,0.0722,0.0721,0.0722,559658
1784391300000,0.07219,0.07222,0.07209,0.07214,619364
1784392200000,0.07214,0.07223,0.07213,0.07217,922149
1784393100000,0.07218,0.07237,0.07217,0.07232,4.712684e+06
1784394000000,0.07232,0.07233,0.07222,0.07226,843543
1784394900000,0.07225,0.07239,0.07217,0.07219,1.086876e+06
1784395800000,0.0722,0.07241,0.07219,0.07238,1.123038e+06
1784396700000,0.07237,0.07248,0.07236,0.0724,1.277357e+06
1784397600000,0.0724,0.0724,0.07231,0.07232,1.096607e+06
1784398500000,0.07232,0.07266,0.07228,0.07246,2.983662e+06
1784399400000,0.07247,0.0725,0.07231,0.07232,465657
1784400300000,0.07232,0.0724,0.07229,0.07234,722793
1784401200000,0.07235,0.0724,0.07231,0.07239,865333
1784402100000,0.0724,0.07246,0.07232,0.07234,710973
1784403000000,0.07233,0.0724,0.0723,0.07235,715209
1784403900000,0.07236,0.07243,0.07235,0.0724,474719
1784404800000,0.0724,0.07244,0.0723,0.07243,2.559892e+06
1784405700000,0.07244,0.07257,0.07242,0.07244,876304
1784406600000,0.07243,0.07244,0.07233,0.07239,435989
1784407500000,0.0724,0.07245,0.07236,0.07241,432845
1784408400000,0.07241,0.07252,0.07237,0.07252,664037
1784409300000,0.07253,0.07258,0.07241,0.07242,1.218376e+06
1784410200000,0.07242,0.07243,0.07232,0.07232,507661
1784411100000,0.07232,0.07246,0.07227,0.07237,1.368028e+06
1784412000000,0.07238,0.07256,0.07234,0.07246,1.865607e+06
1784412900000,0.07245,0.07252,0.07239,0.07239,616941
1784413800000,0.07239,0.07254,0.07237,0.0725,1.782374e+06
1784414700000,0.0725,0.07252,0.07242,0.07249,941509
1784415600000,0.07248,0.07254,0.0724,0.07241,524814
1784416500000,0.07241,0.07257,0.07241,0.07254,1.396945e+06
1784417400000,0.07255,0.07255,0.07248,0.07252,782724
1784418300000,0.07253,0.07256,0.07249,0.07253,1.944819e+06
1784419200000,0.07254,0.07259,0.07251,0.07253,338204
1784420100000,0.07252,0.07253,0.07241,0.07244,1.061703e+06
1784421000000,0.07244,0.07249,0.07243,0.07247,471528
1784421900000,0.07248,0.07258,0.07248,0.07255,1.318777e+06
1784422800000,0.07255,0.07256,0.07247,0.07251,258625
1784423700000,0.07251,0.07258,0.0725,0.07252,375384
1784424600000,0.07251,0.07251,0.07244,0.07246,788814
1784425500000,0.07246,0.07251,0.07241,0.07243,279332
1784426400000,0.07243,0.07285,0.0724,0.0727,6.682042e+06
1784427300000,0.07269,0.07276,0.07255,0.07258,1.338892e+06
1784428200000,0.07259,0.07284,0.07259,0.07268,2.043515e+06
1784429100000,0.07269,0.0727,0.07262,0.07265,812274
1784430000000,0.07265,0.07268,0.07252,0.07253,518746
1784430900000,0.07253,0.07253,0.07235,0.07239,1.716298e+06
1784431800000,0.07238,0.07251,0.07236,0.07245,2.784961e+06
1784432700000,0.07246,0.0725,0.07241,0.07243,324805
1784433600000,0.07244,0.07244,0.07227,0.0723,844689
1784434500000,0.07229,0.07237,0.07229,0.07235,323145
1784435400000,0.07235,0.0725,0.07233,0.07243,611530
1784436300000,0.07243,0.07247,0.07235,0.07236,323956
1784437200000,0.07236,0.0725,0.07236,0.07249,406290
1784438100000,0.07249,0.07251,0.0724,0.0724,1.005732e+06
1784439000000,0.0724,0.07242,0.07231,0.07235,1.851695e+06
1784439900000,0.07235,0.07245,0.07235,0.07235,560120
1784440800000,0.07236,0.07242,0.07232,0.07241,1.019586e+06
1784441700000,0.07241,0.07249,0.07239,0.07245,555092
1784442600000,0.07246,0.07253,0.07243,0.07249,1.095312e+06
1784443500000,0.0725,0.0725,0.07243,0.0725,390536
1784444400000,0.0725,0.0725,0.07242,0.07242,976268
1784445300000,0.07242,0.07254,0.07241,0.07254,841768
1784446200000,0.07254,0.07265,0.07251,0.07258,838343
1784447100000,0.07257,0.07259,0.07243,0.07248,1.502775e+06
1784448000000,0.07248,0.07267,0.07241,0.07263,1.531279e+06
1784448900000,0.07263,0.07263,0.0725,0.07257,1.138849e+06
1784449800000,0.07257,0.07266,0.07254,0.07263,1.638032e+06
1784450700000,0.07264,0.07273,0.07263,0.07267,870462
1784451600000,0.07267,0.07278,0.07266,0.07267,1.673241e+06
1784452500000,0.07266,0.07266,0.0725,0.07257,518053
1784453400000,0.07257,0.0726,0.07238,0.07244,1.013787e+06
1784454300000,0.07243,0.07253,0.0724,0.0725,1.891916e+06
1784455200000,0.0725,0.07254,0.07236,0.07251,1.094328e+06
1784456100000,0.07252,0.07266,0.07252,0.07263,1.855565e+06
1784457000000,0.07263,0.07265,0.07252,0.07256,2.724362e+06
1784457900000,0.07256,0.0728,0.07256,0.07263,3.730959e+06
1784458800000,0.07263,0.07269,0.07253,0.0726,1.443577e+06
1784459700000,0.0726,0.07276,0.0726,0.07268,1.005876e+06
1784460600000,0.07268,0.07272,0.07258,0.07263,2.642299e+06
1784461500000,0.07263,0.07265,0.07248,0.07254,1.399993e+06
1784462400000,0.07254,0.07254,0.07232,0.07232,2.491347e+06
1784463300000,0.07232,0.07263,0.07232,0.07242,3.732411e+06
1784464200000,0.07243,0.07256,0.07242,0.07245,833032
1784465100000,0.07245,0.0725,0.07238,0.07246,680599
1784466000000,0.07246,0.07248,0.07229,0.07234,2.473783e+06
1784466900000,0.07234,0.07237,0.07222,0.07235,928017
1784467800000,0.07235,0.07246,0.07231,0.07244,5.999157e+06
1784468700000,0.07243,0.07255,0.07238,0.07244,716862
1784469600000,0.07244,0.07257,0.07239,0.07253,1.683462e+06
1784470500000,0.07254,0.07255,0.07235,0.07244,2.438009e+06
1784471400000,0.07245,0.07263,0.07244,0.07259,1.133178e+06
1784472300000,0.0726,0.0728,0.07259,0.07262,3.667333e+06
1784473200000,0.07262,0.07265,0.07253,0.07256,1.143161e+06
1784474100000,0.07256,0.07257,0.07239,0.0724,1.923961e+06
1784475000000,0.07241,0.07252,0.07239,0.07248,1.171704e+06
1784475900000,0.07247,0.0725,0.07243,0.07247,744666
1784476800000,0.07247,0.07255,0.07234,0.07238,1.239284e+06
1784477700000,0.07238,0.07252,0.07236,0.07243,1.10416e+06
1784478600000,0.07242,0.07242,0.07231,0.07239,4.591503e+06
1784479500000,0.0724,0.07244,0.07231,0.07231,974639
1784480400000,0.07231,0.07242,0.07194,0.07241,6.901514e+06
1784481300000,0.07241,0.07246,0.07228,0.07234,1.80307e+06
1784482200000,0.07234,0.07246,0.07232,0.07233,1.009321e+06
1784483100000,0.07233,0.07234,0.07225,0.07225,447839
1784484000000,0.07225,0.07225,0.07169,0.0721,1.2591487e+07
1784484900000,0.07209,0.0721,0.07193,0.07194,1.900548e+06
1784485800000,0.07193,0.07212,0.07184,0.07197,954231
1784486700000,0.07198,0.07207,0.07193,0.07207,1.169775e+06
1784487600000,0.07208,0.07217,0.07197,0.07213,1.193299e+06
1784488500000,0.07213,0.07221,0.07213,0.0722,1.45558e+06
1784489400000,0.07219,0.07226,0.07216,0.07222,339459
1784490300000,0.07221,0.0723,0.07215,0.07229,1.551208e+06
1784491200000,0.0723,0.07241,0.07228,0.07233,673043
1784492100000,0.07232,0.07234,0.07227,0.07232,599096
1784493000000,0.07233,0.07239,0.07232,0.07233,439410
1784493900000,0.07233,0.07245,0.07232,0.07243,1.392834e+06
1784494800000,0.07243,0.07246,0.07222,0.07229,1.4192e+06
1784495700000,0.0723,0.0723,0.07219,0.07223,630025
1784496600000,0.07224,0.07224,0.072,0.07203,1.677162e+06
1784497500000,0.07203,0.07205,0.0719,0.07201,3.657674e+06
1784498400000,0.07201,0.07239,0.07192,0.07231,3.649045e+06
1784499300000,0.07232,0.07262,0.07232,0.07239,2.327165e+06
1784500200000,0.07239,0.0725,0.07231,0.07248,1.520077e+06
1784501100000,0.07247,0.07247,0.0723,0.0723,683126
1784502000000,0.07231,0.07232,0.07205,0.07223,3.100235e+06
1784502900000,0.07223,0.07234,0.07214,0.07225,2.973591e+06
1784503800000,0.07226,0.07246,0.07225,0.07237,3.803039e+06
1784504700000,0.07238,0.07245,0.07223,0.07243,1.106359e+06
1784505600000,0.07243,0.07298,0.07223,0.07292,6.461941e+06
1784506500000,0.07291,0.0731,0.07264,0.07281,5.100528e+06
1784507400000,0.07282,0.07292,0.07269,0.07275,2.28792e+06
1784508300000,0.07275,0.07277,0.07225,0.07248,2.916522e+06
1784509200000,0.07248,0.07314,0.07243,0.07282,2.620567e+06
1784510100000,0.07282,0.073,0.07259,0.07284,2.393339e+06
1784511000000,0.07283,0.07284,0.07252,0.07261,1.124454e+06
1784511900000,0.0726,0.07261,0.07223,0.07232,1.869492e+06
1784512800000,0.07231,0.07274,0.07231,0.07258,1.580339e+06
1784513700000,0.07258,0.07261,0.07231,0.07241,1.178533e+06
1784514600000,0.0724,0.07269,0.07238,0.07258,1.187796e+06
1784515500000,0.07258,0.07285,0.07258,0.0727,2.754601e+06
1784516400000,0.0727,0.07296,0.0727,0.07284,1.597236e+06
1784517300000,0.07284,0.07294,0.07256,0.07262,2.49407e+06
1784518200000,0.07261,0.07278,0.07257,0.07278,862372
1784519100000,0.07279,0.07279,0.07263,0.07273,1.263546e+06
1784520000000,0.07274,0.07276,0.07248,0.07251,1.525344e+06
1784520900000,0.07251,0.07253,0.07232,0.07251,2.663242e+06
1784521800000,0.0725,0.0727,0.07244,0.07261,1.176334e+06
1784522700000,0.07261,0.07266,0.07233,0.07234,1.094949e+06
1784523600000,0.07234,0.07236,0.07148,0.0719,1.2762996e+07
1784524500000,0.07189,0.07206,0.07176,0.07189,5.910969e+06
1784525400000,0.07189,0.07199,0.07179,0.07186,1.721855e+06
1784526300000,0.07186,0.07186,0.07168,0.07172,2.242254e+06
1784527200000,0.07172,0.0718,0.07164,0.07171,3.263312e+06
1784528100000,0.07171,0.07181,0.07166,0.07177,1.849464e+06
1784529000000,0.07176,0.07178,0.07109,0.07142,1.9141757e+07
1784529900000,0.07141,0.07144,0.07125,0.07135,3.148448e+06
1784530800000,0.07136,0.07154,0.07136,0.0715,2.059123e+06
1784531700000,0.07151,0.07175,0.07133,0.07175,6.336346e+06
1784532600000,0.07174,0.07181,0.07167,0.0718,4.223314e+06
1784533500000,0.0718,0.07188,0.07172,0.07186,1.860738e+06
1784534400000,0.07186,0.072,0.07173,0.07187,3.386618e+06
1784535300000,0.07187,0.07192,0.07177,0.07181,2.091582e+06
1784536200000,0.0718,0.07186,0.07156,0.07159,9.256237e+06
1784537100000,0.0716,0.07187,0.07158,0.0718,1.829116e+06
1784538000000,0.07181,0.07192,0.07173,0.0719,1.570156e+06
1784538900000,0.0719,0.07202,0.07187,0.07198,1.170446e+06
1784539800000,0.07198,0.07206,0.07193,0.07201,1.661346e+06
1784540700000,0.07201,0.07216,0.072,0.07203,2.35581e+06
1784541600000,0.07204,0.07209,0.07199,0.07207,1.473163e+06
1784542500000,0.07207,0.07233,0.07204,0.07228,3.767733e+06
1784543400000,0.07227,0.07231,0.07217,0.07228,1.528133e+06
1784544300000,0.07227,0.07228,0.07216,0.07218,3.251832e+06
1784545200000,0.07218,0.07239,0.07215,0.07232,3.107152e+06
1784546100000,0.07233,0.07236,0.07222,0.07229,5.923746e+06
1784547000000,0.07229,0.0729,0.07227,0.07273,1.7672631e+07
1784547900000,0.07273,0.07297,0.07273,0.0729,1.0367954e+07
1784548800000,0.0729,0.07291,0.07263,0.07269,1.0285502e+07
1784549700000,0.07269,0.07274,0.07259,0.07269,2.442251e+06
1784550600000,0.07269,0.07272,0.07252,0.07256,1.602706e+06
1784551500000,0.07256,0.07269,0.0725,0.07255,2.423973e+06
1784552400000,0.07256,0.07261,0.07249,0.07254,1.76222e+06
1784553300000,0.07253,0.07259,0.07237,0.07247,4.097372e+06
1784554200000,0.07248,0.07276,0.07239,0.07261,5.942616e+06
1784555100000,0.07261,0.07265,0.07196,0.07207,1.8021286e+07
1784556000000,0.07206,0.07225,0.0719,0.07209,6.691121e+06
1784556900000,0.07209,0.07237,0.0718,0.07237,8.034053e+06
1784557800000,0.07237,0.07242,0.07225,0.07239,1.180513e+06
1784558700000,0.07238,0.07257,0.07229,0.07238,2.058996e+06
1784559600000,0.07239,0.07296,0.07235,0.07293,1.2530885e+07
1784560500000,0.07293,0.07303,0.07287,0.07302,5.138972e+06
1784561400000,0.07302,0.07326,0.07282,0.0731,1.109575e+07
1784562300000,0.07311,0.0735,0.0731,0.07336,1.6183112e+07
1784563200000,0.07337,0.07359,0.07326,0.07357,9.293277e+06
1784564100000,0.07357,0.07359,0.07307,0.07316,1.5203053e+07
1784565000000,0.07317,0.07328,0.07298,0.07309,1.2060765e+07
1784565900000,0.07309,0.07329,0.07309,0.07326,3.161002e+06
1784566800000,0.07326,0.07331,0.07313,0.07314,4.647557e+06
1784567700000,0.07313,0.07315,0.07287,0.07294,7.144524e+06
1784568600000,0.07294,0.07296,0.07284,0.07289,1.689989e+06
1784569500000,0.07289,0.07325,0.07288,0.07312,8.09459e+06
1784570400000,0.07313,0.0733,0.07294,0.07316,1.0046516e+07
1784571300000,0.07315,0.07324,0.07266,0.07269,1.2271148e+07
1784572200000,0.0727,0.07273,0.07249,0.0725,6.806647e+06
1784573100000,0.0725,0.07254,0.07237,0.07244,1.0703889e+07
1784574000000,0.07244,0.07248,0.07216,0.07216,1.8009891e+07
1784574900000,0.07216,0.07229,0.07209,0.0722,2.2890891e+07
1784575800000,0.07219,0.07219,0.07151,0.0721,3.2845855e+07
1784576700000,0.0721,0.07217,0.07198,0.07215,6.381192e+06
1784577600000,0.07215,0.07219,0.07197,0.07216,1.0546772e+07
1784578500000,0.07216,0.07225,0.07209,0.07217,7.190677e+06
1784579400000,0.07216,0.07238,0.0721,0.07212,1.2706523e+07
1784580300000,0.07212,0.07219,0.07203,0.07219,7.353147e+06
1784581200000,0.07219,0.0723,0.0721,0.07215,4.312298e+06
1784582100000,0.07215,0.07232,0.07213,0.07223,1.711851e+06
1784583000000,0.07223,0.07238,0.07223,0.07228,2.999818e+06
1784583900000,0.07227,0.07232,0.0721,0.0721,1.806698e+06
1784584800000,0.07211,0.07211,0.07188,0.07202,4.400977e+06
1784585700000,0.07201,0.07201,0.07183,0.07191,2.167125e+06
1784586600000,0.07191,0.07195,0.07169,0.07178,5.924916e+06
1784587500000,0.07179,0.07184,0.07174,0.07181,2.289194e+06
1784588400000,0.07181,0.07197,0.07176,0.07195,2.48751e+06
1784589300000,0.07195,0.07214,0.07195,0.07213,2.273199e+06
1784590200000,0.07213,0.07222,0.0721,0.07218,949001
1784591100000,0.07219,0.07224,0.07209,0.07219,1.584794e+06
1784592000000,0.07218,0.07218,0.07193,0.07194,4.880975e+06
1784592900000,0.07194,0.07228,0.07191,0.07215,2.325479e+06
1784593800000,0.07216,0.07242,0.07214,0.07234,4.233841e+06
1784594700000,0.07233,0.07241,0.07224,0.0723,2.017881e+06
1784595600000,0.0723,0.07246,0.07226,0.07241,1.785724e+06
1784596500000,0.07241,0.07241,0.07222,0.0723,3.758918e+06
1784597400000,0.07229,0.0724,0.07219,0.07228,2.210323e+06
1784598300000,0.07227,0.07232,0.07223,0.07225,480951
1784599200000,0.07225,0.07245,0.07225,0.07234,2.148413e+06
1784600100000,0.07234,0.07234,0.07214,0.07219,1.461803e+06
1784601000000,0.07218,0.07246,0.07218,0.07244,2.504627e+06
1784601900000,0.07244,0.07263,0.07237,0.07252,3.174817e+06
1784602800000,0.07252,0.07278,0.07251,0.07265,4.736453e+06
1784603700000,0.07266,0.0727,0.07257,0.07269,3.181113e+06
1784604600000,0.07269,0.07272,0.07258,0.0727,2.560841e+06
1784605500000,0.07269,0.07286,0.07266,0.07279,2.352626e+06
1784606400000,0.07278,0.07289,0.07267,0.0727,5.710928e+06
1784607300000,0.0727,0.07272,0.07253,0.07257,2.763606e+06
1784608200000,0.07258,0.07272,0.07256,0.07269,2.261646e+06
1784609100000,0.07268,0.07276,0.07263,0.07271,2.833535e+06
1784610000000,0.07271,0.07292,0.0727,0.07285,1.696769e+06
1784610900000,0.07285,0.07293,0.07274,0.07283,2.839812e+06
1784611800000,0.07284,0.07288,0.07273,0.07284,2.695607e+06
1784612700000,0.07284,0.07314,0.07281,0.07297,7.71379e+06
1784613600000,0.07298,0.07315,0.07282,0.07294,5.358086e+06
1784614500000,0.07294,0.07309,0.07287,0.07302,5.250553e+06
1784615400000,0.07302,0.07326,0.073,0.07318,1.1654568e+07
1784616300000,0.07318,0.07323,0.07309,0.07314,4.972557e+06
1784617200000,0.07313,0.07318,0.07305,0.07318,2.735597e+06
1784618100000,0.07318,0.07318,0.07298,0.07304,3.638196e+06
1784619000000,0.07303,0.07329,0.073,0.07313,8.399158e+06
1784619900000,0.07313,0.07336,0.07307,0.07334,1.6334206e+07
1784620800000,0.07335,0.07372,0.07331,0.07371,9.338031e+06
1784621700000,0.07371,0.07384,0.07351,0.07354,1.204377e+07
1784622600000,0.07353,0.07367,0.07351,0.0736,4.976743e+06
1784623500000,0.07359,0.07369,0.07351,0.07356,2.916289e+06
1784624400000,0.07356,0.07356,0.07335,0.07346,5.431052e+06
1784625300000,0.07347,0.07353,0.07347,0.07351,2.333165e+06
1784626200000,0.07351,0.07361,0.07348,0.07353,7.351245e+06
1784627100000,0.07352,0.0736,0.07344,0.07348,3.325665e+06
1784628000000,0.07348,0.07364,0.07343,0.07359,1.426407e+07
1784628900000,0.07358,0.0737,0.07351,0.07367,5.769568e+06
1784629800000,0.07367,0.07376,0.07351,0.07354,8.235155e+06
1784630700000,0.07354,0.07358,0.07327,0.07345,8.352695e+06
1784631600000,0.07344,0.0736,0.07338,0.07351,8.434537e+06
1784632500000,0.07351,0.07362,0.07346,0.07362,5.650253e+06
1784633400000,0.07361,0.07371,0.0736,0.07369,6.140719e+06
1784634300000,0.07369,0.07375,0.07363,0.07366,8.808405e+06
1784635200000,0.07366,0.07373,0.07361,0.07363,8.228991e+06
1784636100000,0.07364,0.07369,0.07338,0.07345,9.174596e+06
1784637000000,0.07346,0.07365,0.07342,0.07352,6.194973e+06
1784637900000,0.07353,0.07356,0.07346,0.07353,2.318917e+06
1784638800000,0.07354,0.07361,0.07342,0.0735,4.142515e+06
1784639700000,0.0735,0.07353,0.07329,0.07335,4.25543e+06
1784640600000,0.07335,0.07337,0.07312,0.07316,8.634801e+06
1784641500000,0.07317,0.07354,0.07316,0.07349,6.05908e+06
1784642400000,0.0735,0.07362,0.07345,0.07358,6.295875e+06
1784643300000,0.07357,0.07361,0.07318,0.07324,6.439705e+06
1784644200000,0.07324,0.07336,0.07311,0.07336,8.973738e+06
1784645100000,0.07336,0.07342,0.0732,0.07328,4.04634e+06
1784646000000,0.07329,0.07329,0.07309,0.07323,6.068959e+06
1784646900000,0.07323,0.07333,0.07316,0.07317,1.65414e+06
1784647800000,0.07317,0.0733,0.0731,0.0732,4.447031e+06
1784648700000,0.0732,0.07349,0.07317,0.07347,1.378977e+06
1784649600000,0.07347,0.07353,0.0733,0.07343,2.134661e+06
1784650500000,0.07343,0.07345,0.07332,0.07332,808894
1784651400000,0.07332,0.07343,0.07329,0.07333,4.573501e+06
1784652300000,0.07333,0.07342,0.07323,0.07339,2.033229e+06
1784653200000,0.0734,0.07342,0.0733,0.07333,1.823823e+06
1784654100000,0.07333,0.07334,0.0732,0.07325,4.217923e+06
1784655000000,0.07324,0.0734,0.07324,0.0734,3.428068e+06
1784655900000,0.07341,0.07344,0.07294,0.07327,1.5671377e+07
1784656800000,0.07328,0.07349,0.07321,0.07342,3.956348e+06
1784657700000,0.07341,0.0735,0.07331,0.0734,2.331366e+06
1784658600000,0.0734,0.07348,0.07326,0.07347,1.961505e+06
1784659500000,0.07346,0.0735,0.07339,0.07347,1.828961e+06
1784660400000,0.07347,0.0735,0.07337,0.0734,2.31217e+06
1784661300000,0.0734,0.07359,0.07338,0.07357,1.364399e+06
1784662200000,0.07357,0.07366,0.07351,0.07353,1.978593e+06
1784663100000,0.07353,0.07358,0.07346,0.07354,3.811985e+06
1784664000000,0.07354,0.07359,0.07348,0.07349,2.121123e+06
1784664900000,0.07349,0.07349,0.0734,0.07346,221055
1784665800000,0.07346,0.07364,0.07346,0.07359,1.878875e+06
1784666700000,0.07358,0.07359,0.0735,0.07353,514773
1784667600000,0.07353,0.07357,0.07345,0.07354,1.355222e+06
1784668500000,0.07355,0.07356,0.07343,0.07347,943670
1784669400000,0.07346,0.07347,0.07332,0.07337,2.286747e+06
1784670300000,0.07337,0.07344,0.07333,0.07339,3.49793e+06
1784671200000,0.07339,0.07339,0.07322,0.07324,4.716212e+06
1784672100000,0.07324,0.07331,0.07319,0.07325,1.363873e+06
1784673000000,0.07325,0.07326,0.07319,0.07319,599875
1784673900000,0.07319,0.07319,0.07305,0.07313,2.442578e+06
1784674800000,0.07313,0.07313,0.07299,0.07302,1.479174e+06
1784675700000,0.07302,0.07315,0.07302,0.0731,1.589081e+06
1784676600000,0.0731,0.07328,0.07306,0.07324,937556
1784677500000,0.07324,0.0734,0.07324,0.07339,3.705305e+06
1784678400000,0.07339,0.07367,0.0733,0.07367,5.281289e+06
1784679300000,0.07367,0.07388,0.07359,0.07375,3.669866e+06
1784680200000,0.07374,0.07385,0.07364,0.07383,1.882802e+06
1784681100000,0.07382,0.0739,0.07366,0.07373,2.90824e+06
1784682000000,0.07374,0.07385,0.07353,0.07353,2.419303e+06
1784682900000,0.07354,0.07357,0.07335,0.07344,1.757324e+06
1784683800000,0.07343,0.07361,0.07341,0.07352,875474
1784684700000,0.07352,0.07376,0.07351,0.07363,2.419931e+06
1784685600000,0.07363,0.07367,0.07349,0.07367,1.892688e+06
1784686500000,0.07366,0.07376,0.07362,0.07364,1.258483e+06
1784687400000,0.07364,0.07364,0.07346,0.07356,1.197948e+06
1784688300000,0.07356,0.07362,0.07342,0.07345,1.837908e+06
1784689200000,0.07344,0.07352,0.07319,0.0732,7.558801e+06
1784690100000,0.07321,0.07345,0.07321,0.07341,4.057415e+06
1784691000000,0.07341,0.07345,0.07326,0.07332,2.185398e+06
1784691900000,0.07333,0.07345,0.0732,0.07325,1.699413e+06
1784692800000,0.07325,0.07342,0.07321,0.07337,1.832784e+06
1784693700000,0.07337,0.07348,0.07337,0.07341,2.190868e+06
1784694600000,0.07341,0.07349,0.07334,0.07349,1.719602e+06
1784695500000,0.07349,0.0735,0.07335,0.07344,972765
1784696400000,0.07345,0.07345,0.07317,0.07323,1.198549e+06
1784697300000,0.07323,0.07325,0.07274,0.07281,1.1262926e+07
1784698200000,0.07281,0.07287,0.07252,0.07257,1.1448205e+07
1784699100000,0.07256,0.07264,0.07244,0.07249,5.371187e+06
1784700000000,0.0725,0.07253,0.07233,0.07247,6.407731e+06
1784700900000,0.07248,0.07248,0.07221,0.07233,7.569899e+06
1784701800000,0.07232,0.07256,0.07227,0.07241,5.62275e+06
1784702700000,0.0724,0.07246,0.07234,0.0724,1.798763e+06
1784703600000,0.0724,0.07242,0.07228,0.0723,5.588819e+06
1784704500000,0.07231,0.07243,0.07225,0.07241,5.205156e+06
1784705400000,0.07242,0.07244,0.07214,0.07226,5.21609e+06
1784706300000,0.07226,0.07227,0.07209,0.07223,7.407133e+06
1784707200000,0.07223,0.07249,0.0722,0.07242,3.755719e+06
1784708100000,0.07242,0.07254,0.07239,0.07244,2.378584e+06
1784709000000,0.07244,0.07255,0.0724,0.0724,1.855974e+06
1784709900000,0.07241,0.07253,0.07241,0.0725,1.425377e+06
1784710800000,0.07249,0.07265,0.07248,0.07253,3.155336e+06
1784711700000,0.07254,0.07259,0.07248,0.07252,2.016157e+06
1784712600000,0.07252,0.07253,0.07239,0.07242,2.839335e+06
1784713500000,0.07243,0.07254,0.07237,0.07252,2.784741e+06
1784714400000,0.07252,0.07255,0.07245,0.07247,1.224179e+06
1784715300000,0.07248,0.07267,0.07246,0.07264,4.334955e+06
1784716200000,0.07263,0.07273,0.07259,0.07268,4.621325e+06
1784717100000,0.07269,0.0728,0.07268,0.07274,2.860843e+06
1784718000000,0.07274,0.07282,0.0727,0.07274,2.751672e+06
1784718900000,0.07275,0.07286,0.07267,0.0728,9.669989e+06
1784719800000,0.0728,0.07281,0.07252,0.07257,1.1725962e+07
1784720700000,0.07257,0.07268,0.07255,0.07265,4.080275e+06
1784721600000,0.07264,0.07264,0.07241,0.07248,2.268568e+06
1784722500000,0.07249,0.07253,0.07235,0.07243,1.837512e+06
1784723400000,0.07243,0.07248,0.07236,0.07245,4.653639e+06
1784724300000,0.07245,0.07249,0.07215,0.07242,1.1058907e+07
1784725200000,0.07243,0.0725,0.07236,0.0725,6.49636e+06
1784726100000,0.0725,0.0725,0.07234,0.07238,4.019024e+06
1784727000000,0.07239,0.07278,0.07234,0.07275,9.561716e+06
1784727900000,0.07275,0.07294,0.07275,0.07286,7.701089e+06
1784728800000,0.07286,0.07334,0.07284,0.07292,9.519894e+06
1784729700000,0.07291,0.07291,0.07248,0.07251,6.946373e+06
1784730600000,0.07252,0.07286,0.07248,0.07274,3.987942e+06
1784731500000,0.07273,0.07285,0.07266,0.07285,2.224191e+06
1784732400000,0.07285,0.07309,0.07285,0.07308,6.687104e+06
1784733300000,0.07307,0.07332,0.07304,0.07317,1.0163053e+07
1784734200000,0.07318,0.07326,0.07302,0.07314,6.185042e+06
1784735100000,0.07314,0.07323,0.07302,0.07309,3.83759e+06
1784736000000,0.07309,0.0732,0.07295,0.07316,3.919914e+06
1784736900000,0.07316,0.07316,0.0729,0.07305,3.719506e+06
1784737800000,0.07304,0.07353,0.07303,0.07336,1.3864263e+07
1784738700000,0.07336,0.07341,0.07325,0.07339,1.3269653e+07
1784739600000,0.07338,0.07356,0.07329,0.0734,2.227203e+07
1784740500000,0.07339,0.07339,0.07304,0.07313,7.205582e+06
1784741400000,0.07313,0.07337,0.07311,0.07336,2.389201e+06
1784742300000,0.07337,0.07342,0.07317,0.07318,3.227343e+06
1784743200000,0.07319,0.07321,0.07304,0.07313,4.737042e+06
1784744100000,0.07312,0.07325,0.073,0.07302,4.189125e+06
1784745000000,0.07302,0.07302,0.07264,0.07272,9.961051e+06
1784745900000,0.07272,0.07285,0.07269,0.07279,4.291524e+06
1784746800000,0.07279,0.07283,0.07227,0.07236,5.5388e+06
1784747700000,0.07237,0.0726,0.07234,0.07252,3.056891e+06
1784748600000,0.07252,0.07257,0.07247,0.07248,1.457643e+06
1784749500000,0.07249,0.07259,0.07246,0.07251,2.540202e+06
1784750400000,0.07251,0.07268,0.0724,0.07268,7.25326e+06
1784751300000,0.07268,0.07279,0.07263,0.07274,1.741342e+06
1784752200000,0.07273,0.07281,0.07264,0.07267,1.082141e+06
1784753100000,0.07266,0.07269,0.07259,0.07263,1.586563e+06
1784754000000,0.07264,0.07272,0.07252,0.07261,2.522302e+06
1784754900000,0.07261,0.07273,0.07254,0.07269,1.949169e+06
1784755800000,0.07268,0.07301,0.07267,0.07301,3.552114e+06
1784756700000,0.073,0.07312,0.07291,0.07302,2.448957e+06
1784757600000,0.07302,0.07305,0.07287,0.07296,2.939941e+06
1784758500000,0.07296,0.07299,0.07287,0.07298,2.366428e+06
1784759400000,0.07298,0.07298,0.0728,0.07284,3.089049e+06
1784760300000,0.07283,0.07309,0.07282,0.07303,2.393304e+06
1784761200000,0.07304,0.07304,0.07253,0.07255,4.894729e+06
1784762100000,0.07256,0.07278,0.07251,0.07274,1.934878e+06
1784763000000,0.07274,0.07284,0.07273,0.07284,872153
1784763900000,0.07284,0.07305,0.07283,0.07299,1.279833e+06
1784764800000,0.073,0.07312,0.07292,0.07305,7.004971e+06
1784765700000,0.07306,0.07324,0.07299,0.07311,3.118045e+06
1784766600000,0.07312,0.07319,0.07306,0.07306,2.891236e+06
1784767500000,0.07307,0.07316,0.07296,0.07298,2.414284e+06
1784768400000,0.07298,0.0731,0.07288,0.07296,2.108351e+06
1784769300000,0.07296,0.07301,0.07283,0.07295,3.350322e+06
1784770200000,0.07295,0.07295,0.07272,0.07281,2.370599e+06
1784771100000,0.0728,0.07287,0.07273,0.0728,3.236696e+06
1784772000000,0.07279,0.07286,0.07268,0.07268,3.562081e+06
1784772900000,0.07267,0.07275,0.07256,0.07264,2.752565e+06
1784773800000,0.07263,0.07277,0.07263,0.07272,1.038331e+06
1784774700000,0.07272,0.07278,0.0727,0.0727,1.517127e+06
1784775600000,0.07271,0.07273,0.07243,0.07251,4.391948e+06
1784776500000,0.0725,0.07259,0.07246,0.07254,2.818472e+06
1784777400000,0.07254,0.07263,0.07254,0.07259,539449
1784778300000,0.07258,0.0726,0.07223,0.07236,6.425653e+06
1784779200000,0.07236,0.0725,0.07231,0.0725,2.817881e+06
1784780100000,0.0725,0.07263,0.07244,0.0726,850218
1784781000000,0.0726,0.07263,0.07247,0.07255,2.388255e+06
1784781900000,0.07255,0.07261,0.07246,0.07257,1.4035747e+07
1784782800000,0.07257,0.07257,0.07245,0.07249,1.596852e+06
1784783700000,0.07249,0.0726,0.0724,0.07259,1.997617e+06
1784784600000,0.0726,0.07269,0.07255,0.07257,869961
1784785500000,0.07257,0.07258,0.07241,0.07247,702147
1784786400000,0.07248,0.07252,0.07239,0.07247,1.562422e+06
1784787300000,0.07247,0.07256,0.0724,0.07256,2.219451e+06
1784788200000,0.07257,0.07259,0.07248,0.07256,1.284547e+06
1784789100000,0.07256,0.07265,0.07256,0.07264,749700
1784790000000,0.07264,0.07264,0.07211,0.07225,6.029108e+06
1784790900000,0.07224,0.07234,0.07221,0.07231,6.316183e+06
1784791800000,0.07231,0.07234,0.0722,0.0722,2.118877e+06
1784792700000,0.07221,0.07227,0.07217,0.07222,1.079517e+06
1784793600000,0.07222,0.07234,0.07215,0.07232,2.498158e+06
1784794500000,0.07233,0.07242,0.07228,0.07241,1.889768e+06
1784795400000,0.07241,0.07248,0.0724,0.07246,1.437962e+06
1784796300000,0.07245,0.07247,0.07239,0.07243,1.101668e+06
1784797200000,0.07242,0.07253,0.07233,0.07249,3.27096e+06
1784798100000,0.07249,0.07253,0.0724,0.07241,1.820113e+06
1784799000000,0.07241,0.07244,0.07236,0.07238,998053
1784799900000,0.07238,0.07239,0.07222,0.07224,1.990707e+06
1784800800000,0.07225,0.07242,0.07221,0.07238,4.984929e+06
1784801700000,0.07238,0.07248,0.07238,0.07247,1.4258769e+07
1784802600000,0.07246,0.0725,0.07241,0.07243,4.508722e+06
1784803500000,0.07244,0.07248,0.07238,0.07238,1.880153e+06
1784804400000,0.07239,0.07247,0.07234,0.07247,5.898441e+06
1784805300000,0.07247,0.07253,0.07243,0.07245,2.498106e+06
1784806200000,0.07246,0.07248,0.07234,0.07234,3.532049e+06
1784807100000,0.07234,0.07249,0.07234,0.07237,1.0077546e+07
1784808000000,0.07238,0.0724,0.07226,0.07235,5.913797e+06
1784808900000,0.07234,0.07243,0.07227,0.07231,5.767593e+06
1784809800000,0.0723,0.07232,0.07142,0.07149,2.6632566e+07
1784810700000,0.07148,0.07149,0.07052,0.07126,6.6359701e+07
1784811600000,0.07126,0.07132,0.07088,0.07092,1.41647e+07
1784812500000,0.07092,0.07101,0.07016,0.07035,5.1671812e+07
1784813400000,0.07034,0.07065,0.06995,0.07064,4.4878799e+07
1784814300000,0.07063,0.07071,0.07028,0.0703,1.9561472e+07
1784815200000,0.07029,0.07055,0.07007,0.07048,2.5035397e+07
1784816100000,0.07048,0.07061,0.07042,0.07061,7.279041e+06
1784817000000,0.0706,0.07068,0.07039,0.0704,8.848014e+06
1784817900000,0.0704,0.07045,0.0701,0.07025,2.1648726e+07
1784818800000,0.07025,0.07026,0.06839,0.06893,1.59953354e+08
1784819700000,0.06893,0.06953,0.06893,0.06929,3.3951418e+07
1784820600000,0.06928,0.06961,0.06924,0.0696,1.3229081e+07
1784821500000,0.06961,0.06985,0.06958,0.06976,2.4119927e+07
1784822400000,0.06977,0.06977,0.06925,0.06954,2.32164e+07
1784823300000,0.06955,0.06975,0.06943,0.06974,9.790996e+06
1784824200000,0.06974,0.06982,0.0696,0.06971,8.131988e+06
1784825100000,0.06971,0.06975,0.06961,0.06965,6.714318e+06
1784826000000,0.06965,0.06971,0.0695,0.06966,6.619799e+06
1784826900000,0.06967,0.06983,0.06962,0.06978,7.038308e+06
1784827800000,0.06978,0.06983,0.06963,0.0697,2.789565e+06
1784828700000,0.0697,0.06975,0.06928,0.06941,1.0493771e+07
1784829600000,0.06941,0.06948,0.06919,0.06938,8.16086e+06
1784830500000,0.06939,0.06947,0.06918,0.06946,3.589915e+06
1784831400000,0.06947,0.0695,0.06912,0.06927,5.057704e+06
1784832300000,0.06927,0.0694,0.06925,0.06932,4.317195e+06
1784833200000,0.06932,0.06941,0.06914,0.0692,3.175968e+06
1784834100000,0.0692,0.06936,0.06914,0.06934,2.961836e+06
1784835000000,0.06935,0.06944,0.06924,0.06927,2.936499e+06
1784835900000,0.06927,0.0693,0.06894,0.06925,1.0760307e+07
1784836800000,0.06925,0.06959,0.06922,0.06958,2.82947e+06
1784837700000,0.06958,0.06968,0.06956,0.06965,4.215104e+06
1784838600000,0.06964,0.06966,0.06955,0.06959,5.251122e+06
1784839500000,0.06959,0.06967,0.06956,0.06967,935840
1784840400000,0.06967,0.06977,0.06947,0.06951,7.210685e+06
1784841300000,0.06952,0.0696,0.06944,0.06952,1.63301e+06
1784842200000,0.06953,0.06959,0.06946,0.06947,2.317039e+06
1784843100000,0.06946,0.06953,0.06943,0.06952,1.131811e+06
1784844000000,0.06953,0.06973,0.06942,0.06951,5.833421e+06
1784844900000,0.06952,0.06966,0.06931,0.06957,6.784776e+06
1784845800000,0.06958,0.06969,0.06958,0.06963,1.523455e+06
1784846700000,0.06964,0.06966,0.06948,0.06955,2.136413e+06
1784847600000,0.06955,0.0696,0.06942,0.06946,3.311609e+06
1784848500000,0.06946,0.06954,0.06938,0.0694,2.632143e+06
1784849400000,0.0694,0.06942,0.06926,0.06932,3.296779e+06
1784850300000,0.06932,0.06939,0.06912,0.0692,5.606238e+06
1784851200000,0.06921,0.06922,0.06881,0.06897,1.3805396e+07
1784852100000,0.06897,0.06921,0.06895,0.06901,4.207453e+06
1784853000000,0.06901,0.06915,0.06875,0.06914,8.787896e+06
1784853900000,0.06913,0.06923,0.06906,0.06922,3.057225e+06
1784854800000,0.06922,0.06936,0.06918,0.06926,2.671465e+06
1784855700000,0.06925,0.06939,0.06918,0.06926,2.995797e+06
1784856600000,0.06926,0.06943,0.06923,0.06938,4.788935e+06
1784857500000,0.06937,0.06943,0.06921,0.06928,4.889223e+06
1784858400000,0.06929,0.06948,0.06922,0.06948,3.612839e+06
1784859300000,0.06948,0.06948,0.06931,0.06936,3.099058e+06
1784860200000,0.06937,0.06937,0.06907,0.06916,1.0875025e+07
1784861100000,0.06915,0.0692,0.06881,0.06917,8.401359e+06
1784862000000,0.06917,0.06935,0.06906,0.0693,3.795634e+06
1784862900000,0.0693,0.06951,0.0693,0.06943,3.179279e+06
1784863800000,0.06942,0.06946,0.06935,0.06943,1.742593e+06
1784864700000,0.06943,0.06947,0.06936,0.06942,1.722561e+06
1784865600000,0.06942,0.06944,0.0691,0.06918,8.144051e+06
1784866500000,0.06918,0.06926,0.06904,0.06925,7.943266e+06
1784867400000,0.06925,0.06927,0.069,0.06909,4.174152e+06
1784868300000,0.06909,0.06912,0.069,0.06907,1.792746e+06
1784869200000,0.06907,0.06913,0.06894,0.06907,7.65204e+06
1784870100000,0.06907,0.06923,0.06904,0.06917,6.20218e+06
1784871000000,0.06917,0.06922,0.06908,0.06922,1.497282e+06
1784871900000,0.06923,0.06927,0.06917,0.06923,3.234571e+06
1784872800000,0.06922,0.06932,0.06918,0.0693,2.942316e+06
1784873700000,0.0693,0.06943,0.06925,0.06933,6.605283e+06
1784874600000,0.06932,0.0694,0.06925,0.06929,1.3721027e+07
1784875500000,0.0693,0.06934,0.06919,0.06934,2.769517e+06
1784876400000,0.06934,0.07016,0.06933,0.0701,4.9198021e+07
1784877300000,0.0701,0.07014,0.06993,0.07001,1.2990923e+07
1784878200000,0.07001,0.07006,0.06971,0.06979,1.2595377e+07
1784879100000,0.0698,0.07007,0.06979,0.07006,4.378545e+06
1784880000000,0.07006,0.07007,0.06991,0.06999,2.149803e+06
1784880900000,0.06998,0.07001,0.06982,0.06991,2.514743e+06
1784881800000,0.06991,0.07004,0.06986,0.07003,6.485763e+06
1784882700000,0.07003,0.07004,0.06991,0.06996,7.002376e+06
1784883600000,0.06996,0.07001,0.06968,0.06968,2.887297e+06
1784884500000,0.06967,0.06985,0.06965,0.06981,2.963736e+06
1784885400000,0.06982,0.07001,0.06977,0.06996,4.417302e+06
1784886300000,0.06995,0.07008,0.06995,0.07005,2.525283e+06
1784887200000,0.07005,0.07009,0.06976,0.06977,2.255864e+06
1784888100000,0.06976,0.06988,0.06969,0.06985,3.314392e+06
1784889000000,0.06985,0.06993,0.06984,0.0699,1.898393e+06
1784889900000,0.06989,0.06999,0.06981,0.06986,2.839641e+06
1784890800000,0.06987,0.06994,0.0696,0.06962,4.314324e+06
1784891700000,0.06962,0.06973,0.06961,0.06964,2.280035e+06
1784892600000,0.06965,0.06965,0.06937,0.06939,5.574144e+06
1784893500000,0.0694,0.06949,0.0692,0.06946,8.515279e+06
1784894400000,0.06947,0.06951,0.06933,0.0695,2.375173e+06
1784895300000,0.06949,0.06966,0.06948,0.0696,3.903523e+06
1784896200000,0.06959,0.0696,0.06935,0.06936,1.80181e+06
1784897100000,0.06936,0.06938,0.06907,0.06913,1.2226773e+07
1784898000000,0.06913,0.06917,0.0682,0.0687,4.2192902e+07
1784898900000,0.0687,0.06904,0.06867,0.06894,1.3505452e+07
1784899800000,0.06893,0.06901,0.06876,0.06896,9.098686e+06
1784900700000,0.06895,0.06899,0.06837,0.06872,1.6105436e+07
1784901600000,0.06873,0.06882,0.06859,0.06862,4.867957e+06
1784902500000,0.06861,0.06868,0.06833,0.06867,8.607584e+06
1784903400000,0.06867,0.06869,0.06837,0.06837,8.512542e+06
1784904300000,0.06837,0.06889,0.06825,0.06889,1.2758176e+07
1784905200000,0.06888,0.06901,0.06856,0.069,1.0946063e+07
1784906100000,0.06901,0.06918,0.0689,0.06915,1.359771e+07
1784907000000,0.06914,0.06942,0.0691,0.06925,8.929852e+06
1784907900000,0.06924,0.0693,0.06914,0.06921,5.775687e+06
1784908800000,0.06921,0.06921,0.06899,0.06903,6.393592e+06
1784909700000,0.06903,0.06912,0.06889,0.0689,6.724927e+06
1784910600000,0.06891,0.06891,0.06872,0.06874,3.085006e+06
1784911500000,0.06873,0.06888,0.06855,0.06878,5.509185e+06
1784912400000,0.06877,0.06894,0.06873,0.06888,7.033983e+06
1784913300000,0.06887,0.06918,0.06886,0.06915,5.559892e+06
1784914200000,0.06914,0.06921,0.06909,0.06912,7.384945e+06
1784915100000,0.06912,0.0692,0.0691,0.06916,994124
1784916000000,0.06916,0.06917,0.06909,0.06915,939899
1784916900000,0.06916,0.06916,0.069,0.06903,2.315931e+06
1784917800000,0.06903,0.06909,0.06896,0.06905,3.002904e+06
1784918700000,0.06905,0.06922,0.06903,0.06917,858875
1784919600000,0.06917,0.0692,0.06906,0.06906,1.762546e+06
1784920500000,0.06907,0.06924,0.06906,0.06923,2.214579e+06
1784921400000,0.06923,0.06931,0.0692,0.06921,5.292336e+06
1784922300000,0.06922,0.06927,0.06915,0.06924,6.687087e+06
1784923200000,0.06925,0.06936,0.0692,0.0693,9.766767e+06
1784924100000,0.0693,0.06936,0.06925,0.0693,1.728945e+06
1784925000000,0.0693,0.06935,0.06922,0.06934,3.009617e+06
1784925900000,0.06934,0.06934,0.06917,0.0692,1.465516e+06
1784926800000,0.06921,0.06926,0.06885,0.0689,6.867366e+06
1784927700000,0.06891,0.06905,0.06889,0.06905,3.969651e+06
1784928600000,0.06905,0.06911,0.06896,0.06905,2.040258e+06
1784929500000,0.06904,0.06909,0.06884,0.06889,2.299018e+06
1784930400000,0.06888,0.06915,0.06881,0.06914,3.079025e+06
1784931300000,0.06915,0.06922,0.06913,0.06922,930130
1784932200000,0.06922,0.06933,0.06922,0.0693,1.293091e+06
1784933100000,0.06929,0.06975,0.06929,0.06954,1.2651342e+07
1784934000000,0.06954,0.06958,0.06938,0.06939,3.583383e+06
1784934900000,0.06939,0.06954,0.06937,0.06953,2.573658e+06
1784935800000,0.06953,0.06962,0.06951,0.06956,2.101107e+06
1784936700000,0.06956,0.06965,0.06954,0.06957,1.769602e+06
1784937600000,0.06957,0.0697,0.06952,0.06963,1.508836e+06
1784938500000,0.06962,0.06974,0.06961,0.06967,2.068197e+06
1784939400000,0.06967,0.06969,0.06946,0.0695,3.463047e+06
1784940300000,0.06949,0.06966,0.06945,0.06965,2.490232e+06
1784941200000,0.06966,0.06974,0.06952,0.06955,2.915809e+06
1784942100000,0.06955,0.06956,0.06945,0.06952,1.629647e+06
1784943000000,0.06951,0.06964,0.06949,0.06959,1.90585e+06
1784943900000,0.06959,0.06962,0.06952,0.06956,1.361895e+06
1784944800000,0.06957,0.0697,0.06955,0.06964,849963
1784945700000,0.06964,0.06972,0.06956,0.06971,1.127464e+06
1784946600000,0.0697,0.06971,0.0696,0.06968,960499
1784947500000,0.06967,0.06967,0.06956,0.06967,1.016163e+06
1784948400000,0.06967,0.06974,0.06965,0.06965,4.067719e+06
1784949300000,0.06966,0.06977,0.06965,0.06967,1.851435e+06
1784950200000,0.06968,0.06971,0.06965,0.06967,1.545923e+06
1784951100000,0.06968,0.06969,0.06958,0.06968,1.570763e+06
1784952000000,0.06968,0.06981,0.06967,0.06979,4.275462e+06
1784952900000,0.06979,0.06982,0.06969,0.06972,2.102665e+06
1784953800000,0.06971,0.06977,0.06965,0.06966,3.054593e+06
1784954700000,0.06965,0.06967,0.06956,0.06963,1.140106e+06
1784955600000,0.06963,0.06969,0.06954,0.06956,1.673123e+06
1784956500000,0.06956,0.06958,0.06952,0.06955,3.891997e+06
1784957400000,0.06956,0.06956,0.06933,0.06934,3.257214e+06
1784958300000,0.06933,0.06942,0.06925,0.06937,2.362417e+06
1784959200000,0.06937,0.06946,0.06935,0.06943,2.606247e+06
1784960100000,0.06943,0.06946,0.06929,0.06934,4.072331e+06
1784961000000,0.06934,0.06936,0.06923,0.06935,3.438831e+06
1784961900000,0.06935,0.06944,0.0693,0.06944,6.443192e+06
1784962800000,0.06945,0.06951,0.06942,0.06945,4.081094e+06
1784963700000,0.06945,0.06946,0.06937,0.0694,5.797056e+06
1784964600000,0.06939,0.0694,0.0693,0.06936,4.976086e+06
1784965500000,0.06936,0.06949,0.06934,0.06937,2.938377e+06
1784966400000,0.06937,0.06938,0.06916,0.06929,6.42362e+06
1784967300000,0.06929,0.06942,0.06929,0.06941,1.097249e+06
1784968200000,0.06941,0.06949,0.06937,0.06946,4.398944e+06
1784969100000,0.06946,0.06951,0.06935,0.06941,4.738355e+06
1784970000000,0.06942,0.06951,0.06938,0.0695,3.144799e+06
1784970900000,0.06951,0.0696,0.0695,0.06959,2.756658e+06
1784971800000,0.0696,0.06961,0.06953,0.06954,1.145237e+06
1784972700000,0.06954,0.0696,0.06949,0.06951,3.262937e+06
1784973600000,0.0695,0.06957,0.06943,0.06954,2.726797e+06
1784974500000,0.06954,0.06958,0.06947,0.06953,2.016901e+06
1784975400000,0.06953,0.06953,0.06941,0.06953,2.968002e+06
1784976300000,0.06953,0.06957,0.06951,0.06957,7.690772e+06
1784977200000,0.06957,0.0696,0.0695,0.06958,7.353131e+06
1784978100000,0.06958,0.06958,0.06944,0.06944,1.653494e+06
1784979000000,0.06944,0.06948,0.06931,0.06938,1.462086e+06
1784979900000,0.06938,0.06944,0.06936,0.06943,802817
1784980800000,0.06944,0.06955,0.06942,0.06955,978451
1784981700000,0.06955,0.06974,0.06948,0.0697,1.5054825e+07
1784982600000,0.0697,0.06974,0.06961,0.06965,5.674188e+06
1784983500000,0.06965,0.06976,0.06963,0.06976,6.05581e+06
1784984400000,0.06976,0.06999,0.06976,0.06989,6.175317e+06
1784985300000,0.06989,0.06998,0.06985,0.06988,1.751782e+06
1784986200000,0.06988,0.07009,0.06988,0.07007,3.304598e+06
1784987100000,0.07007,0.07027,0.06995,0.06997,6.938174e+06
1784988000000,0.06997,0.07,0.06989,0.06999,2.370875e+06
1784988900000,0.07,0.07015,0.07,0.07011,4.90972e+06
1784989800000,0.07011,0.07026,0.07011,0.07025,4.795209e+06
1784990700000,0.07026,0.07062,0.07019,0.07039,1.0990906e+07
1784991600000,0.07038,0.07096,0.07034,0.07078,1.5682465e+07
1784992500000,0.07079,0.07089,0.07068,0.07073,5.925022e+06
1784993400000,0.07073,0.0715,0.07064,0.07129,2.1798035e+07
1784994300000,0.07129,0.07147,0.0711,0.0712,1.3565867e+07
1784995200000,0.07121,0.07193,0.07117,0.07181,2.5082682e+07
1784996100000,0.07181,0.07203,0.07143,0.07163,2.4494941e+07
1784997000000,0.07163,0.0722,0.07141,0.0721,2.3520554e+07
1784997900000,0.07209,0.07228,0.07176,0.07219,1.2670287e+07
1784998800000,0.07219,0.0726,0.07214,0.07233,1.8099656e+07
1784999700000,0.07232,0.0728,0.0723,0.0727,1.7639159e+07
1785000600000,0.07271,0.07334,0.07265,0.07319,2.5695934e+07
1785001500000,0.0732,0.07355,0.07317,0.07322,2.0715625e+07
1785002400000,0.07322,0.07368,0.07301,0.07319,2.9513217e+07
1785003300000,0.07319,0.07337,0.07294,0.0731,1.3687956e+07
1785004200000,0.0731,0.07316,0.07284,0.07306,1.9519645e+07
1785005100000,0.07305,0.07314,0.0727,0.07292,1.3515025e+07
1785006000000,0.07292,0.07303,0.07273,0.07288,7.730819e+06
1785006900000,0.07288,0.07288,0.07268,0.07272,3.603404e+06
1785007800000,0.07271,0.0728,0.07251,0.07275,6.968216e+06
1785008700000,0.07276,0.07296,0.07272,0.07282,3.844797e+06
1785009600000,0.07282,0.07297,0.07263,0.07268,5.90861e+06
1785010500000,0.07269,0.07271,0.07245,0.07251,8.130327e+06
1785011400000,0.07251,0.07255,0.07237,0.07247,3.44668e+06
1785012300000,0.07247,0.07256,0.07242,0.07254,2.619364e+06
1785013200000,0.07253,0.07254,0.07216,0.07236,9.687498e+06
1785014100000,0.07235,0.07246,0.07221,0.07236,5.810728e+06
1785015000000,0.07237,0.07259,0.07215,0.0725,5.562156e+06
1785015900000,0.07249,0.0726,0.07227,0.07231,3.317678e+06
1785016800000,0.07231,0.07244,0.07217,0.07229,4.188913e+06
1785017700000,0.07228,0.07229,0.07214,0.07225,1.831372e+06
1785018600000,0.07225,0.07225,0.07199,0.07208,3.429034e+06
1785019500000,0.07209,0.07209,0.07199,0.07203,2.183604e+06
1785020400000,0.07202,0.07203,0.07186,0.07186,4.910742e+06
1785021300000,0.07187,0.07187,0.07171,0.07173,8.481618e+06
1785022200000,0.07173,0.07183,0.07168,0.07175,5.598264e+06
1785023100000,0.07175,0.07182,0.07172,0.07172,1.963041e+06
1785024000000,0.07172,0.07182,0.07166,0.07173,5.196775e+06
1785024900000,0.07173,0.07187,0.07171,0.07183,4.754115e+06
1785025800000,0.07182,0.07182,0.0716,0.07175,5.206729e+06
1785026700000,0.07175,0.07188,0.07166,0.07186,1.77099e+06
1785027600000,0.07186,0.07186,0.07165,0.07177,1.98641e+06
1785028500000,0.07177,0.0718,0.07162,0.07171,1.606011e+06
1785029400000,0.07171,0.07176,0.07167,0.07171,1.364112e+06
1785030300000,0.07171,0.07215,0.07167,0.07215,1.1206863e+07
1785031200000,0.07214,0.07249,0.07195,0.07247,1.1599547e+07
1785032100000,0.07247,0.07276,0.07223,0.07275,1.1747302e+07
1785033000000,0.07274,0.07282,0.07242,0.0725,7.529176e+06
1785033900000,0.07249,0.07264,0.07238,0.07246,4.632189e+06
1785034800000,0.07246,0.07251,0.07232,0.07245,4.794073e+06
1785035700000,0.07244,0.07254,0.07234,0.0724,2.709307e+06
1785036600000,0.0724,0.07264,0.07227,0.07252,4.455812e+06
1785037500000,0.07252,0.07278,0.07252,0.07275,3.90083e+06
1785038400000,0.07274,0.07287,0.07254,0.07258,6.372606e+06
1785039300000,0.07258,0.07334,0.07257,0.07334,1.4304365e+07
1785040200000,0.07334,0.07339,0.073,0.07306,8.146081e+06
1785041100000,0.07305,0.07323,0.07294,0.07321,5.917313e+06
1785042000000,0.07321,0.07359,0.07307,0.07355,1.2774164e+07
1785042900000,0.07355,0.07384,0.07328,0.07335,1.5440076e+07
1785043800000,0.07334,0.07368,0.07324,0.07363,8.834638e+06
1785044700000,0.07364,0.0738,0.07335,0.0734,1.4831715e+07
1785045600000,0.0734,0.07352,0.0731,0.07312,7.597063e+06
1785046500000,0.07312,0.07315,0.07276,0.0728,7.289542e+06
1785047400000,0.0728,0.07301,0.07272,0.07296,5.450877e+06
1785048300000,0.07297,0.0736,0.07295,0.07349,1.2011371e+07
1785049200000,0.0735,0.07404,0.07338,0.07377,2.244046e+07
1785050100000,0.07378,0.07394,0.07345,0.07345,8.757442e+06
1785051000000,0.07346,0.07367,0.07307,0.07325,1.6555541e+07
1785051900000,0.07325,0.0734,0.0732,0.07327,5.957358e+06
1785052800000,0.07326,0.07335,0.07318,0.07335,5.243078e+06
1785053700000,0.07334,0.07379,0.07328,0.07363,4.757826e+06
1785054600000,0.07362,0.07365,0.0734,0.07346,1.135425e+07
1785055500000,0.07346,0.07352,0.07337,0.07343,2.186514e+06
1785056400000,0.07343,0.07349,0.0733,0.0733,2.040701e+06
1785057300000,0.07331,0.07342,0.07311,0.07313,5.960453e+06
1785058200000,0.07313,0.0733,0.073,0.0733,4.783991e+06
1785059100000,0.0733,0.0734,0.0732,0.07328,7.746198e+06
1785060000000,0.07328,0.07343,0.07314,0.07335,5.559299e+06
1785060900000,0.07336,0.07344,0.07324,0.07325,2.716577e+06
1785061800000,0.07324,0.0735,0.07323,0.07336,3.640207e+06
1785062700000,0.07336,0.07339,0.07323,0.07329,1.558174e+06
1785063600000,0.07328,0.07329,0.07316,0.07324,4.076569e+06
1785064500000,0.07324,0.07347,0.07321,0.07344,2.475464e+06
1785065400000,0.07344,0.07344,0.0732,0.0732,2.112423e+06
1785066300000,0.07321,0.07328,0.07319,0.07323,2.736126e+06
1785067200000,0.07323,0.07346,0.0732,0.07329,4.355591e+06
1785068100000,0.0733,0.0734,0.07307,0.07332,4.626733e+06
1785069000000,0.07332,0.07344,0.07324,0.0733,3.104708e+06
1785069900000,0.07331,0.07343,0.0732,0.07326,4.075566e+06
1785070800000,0.07327,0.07327,0.07305,0.07307,4.312369e+06
1785071700000,0.07307,0.07326,0.07289,0.07293,5.318663e+06
1785072600000,0.07293,0.0731,0.07285,0.0731,6.733659e+06
1785073500000,0.07309,0.07316,0.07301,0.07305,1.684502e+06
1785074400000,0.07306,0.07338,0.07299,0.07321,7.821571e+06
1785075300000,0.07321,0.07321,0.07287,0.07292,3.128844e+06
1785076200000,0.07292,0.07299,0.07276,0.07296,3.777142e+06
1785077100000,0.07297,0.07311,0.0729,0.07299,2.917802e+06
1785078000000,0.07298,0.07309,0.07287,0.07293,2.894788e+06
1785078900000,0.07294,0.07326,0.07293,0.07306,2.900368e+06
1785079800000,0.07307,0.07324,0.07298,0.07315,2.587955e+06
1785080700000,0.07315,0.07316,0.07305,0.0731,1.612983e+06
1785081600000,0.0731,0.07318,0.07294,0.07304,3.77366e+06
1785082500000,0.07304,0.0733,0.07302,0.07328,3.590466e+06
1785083400000,0.07328,0.07341,0.07313,0.07318,1.1033553e+07
1785084300000,0.07318,0.07326,0.07307,0.07311,2.755496e+06
1785085200000,0.0731,0.07315,0.07292,0.07315,4.036479e+06
1785086100000,0.07314,0.07323,0.07307,0.07316,1.064158e+06
1785087000000,0.07316,0.07323,0.07304,0.07321,1.799086e+06
1785087900000,0.07321,0.07325,0.07309,0.07311,1.160783e+06
1785088800000,0.07312,0.07313,0.0728,0.0728,5.739977e+06
1785089700000,0.0728,0.0729,0.07266,0.0728,5.651991e+06
1785090600000,0.07281,0.07288,0.07274,0.07275,868588
1785091500000,0.07275,0.0728,0.07266,0.0727,2.20261e+06
1785092400000,0.07271,0.07275,0.0725,0.07258,4.922585e+06
1785093300000,0.07258,0.07264,0.07254,0.07262,2.236489e+06
1785094200000,0.07263,0.07275,0.07258,0.07258,2.667786e+06
1785095100000,0.07258,0.07268,0.07254,0.07266,1.891284e+06
1785096000000,0.07267,0.07273,0.07264,0.07269,1.906209e+06
1785096900000,0.0727,0.07278,0.07265,0.07275,741729
1785097800000,0.07275,0.07284,0.07268,0.07271,3.330593e+06
1785098700000,0.0727,0.07271,0.07258,0.07259,3.117323e+06
1785099600000,0.07259,0.07268,0.07252,0.0726,1.130061e+06
1785100500000,0.07259,0.07286,0.07258,0.07275,2.653602e+06
1785101400000,0.07276,0.07283,0.07269,0.07273,2.872205e+06
1785102300000,0.07274,0.07288,0.07269,0.07279,2.721048e+06
1785103200000,0.0728,0.07336,0.0728,0.07314,9.967139e+06
1785104100000,0.07315,0.07324,0.07307,0.07308,2.828217e+06
1785105000000,0.07307,0.07341,0.07305,0.07327,7.437995e+06
1785105900000,0.07327,0.07334,0.07316,0.07328,3.882733e+06
1785106800000,0.07328,0.07354,0.07323,0.07328,4.116808e+06
1785107700000,0.07327,0.07337,0.07317,0.07323,3.947265e+06
1785108600000,0.07324,0.0734,0.07312,0.07335,2.822568e+06
1785109500000,0.07336,0.07343,0.07331,0.07338,1.821415e+06
1785110400000,0.07339,0.07343,0.07324,0.07332,3.385772e+06
1785111300000,0.07331,0.07333,0.07309,0.07325,2.457109e+06
1785112200000,0.07326,0.07329,0.07303,0.07306,1.89883e+06
1785113100000,0.07306,0.07315,0.07295,0.073,2.65941e+06
1785114000000,0.073,0.07306,0.07285,0.07285,2.28468e+06
1785114900000,0.07286,0.07293,0.07276,0.07277,3.558381e+06
1785115800000,0.07277,0.07288,0.07256,0.07269,6.944406e+06
1785116700000,0.0727,0.07287,0.07268,0.07284,2.165092e+06
1785117600000,0.07284,0.0729,0.07272,0.07272,2.49102e+06
1785118500000,0.07273,0.07281,0.07266,0.07279,2.174548e+06
1785119400000,0.07279,0.07284,0.07262,0.07277,2.532205e+06
1785120300000,0.07276,0.07278,0.07254,0.07261,2.799164e+06
1785121200000,0.07262,0.0727,0.07253,0.07263,2.914391e+06
1785122100000,0.07264,0.07284,0.07262,0.07276,1.570348e+06
1785123000000,0.07275,0.07293,0.07266,0.07291,2.981923e+06
1785123900000,0.07291,0.07296,0.07279,0.07287,2.435245e+06
1785124800000,0.07287,0.07294,0.07275,0.07284,2.293392e+06
1785125700000,0.07284,0.07314,0.07277,0.07282,6.459736e+06
1785126600000,0.07282,0.07295,0.07268,0.0729,3.191716e+06
1785127500000,0.0729,0.0729,0.0728,0.0728,2.032377e+06
1785128400000,0.07281,0.07297,0.07276,0.07295,9.662307e+06
1785129300000,0.07296,0.07306,0.07284,0.07285,4.003132e+06
1785130200000,0.07286,0.07293,0.07276,0.07279,4.448286e+06
1785131100000,0.07279,0.07307,0.07268,0.07298,2.583741e+06
1785132000000,0.07298,0.07355,0.07297,0.07324,8.494764e+06
1785132900000,0.07324,0.07335,0.07304,0.07306,4.908091e+06
1785133800000,0.07305,0.07327,0.073,0.07317,2.426097e+06
1785134700000,0.07318,0.07319,0.073,0.073,6.753445e+06
1785135600000,0.073,0.07305,0.07287,0.07305,2.532362e+06
1785136500000,0.07305,0.07305,0.07292,0.07294,6.701882e+06
1785137400000,0.07293,0.07295,0.07274,0.0728,6.608003e+06
1785138300000,0.07281,0.0729,0.07277,0.07286,2.400276e+06
1785139200000,0.07287,0.07289,0.07255,0.07261,3.742025e+06
1785140100000,0.07262,0.07271,0.07236,0.0727,5.992428e+06
1785141000000,0.0727,0.07271,0.07256,0.07257,2.995791e+06
1785141900000,0.07256,0.07272,0.07255,0.0726,2.214082e+06
1785142800000,0.07259,0.07259,0.07219,0.07231,6.528045e+06
1785143700000,0.07231,0.07249,0.0723,0.07249,2.154544e+06
1785144600000,0.07248,0.07274,0.07243,0.07269,4.358288e+06
1785145500000,0.07268,0.07275,0.07263,0.07266,1.803049e+06
1785146400000,0.07266,0.07279,0.07263,0.07277,1.559857e+06
1785147300000,0.07278,0.07292,0.07274,0.07275,7.413308e+06
1785148200000,0.07276,0.07282,0.07272,0.07279,2.535848e+06
1785149100000,0.07279,0.07283,0.07269,0.07281,2.073793e+06
1785150000000,0.07281,0.07281,0.07269,0.07281,2.685786e+06
1785150900000,0.07281,0.07283,0.07263,0.07263,2.123916e+06
1785151800000,0.07262,0.07276,0.07261,0.07273,2.673139e+06
1785152700000,0.07274,0.07274,0.07254,0.07258,3.772008e+06
1785153600000,0.07258,0.07276,0.07253,0.07255,1.545696e+06
1785154500000,0.07254,0.07265,0.07242,0.07256,1.853494e+06
1785155400000,0.07256,0.07278,0.07238,0.07277,2.509586e+06
1785156300000,0.07278,0.07303,0.07277,0.07294,1.110251e+07
1785157200000,0.07294,0.07298,0.07269,0.07269,3.203923e+06
1785158100000,0.07269,0.07275,0.07248,0.07251,1.43363e+06
1785159000000,0.07251,0.07318,0.07238,0.07314,8.898797e+06
1785159900000,0.07313,0.07323,0.07271,0.07279,5.019043e+06
1785160800000,0.07279,0.07284,0.0725,0.07266,5.418017e+06
1785161700000,0.07266,0.07273,0.07177,0.07181,1.2069448e+07
1785162600000,0.07182,0.07185,0.07083,0.07092,3.7332751e+07
1785163500000,0.07092,0.07146,0.07092,0.07141,1.4075093e+07
1785164400000,0.0714,0.07155,0.0713,0.0715,4.134116e+06
1785165300000,0.07149,0.07166,0.07135,0.07155,2.826215e+06
1785166200000,0.07154,0.07165,0.07132,0.07153,3.422886e+06
1785167100000,0.07154,0.07157,0.07136,0.07136,3.885637e+06
1785168000000,0.07136,0.07153,0.07118,0.07145,8.788486e+06
1785168900000,0.07144,0.07191,0.0713,0.07186,9.075592e+06
1785169800000,0.07186,0.07221,0.07185,0.07213,6.108861e+06
1785170700000,0.07213,0.0722,0.072,0.07213,3.482304e+06
1785171600000,0.07212,0.07225,0.07201,0.07218,5.964653e+06
1785172500000,0.07217,0.07234,0.07209,0.07215,4.152766e+06
1785173400000,0.07215,0.07227,0.0721,0.07211,893925
1785174300000,0.07211,0.07215,0.07201,0.07214,2.540206e+06
1785175200000,0.07214,0.07217,0.07195,0.07195,1.093306e+06
1785176100000,0.07196,0.07196,0.07179,0.07187,997368
1785177000000,0.07187,0.0719,0.07154,0.07171,5.368723e+06
1785177900000,0.07171,0.07186,0.07159,0.0718,1.847376e+06
1785178800000,0.07181,0.07215,0.07177,0.07205,918671
1785179700000,0.07205,0.0721,0.07194,0.072,985665
1785180600000,0.07201,0.07218,0.07197,0.07198,1.497852e+06
1785181500000,0.07199,0.07206,0.07191,0.07204,2.698589e+06
1785182400000,0.07204,0.07211,0.07191,0.07193,715452
1785183300000,0.07193,0.07212,0.07184,0.07212,701692
1785184200000,0.07211,0.07215,0.072,0.07203,870813
1785185100000,0.07202,0.07215,0.07197,0.07213,716886
1785186000000,0.07213,0.0722,0.07204,0.07212,2.488836e+06
1785186900000,0.07212,0.07212,0.07182,0.07186,2.120956e+06
1785187800000,0.07185,0.07195,0.07185,0.07186,1.152044e+06
1785188700000,0.07187,0.07195,0.07182,0.07191,1.048431e+06
1785189600000,0.0719,0.07191,0.0716,0.07177,4.077748e+06
1785190500000,0.07177,0.07182,0.07152,0.0716,6.641098e+06
1785191400000,0.07159,0.07164,0.07094,0.07106,1.3532626e+07
1785192300000,0.07106,0.07106,0.0704,0.07047,2.2088553e+07
1785193200000,0.07046,0.07058,0.07011,0.07043,2.0108835e+07
1785194100000,0.07043,0.0707,0.07032,0.0706,5.133854e+06
1785195000000,0.07061,0.0707,0.07034,0.07037,5.16892e+06
1785195900000,0.07037,0.07046,0.07027,0.07038,5.523337e+06
1785196800000,0.07037,0.07046,0.07022,0.0704,4.935633e+06
1785197700000,0.0704,0.07058,0.07024,0.07043,4.672551e+06
1785198600000,0.07042,0.07045,0.07024,0.07027,3.010689e+06
1785199500000,0.07027,0.07029,0.06988,0.06991,1.6002897e+07
1785200400000,0.06992,0.07,0.06932,0.06971,2.0383478e+07
1785201300000,0.06971,0.06982,0.06942,0.06979,9.525239e+06
1785202200000,0.06979,0.06998,0.06965,0.06975,4.488641e+06
1785203100000,0.06975,0.06982,0.06964,0.06971,2.776541e+06
1785204000000,0.06971,0.06994,0.06968,0.06993,3.309457e+06
1785204900000,0.06993,0.07009,0.06985,0.07009,3.114188e+06
1785205800000,0.07009,0.07024,0.07008,0.07012,8.188363e+06
1785206700000,0.07013,0.07028,0.07009,0.07011,3.05409e+06
1785207600000,0.07012,0.07015,0.06991,0.07002,5.273966e+06
1785208500000,0.07001,0.07019,0.06997,0.07018,1.820995e+06
1785209400000,0.07019,0.07024,0.07009,0.07024,1.818756e+06
1785210300000,0.07023,0.07027,0.07007,0.07025,5.577429e+06
1785211200000,0.07025,0.07029,0.07016,0.07024,3.959112e+06
1785212100000,0.07024,0.07026,0.06998,0.06998,4.568329e+06
1785213000000,0.06998,0.07004,0.06993,0.07003,3.398346e+06
1785213900000,0.07003,0.07014,0.07,0.07004,1.186094e+06
1785214800000,0.07004,0.07016,0.07,0.07001,5.072442e+06
1785215700000,0.07001,0.07009,0.06991,0.06998,5.508999e+06
1785216600000,0.06998,0.0701,0.06988,0.07009,3.120475e+06
1785217500000,0.0701,0.07013,0.07,0.07,3.650336e+06
1785218400000,0.07001,0.07005,0.06983,0.06993,3.921073e+06
1785219300000,0.06994,0.07021,0.06992,0.07021,2.891866e+06
1785220200000,0.07022,0.07038,0.0702,0.07036,3.526262e+06
1785221100000,0.07036,0.07043,0.0703,0.07041,2.722927e+06
1785222000000,0.07041,0.07051,0.0703,0.07042,4.870693e+06
1785222900000,0.07042,0.07051,0.07033,0.07033,3.952238e+06
1785223800000,0.07033,0.07036,0.07022,0.07022,1.646931e+06
1785224700000,0.07023,0.07023,0.07008,0.07013,3.610963e+06
1785225600000,0.07013,0.07027,0.07004,0.07015,2.426054e+06
1785226500000,0.07016,0.07026,0.0701,0.07026,4.700111e+06
1785227400000,0.07026,0.07026,0.07015,0.07025,943146
1785228300000,0.07026,0.07032,0.07012,0.0702,2.642391e+06
1785229200000,0.07021,0.07025,0.07008,0.07015,1.211884e+06
1785230100000,0.07015,0.0702,0.07008,0.07013,1.037403e+06
1785231000000,0.07014,0.07028,0.07012,0.07025,1.30312e+06
1785231900000,0.07026,0.07034,0.07007,0.07014,2.335417e+06
1785232800000,0.07014,0.07022,0.07,0.07005,2.461293e+06
1785233700000,0.07005,0.07018,0.07002,0.07013,1.61281e+06
1785234600000,0.07012,0.07019,0.07005,0.07012,5.624915e+06
1785235500000,0.07012,0.0702,0.0701,0.07016,797146
1785236400000,0.07017,0.0702,0.06982,0.06988,6.91942e+06
1785237300000,0.06988,0.07009,0.06976,0.06988,7.03051e+06
1785238200000,0.06988,0.0701,0.06985,0.06989,3.687965e+06
1785239100000,0.0699,0.07006,0.0699,0.07,2.819793e+06
1785240000000,0.07,0.07012,0.06997,0.07005,2.174671e+06
1785240900000,0.07005,0.07009,0.06997,0.07005,4.061842e+06
1785241800000,0.07005,0.0701,0.06994,0.07006,1.0828921e+07
1785242700000,0.07006,0.07019,0.07,0.07012,7.123801e+06
1785243600000,0.07013,0.07019,0.07005,0.07011,2.555247e+06
1785244500000,0.07011,0.07012,0.06987,0.06987,7.787144e+06
1785245400000,0.06987,0.06993,0.06923,0.06955,1.6999397e+07
1785246300000,0.06956,0.06973,0.06927,0.06958,9.821384e+06
1785247200000,0.06958,0.06988,0.06957,0.06963,5.456192e+06
1785248100000,0.06964,0.06987,0.06936,0.06983,5.486069e+06
1785249000000,0.06983,0.07004,0.06979,0.06987,3.300167e+06
1785249900000,0.06987,0.0701,0.06984,0.06999,1.838274e+06
1785250800000,0.06998,0.07031,0.06985,0.07026,1.1143826e+07
1785251700000,0.07026,0.07097,0.07009,0.07084,2.2362916e+07
1785252600000,0.07083,0.07108,0.07077,0.07088,9.676418e+06
1785253500000,0.07088,0.07098,0.07066,0.07081,9.572816e+06
1785254400000,0.07082,0.07099,0.07075,0.07092,8.225738e+06
1785255300000,0.07092,0.07114,0.07075,0.07078,4.822035e+06
1785256200000,0.07077,0.07103,0.07065,0.07098,3.211347e+06
1785257100000,0.07099,0.0713,0.07089,0.07118,8.288952e+06
1785258000000,0.07117,0.07144,0.07104,0.07105,7.89593e+06
1785258900000,0.07105,0.07117,0.07089,0.07096,1.3046317e+07
1785259800000,0.07097,0.07097,0.07047,0.07057,5.460091e+06
1785260700000,0.07058,0.07066,0.07048,0.07064,2.68952e+06
1785261600000,0.07064,0.07076,0.07054,0.07055,3.216236e+06
1785262500000,0.07055,0.0707,0.07052,0.07063,2.050779e+06
1785263400000,0.07063,0.0708,0.07061,0.07074,1.442446e+06
1785264300000,0.07074,0.07081,0.07066,0.07074,703565
1785265200000,0.07075,0.07084,0.07072,0.07075,1.986499e+06
1785266100000,0.07076,0.07077,0.07064,0.07071,2.467657e+06
1785267000000,0.07072,0.07089,0.07063,0.07065,1.744702e+06
1785267900000,0.07066,0.07078,0.07061,0.07076,2.729826e+06
1785268800000,0.07076,0.0709,0.07075,0.07086,2.709321e+06
1785269700000,0.07086,0.07089,0.07076,0.07076,889889
1785270600000,0.07077,0.0708,0.07063,0.0707,1.490276e+06
1785271500000,0.0707,0.07076,0.07067,0.07074,1.209637e+06
1785272400000,0.07074,0.07086,0.07072,0.07077,2.342946e+06
1785273300000,0.07076,0.07087,0.07074,0.07086,1.504968e+06
1785274200000,0.07086,0.07107,0.07077,0.071,4.740143e+06
1785275100000,0.07101,0.07117,0.07097,0.07099,2.671032e+06
1785276000000,0.07099,0.07114,0.07095,0.07098,3.585971e+06
1785276900000,0.07099,0.07104,0.07084,0.07085,2.423642e+06
1785277800000,0.07084,0.07085,0.07067,0.0707,2.221769e+06
1785278700000,0.07069,0.0707,0.07034,0.07035,3.305051e+06
1785279600000,0.07035,0.07036,0.07004,0.07018,6.226626e+06
1785280500000,0.07017,0.07027,0.07006,0.07026,3.687588e+06
1785281400000,0.07026,0.07068,0.07022,0.07064,5.55141e+06
1785282300000,0.07063,0.07094,0.07057,0.07089,4.427887e+06
1785283200000,0.07089,0.07123,0.07089,0.07099,8.496366e+06
1785284100000,0.07099,0.0711,0.07077,0.07084,9.252055e+06
1785285000000,0.07084,0.07102,0.07072,0.071,2.66998e+06
1785285900000,0.07101,0.07116,0.07091,0.07093,3.376825e+06
1785286800000,0.07092,0.07106,0.07074,0.07077,3.23749e+06
1785287700000,0.07077,0.07085,0.07066,0.07075,1.3593812e+07
1785288600000,0.07075,0.07075,0.07055,0.07059,4.32031e+06
1785289500000,0.07058,0.0706,0.0704,0.07042,3.380556e+06
1785290400000,0.07041,0.07058,0.07026,0.07055,5.971656e+06
1785291300000,0.07055,0.0709,0.07035,0.07089,3.744995e+06
1785292200000,0.0709,0.07099,0.07073,0.07087,4.859399e+06
1785293100000,0.07086,0.07088,0.07072,0.0708,1.382919e+06
1785294000000,0.0708,0.07091,0.07063,0.07074,2.957486e+06
1785294900000,0.07074,0.07086,0.07056,0.07057,1.9246978e+07
1785295800000,0.07057,0.0706,0.07034,0.0704,4.875501e+06
1785296700000,0.07041,0.07045,0.07021,0.07025,3.630923e+06
1785297600000,0.07025,0.07034,0.06995,0.07029,8.349317e+06
1785298500000,0.07029,0.07049,0.06997,0.07047,8.314463e+06
1785299400000,0.07047,0.07071,0.07039,0.07047,3.497874e+06
1785300300000,0.07047,0.07057,0.07038,0.07056,2.667086e+06
1785301200000,0.07056,0.07071,0.07056,0.07069,4.052776e+06
1785302100000,0.0707,0.0707,0.07046,0.07061,2.592941e+06
1785303000000,0.07061,0.07075,0.07051,0.07071,2.156546e+06
1785303900000,0.07072,0.07075,0.07061,0.07062,2.431626e+06
1785304800000,0.07062,0.07064,0.07044,0.07056,2.734883e+06
1785305700000,0.07056,0.07094,0.0705,0.07089,7.521629e+06
1785306600000,0.0709,0.07097,0.07085,0.07087,3.435709e+06
1785307500000,0.07086,0.07086,0.07073,0.0708,3.000298e+06
1785308400000,0.0708,0.07081,0.07065,0.07077,2.995341e+06
1785309300000,0.07077,0.07081,0.07065,0.0708,1.98669e+06
1785310200000,0.07079,0.07098,0.07077,0.07087,7.034408e+06
1785311100000,0.07087,0.07105,0.07077,0.07099,7.808114e+06
1785312000000,0.071,0.07109,0.07072,0.07073,6.349345e+06
1785312900000,0.07072,0.07076,0.07048,0.07049,4.372288e+06
1785313800000,0.0705,0.07085,0.07045,0.07082,1.966109e+06
1785314700000,0.07082,0.07094,0.07074,0.07078,2.007828e+06
1785315600000,0.07078,0.07088,0.07074,0.07088,2.526544e+06
1785316500000,0.07088,0.07091,0.07079,0.07091,7.185668e+06
1785317400000,0.0709,0.07104,0.07084,0.07092,9.551194e+06
1785318300000,0.07092,0.07096,0.07079,0.07091,3.112741e+06
1785319200000,0.07091,0.07097,0.0708,0.07087,6.914273e+06
1785320100000,0.07088,0.07088,0.07066,0.0707,5.990499e+06
1785321000000,0.0707,0.07077,0.07057,0.0707,7.601542e+06
1785321900000,0.0707,0.07073,0.07048,0.07058,2.576455e+06
1785322800000,0.07058,0.07073,0.07055,0.07068,1.694057e+06
1785323700000,0.07068,0.07074,0.07056,0.07056,7.959435e+06
1785324600000,0.07057,0.0706,0.07044,0.07045,4.959284e+06
1785325500000,0.07046,0.07061,0.07044,0.07061,6.596923e+06
1785326400000,0.0706,0.07066,0.07045,0.07051,3.145729e+06
1785327300000,0.07051,0.07062,0.07038,0.07055,3.973615e+06
1785328200000,0.07055,0.07066,0.07045,0.07065,1.989413e+06
1785329100000,0.07066,0.07071,0.07054,0.07059,1.999839e+06
1785330000000,0.07058,0.07059,0.07049,0.07054,1.029177e+06
1785330900000,0.07054,0.07055,0.07032,0.07049,2.362749e+06
1785331800000,0.07048,0.07074,0.07041,0.07072,3.08507e+06
1785332700000,0.07072,0.07074,0.07035,0.07069,2.765234e+06
1785333600000,0.0707,0.07076,0.07029,0.07032,3.425398e+06
1785334500000,0.07033,0.07051,0.07016,0.07031,4.271256e+06
1785335400000,0.07032,0.07051,0.07013,0.07021,2.811694e+06
1785336300000,0.0702,0.07035,0.07014,0.07021,1.41059e+06
1785337200000,0.07021,0.07028,0.07008,0.07022,4.222564e+06
1785338100000,0.07022,0.07029,0.07,0.07024,2.136605e+06
1785339000000,0.07023,0.07046,0.0701,0.07015,5.166609e+06
1785339900000,0.07014,0.07026,0.07006,0.07019,3.287771e+06
1785340800000,0.0702,0.0702,0.07,0.07016,3.211117e+06
1785341700000,0.07016,0.0704,0.07009,0.07029,1.925671e+06
1785342600000,0.07029,0.07033,0.07,0.07008,1.281146e+06
1785343500000,0.07009,0.07028,0.07005,0.07024,705714
1785344400000,0.07024,0.0704,0.07019,0.0704,1.056147e+06
1785345300000,0.0704,0.0704,0.07024,0.07026,553829
1785346200000,0.07026,0.0704,0.07022,0.07039,853984
1785347100000,0.07039,0.07064,0.07033,0.07062,5.415312e+06
1785348000000,0.07061,0.07115,0.0706,0.07079,2.5592136e+07
1785348900000,0.07078,0.07088,0.07045,0.0706,4.812882e+06
1785349800000,0.07061,0.07098,0.07024,0.07093,6.015858e+06
1785350700000,0.07093,0.07105,0.0708,0.07099,4.316824e+06
1785351600000,0.07099,0.07103,0.07064,0.07072,3.444636e+06
1785352500000,0.07073,0.07081,0.07032,0.07041,3.762306e+06
1785353400000,0.07041,0.07045,0.07003,0.07011,4.626216e+06
1785354300000,0.07011,0.07012,0.06968,0.06971,1.1488694e+07
1785355200000,0.06971,0.06981,0.06938,0.06972,1.6467514e+07
1785356100000,0.06972,0.06987,0.06882,0.06922,2.6914634e+07
1785357000000,0.06922,0.06975,0.06911,0.06963,9.514971e+06
1785357900000,0.06964,0.06966,0.06928,0.06936,4.203231e+06
1785358800000,0.06936,0.06941,0.06908,0.06941,1.3119026e+07
1785359700000,0.06941,0.06971,0.06923,0.06971,3.329567e+06
1785360600000,0.0697,0.06977,0.06957,0.06959,2.792313e+06
1785361500000,0.06959,0.06989,0.06958,0.06987,3.113987e+06
1785362400000,0.06987,0.07022,0.06987,0.07013,2.228534e+06
1785363300000,0.07012,0.07025,0.07007,0.07014,1.650032e+06
1785364200000,0.07015,0.07016,0.06997,0.07006,1.840466e+06
1785365100000,0.07005,0.07007,0.06996,0.07006,2.359656e+06
1785366000000,0.07006,0.07006,0.06994,0.06998,1.572464e+06
1785366900000,0.06998,0.07021,0.06998,0.07015,1.150621e+06
1785367800000,0.07014,0.07023,0.07007,0.07017,804448
1785368700000,0.07017,0.07023,0.07012,0.07014,3.63343e+06
1785369600000,0.07015,0.07039,0.07013,0.07033,7.917983e+06
1785370500000,0.07032,0.0705,0.07026,0.07032,7.26667e+06
1785371400000,0.07032,0.07032,0.06993,0.06994,4.038289e+06
1785372300000,0.06994,0.07014,0.06988,0.07014,2.064206e+06
1785373200000,0.07014,0.07047,0.07013,0.07026,1.839516e+06
1785374100000,0.07026,0.07049,0.07023,0.07048,1.302987e+06
1785375000000,0.07047,0.07074,0.07041,0.07056,1.1258054e+07
1785375900000,0.07056,0.07073,0.07052,0.07056,4.664611e+06
1785376800000,0.07056,0.07069,0.07054,0.0706,3.961477e+06
1785377700000,0.0706,0.07068,0.07054,0.07056,1.635097e+06
1785378600000,0.07056,0.07066,0.07048,0.07063,5.165748e+06
1785379500000,0.07063,0.07066,0.07046,0.07048,1.306765e+06
1785380400000,0.07047,0.07059,0.07036,0.07042,1.015908e+06
1785381300000,0.07041,0.07055,0.0704,0.07047,1.111107e+06
1785382200000,0.07047,0.07047,0.07022,0.07025,1.204825e+06
1785383100000,0.07025,0.07031,0.07021,0.07022,689053
1785384000000,0.07023,0.07024,0.07012,0.07016,989755
1785384900000,0.07016,0.07017,0.07001,0.07009,1.456432e+06
1785385800000,0.07009,0.07022,0.0699,0.06995,3.036567e+06
1785386700000,0.06995,0.07004,0.06971,0.06978,2.684703e+06
1785387600000,0.06978,0.0698,0.06963,0.06973,1.560836e+06
1785388500000,0.06973,0.06995,0.06973,0.06994,2.521157e+06
1785389400000,0.06993,0.07018,0.06992,0.07012,1.238694e+06
1785390300000,0.07013,0.07019,0.07005,0.07014,3.513913e+06
1785391200000,0.07014,0.07017,0.07004,0.07008,1.569108e+06
1785392100000,0.07008,0.07008,0.06991,0.06999,3.601094e+06
1785393000000,0.06999,0.07002,0.06993,0.06997,2.629868e+06
1785393900000,0.06997,0.07004,0.06987,0.06992,2.826315e+06
1785394800000,0.06992,0.07019,0.06991,0.07001,1.837636e+06
1785395700000,0.07001,0.0701,0.06992,0.06999,1.021696e+06
1785396600000,0.06999,0.07005,0.06981,0.06997,1.354739e+06
1785397500000,0.06998,0.06998,0.06976,0.0698,1.255844e+06
1785398400000,0.0698,0.06991,0.06979,0.06987,4.120569e+06
1785399300000,0.06987,0.07023,0.06984,0.07012,2.446891e+06
1785400200000,0.07012,0.07021,0.07,0.07013,3.693127e+06
1785401100000,0.07014,0.07016,0.07003,0.07009,5.726393e+06
1785402000000,0.0701,0.0702,0.07007,0.0702,1.2171551e+07
1785402900000,0.07019,0.0702,0.07008,0.07015,7.167171e+06
1785403800000,0.07015,0.0703,0.0701,0.07018,2.918473e+06
1785404700000,0.07018,0.07025,0.07013,0.07024,5.200517e+06
1785405600000,0.07024,0.07037,0.07017,0.07027,1.1421212e+07
1785406500000,0.07026,0.07032,0.07024,0.07027,4.125688e+06
1785407400000,0.07027,0.07032,0.0702,0.07024,6.221751e+06
1785408300000,0.07024,0.07025,0.06987,0.06998,1.6468355e+07
1785409200000,0.06998,0.07005,0.06984,0.07003,6.072162e+06
1785410100000,0.07004,0.07006,0.06979,0.06996,1.7468522e+07
1785411000000,0.06996,0.0701,0.06992,0.07,5.863602e+06
1785411900000,0.07,0.0702,0.06995,0.07013,9.170192e+06
1785412800000,0.07013,0.07036,0.07013,0.07034,5.239587e+06
1785413700000,0.07034,0.07036,0.07009,0.07015,7.710269e+06
1785414600000,0.07016,0.07031,0.07007,0.07013,5.28768e+06
1785415500000,0.07014,0.07028,0.07013,0.0702,3.004599e+06
1785416400000,0.07021,0.07026,0.07007,0.07012,4.918057e+06
1785417300000,0.07013,0.07019,0.07008,0.07009,2.708827e+06
1785418200000,0.07009,0.0702,0.06993,0.07018,7.273754e+06
1785419100000,0.07017,0.07065,0.07016,0.07055,1.2830971e+07
1785420000000,0.07055,0.0706,0.07034,0.07036,4.872383e+06
1785420900000,0.07035,0.0705,0.07009,0.07041,3.9538e+06
1785421800000,0.07041,0.07067,0.07036,0.07066,4.485839e+06
1785422700000,0.07066,0.07074,0.07046,0.07054,4.200682e+06
1785423600000,0.07054,0.07062,0.07042,0.07047,2.099026e+06
1785424500000,0.07046,0.07073,0.07041,0.07042,2.21579e+06
1785425400000,0.07042,0.07056,0.07024,0.07052,3.207065e+06
1785426300000,0.07052,0.0706,0.07043,0.07057,2.328869e+06
1785427200000,0.07058,0.07072,0.07055,0.07062,2.75343e+06
1785428100000,0.07063,0.07065,0.07045,0.07052,2.231526e+06
1785429000000,0.07053,0.07064,0.07048,0.07051,865719
1785429900000,0.07051,0.07068,0.0705,0.07065,1.215027e+06
1785430800000,0.07065,0.0707,0.07044,0.07053,1.575936e+06
1785431700000,0.07053,0.07071,0.07052,0.07064,1.417334e+06
1785432600000,0.07063,0.07081,0.07055,0.07073,3.800313e+06
1785433500000,0.07074,0.07102,0.07074,0.07087,5.473727e+06
1785434400000,0.07087,0.07097,0.07082,0.07084,1.510928e+06
1785435300000,0.07084,0.07093,0.07077,0.0709,2.056016e+06
1785436200000,0.0709,0.07092,0.07071,0.07079,1.169928e+06
1785437100000,0.0708,0.07086,0.07065,0.07074,2.336607e+06
1785438000000,0.07075,0.07088,0.07071,0.07084,1.720251e+06
1785438900000,0.07083,0.07104,0.07079,0.07095,2.360897e+06
1785439800000,0.07094,0.07094,0.07081,0.07086,2.633531e+06
1785440700000,0.07085,0.0709,0.07072,0.07076,2.191635e+06
1785441600000,0.07075,0.07093,0.07065,0.07067,4.852598e+06
1785442500000,0.07067,0.07075,0.0706,0.07062,2.067136e+06
1785443400000,0.07062,0.07068,0.07056,0.07063,3.282303e+06
1785444300000,0.07062,0.07069,0.07057,0.07057,2.924775e+06
1785445200000,0.07057,0.07075,0.07056,0.07067,2.074498e+06
1785446100000,0.07066,0.07066,0.07058,0.07061,894762
1785447000000,0.07062,0.0707,0.07057,0.07059,1.425689e+06
1785447900000,0.07059,0.07062,0.07044,0.07051,1.54979e+06
1785448800000,0.07051,0.07073,0.07041,0.07066,1.828991e+06
1785449700000,0.07065,0.07091,0.07057,0.07086,2.851489e+06
1785450600000,0.07087,0.0709,0.07076,0.0708,2.666111e+06
1785451500000,0.0708,0.07081,0.07067,0.07069,1.137362e+06
1785452400000,0.07069,0.07084,0.07064,0.07082,2.377748e+06
1785453300000,0.07081,0.07084,0.07071,0.07077,735282
1785454200000,0.07076,0.07096,0.07058,0.0706,5.028348e+06
1785455100000,0.07061,0.0707,0.07052,0.07059,1.386205e+06
1785456000000,0.0706,0.07075,0.07053,0.0706,1.9156e+06
1785456900000,0.07059,0.07059,0.0702,0.07031,8.433041e+06
1785457800000,0.07031,0.07042,0.07026,0.07042,2.341211e+06
1785458700000,0.07042,0.0705,0.07035,0.07045,3.328764e+06
1785459600000,0.07045,0.07101,0.07045,0.0709,4.85023e+06
1785460500000,0.0709,0.0709,0.07069,0.07085,4.405265e+06
1785461400000,0.07084,0.07084,0.07054,0.07056,3.026599e+06
1785462300000,0.07057,0.07061,0.07015,0.07029,5.798658e+06
1785463200000,0.07028,0.07036,0.07013,0.07017,2.8414e+06
1785464100000,0.07016,0.07016,0.07,0.07001,5.792608e+06
1785465000000,0.07001,0.07009,0.0699,0.06999,7.050536e+06
1785465900000,0.06999,0.0701,0.06994,0.07001,4.506762e+06
1785466800000,0.07002,0.07004,0.06981,0.07001,3.619976e+06
1785467700000,0.07001,0.07024,0.06997,0.07009,5.202994e+06
1785468600000,0.07009,0.07017,0.07002,0.07014,2.014472e+06
1785469500000,0.07014,0.0702,0.07004,0.07007,1.649172e+06
1785470400000,0.07006,0.07014,0.06997,0.06999,1.667443e+06
1785471300000,0.06999,0.06999,0.06985,0.06998,2.894118e+06
1785472200000,0.06998,0.07005,0.06996,0.07004,2.100321e+06
1785473100000,0.07004,0.07014,0.07002,0.07013,3.236536e+06
1785474000000,0.07013,0.07023,0.07009,0.07012,1.699326e+06
1785474900000,0.07012,0.07016,0.07005,0.0701,786113
1785475800000,0.07009,0.07012,0.07,0.07003,1.515413e+06
1785476700000,0.07003,0.07016,0.07002,0.07013,1.110155e+06
1785477600000,0.07014,0.07017,0.07007,0.07016,1.116872e+06
1785478500000,0.07016,0.07032,0.07012,0.07031,2.414559e+06
1785479400000,0.07031,0.07032,0.07005,0.07007,4.651492e+06
1785480300000,0.07007,0.07016,0.06998,0.07012,1.116251e+06
1785481200000,0.07012,0.07012,0.06968,0.06979,6.152378e+06
1785482100000,0.06978,0.0698,0.06958,0.0697,4.247361e+06
1785483000000,0.06971,0.06992,0.06969,0.06988,3.892844e+06
1785483900000,0.06989,0.07012,0.06989,0.07004,3.210224e+06
1785484800000,0.07004,0.07022,0.07,0.07015,4.961831e+06
1785485700000,0.07014,0.0702,0.06998,0.07007,2.203421e+06
1785486600000,0.07007,0.07008,0.06986,0.0699,1.18092e+06
1785487500000,0.0699,0.07005,0.0699,0.06995,2.122971e+06
1785488400000,0.06996,0.06997,0.0698,0.06986,6.777662e+06
1785489300000,0.06986,0.06986,0.06951,0.06958,5.503094e+06
1785490200000,0.06959,0.06963,0.0694,0.06948,5.839894e+06
1785491100000,0.06948,0.06956,0.06936,0.06943,2.878555e+06
1785492000000,0.06942,0.06943,0.06911,0.06939,6.062241e+06
1785492900000,0.06939,0.06955,0.06932,0.06952,4.144804e+06
1785493800000,0.06953,0.06955,0.06947,0.06953,6.015894e+06
1785494700000,0.06953,0.06955,0.06941,0.06954,4.684919e+06
1785495600000,0.06954,0.06962,0.0695,0.06957,1.3206674e+07
1785496500000,0.06956,0.06965,0.06945,0.06952,6.289363e+06
1785497400000,0.06951,0.0696,0.06948,0.06955,4.50537e+06
1785498300000,0.06956,0.06963,0.06953,0.06963,5.408232e+06
1785499200000,0.06963,0.06963,0.06934,0.06949,5.13446e+06
1785500100000,0.06948,0.06962,0.06944,0.06959,723496
1785501000000,0.06959,0.06959,0.06936,0.06954,2.235728e+06
1785501900000,0.06953,0.06964,0.06952,0.06963,1.963638e+06
1785502800000,0.06963,0.06967,0.06957,0.0696,8.637654e+06
1785503700000,0.06961,0.06972,0.0696,0.0697,2.326867e+06
1785504600000,0.0697,0.06971,0.0694,0.06943,5.033187e+06
1785505500000,0.06942,0.06948,0.06911,0.0693,7.598639e+06
1785506400000,0.06929,0.06946,0.06846,0.06942,3.4298043e+07
1785507300000,0.06942,0.06965,0.06934,0.0694,1.282226e+07
1785508200000,0.0694,0.06955,0.0692,0.0693,9.32854e+06
1785509100000,0.0693,0.06948,0.06911,0.06935,8.503291e+06
1785510000000,0.06935,0.0695,0.06925,0.06928,4.60483e+06
1785510900000,0.06929,0.06943,0.06914,0.06924,4.902512e+06
1785511800000,0.06924,0.06926,0.06889,0.06908,1.0160988e+07
1785512700000,0.06909,0.06913,0.06883,0.06905,2.938725e+06
1785513600000,0.06904,0.06925,0.06899,0.06919,3.410496e+06
1785514500000,0.06919,0.0694,0.06902,0.06939,2.653513e+06
1785515400000,0.06939,0.06947,0.06932,0.06946,2.288758e+06
1785516300000,0.06946,0.06974,0.06945,0.06973,8.592839e+06
1785517200000,0.06972,0.0698,0.0696,0.06968,3.482039e+06
1785518100000,0.06968,0.06986,0.06965,0.06981,2.923408e+06
1785519000000,0.06981,0.07002,0.06976,0.06995,4.74159e+06
1785519900000,0.06996,0.07031,0.06995,0.07015,3.625228e+06
1785520800000,0.07016,0.07034,0.07003,0.07005,3.399229e+06
1785521700000,0.07006,0.07021,0.07001,0.07002,2.189396e+06
1785522600000,0.07002,0.07012,0.06989,0.07007,2.040702e+06
1785523500000,0.07007,0.07037,0.07007,0.07022,5.941596e+06
1785524400000,0.07022,0.07039,0.06974,0.06979,5.100737e+06
1785525300000,0.06979,0.06988,0.06972,0.06978,1.743744e+06
1785526200000,0.06978,0.06984,0.06967,0.0698,2.686984e+06
1785527100000,0.0698,0.06996,0.06978,0.06978,1.965455e+06
1785528000000,0.06979,0.06988,0.06975,0.06988,2.441886e+06
1785528900000,0.06989,0.06995,0.06977,0.06984,3.227906e+06
1785529800000,0.06984,0.06986,0.06964,0.06972,3.078442e+06
1785530700000,0.06971,0.06972,0.06948,0.06954,5.12437e+06
1785531600000,0.06954,0.06972,0.06946,0.06971,4.583224e+06
1785532500000,0.06972,0.06988,0.0697,0.0698,1.034154e+06
1785533400000,0.06981,0.06983,0.0696,0.06977,3.257413e+06
1785534300000,0.06976,0.06982,0.06955,0.06967,1.775533e+06
1785535200000,0.06967,0.0698,0.06956,0.06978,1.441549e+06
1785536100000,0.06979,0.06984,0.06975,0.06984,702675
1785537000000,0.06983,0.06984,0.06973,0.06973,1.058306e+06
1785537900000,0.06974,0.06974,0.06961,0.06962,975767
1785538800000,0.06962,0.06974,0.06961,0.06968,1.008289e+06
1785539700000,0.06969,0.06972,0.06964,0.06966,380750
1785540600000,0.06967,0.06972,0.06964,0.06968,414861
1785541500000,0.06967,0.06968,0.06956,0.06962,990570
1785542400000,0.06962,0.06981,0.06962,0.06966,1.756747e+06
1785543300000,0.06966,0.06972,0.06959,0.06967,2.090283e+06
1785544200000,0.06966,0.06997,0.06961,0.06991,3.411423e+06
1785545100000,0.06992,0.06998,0.06983,0.06993,2.602389e+06
1785546000000,0.06994,0.07013,0.06992,0.07011,2.483308e+06
1785546900000,0.07011,0.07016,0.07003,0.07016,5.301568e+06
1785547800000,0.07015,0.0702,0.0701,0.07013,1.011773e+06
1785548700000,0.07012,0.0702,0.07004,0.07012,957815
1785549600000,0.07012,0.07018,0.07009,0.07017,487735
1785550500000,0.07016,0.07028,0.07014,0.07022,1.306863e+06
1785551400000,0.07023,0.0703,0.07002,0.07003,1.186124e+06
1785552300000,0.07002,0.07017,0.07,0.07014,2.942399e+06
1785553200000,0.07014,0.07019,0.07006,0.0701,1.174868e+06
1785554100000,0.0701,0.07017,0.07007,0.07011,879644
1785555000000,0.0701,0.07016,0.07005,0.07005,1.200082e+06
1785555900000,0.07005,0.07017,0.07005,0.07013,1.829022e+06
1785556800000,0.07013,0.07018,0.0701,0.07013,1.019331e+06
1785557700000,0.07013,0.07025,0.07009,0.07023,1.0468e+06
1785558600000,0.07024,0.07027,0.07016,0.07024,1.035115e+06
1785559500000,0.07024,0.07027,0.07014,0.07017,946223
1785560400000,0.07016,0.07021,0.07015,0.07017,1.016574e+06
1785561300000,0.07016,0.07017,0.07006,0.07006,1.719946e+06
1785562200000,0.07007,0.07021,0.07003,0.07003,923829
1785563100000,0.07003,0.07014,0.07001,0.07014,1.038833e+06
1785564000000,0.07014,0.07019,0.07006,0.07008,2.135067e+06
1785564900000,0.07009,0.07011,0.07,0.07002,2.186655e+06
1785565800000,0.07002,0.07009,0.07,0.07002,725669
1785566700000,0.07003,0.07009,0.07,0.07006,569914
1785567600000,0.07006,0.07032,0.07005,0.07011,4.718913e+06
1785568500000,0.0701,0.0701,0.06996,0.06997,4.688798e+06
1785569400000,0.06997,0.06997,0.06977,0.06983,5.503284e+06
1785570300000,0.06983,0.0699,0.06982,0.06989,1.366219e+06
1785571200000,0.06989,0.06992,0.06984,0.06986,1.058965e+06
1785572100000,0.06986,0.06989,0.0698,0.06986,1.104074e+06
1785573000000,0.06986,0.06991,0.06985,0.06986,736942
1785573900000,0.06987,0.06997,0.06982,0.06994,829170
1785574800000,0.06994,0.06997,0.06983,0.06988,1.457221e+06
1785575700000,0.06988,0.06991,0.06979,0.0698,1.032443e+06
1785576600000,0.0698,0.06992,0.06979,0.0699,1.163992e+06
1785577500000,0.0699,0.0699,0.0698,0.06981,640458
1785578400000,0.06981,0.06985,0.06962,0.0697,1.727273e+06
1785579300000,0.06969,0.0698,0.06965,0.06975,2.388125e+06
1785580200000,0.06974,0.06978,0.06967,0.06974,1.192619e+06
1785581100000,0.06974,0.06984,0.06969,0.06983,1.33913e+06
1785582000000,0.06983,0.06993,0.0698,0.06992,1.983867e+06
1785582900000,0.06992,0.06992,0.06979,0.06979,2.86317e+06
1785583800000,0.0698,0.06988,0.06978,0.06987,3.262346e+06
1785584700000,0.06986,0.06988,0.06981,0.06987,627396
1785585600000,0.06987,0.06994,0.06984,0.06987,3.353221e+06
1785586500000,0.06987,0.06992,0.0698,0.0698,1.148052e+06
1785587400000,0.06981,0.06983,0.06978,0.06983,851852
1785588300000,0.06983,0.07001,0.06983,0.06991,1.870875e+06
1785589200000,0.06992,0.07015,0.06992,0.0701,2.659231e+06
1785590100000,0.0701,0.0701,0.06999,0.07,783128
1785591000000,0.07,0.07006,0.06997,0.07001,1.263469e+06
1785591900000,0.07002,0.07014,0.06995,0.07008,2.854615e+06
1785592800000,0.07007,0.07026,0.07004,0.07014,1.0173194e+07
1785593700000,0.07014,0.0702,0.0701,0.0701,2.193298e+06
1785594600000,0.0701,0.07012,0.07003,0.07006,770114
1785595500000,0.07006,0.07016,0.07002,0.07016,961040
1785596400000,0.07017,0.0702,0.07007,0.07012,2.009893e+06
1785597300000,0.07012,0.07012,0.07001,0.07005,2.673392e+06
1785598200000,0.07006,0.07019,0.07002,0.07011,2.048849e+06
1785599100000,0.07012,0.07019,0.0701,0.07012,1.154022e+06
1785600000000,0.07012,0.07023,0.07008,0.07014,3.250988e+06
1785600900000,0.07014,0.0702,0.07012,0.07012,2.659391e+06
1785601800000,0.07012,0.07015,0.07004,0.07015,2.465984e+06
1785602700000,0.07015,0.07015,0.06992,0.07002,1.408138e+06
1785603600000,0.07002,0.07011,0.06989,0.0699,820227
1785604500000,0.0699,0.06992,0.06971,0.06979,2.461357e+06
1785605400000,0.06979,0.06979,0.06956,0.06963,3.60395e+06
1785606300000,0.06963,0.06964,0.06935,0.06953,4.214511e+06
1785607200000,0.06952,0.06954,0.06941,0.06948,1.881215e+06
1785608100000,0.06948,0.06949,0.06921,0.06933,1.1061361e+07
1785609000000,0.06933,0.06933,0.06863,0.06883,2.4093517e+07
1785609900000,0.06884,0.06884,0.06766,0.06853,5.0161085e+07
1785610800000,0.06853,0.0687,0.06842,0.06857,4.392296e+06
1785611700000,0.06857,0.06865,0.06841,0.06856,2.64616e+06
1785612600000,0.06856,0.06864,0.06845,0.06848,2.840661e+06
1785613500000,0.06848,0.06868,0.06847,0.06853,1.99562e+06
1785614400000,0.06852,0.06857,0.06839,0.06854,2.795039e+06
1785615300000,0.06853,0.06865,0.0685,0.06853,1.315231e+06
1785616200000,0.06852,0.06863,0.06843,0.06855,1.835781e+06
1785617100000,0.06856,0.06867,0.06852,0.06866,1.546516e+06
1785618000000,0.06865,0.06897,0.06864,0.06889,4.815446e+06
1785618900000,0.0689,0.069,0.06888,0.06899,1.053855e+06
1785619800000,0.069,0.06928,0.06898,0.06915,2.352991e+06
1785620700000,0.06916,0.06923,0.06908,0.06914,2.053834e+06
1785621600000,0.06915,0.0692,0.06906,0.06913,1.725283e+06
1785622500000,0.06913,0.06916,0.06903,0.06914,712349
1785623400000,0.06914,0.06915,0.06904,0.0691,1.499319e+06
1785624300000,0.06909,0.0691,0.069,0.069,723337
1785625200000,0.06901,0.06952,0.06901,0.06918,1.0114381e+07
1785626100000,0.06919,0.06919,0.06911,0.06913,852170
1785627000000,0.06913,0.06924,0.06913,0.06924,1.45592e+06
1785627900000,0.06924,0.06925,0.0691,0.06914,1.019091e+06
1785628800000,0.06915,0.0693,0.06914,0.06925,1.194629e+06
1785629700000,0.06925,0.06928,0.06915,0.06918,1.221507e+06
1785630600000,0.06919,0.06924,0.06913,0.06915,795895
1785631500000,0.06916,0.06923,0.06913,0.06921,1.44808e+06
1785632400000,0.06921,0.06956,0.06921,0.06955,3.240268e+06
1785633300000,0.06955,0.06967,0.06952,0.06966,2.829754e+06
1785634200000,0.06965,0.06966,0.06954,0.06957,1.908625e+06
1785635100000,0.06957,0.06968,0.06953,0.06965,949467
1785636000000,0.06966,0.07018,0.06961,0.07015,1.2147553e+07
1785636900000,0.07015,0.07025,0.06999,0.07002,7.508913e+06
1785637800000,0.07002,0.07011,0.06985,0.07008,1.0175852e+07
1785638700000,0.07009,0.07009,0.06994,0.07003,3.260231e+06
1785639600000,0.07004,0.07013,0.07001,0.07009,1.348333e+06
1785640500000,0.0701,0.07013,0.06998,0.07001,2.676007e+06
1785641400000,0.07001,0.0701,0.06996,0.07008,4.228907e+06
1785642300000,0.07008,0.07011,0.07001,0.07006,1.115929e+06
1785643200000,0.07007,0.07015,0.07006,0.07007,2.090646e+06
1785644100000,0.07007,0.07016,0.07005,0.07014,2.563601e+06
1785645000000,0.07014,0.07016,0.07011,0.07015,4.260723e+06
1785645900000,0.07016,0.07029,0.07015,0.07024,2.539568e+06
1785646800000,0.07024,0.07035,0.07018,0.07028,3.544399e+06
1785647700000,0.07028,0.07059,0.07023,0.07043,1.1799798e+07
1785648600000,0.07043,0.07052,0.07041,0.07051,5.901851e+06
1785649500000,0.07051,0.07058,0.07049,0.07052,3.105735e+06
1785650400000,0.07052,0.07058,0.07029,0.07029,4.129153e+06
1785651300000,0.0703,0.07044,0.07026,0.0704,1.985191e+06
1785652200000,0.0704,0.07043,0.07032,0.0704,3.180495e+06
1785653100000,0.0704,0.07041,0.07034,0.07037,2.139237e+06
1785654000000,0.07038,0.07038,0.07028,0.07035,1.304169e+06
1785654900000,0.07034,0.07041,0.07033,0.0704,1.822061e+06
1785655800000,0.0704,0.07044,0.07035,0.07041,1.398352e+06
1785656700000,0.07041,0.07043,0.07035,0.07042,936298
1785657600000,0.07042,0.07045,0.07027,0.07027,1.161693e+06
1785658500000,0.07028,0.07038,0.07013,0.07014,3.59402e+06
1785659400000,0.07015,0.07015,0.07,0.07009,3.519167e+06
1785660300000,0.07009,0.07011,0.07002,0.07002,1.97964e+06
1785661200000,0.07002,0.07015,0.06985,0.07012,4.628224e+06
1785662100000,0.07013,0.07022,0.07009,0.07012,1.569267e+06
1785663000000,0.07012,0.07024,0.07012,0.07021,690700
1785663900000,0.07022,0.07026,0.07021,0.07021,365813
1785664800000,0.07021,0.07024,0.07007,0.07007,2.141192e+06
1785665700000,0.07007,0.07013,0.06992,0.06994,2.113212e+06
1785666600000,0.06995,0.07006,0.06994,0.07005,2.634441e+06
1785667500000,0.07005,0.07007,0.06999,0.07007,4.186073e+06
1785668400000,0.07008,0.07011,0.07,0.07007,1.598268e+06
1785669300000,0.07007,0.07016,0.07002,0.07004,1.212566e+06
1785670200000,0.07005,0.07011,0.06995,0.07,1.678367e+06
1785671100000,0.07,0.07015,0.06992,0.06998,2.695442e+06
1785672000000,0.06999,0.07014,0.06999,0.07014,1.160087e+06
1785672900000,0.07014,0.07018,0.07002,0.07002,1.675567e+06
1785673800000,0.07002,0.07008,0.06998,0.07006,1.773602e+06
1785674700000,0.07006,0.07009,0.07002,0.07004,1.744773e+06
1785675600000,0.07003,0.07014,0.07,0.07012,903843
1785676500000,0.07011,0.07025,0.07004,0.07022,1.882514e+06
1785677400000,0.07022,0.07023,0.07004,0.07011,1.426804e+06
1785678300000,0.07012,0.07022,0.07011,0.07015,984329
1785679200000,0.07015,0.07019,0.07006,0.07014,913868
1785680100000,0.07013,0.0704,0.07013,0.07031,1.697481e+06
1785681000000,0.07031,0.07054,0.07027,0.07052,4.642921e+06
1785681900000,0.07052,0.07056,0.07038,0.0704,3.854975e+06
1785682800000,0.07041,0.07053,0.07039,0.07043,5.457407e+06
1785683700000,0.07042,0.07043,0.07033,0.07035,1.663965e+06
1785684600000,0.07036,0.07046,0.07034,0.07035,1.384089e+06
1785685500000,0.07036,0.07041,0.07027,0.0703,917656
1785686400000,0.0703,0.0703,0.07013,0.07017,1.640188e+06
1785687300000,0.07016,0.07026,0.07016,0.07021,816060
1785688200000,0.07021,0.07044,0.07019,0.07044,811096
1785689100000,0.07044,0.07049,0.07036,0.07036,1.395723e+06
1785690000000,0.07037,0.07037,0.07028,0.07031,546497
1785690900000,0.07032,0.0705,0.07028,0.07043,2.377119e+06
1785691800000,0.07044,0.07066,0.07044,0.07064,2.757834e+06
1785692700000,0.07065,0.07066,0.07057,0.07057,1.26424e+06
1785693600000,0.07057,0.07061,0.07052,0.0706,1.622553e+06
1785694500000,0.07061,0.07086,0.0706,0.07081,3.238291e+06
1785695400000,0.07082,0.07125,0.07079,0.07109,9.531741e+06
1785696300000,0.07109,0.0711,0.07079,0.07082,5.240808e+06
1785697200000,0.07082,0.07087,0.07075,0.07076,1.349878e+06
1785698100000,0.07075,0.07077,0.07066,0.07067,1.706554e+06
1785699000000,0.07066,0.07076,0.07063,0.07076,1.02137e+06
1785699900000,0.07075,0.07087,0.07072,0.07078,877950
1785700800000,0.07077,0.07078,0.07059,0.07064,4.653107e+06
1785701700000,0.07064,0.07067,0.07057,0.0706,915857
1785702600000,0.0706,0.07063,0.0705,0.07053,1.445509e+06
1785703500000,0.07052,0.07063,0.07048,0.07061,1.687332e+06
1785704400000,0.07062,0.07073,0.07054,0.07068,2.814565e+06
1785705300000,0.07069,0.0708,0.07068,0.07078,829934
1785706200000,0.07079,0.07097,0.07068,0.0709,1.933022e+06
1785707100000,0.07091,0.07099,0.07067,0.07079,5.12864e+06
1785708000000,0.07079,0.07135,0.07079,0.07118,1.4113243e+07
1785708900000,0.07117,0.07147,0.07102,0.07104,1.0607419e+07
1785709800000,0.07104,0.07111,0.07073,0.0709,3.777904e+06
1785710700000,0.0709,0.07092,0.07076,0.07079,1.69463e+06
1785711600000,0.07078,0.07081,0.07056,0.07057,3.499329e+06
1785712500000,0.07056,0.0708,0.07054,0.0708,5.532793e+06
1785713400000,0.0708,0.0708,0.07068,0.07072,1.831259e+06
1785714300000,0.07071,0.07082,0.07067,0.07081,2.599639e+06
1785715200000,0.07082,0.07095,0.0706,0.07064,2.983289e+06
1785716100000,0.07065,0.07068,0.07028,0.07038,4.326567e+06
1785717000000,0.07038,0.0705,0.07028,0.07036,2.995607e+06
1785717900000,0.07037,0.07038,0.07019,0.07023,2.968252e+06
1785718800000,0.07023,0.07026,0.07008,0.07014,1.52775e+06
1785719700000,0.07013,0.07014,0.07002,0.0701,2.410035e+06
1785720600000,0.07009,0.07015,0.07002,0.07007,1.279248e+06
1785721500000,0.07008,0.07013,0.07003,0.07008,1.529434e+06
1785722400000,0.07008,0.07011,0.06997,0.07005,4.177436e+06
1785723300000,0.07006,0.07026,0.07004,0.07008,2.865429e+06
1785724200000,0.07009,0.0702,0.07006,0.07014,899094
1785725100000,0.07014,0.07018,0.07001,0.07006,1.914596e+06
1785726000000,0.07005,0.07011,0.06997,0.07002,932934
1785726900000,0.07001,0.07008,0.06999,0.07005,1.817789e+06
1785727800000,0.07004,0.07005,0.06999,0.07003,2.168536e+06
1785728700000,0.07003,0.07003,0.06964,0.06981,5.196848e+06
1785729600000,0.0698,0.06994,0.06976,0.06987,4.857811e+06
1785730500000,0.06988,0.07003,0.06986,0.06997,3.975972e+06
1785731400000,0.06997,0.07003,0.06994,0.07003,2.772815e+06
1785732300000,0.07003,0.07003,0.06975,0.06975,1.479031e+06
1785733200000,0.06975,0.06996,0.06972,0.06995,1.047345e+06
1785734100000,0.06995,0.06996,0.06976,0.06976,4.941111e+06
1785735000000,0.06975,0.06981,0.06966,0.06976,1.857488e+06
1785735900000,0.06976,0.06987,0.06971,0.06987,7.340346e+06
1785736800000,0.06987,0.06991,0.06973,0.06979,8.495829e+06
1785737700000,0.06979,0.06979,0.06967,0.06969,6.973963e+06
1785738600000,0.06969,0.06972,0.06947,0.06947,3.67752e+06
1785739500000,0.06946,0.06962,0.06931,0.06945,5.074626e+06
1785740400000,0.06944,0.06947,0.06902,0.06914,1.3710211e+07
1785741300000,0.06914,0.06931,0.06904,0.06931,3.527651e+06
1785742200000,0.0693,0.06938,0.06926,0.06926,4.050809e+06
1785743100000,0.06927,0.06935,0.06926,0.0693,6.185792e+06
1785744000000,0.06929,0.06933,0.0692,0.06926,6.035789e+06
1785744900000,0.06926,0.06926,0.069,0.06906,6.802411e+06
1785745800000,0.06907,0.06927,0.06902,0.06927,4.410135e+06
1785746700000,0.06927,0.06937,0.06927,0.06934,2.857948e+06
1785747600000,0.06934,0.06942,0.06929,0.06939,2.827827e+06
1785748500000,0.06939,0.06949,0.06938,0.06945,1.667443e+06
1785749400000,0.06946,0.06953,0.06943,0.06952,2.884762e+06
1785750300000,0.06952,0.0698,0.06949,0.06972,3.623497e+06
1785751200000,0.06972,0.0698,0.06965,0.06966,6.051065e+06
1785752100000,0.06966,0.06971,0.06945,0.06945,6.464438e+06
1785753000000,0.06945,0.06962,0.06939,0.06959,2.398742e+06
1785753900000,0.06958,0.06959,0.06942,0.06954,1.590382e+06
1785754800000,0.06954,0.06954,0.06931,0.0694,2.451727e+06
1785755700000,0.0694,0.06951,0.06936,0.06943,898279
1785756600000,0.06942,0.06956,0.06941,0.06951,471221
1785757500000,0.0695,0.06953,0.06932,0.06934,2.090833e+06
1785758400000,0.06934,0.06964,0.06925,0.06949,1.315925e+07
1785759300000,0.06949,0.0696,0.06947,0.06951,1.12158e+06
1785760200000,0.0695,0.06962,0.0695,0.06962,1.076626e+06
1785761100000,0.06963,0.06965,0.06952,0.06956,1.521777e+06
1785762000000,0.06956,0.06963,0.06953,0.0696,3.576918e+06
1785762900000,0.06961,0.06994,0.06958,0.0697,4.139436e+06
1785763800000,0.0697,0.07008,0.06955,0.07006,7.125845e+06
1785764700000,0.07005,0.07047,0.06993,0.07039,1.9209105e+07
1785765600000,0.07038,0.07043,0.07021,0.07023,8.850415e+06
1785766500000,0.07023,0.07055,0.07009,0.07047,1.0467826e+07
1785767400000,0.07048,0.07051,0.07032,0.07038,7.234197e+06
1785768300000,0.07038,0.07051,0.07024,0.07048,3.482847e+06
1785769200000,0.07047,0.07048,0.0702,0.07031,3.438887e+06
1785770100000,0.07031,0.07047,0.07019,0.07034,4.561876e+06
1785771000000,0.07033,0.07048,0.07027,0.07037,4.829e+06
1785771900000,0.07038,0.07059,0.07036,0.07049,5.193046e+06
1785772800000,0.07049,0.07059,0.07035,0.07046,1.589603e+06
1785773700000,0.07046,0.07059,0.07043,0.07047,1.907254e+06
1785774600000,0.07047,0.07047,0.07013,0.07029,5.992004e+06
1785775500000,0.0703,0.07038,0.07027,0.07033,1.07345e+06
1785776400000,0.07034,0.07043,0.07026,0.07042,1.777696e+06
1785777300000,0.07043,0.07062,0.07032,0.07034,4.928523e+06
1785778200000,0.07035,0.07043,0.07031,0.07036,826981
1785779100000,0.07037,0.07043,0.07022,0.07032,2.586955e+06
1785780000000,0.07033,0.07049,0.07032,0.07048,642467
1785780900000,0.07047,0.07048,0.07028,0.07028,1.494443e+06
1785781800000,0.07029,0.07039,0.07028,0.07038,864382
1785782700000,0.07039,0.0705,0.07033,0.07044,1.072743e+06
1785783600000,0.07044,0.07048,0.07036,0.07047,1.224766e+06
1785784500000,0.07047,0.0705,0.07042,0.07042,504919
1785785400000,0.07043,0.07053,0.07034,0.07042,2.176308e+06
1785786300000,0.07041,0.07044,0.07026,0.07029,769313
1785787200000,0.07028,0.07038,0.07025,0.07036,761368
1785788100000,0.07037,0.07046,0.07035,0.07043,994489
1785789000000,0.07043,0.07054,0.07043,0.07052,810681
1785789900000,0.07053,0.07053,0.07043,0.07052,1.456849e+06
1785790800000,0.07052,0.07055,0.07041,0.07043,1.093175e+06
1785791700000,0.07044,0.07048,0.07036,0.07048,1.284057e+06
1785792600000,0.07049,0.07055,0.07045,0.07051,1.348414e+06
1785793500000,0.0705,0.07051,0.07044,0.07049,1.66343e+06
1785794400000,0.07049,0.07049,0.07018,0.07033,3.240542e+06
1785795300000,0.07034,0.07043,0.07023,0.07025,529363
1785796200000,0.07024,0.07024,0.07012,0.07015,1.160536e+06
1785797100000,0.07015,0.07027,0.07015,0.07025,604330
1785798000000,0.07025,0.07025,0.07016,0.0702,1.812893e+06
1785798900000,0.0702,0.07032,0.0702,0.07026,3.399587e+06
1785799800000,0.07026,0.07026,0.07014,0.07018,1.156887e+06
1785800700000,0.07017,0.07023,0.07016,0.07023,1.319834e+06
1785801600000,0.07022,0.07027,0.07011,0.07019,2.231029e+06
1785802500000,0.07019,0.07022,0.07001,0.07007,2.701575e+06
1785803400000,0.07007,0.07009,0.06991,0.07002,2.830406e+06
1785804300000,0.07002,0.07018,0.06996,0.06998,4.834885e+06
1785805200000,0.06999,0.07007,0.06996,0.07002,943126
1785806100000,0.07003,0.07015,0.06998,0.07006,3.355931e+06
1785807000000,0.07006,0.07054,0.07006,0.07042,4.294635e+06
1785807900000,0.07042,0.07055,0.07036,0.0705,1.862924e+06
1785808800000,0.0705,0.07055,0.07041,0.07041,6.204791e+06
1785809700000,0.07042,0.07049,0.07024,0.07042,2.235907e+06
1785810600000,0.07042,0.07066,0.07041,0.07052,2.240152e+06
1785811500000,0.07051,0.07055,0.07043,0.07044,1.408214e+06
1785812400000,0.07043,0.07049,0.07032,0.07032,1.215762e+06
1785813300000,0.07032,0.07041,0.07027,0.0704,863289
1785814200000,0.0704,0.07049,0.07035,0.07036,1.296798e+06
1785815100000,0.07036,0.07042,0.07028,0.07029,512874
1785816000000,0.07029,0.07031,0.0702,0.0703,1.044963e+06
1785816900000,0.07031,0.07048,0.07029,0.07037,794099
1785817800000,0.07036,0.07048,0.07035,0.07045,807395
1785818700000,0.07044,0.0706,0.07036,0.07036,2.367369e+06
1785819600000,0.07036,0.07038,0.07021,0.07021,544249
1785820500000,0.07022,0.0703,0.07021,0.07027,1.200472e+06
1785821400000,0.07027,0.07033,0.07025,0.07028,1.011769e+06
1785822300000,0.07029,0.07031,0.07022,0.07031,373774
1785823200000,0.07031,0.07036,0.07026,0.07031,1.615575e+06
1785824100000,0.07031,0.07045,0.07026,0.07026,1.836828e+06
1785825000000,0.07026,0.0703,0.0701,0.07012,1.664014e+06
1785825900000,0.07011,0.07026,0.07011,0.07021,3.447101e+06
1785826800000,0.07021,0.07022,0.07008,0.07009,945817
1785827700000,0.07009,0.07023,0.07001,0.07023,1.358025e+06
1785828600000,0.07022,0.07042,0.07021,0.07022,1.739951e+06
1785829500000,0.07021,0.07033,0.07021,0.07028,2.666346e+06
1785830400000,0.07029,0.07033,0.07019,0.0702,1.423737e+06
1785831300000,0.07021,0.07025,0.07016,0.07018,2.540765e+06
1785832200000,0.07018,0.07018,0.07007,0.07018,1.221206e+06
1785833100000,0.07017,0.07018,0.0701,0.07013,674612
1785834000000,0.07014,0.07014,0.07003,0.07008,6.291194e+06
1785834900000,0.07007,0.07014,0.07004,0.07011,2.03452e+06
1785835800000,0.0701,0.07023,0.07009,0.07017,1.675703e+06
1785836700000,0.07018,0.0702,0.07013,0.07019,2.410546e+06
1785837600000,0.07019,0.0702,0.07008,0.07008,1.01804e+06
1785838500000,0.07008,0.07014,0.07005,0.07006,1.776663e+06
1785839400000,0.07007,0.07033,0.07006,0.07032,1.433193e+06
1785840300000,0.07031,0.07048,0.07028,0.07037,2.793566e+06
1785841200000,0.07038,0.07048,0.07032,0.07033,1.707504e+06
1785842100000,0.07034,0.07039,0.07027,0.07032,1.166044e+06
1785843000000,0.07031,0.07046,0.07026,0.07043,1.29814e+06
1785843900000,0.07043,0.07071,0.07042,0.07059,5.123865e+06
1785844800000,0.07058,0.07059,0.07048,0.0705,2.632448e+06
1785845700000,0.07049,0.07052,0.07044,0.07045,1.216875e+06
1785846600000,0.07046,0.0706,0.07039,0.07047,3.274082e+06
1785847500000,0.07047,0.07049,0.07038,0.07049,1.116906e+06
1785848400000,0.07048,0.07052,0.0704,0.07041,1.544453e+06
1785849300000,0.07041,0.07051,0.07028,0.07034,3.202584e+06
1785850200000,0.07034,0.07054,0.07027,0.07044,1.875549e+06
1785851100000,0.07043,0.07043,0.07014,0.07016,7.127273e+06
1785852000000,0.07017,0.07026,0.06998,0.07007,3.954444e+06
1785852900000,0.07007,0.07011,0.06978,0.06997,8.822134e+06
1785853800000,0.06998,0.07031,0.06994,0.07023,3.329052e+06
1785854700000,0.07022,0.07026,0.07011,0.07016,1.597338e+06
1785855600000,0.07017,0.07028,0.07009,0.0702,2.383997e+06
1785856500000,0.0702,0.07023,0.06997,0.07001,2.06484e+06
1785857400000,0.07002,0.07028,0.07,0.07026,2.187785e+06
1785858300000,0.07026,0.07041,0.07019,0.07024,2.072326e+06
1785859200000,0.07025,0.07026,0.07005,0.07013,1.168643e+06
1785860100000,0.07013,0.07042,0.0701,0.07024,3.297726e+06
1785861000000,0.07023,0.07028,0.07016,0.07021,1.278311e+06
1785861900000,0.07022,0.07036,0.0702,0.07036,1.305335e+06
1785862800000,0.07036,0.07058,0.07034,0.07042,4.974957e+06
1785863700000,0.07041,0.07047,0.0703,0.07043,1.624033e+06
1785864600000,0.07043,0.07044,0.07031,0.07036,1.23184e+06
1785865500000,0.07037,0.07039,0.07019,0.07022,1.440608e+06
1785866400000,0.07021,0.07046,0.0702,0.07046,1.323816e+06
1785867300000,0.07046,0.07066,0.07044,0.07052,4.467109e+06
1785868200000,0.07053,0.07054,0.07035,0.0704,1.409273e+06
1785869100000,0.0704,0.07046,0.07039,0.07041,693746
1785870000000,0.07042,0.07046,0.07038,0.07046,1.268716e+06
1785870900000,0.07046,0.07048,0.07035,0.07039,897895
1785871800000,0.07039,0.07055,0.07038,0.07046,3.1513e+06
1785872700000,0.07047,0.07048,0.07041,0.07046,2.051226e+06
1785873600000,0.07046,0.07046,0.07031,0.0704,2.218341e+06
1785874500000,0.07039,0.07039,0.07012,0.07025,2.880175e+06
1785875400000,0.07026,0.07056,0.07026,0.07047,3.708649e+06
1785876300000,0.07046,0.07046,0.07037,0.07039,875065
1785877200000,0.07039,0.07039,0.07023,0.07024,818218
1785878100000,0.07024,0.07033,0.07019,0.07027,593854
1785879000000,0.07026,0.07033,0.07023,0.0703,3.27506e+06
1785879900000,0.07029,0.07036,0.07021,0.07031,2.210228e+06
1785880800000,0.07031,0.07033,0.07021,0.07031,1.159774e+06
1785881700000,0.0703,0.0704,0.07028,0.07037,669982
1785882600000,0.07036,0.07038,0.07034,0.07034,332076
1785883500000,0.07035,0.07042,0.07032,0.0704,440125
1785884400000,0.07041,0.07052,0.07032,0.07049,3.399026e+06
1785885300000,0.07049,0.07055,0.07022,0.07024,3.082649e+06
1785886200000,0.07023,0.0703,0.07012,0.07018,4.300888e+06
1785887100000,0.07018,0.0702,0.07006,0.07007,4.381635e+06
1785888000000,0.07006,0.07009,0.06991,0.06996,5.50274e+06
1785888900000,0.06997,0.06999,0.06985,0.06994,2.351766e+06
1785889800000,0.06995,0.07014,0.0699,0.06995,3.310908e+06
1785890700000,0.06995,0.06998,0.06981,0.06986,2.964321e+06
1785891600000,0.06986,0.06997,0.06972,0.06993,2.713385e+06
1785892500000,0.06994,0.07004,0.06989,0.07002,938487
1785893400000,0.07003,0.07024,0.07002,0.07015,1.345978e+06
1785894300000,0.07015,0.07031,0.07015,0.07024,3.632431e+06
1785895200000,0.07024,0.0704,0.07021,0.07028,3.274473e+06
1785896100000,0.07028,0.07028,0.07011,0.07025,4.324765e+06
1785897000000,0.07025,0.07039,0.07021,0.07038,1.032275e+06
1785897900000,0.07038,0.07044,0.07024,0.07025,3.309745e+06
1785898800000,0.07024,0.07032,0.06997,0.07,2.980823e+06
1785899700000,0.06999,0.07,0.06964,0.06971,9.113721e+06
1785900600000,0.0697,0.06987,0.06969,0.06974,2.34166e+06
1785901500000,0.06974,0.06985,0.06974,0.06979,1.862565e+06
1785902400000,0.06979,0.06981,0.0697,0.06979,2.314685e+06
1785903300000,0.06979,0.0699,0.06977,0.06989,2.214076e+06
1785904200000,0.0699,0.06997,0.06988,0.06989,436008
1785905100000,0.06989,0.0699,0.0698,0.06985,1.138927e+06
1785906000000,0.06985,0.07003,0.06983,0.06999,1.112953e+06
1785906900000,0.07,0.07016,0.06997,0.0701,3.060212e+06
1785907800000,0.0701,0.0701,0.06998,0.07003,1.380703e+06
1785908700000,0.07003,0.07004,0.06987,0.06996,3.041677e+06
1785909600000,0.06995,0.06995,0.06988,0.0699,1.541273e+06
1785910500000,0.06989,0.06991,0.06976,0.06983,1.979825e+06
1785911400000,0.06983,0.06992,0.0698,0.06983,1.028355e+06
1785912300000,0.06983,0.06985,0.06979,0.06983,1.514512e+06
1785913200000,0.06983,0.06989,0.06971,0.06975,2.513456e+06
1785914100000,0.06974,0.06974,0.06961,0.06965,2.221507e+06
1785915000000,0.06965,0.06972,0.06962,0.06966,1.50359e+06
1785915900000,0.06966,0.06986,0.06966,0.06986,868399
1785916800000,0.06987,0.06991,0.06979,0.06982,1.258242e+06
1785917700000,0.06981,0.06994,0.06977,0.06992,931267
1785918600000,0.06992,0.07001,0.06983,0.06984,1.779864e+06
1785919500000,0.06985,0.06993,0.0698,0.0699,2.037501e+06
1785920400000,0.06991,0.06996,0.06987,0.06993,955968
1785921300000,0.06993,0.06999,0.06989,0.06992,1.458379e+06
1785922200000,0.06993,0.06998,0.06989,0.06992,715300
1785923100000,0.06991,0.06992,0.06983,0.06984,1.702684e+06
1785924000000,0.06983,0.06984,0.06971,0.06976,5.075721e+06
1785924900000,0.06976,0.06988,0.06969,0.06986,1.296982e+06
1785925800000,0.06985,0.06993,0.0698,0.06986,2.362727e+06
1785926700000,0.06987,0.06988,0.06963,0.06969,3.331895e+06
1785927600000,0.06969,0.0699,0.06969,0.06985,1.880841e+06
1785928500000,0.06984,0.06987,0.06979,0.06983,1.482495e+06
1785929400000,0.06982,0.0699,0.0698,0.06983,935903
1785930300000,0.06982,0.06987,0.06977,0.06983,496479
1785931200000,0.06983,0.06998,0.0698,0.06993,2.041736e+06
1785932100000,0.06992,0.07028,0.06991,0.07017,8.11555e+06
1785933000000,0.07018,0.0702,0.07006,0.07008,958834
1785933900000,0.07007,0.07009,0.06995,0.06996,1.285124e+06
1785934800000,0.06995,0.07004,0.06984,0.06992,1.44663e+06
1785935700000,0.06992,0.06997,0.06981,0.06984,943743
1785936600000,0.06984,0.06984,0.06928,0.06966,1.5461992e+07
1785937500000,0.06967,0.06986,0.06956,0.06984,5.931541e+06
1785938400000,0.06983,0.07004,0.06973,0.07,3.130828e+06
1785939300000,0.07001,0.07007,0.06975,0.06982,2.978968e+06
1785940200000,0.06981,0.06992,0.06975,0.0699,1.845551e+06
1785941100000,0.06991,0.07006,0.0698,0.06997,3.256533e+06
1785942000000,0.06998,0.07014,0.06996,0.06998,3.15138e+06
1785942900000,0.06997,0.06997,0.06977,0.0699,5.140868e+06
1785943800000,0.0699,0.07008,0.0699,0.06993,1.758193e+06
1785944700000,0.06993,0.06996,0.0697,0.0697,2.471134e+06
1785945600000,0.0697,0.06995,0.06969,0.06995,2.682793e+06
1785946500000,0.06996,0.07036,0.06992,0.07028,9.557396e+06
1785947400000,0.07029,0.07034,0.07021,0.07025,2.726994e+06
1785948300000,0.07025,0.07025,0.07008,0.07011,1.541514e+06
1785949200000,0.07012,0.0702,0.07,0.07003,3.123589e+06
1785950100000,0.07002,0.07006,0.06996,0.07002,873206
1785951000000,0.07002,0.07032,0.06999,0.07024,4.233054e+06
1785951900000,0.07025,0.07043,0.07021,0.07028,4.401126e+06
1785952800000,0.07029,0.0703,0.0701,0.07026,2.543826e+06
1785953700000,0.07027,0.07047,0.0702,0.07029,2.615805e+06
1785954600000,0.07028,0.07041,0.07019,0.07037,1.251011e+06
1785955500000,0.07038,0.07038,0.07018,0.07021,754517
1785956400000,0.0702,0.07031,0.07017,0.07025,2.015773e+06
1785957300000,0.07026,0.07036,0.0702,0.07031,2.972544e+06
1785958200000,0.07031,0.07043,0.07028,0.07037,1.01965e+06
1785959100000,0.07037,0.07037,0.07023,0.07024,1.600056e+06
1785960000000,0.07024,0.07032,0.07011,0.07028,5.097745e+06
1785960900000,0.07027,0.07047,0.07026,0.07037,4.438846e+06
1785961800000,0.07038,0.07056,0.07033,0.07056,3.003987e+06
1785962700000,0.07055,0.07055,0.07034,0.07034,2.00838e+06
1785963600000,0.07034,0.07036,0.07015,0.07029,3.459077e+06
1785964500000,0.07028,0.0703,0.07014,0.07017,787993
1785965400000,0.07017,0.07022,0.07001,0.0701,3.36748e+06
1785966300000,0.0701,0.07015,0.07006,0.07008,1.116427e+06
1785967200000,0.07009,0.07014,0.07001,0.0701,3.893172e+06
1785968100000,0.0701,0.07019,0.07005,0.07011,2.946512e+06
1785969000000,0.07011,0.07016,0.07004,0.07005,2.18587e+06
1785969900000,0.07005,0.07011,0.07,0.07,1.891521e+06
1785970800000,0.07,0.07004,0.0699,0.06998,2.170766e+06
1785971700000,0.06998,0.07006,0.06995,0.07004,1.304419e+06
1785972600000,0.07003,0.07009,0.07001,0.07005,800170
1785973500000,0.07005,0.07009,0.06997,0.07004,1.201683e+06
1785974400000,0.07005,0.07009,0.07,0.07001,652467
1785975300000,0.07002,0.07016,0.07002,0.07013,1.614206e+06
1785976200000,0.07013,0.07018,0.07004,0.07004,526360
1785977100000,0.07004,0.07014,0.07002,0.0701,509358
1785978000000,0.07009,0.0701,0.06996,0.06999,830690
1785978900000,0.06999,0.07,0.06977,0.06984,2.611611e+06
1785979800000,0.06984,0.06989,0.06978,0.0698,1.381538e+06
1785980700000,0.0698,0.0699,0.06971,0.06971,2.629414e+06
1785981600000,0.06971,0.06987,0.06961,0.06972,4.765739e+06
1785982500000,0.06972,0.06975,0.06957,0.06962,2.304746e+06
1785983400000,0.06962,0.06975,0.06957,0.06973,1.647785e+06
1785984300000,0.06973,0.06978,0.06968,0.06971,1.749724e+06
1785985200000,0.0697,0.0697,0.06962,0.06967,2.89202e+06
1785986100000,0.06967,0.06971,0.06962,0.06971,2.211881e+06
1785987000000,0.06971,0.06972,0.0696,0.0696,3.351837e+06
1785987900000,0.06961,0.0697,0.0696,0.06966,1.823092e+06
1785988800000,0.06966,0.06968,0.06948,0.06968,3.595427e+06
1785989700000,0.06968,0.06985,0.06967,0.0698,1.640462e+06
1785990600000,0.06981,0.06985,0.06974,0.06975,1.154776e+06
1785991500000,0.06975,0.06984,0.0697,0.06983,1.042285e+06
1785992400000,0.06984,0.07017,0.06982,0.07006,1.977977e+06
1785993300000,0.07006,0.07014,0.06994,0.06995,1.085332e+06
1785994200000,0.06995,0.07,0.06994,0.06998,1.027282e+06
1785995100000,0.06998,0.07001,0.06992,0.07001,695032
1785996000000,0.07001,0.07002,0.06981,0.06982,1.491097e+06
1785996900000,0.06983,0.0699,0.06973,0.06989,1.198601e+06
1785997800000,0.0699,0.06995,0.06987,0.06993,1.463843e+06
1785998700000,0.06994,0.06994,0.0699,0.06993,821544
1785999600000,0.06992,0.06997,0.06988,0.06997,1.860063e+06
1786000500000,0.06998,0.07002,0.06994,0.06994,645268
1786001400000,0.06994,0.06995,0.06977,0.06979,774399
1786002300000,0.06979,0.06988,0.06978,0.0698,722812
1786003200000,0.06981,0.06983,0.06972,0.06973,953966
1786004100000,0.06972,0.06985,0.06968,0.06985,1.083582e+06
1786005000000,0.06985,0.06994,0.06981,0.06991,883471
1786005900000,0.0699,0.07006,0.0699,0.06997,1.719308e+06
1786006800000,0.06998,0.06999,0.06944,0.06949,5.175002e+06
1786007700000,0.06949,0.06953,0.06938,0.06943,5.916806e+06
1786008600000,0.06943,0.06943,0.06896,0.06906,1.1826661e+07
1786009500000,0.06907,0.06914,0.0689,0.06906,1.0106279e+07
1786010400000,0.06906,0.06913,0.06886,0.06894,9.796763e+06
1786011300000,0.06893,0.06912,0.06881,0.06911,6.24117e+06
1786012200000,0.06911,0.06911,0.06902,0.06906,2.492067e+06
1786013100000,0.06905,0.0691,0.06902,0.06905,2.641363e+06
1786014000000,0.06906,0.06907,0.0689,0.06905,2.597738e+06
1786014900000,0.06905,0.06916,0.06905,0.06914,2.05369e+06
1786015800000,0.06915,0.06927,0.06915,0.06925,942626
1786016700000,0.06925,0.06925,0.06914,0.06917,1.954964e+06
1786017600000,0.06917,0.06917,0.069,0.06902,1.667308e+06
1786018500000,0.06902,0.06913,0.06899,0.06911,1.348195e+06
1786019400000,0.06912,0.06914,0.06904,0.06904,1.020223e+06
1786020300000,0.06905,0.06905,0.06881,0.06887,3.12291e+06
1786021200000,0.06887,0.06892,0.0685,0.06858,1.2325766e+07
1786022100000,0.06859,0.06866,0.06851,0.06863,3.591475e+06
1786023000000,0.06862,0.06882,0.06822,0.06878,1.1578355e+07
1786023900000,0.06879,0.06887,0.06871,0.0688,2.871762e+06
1786024800000,0.0688,0.06891,0.06871,0.06884,4.535183e+06
1786025700000,0.06884,0.069,0.0688,0.06883,3.045328e+06
1786026600000,0.06882,0.06921,0.06873,0.06916,6.203771e+06
1786027500000,0.06917,0.06917,0.069,0.06911,4.170813e+06
1786028400000,0.06911,0.06927,0.06908,0.06916,2.156439e+06
1786029300000,0.06916,0.06923,0.06904,0.06917,8.855749e+06
1786030200000,0.06916,0.06923,0.06907,0.06909,2.48128e+06
1786031100000,0.0691,0.06927,0.06902,0.06903,3.904025e+06
1786032000000,0.06902,0.06918,0.06897,0.06899,2.403155e+06
1786032900000,0.06899,0.06915,0.06896,0.06914,2.858729e+06
1786033800000,0.06915,0.06938,0.06913,0.06934,2.57625e+06
1786034700000,0.06934,0.06938,0.06928,0.06933,2.167517e+06
1786035600000,0.06934,0.0694,0.06926,0.06931,1.247282e+06
1786036500000,0.0693,0.06936,0.06922,0.06922,2.632624e+06
1786037400000,0.06921,0.06925,0.06899,0.06907,1.374114e+06
1786038300000,0.06908,0.06915,0.06902,0.06911,609427
1786039200000,0.0691,0.0691,0.06887,0.06902,2.155233e+06
1786040100000,0.06902,0.06916,0.06896,0.06907,817853
1786041000000,0.06906,0.06906,0.06879,0.06881,1.305298e+06
1786041900000,0.06882,0.06887,0.06865,0.06872,2.638823e+06
1786042800000,0.06872,0.06884,0.0687,0.06878,874398
1786043700000,0.06878,0.06886,0.06871,0.06875,901461
1786044600000,0.06875,0.06884,0.06872,0.06882,838442
1786045500000,0.06883,0.06885,0.06874,0.06875,1.320516e+06
1786046400000,0.06875,0.06884,0.06874,0.06883,1.55757e+06
1786047300000,0.06884,0.06884,0.06874,0.0688,1.899553e+06
1786048200000,0.0688,0.06896,0.06877,0.06896,2.935026e+06
1786049100000,0.06896,0.06896,0.06892,0.06892,1.564375e+06
1786050000000,0.06891,0.06912,0.06891,0.06909,8.160323e+06
1786050900000,0.06908,0.06911,0.06891,0.06903,3.60684e+06
1786051800000,0.06903,0.06906,0.0689,0.06903,2.276297e+06
1786052700000,0.06903,0.06913,0.069,0.06911,452666
1786053600000,0.06911,0.06913,0.06902,0.06911,702888
1786054500000,0.06911,0.06912,0.06888,0.06894,1.237782e+06
1786055400000,0.06894,0.06899,0.06892,0.06894,238864
1786056300000,0.06894,0.06903,0.06892,0.06902,832427
1786057200000,0.06902,0.06904,0.06897,0.069,476811
1786058100000,0.069,0.06902,0.06888,0.06891,2.839468e+06
1786059000000,0.06891,0.06896,0.06887,0.06891,796537
1786059900000,0.0689,0.06909,0.0689,0.06909,1.158821e+06
1786060800000,0.06909,0.06926,0.06906,0.06909,2.427046e+06
1786061700000,0.06909,0.06912,0.06899,0.0691,646695
1786062600000,0.0691,0.0692,0.06904,0.0692,1.031366e+06
1786063500000,0.0692,0.06932,0.06918,0.06927,2.62137e+06
1786064400000,0.06928,0.06948,0.06928,0.06933,2.173734e+06
1786065300000,0.06933,0.06941,0.06923,0.06937,2.79327e+06
1786066200000,0.06937,0.0694,0.06912,0.06922,2.395135e+06
1786067100000,0.06921,0.06931,0.0692,0.06928,1.659529e+06
1786068000000,0.06928,0.06935,0.06906,0.06934,1.404092e+06
1786068900000,0.06935,0.06949,0.06923,0.06924,2.896091e+06
1786069800000,0.06923,0.06927,0.0691,0.06919,1.822964e+06
1786070700000,0.06919,0.06934,0.06915,0.06928,989827
1786071600000,0.06928,0.06944,0.06922,0.06933,2.642437e+06
1786072500000,0.06934,0.06937,0.06925,0.06926,1.463434e+06
1786073400000,0.06926,0.06934,0.06918,0.0692,1.432453e+06
1786074300000,0.06919,0.06925,0.06905,0.06905,1.721871e+06
1786075200000,0.06905,0.06913,0.06895,0.06904,1.152537e+06
1786076100000,0.06905,0.06922,0.06903,0.06908,3.574071e+06
1786077000000,0.06908,0.06913,0.06902,0.06909,1.064546e+06
1786077900000,0.06908,0.06911,0.06892,0.06903,1.355756e+06
1786078800000,0.06904,0.06913,0.06898,0.06907,1.508545e+06
1786079700000,0.06907,0.0691,0.06893,0.06901,1.729059e+06
1786080600000,0.06901,0.06906,0.06883,0.06905,2.899564e+06
1786081500000,0.06905,0.06926,0.06903,0.06921,991779
1786082400000,0.0692,0.06933,0.06918,0.06932,2.966734e+06
1786083300000,0.06932,0.06951,0.0693,0.06936,3.489875e+06
1786084200000,0.06937,0.06944,0.06873,0.06916,1.18555782e+08
1786085100000,0.06917,0.06924,0.06911,0.06918,7.01425e+06
1786086000000,0.06919,0.06929,0.06912,0.06929,4.4147e+06
1786086900000,0.06929,0.06936,0.06926,0.06926,4.42352e+06
1786087800000,0.06926,0.06929,0.06922,0.06926,1.958514e+06
1786088700000,0.06926,0.06933,0.06925,0.0693,1.45267e+06
1786089600000,0.06929,0.06942,0.06928,0.06941,2.991059e+06
1786090500000,0.0694,0.06942,0.06933,0.0694,2.26217e+06
1786091400000,0.0694,0.06951,0.06933,0.06949,5.075235e+06
1786092300000,0.06948,0.06948,0.06936,0.06939,1.205229e+06
1786093200000,0.0694,0.06949,0.06939,0.06945,1.118637e+06
1786094100000,0.06945,0.06959,0.06944,0.06948,4.326487e+06
1786095000000,0.06948,0.0696,0.06946,0.06955,3.22175e+06
1786095900000,0.06956,0.06958,0.0695,0.06958,1.286178e+06
1786096800000,0.06958,0.06964,0.06956,0.0696,1.41714e+06
1786097700000,0.06961,0.06962,0.06952,0.06958,1.476782e+06
1786098600000,0.06957,0.06957,0.0695,0.06951,1.26525e+06
1786099500000,0.0695,0.06953,0.06945,0.06948,2.589656e+06
1786100400000,0.06948,0.06955,0.06947,0.06951,2.167285e+06
1786101300000,0.06952,0.06969,0.06945,0.06963,3.737072e+06
1786102200000,0.06964,0.06965,0.06956,0.06957,949242
1786103100000,0.06956,0.06961,0.06954,0.0696,967274
1786104000000,0.06961,0.07007,0.06958,0.06991,6.804705e+06
1786104900000,0.06991,0.07006,0.06986,0.07006,6.670698e+06
1786105800000,0.07005,0.07034,0.06985,0.06997,1.552941e+07
1786106700000,0.06998,0.07008,0.06995,0.07007,4.949909e+06
1786107600000,0.07007,0.07019,0.07,0.07,4.135476e+06
1786108500000,0.07,0.07011,0.06995,0.07002,1.71203e+06
1786109400000,0.07003,0.07023,0.06996,0.07018,3.222187e+06
1786110300000,0.07017,0.07024,0.07,0.07005,1.701629e+07
1786111200000,0.07005,0.07012,0.06979,0.06979,4.914809e+06
1786112100000,0.06979,0.07018,0.06971,0.07014,3.84666e+06
1786113000000,0.07014,0.07017,0.06988,0.06988,5.73152e+06
1786113900000,0.06988,0.06992,0.06958,0.06973,3.396468e+06
1786114800000,0.06973,0.0699,0.06967,0.0698,1.511163e+06
1786115700000,0.0698,0.06984,0.06974,0.06983,1.776969e+06
1786116600000,0.06983,0.06999,0.06983,0.06996,1.255204e+06
1786117500000,0.06995,0.07005,0.06989,0.06996,4.470967e+06
1786118400000,0.06996,0.07015,0.06996,0.07013,1.502024e+06
1786119300000,0.07013,0.07014,0.06989,0.0699,2.328634e+06
1786120200000,0.0699,0.07007,0.06982,0.07005,1.322477e+06
1786121100000,0.07005,0.07005,0.06964,0.06965,1.728034e+06
1786122000000,0.06964,0.06972,0.06947,0.0695,3.307817e+06
1786122900000,0.0695,0.06954,0.06941,0.06951,3.539316e+06
1786123800000,0.06952,0.06969,0.06941,0.06967,1.588942e+06
1786124700000,0.06966,0.0697,0.06951,0.06966,826057
1786125600000,0.06966,0.06982,0.06966,0.06979,1.489641e+06
1786126500000,0.06979,0.0698,0.0697,0.0697,1.2139e+06
1786127400000,0.0697,0.06977,0.06953,0.06954,1.18866e+06
1786128300000,0.06953,0.06968,0.06953,0.06965,1.516169e+06
1786129200000,0.06965,0.06987,0.06965,0.06987,549425
1786130100000,0.06988,0.06997,0.06986,0.06987,1.493241e+06
1786131000000,0.06987,0.06991,0.06983,0.06988,926533
1786131900000,0.06988,0.06992,0.0698,0.06986,875297
1786132800000,0.06986,0.06989,0.06984,0.06987,290445
1786133700000,0.06987,0.06987,0.06979,0.06982,532515
1786134600000,0.06982,0.06982,0.06969,0.06976,2.237064e+06
1786135500000,0.06977,0.06977,0.06973,0.06974,488237
1786136400000,0.06975,0.06983,0.06974,0.06983,649867
1786137300000,0.06983,0.06989,0.06962,0.06981,3.410963e+06
1786138200000,0.0698,0.06994,0.0698,0.06981,2.26588e+06
1786139100000,0.06982,0.06985,0.06969,0.0697,386680
1786140000000,0.0697,0.06978,0.06963,0.06977,722911
1786140900000,0.06978,0.0698,0.06974,0.06977,1.003066e+06
1786141800000,0.06976,0.06977,0.06962,0.06963,435102
1786142700000,0.06964,0.0697,0.06963,0.06966,464041
1786143600000,0.06966,0.06979,0.06965,0.06976,864079
1786144500000,0.06976,0.06977,0.06967,0.06967,557326
1786145400000,0.06968,0.06972,0.06967,0.06972,469004
1786146300000,0.06971,0.06976,0.06965,0.06965,515157
1786147200000,0.06964,0.06974,0.06956,0.06971,5.219193e+06
1786148100000,0.06971,0.06976,0.06967,0.06975,685190
1786149000000,0.06974,0.06982,0.06969,0.06981,401729
1786149900000,0.06981,0.06993,0.06971,0.06974,2.99784e+06
1786150800000,0.06973,0.06987,0.06972,0.06987,373479
1786151700000,0.06987,0.06992,0.06983,0.06991,711972
1786152600000,0.06992,0.07002,0.0699,0.07001,1.331453e+06
1786153500000,0.07001,0.07001,0.06992,0.06994,1.03792e+06
1786154400000,0.06995,0.07,0.0699,0.06994,1.139825e+06
1786155300000,0.06995,0.06996,0.06988,0.06996,755033
1786156200000,0.06995,0.06997,0.06991,0.06996,632248
1786157100000,0.06995,0.06995,0.06988,0.06988,614794
1786158000000,0.06988,0.07003,0.06987,0.06996,1.810271e+06
1786158900000,0.06996,0.07007,0.06996,0.07005,1.004742e+06
1786159800000,0.07006,0.0703,0.07005,0.0702,5.707065e+06
1786160700000,0.0702,0.07039,0.0702,0.07031,3.04149e+06
1786161600000,0.07032,0.07037,0.07014,0.07016,1.822484e+06
1786162500000,0.07015,0.07017,0.0701,0.07014,3.254923e+06
1786163400000,0.07014,0.07024,0.07013,0.07017,1.955342e+06
1786164300000,0.07018,0.0702,0.07007,0.07009,889484
1786165200000,0.0701,0.07017,0.07009,0.07016,429809
1786166100000,0.07015,0.07021,0.07009,0.0701,997171
1786167000000,0.07011,0.07028,0.07009,0.07019,4.426584e+06
1786167900000,0.07019,0.07028,0.07012,0.07021,6.724686e+06
1786168800000,0.07021,0.07026,0.0702,0.07025,956645
1786169700000,0.07024,0.0703,0.0702,0.0703,1.258649e+06
1786170600000,0.0703,0.07038,0.07028,0.07032,3.206924e+06
1786171500000,0.07033,0.07038,0.07029,0.07038,2.068309e+06
1786172400000,0.07037,0.07038,0.07026,0.07029,1.483569e+06
1786173300000,0.0703,0.07033,0.07027,0.07028,380740
1786174200000,0.07029,0.0703,0.07019,0.07023,1.311896e+06
1786175100000,0.07024,0.07026,0.07022,0.07025,575364
1786176000000,0.07025,0.07027,0.07021,0.07023,727212
1786176900000,0.07023,0.07023,0.07014,0.07019,2.311025e+06
1786177800000,0.07018,0.0703,0.07018,0.07029,473654
1786178700000,0.07028,0.07043,0.07022,0.07042,3.477438e+06
1786179600000,0.07042,0.07053,0.07037,0.07038,4.219007e+06
1786180500000,0.07038,0.07051,0.07037,0.07048,1.86789e+06
1786181400000,0.07048,0.07063,0.07032,0.07035,5.76937e+06
1786182300000,0.07034,0.0704,0.07032,0.07037,1.019385e+06
1786183200000,0.07037,0.07044,0.07032,0.07032,1.276364e+06
1786184100000,0.07033,0.07036,0.07029,0.07033,1.14422e+06
1786185000000,0.07032,0.07033,0.07029,0.07031,361625
1786185900000,0.07031,0.07043,0.07029,0.07041,903091
1786186800000,0.07041,0.0705,0.07038,0.07045,2.609252e+06
1786187700000,0.07045,0.07045,0.07036,0.07043,846413
1786188600000,0.07043,0.07044,0.07031,0.07034,1.094724e+06
1786189500000,0.07034,0.07047,0.07034,0.07044,801988
1786190400000,0.07044,0.0705,0.07037,0.07047,2.660955e+06
1786191300000,0.07046,0.0705,0.0704,0.07041,605673
1786192200000,0.0704,0.07049,0.07039,0.07045,1.213983e+06
1786193100000,0.07046,0.0705,0.07042,0.07043,1.360499e+06
1786194000000,0.07044,0.07054,0.07043,0.07046,540832
1786194900000,0.07046,0.07061,0.07044,0.07055,2.355753e+06
1786195800000,0.07056,0.07061,0.0705,0.0706,4.100117e+06
1786196700000,0.07059,0.07063,0.0705,0.07051,2.11012e+06
1786197600000,0.07052,0.07056,0.07047,0.07051,1.584679e+06
1786198500000,0.07052,0.07089,0.0705,0.07086,7.209423e+06
1786199400000,0.07087,0.07126,0.07084,0.07108,1.3103211e+07
1786200300000,0.07108,0.07157,0.07108,0.07129,2.0114457e+07
1786201200000,0.07128,0.07136,0.07112,0.07114,5.597729e+06
1786202100000,0.07113,0.07113,0.07096,0.07105,5.585699e+06
1786203000000,0.07106,0.07109,0.07092,0.07106,3.666951e+06
1786203900000,0.07105,0.07124,0.071,0.07116,5.274931e+06
1786204800000,0.07116,0.07138,0.07116,0.07136,4.902035e+06
1786205700000,0.07135,0.07139,0.07116,0.0713,5.963241e+06
1786206600000,0.07131,0.07131,0.07107,0.07109,6.246403e+06
1786207500000,0.0711,0.07124,0.07108,0.07123,2.537747e+06
1786208400000,0.07124,0.07126,0.07114,0.0712,4.936181e+06
1786209300000,0.0712,0.0713,0.07118,0.07128,2.470849e+06
1786210200000,0.07128,0.07143,0.07126,0.07138,3.051574e+06
1786211100000,0.07137,0.07142,0.07122,0.07122,2.675219e+06
1786212000000,0.07123,0.07132,0.07118,0.07125,2.595493e+06
1786212900000,0.07125,0.07126,0.0709,0.07097,7.443241e+06
1786213800000,0.07096,0.07103,0.07094,0.07101,2.787477e+06
1786214700000,0.07102,0.07104,0.07093,0.07094,1.401407e+06
1786215600000,0.07094,0.07098,0.07086,0.07098,1.051408e+06
1786216500000,0.07098,0.07102,0.0709,0.07091,1.063736e+06
1786217400000,0.0709,0.07103,0.07087,0.07101,1.971842e+06
1786218300000,0.07101,0.07112,0.07098,0.07098,4.615477e+06
1786219200000,0.07098,0.07109,0.07097,0.07105,1.790269e+06
1786220100000,0.07106,0.0711,0.071,0.07104,1.725981e+06
1786221000000,0.07103,0.07111,0.071,0.07102,932827
1786221900000,0.07102,0.07106,0.071,0.07102,951138
1786222800000,0.07102,0.07105,0.07095,0.07097,1.279682e+06
1786223700000,0.07098,0.07109,0.07097,0.07106,642388
1786224600000,0.07105,0.07105,0.07093,0.07101,1.439307e+06
1786225500000,0.07101,0.07101,0.07091,0.07095,1.30524e+06
1786226400000,0.07096,0.071,0.0707,0.07073,3.890574e+06
1786227300000,0.07073,0.07078,0.07069,0.0707,1.479257e+06
1786228200000,0.07071,0.07072,0.07056,0.07061,3.055656e+06
1786229100000,0.07061,0.07064,0.07047,0.07051,2.464e+06
1786230000000,0.07051,0.07051,0.07031,0.07033,5.008358e+06
1786230900000,0.07033,0.07043,0.07025,0.07037,2.575299e+06
1786231800000,0.07036,0.07049,0.07034,0.07047,1.443413e+06
1786232700000,0.07046,0.07048,0.07042,0.07043,657267
1786233600000,0.07042,0.07048,0.0704,0.07044,1.226135e+06
1786234500000,0.07043,0.07043,0.07034,0.07034,857105
1786235400000,0.07034,0.07042,0.07032,0.07041,1.225559e+06
1786236300000,0.07041,0.07042,0.07028,0.07041,1.014177e+06
1786237200000,0.0704,0.07053,0.0703,0.07032,3.303837e+06
1786238100000,0.07032,0.07033,0.07002,0.07005,5.040283e+06
1786239000000,0.07004,0.0701,0.06996,0.07008,5.931779e+06
1786239900000,0.07008,0.0701,0.06997,0.07003,5.713813e+06
1786240800000,0.07002,0.07004,0.06987,0.07002,5.221775e+06
1786241700000,0.07003,0.07013,0.06999,0.07008,3.052309e+06
1786242600000,0.07007,0.07008,0.07,0.07,1.738602e+06
1786243500000,0.07001,0.07006,0.06995,0.07,1.429646e+06
1786244400000,0.07001,0.07001,0.06986,0.06988,2.71118e+06
1786245300000,0.06987,0.07007,0.06987,0.07004,2.586702e+06
1786246200000,0.07005,0.07008,0.07001,0.07002,1.302458e+06
1786247100000,0.07002,0.07008,0.06999,0.07001,1.409227e+06
1786248000000,0.07001,0.07013,0.06999,0.0701,1.459215e+06
1786248900000,0.07011,0.07013,0.07006,0.0701,1.212304e+06
1786249800000,0.0701,0.07012,0.07005,0.07006,1.046977e+06
1786250700000,0.07005,0.0701,0.07003,0.07004,1.011985e+06
1786251600000,0.07004,0.07006,0.07,0.07001,2.300936e+06
1786252500000,0.07001,0.07001,0.0699,0.06991,1.690259e+06
1786253400000,0.0699,0.06995,0.06989,0.06993,1.728638e+06
1786254300000,0.06993,0.07004,0.06993,0.07003,331354
1786255200000,0.07003,0.07004,0.06994,0.07002,2.988539e+06
1786256100000,0.07002,0.07008,0.07001,0.07008,1.55262e+06
1786257000000,0.07007,0.07018,0.07007,0.07018,1.712676e+06
1786257900000,0.07017,0.07026,0.07017,0.0702,2.075146e+06
1786258800000,0.0702,0.07022,0.07007,0.07013,1.793595e+06
1786259700000,0.07013,0.07014,0.07007,0.07014,476032
1786260600000,0.07013,0.07017,0.07012,0.07017,1.142001e+06
1786261500000,0.07016,0.07018,0.07011,0.07016,1.103446e+06
1786262400000,0.07016,0.0703,0.07014,0.07018,3.09133e+06
1786263300000,0.07018,0.07022,0.07013,0.07017,520390
1786264200000,0.07018,0.07023,0.06994,0.06995,3.802764e+06
1786265100000,0.06994,0.07013,0.06993,0.07011,6.658307e+06
1786266000000,0.07011,0.07014,0.07006,0.07012,1.456568e+06
1786266900000,0.07011,0.07011,0.07001,0.07003,1.154827e+06
1786267800000,0.07003,0.07008,0.07001,0.07008,2.212758e+06
1786268700000,0.07007,0.07015,0.07002,0.07013,658106
1786269600000,0.07013,0.0702,0.07009,0.0702,1.067475e+06
1786270500000,0.0702,0.07025,0.07015,0.07015,699311
1786271400000,0.07015,0.0702,0.07014,0.07018,1.314808e+06
1786272300000,0.07017,0.07021,0.07016,0.07019,628997
1786273200000,0.07018,0.07027,0.07016,0.07026,1.587693e+06
1786274100000,0.07025,0.07025,0.0702,0.07022,697410
1786275000000,0.07021,0.07027,0.0702,0.07021,1.179585e+06
1786275900000,0.07021,0.07024,0.07014,0.07016,1.218796e+06
1786276800000,0.07016,0.0702,0.0701,0.07019,1.192405e+06
1786277700000,0.07019,0.07022,0.07019,0.0702,438916
1786278600000,0.07019,0.0702,0.07012,0.07016,1.145864e+06
1786279500000,0.07015,0.07018,0.07013,0.07015,772262
1786280400000,0.07015,0.07029,0.07013,0.07028,1.773171e+06
1786281300000,0.07029,0.07042,0.07028,0.0704,1.691268e+06
1786282200000,0.0704,0.07044,0.07031,0.07038,1.422191e+06
1786283100000,0.07038,0.07039,0.07031,0.07032,625260
1786284000000,0.07032,0.07042,0.0703,0.07042,882226
1786284900000,0.07042,0.07045,0.07034,0.07036,709597
1786285800000,0.07036,0.07041,0.07033,0.07039,892026
1786286700000,0.07039,0.07055,0.07038,0.07049,1.319007e+06
1786287600000,0.07049,0.07057,0.07048,0.07054,1.091716e+06
1786288500000,0.07054,0.07058,0.0705,0.07058,2.659994e+06
1786289400000,0.07057,0.07076,0.07056,0.07073,2.874547e+06
1786290300000,0.07073,0.07073,0.07061,0.0707,2.161743e+06
1786291200000,0.0707,0.07079,0.07066,0.07071,3.418917e+06
1786292100000,0.07072,0.07076,0.07058,0.0706,1.833369e+06
1786293000000,0.0706,0.07073,0.07058,0.07072,3.161869e+06
1786293900000,0.07073,0.07078,0.07066,0.07073,2.491422e+06
1786294800000,0.07072,0.07081,0.07072,0.07076,3.540491e+06
1786295700000,0.07075,0.07076,0.07066,0.07066,1.097793e+06
1786296600000,0.07067,0.07071,0.07065,0.07067,1.113504e+06
1786297500000,0.07067,0.07067,0.07049,0.07053,4.09916e+06
1786298400000,0.07053,0.07061,0.0705,0.07052,1.491049e+06
1786299300000,0.07051,0.07052,0.0704,0.07048,4.902856e+06
1786300200000,0.07048,0.07051,0.07041,0.07049,2.131299e+06
1786301100000,0.0705,0.07054,0.07044,0.0705,2.172902e+06
1786302000000,0.0705,0.07051,0.07039,0.0704,1.440095e+06
1786302900000,0.07039,0.0705,0.07039,0.07047,1.341763e+06
1786303800000,0.07047,0.07051,0.07042,0.07051,1.472954e+06
1786304700000,0.07051,0.07053,0.07047,0.07049,2.508457e+06
1786305600000,0.07049,0.07052,0.07037,0.07039,2.476685e+06
1786306500000,0.07038,0.07046,0.07034,0.07046,1.664653e+06
1786307400000,0.07046,0.07051,0.07045,0.07046,2.082564e+06
1786308300000,0.07046,0.07048,0.07042,0.07048,419537
1786309200000,0.07047,0.07054,0.07042,0.07049,3.791589e+06
1786310100000,0.07049,0.07065,0.07048,0.07063,2.921427e+06
1786311000000,0.07063,0.0708,0.07063,0.07071,3.049988e+06
1786311900000,0.07071,0.07072,0.07057,0.07059,1.302366e+06
1786312800000,0.07059,0.07096,0.07059,0.07092,3.931764e+06
1786313700000,0.07092,0.07096,0.07064,0.07064,3.466043e+06
1786314600000,0.07065,0.07067,0.07,0.07013,1.241356e+07
1786315500000,0.07013,0.07013,0.06989,0.07005,9.215885e+06
1786316400000,0.07005,0.07009,0.06978,0.06981,5.483501e+06
1786317300000,0.0698,0.0698,0.0694,0.0695,1.3441944e+07
1786318200000,0.06949,0.06956,0.06931,0.06944,7.994426e+06
1786319100000,0.06944,0.06949,0.06923,0.06935,4.277546e+06
1786320000000,0.06934,0.06982,0.06906,0.06971,1.5835953e+07
1786320900000,0.06971,0.06973,0.06951,0.06958,2.872213e+06
1786321800000,0.06958,0.06964,0.06935,0.06937,5.278413e+06
1786322700000,0.06938,0.06975,0.06938,0.06964,2.118754e+06
1786323600000,0.06963,0.06979,0.06956,0.06977,3.159579e+06
1786324500000,0.06976,0.06987,0.06974,0.06974,4.07142e+06
1786325400000,0.06973,0.06982,0.06954,0.06974,3.674744e+06
1786326300000,0.06974,0.07024,0.0697,0.06998,5.189268e+06
1786327200000,0.06999,0.07002,0.06979,0.06984,3.834829e+06
1786328100000,0.06984,0.06985,0.06948,0.06957,6.70718e+06
1786329000000,0.06958,0.07001,0.06958,0.06997,1.356338e+06
1786329900000,0.06997,0.06997,0.06985,0.06993,1.636152e+06
1786330800000,0.06992,0.06997,0.06967,0.06969,2.319653e+06
1786331700000,0.06969,0.07004,0.06957,0.06969,4.396184e+06
1786332600000,0.06969,0.06986,0.06965,0.06974,594892
1786333500000,0.06975,0.0698,0.0696,0.06967,863689
1786334400000,0.06966,0.0698,0.06964,0.0698,1.863187e+06
1786335300000,0.0698,0.06986,0.06971,0.06974,1.505262e+06
1786336200000,0.06974,0.06975,0.06954,0.06969,2.141324e+06
1786337100000,0.0697,0.0698,0.06965,0.06973,586150
1786338000000,0.06972,0.06985,0.06972,0.06974,888577
1786338900000,0.06974,0.06992,0.06974,0.06992,921289
1786339800000,0.06991,0.06997,0.06986,0.06995,638935
1786340700000,0.06995,0.07008,0.06994,0.06997,850576
1786341600000,0.06996,0.07009,0.06996,0.07002,987040
1786342500000,0.07001,0.0701,0.06994,0.06996,1.162662e+06
1786343400000,0.06997,0.07007,0.06997,0.07006,906548
1786344300000,0.07007,0.07014,0.07002,0.07013,895111
1786345200000,0.07013,0.07013,0.07002,0.07003,1.14627e+06
1786346100000,0.07003,0.07011,0.07,0.0701,773084
1786347000000,0.07011,0.07014,0.07006,0.07009,883170
1786347900000,0.07009,0.0701,0.07001,0.07004,1.824657e+06
1786348800000,0.07004,0.07015,0.07002,0.07007,1.896801e+06
1786349700000,0.07007,0.07016,0.0699,0.0699,5.812379e+06
1786350600000,0.06991,0.06996,0.06976,0.06995,1.0920013e+07
1786351500000,0.06996,0.07011,0.06991,0.07007,2.12724e+06
1786352400000,0.07007,0.07012,0.07002,0.07006,2.411216e+06
1786353300000,0.07006,0.07018,0.07002,0.07003,4.400452e+06
1786354200000,0.07002,0.07002,0.06988,0.06995,1.259514e+06
1786355100000,0.06996,0.07,0.06989,0.06993,1.019556e+06
1786356000000,0.06992,0.07003,0.06988,0.06994,1.085377e+06
1786356900000,0.06994,0.07007,0.06992,0.06999,996375
1786357800000,0.06999,0.07001,0.06995,0.07001,360540
1786358700000,0.07,0.07001,0.06994,0.06996,1.096493e+06
1786359600000,0.06996,0.06998,0.0699,0.06993,3.197664e+06
1786360500000,0.06993,0.07007,0.06993,0.07006,2.691825e+06
1786361400000,0.07007,0.07012,0.07002,0.07003,950932
1786362300000,0.07004,0.07007,0.06998,0.07004,575538
1786363200000,0.07004,0.07015,0.07001,0.07007,1.219729e+06
1786364100000,0.07008,0.07009,0.06998,0.06999,737654
1786365000000,0.06999,0.07,0.06982,0.06999,5.754288e+06
1786365900000,0.06999,0.06999,0.0698,0.06985,3.609802e+06
1786366800000,0.06984,0.06996,0.0698,0.0699,1.47724e+06
1786367700000,0.06991,0.06994,0.06982,0.06987,1.139613e+06
1786368600000,0.06987,0.06987,0.06955,0.06976,5.894534e+06
1786369500000,0.06975,0.06981,0.06961,0.06978,3.914851e+06
1786370400000,0.06978,0.07001,0.06976,0.06997,3.743832e+06
1786371300000,0.06996,0.07,0.06985,0.06994,2.290886e+06
1786372200000,0.06993,0.07006,0.06988,0.06997,2.553495e+06
1786373100000,0.06997,0.07002,0.06977,0.06981,1.18395e+06
1786374000000,0.06981,0.06987,0.0695,0.06951,5.297636e+06
1786374900000,0.06952,0.06975,0.0694,0.06974,7.939072e+06
1786375800000,0.06973,0.06976,0.06946,0.0696,5.004868e+06
1786376700000,0.0696,0.06972,0.06956,0.06966,3.324794e+06
1786377600000,0.06966,0.06979,0.06963,0.06971,1.485237e+06
1786378500000,0.0697,0.06977,0.06952,0.06967,2.955433e+06
1786379400000,0.06967,0.06983,0.06959,0.06965,3.842168e+06
1786380300000,0.06966,0.06967,0.06948,0.06956,2.336691e+06
1786381200000,0.06956,0.06979,0.06946,0.06975,2.490294e+06
1786382100000,0.06976,0.0698,0.06972,0.06974,655562
1786383000000,0.06974,0.06984,0.06974,0.06976,449923
1786383900000,0.06975,0.06975,0.06959,0.06965,1.86129e+06
1786384800000,0.06966,0.06978,0.06963,0.0697,1.18893e+06
1786385700000,0.0697,0.06976,0.06965,0.06969,514924
1786386600000,0.0697,0.06972,0.06954,0.06965,1.654418e+06
1786387500000,0.06965,0.06972,0.06951,0.06972,1.782136e+06
1786388400000,0.06971,0.0698,0.06969,0.0698,810376
1786389300000,0.0698,0.0699,0.06978,0.06988,849204
1786390200000,0.06989,0.06996,0.06984,0.06992,3.765836e+06
1786391100000,0.06992,0.06993,0.06982,0.06988,2.764913e+06
1786392000000,0.06988,0.06998,0.06983,0.06996,3.310973e+06
1786392900000,0.06995,0.06999,0.06991,0.06996,1.313875e+06
1786393800000,0.06995,0.06998,0.0699,0.06992,1.432524e+06
1786394700000,0.06991,0.06995,0.06983,0.06992,624195
1786395600000,0.06992,0.06995,0.06972,0.06977,1.572046e+06
1786396500000,0.06978,0.06982,0.0697,0.06981,871132
1786397400000,0.06981,0.06986,0.06977,0.06986,2.301229e+06
1786398300000,0.06985,0.06986,0.06969,0.06969,1.090201e+06
1786399200000,0.06969,0.06978,0.06952,0.06976,2.586598e+06
1786400100000,0.06977,0.06985,0.06971,0.06981,533374
1786401000000,0.0698,0.0698,0.06967,0.06975,817850
1786401900000,0.06974,0.06983,0.06973,0.06981,726125
1786402800000,0.06982,0.06991,0.06976,0.06988,3.871335e+06
1786403700000,0.06988,0.06993,0.06981,0.06986,1.420224e+06
1786404600000,0.06986,0.06986,0.06976,0.0698,1.00116e+06
1786405500000,0.0698,0.0698,0.06969,0.0697,3.745869e+06
1786406400000,0.0697,0.06979,0.06961,0.06977,1.570616e+06
1786407300000,0.06978,0.06987,0.0697,0.06987,890537
1786408200000,0.06988,0.06989,0.06975,0.0698,1.030987e+06
1786409100000,0.0698,0.0699,0.06978,0.06988,720313
1786410000000,0.06988,0.07005,0.06979,0.07002,2.06464e+06
1786410900000,0.07001,0.07002,0.06991,0.07002,749323
1786411800000,0.07003,0.07005,0.06993,0.06998,1.381449e+06
1786412700000,0.06997,0.07009,0.06997,0.07002,2.136247e+06
1786413600000,0.07002,0.07016,0.06999,0.07012,3.190114e+06
1786414500000,0.07012,0.07015,0.07011,0.07011,1.191379e+06
1786415400000,0.07011,0.07037,0.07011,0.07029,5.677681e+06
1786416300000,0.07028,0.07029,0.07017,0.07017,1.195748e+06
1786417200000,0.07017,0.07023,0.07015,0.07017,1.356239e+06
1786418100000,0.07016,0.07026,0.07011,0.07019,5.729522e+06
1786419000000,0.07018,0.07025,0.07011,0.07012,1.879579e+06
1786419900000,0.07012,0.07014,0.07009,0.07012,839340
1786420800000,0.07011,0.07012,0.07004,0.07009,927688
1786421700000,0.07008,0.07012,0.07003,0.07006,1.075449e+06
1786422600000,0.07007,0.07009,0.06997,0.06998,1.60277e+06
1786423500000,0.06999,0.07006,0.06997,0.06998,2.527983e+06
1786424400000,0.06997,0.07008,0.06994,0.07008,3.990896e+06
1786425300000,0.07007,0.0701,0.0699,0.06993,3.209593e+06
1786426200000,0.06993,0.07015,0.06991,0.07015,3.079488e+06
1786427100000,0.07015,0.07021,0.07007,0.07007,3.005653e+06
1786428000000,0.07007,0.0702,0.06994,0.07018,9.651242e+06
1786428900000,0.07019,0.07024,0.07009,0.07019,5.319865e+06
1786429800000,0.07019,0.0703,0.07005,0.07018,4.372394e+06
1786430700000,0.07018,0.07021,0.07001,0.07017,1.624995e+06
1786431600000,0.07018,0.07026,0.07014,0.07015,1.704855e+06
1786432500000,0.07014,0.07014,0.06997,0.06999,2.310765e+06
1786433400000,0.06998,0.07025,0.06998,0.07022,3.276356e+06
1786434300000,0.07022,0.07027,0.07007,0.07013,1.480665e+06
1786435200000,0.07013,0.07024,0.07012,0.07016,2.432438e+06
1786436100000,0.07017,0.07021,0.07012,0.07017,2.847666e+06
1786437000000,0.07017,0.07027,0.07014,0.07025,3.52715e+06
1786437900000,0.07025,0.07036,0.07021,0.07035,8.140979e+06
1786438800000,0.07035,0.07046,0.07033,0.07035,1.1247804e+07
1786439700000,0.07035,0.07068,0.07032,0.07061,6.482072e+06
1786440600000,0.07062,0.07062,0.07049,0.07059,4.007059e+06
1786441500000,0.07058,0.07066,0.07054,0.07059,2.226022e+06
1786442400000,0.07059,0.0707,0.07046,0.07047,5.711685e+06
1786443300000,0.07048,0.07051,0.07035,0.07047,3.673922e+06
1786444200000,0.07047,0.07049,0.07039,0.07044,1.375096e+06
1786445100000,0.07043,0.0706,0.07043,0.07055,2.954552e+06
1786446000000,0.07055,0.07075,0.07052,0.07068,4.664088e+06
1786446900000,0.07068,0.07071,0.07061,0.07065,2.463998e+06
1786447800000,0.07065,0.07066,0.07052,0.07053,2.557873e+06
1786448700000,0.07054,0.07063,0.07053,0.0706,1.250164e+06
1786449600000,0.07061,0.07074,0.07057,0.0707,2.906865e+06
1786450500000,0.0707,0.0707,0.07049,0.07056,4.6672e+06
1786451400000,0.07056,0.0707,0.07051,0.0707,2.219529e+06
1786452300000,0.07069,0.07072,0.07063,0.07065,1.507824e+06
1786453200000,0.07065,0.07088,0.07059,0.0708,7.092796e+06
1786454100000,0.07081,0.07091,0.07058,0.0707,7.485937e+06
1786455000000,0.0707,0.07084,0.07058,0.07076,6.496983e+06
1786455900000,0.07075,0.07097,0.07067,0.07091,1.253667e+07
1786456800000,0.0709,0.07127,0.07088,0.07114,1.9953801e+07
1786457700000,0.07114,0.07135,0.07082,0.07084,1.3085277e+07
1786458600000,0.07083,0.07089,0.07065,0.0707,5.220582e+06
1786459500000,0.0707,0.07071,0.06993,0.0701,1.6029502e+07
1786460400000,0.0701,0.07036,0.07001,0.07016,7.551377e+06
1786461300000,0.07016,0.07062,0.07013,0.07061,5.035272e+06
1786462200000,0.07062,0.07065,0.06999,0.07027,1.4054092e+07
1786463100000,0.07027,0.07064,0.07019,0.07061,4.953873e+06
1786464000000,0.0706,0.07091,0.07055,0.07086,1.2343282e+07
1786464900000,0.07086,0.07094,0.07068,0.0707,6.55915e+06
1786465800000,0.0707,0.0708,0.07042,0.07047,6.972756e+06
1786466700000,0.07047,0.07059,0.07041,0.07052,4.054476e+06
1786467600000,0.07052,0.07062,0.07042,0.07052,2.942033e+06
1786468500000,0.07052,0.07088,0.07052,0.07088,4.505483e+06
1786469400000,0.07087,0.07107,0.07078,0.07096,1.1680869e+07
1786470300000,0.07095,0.07129,0.07092,0.071,9.570885e+06
1786471200000,0.07099,0.0711,0.07089,0.07099,6.752005e+06
1786472100000,0.07098,0.07102,0.07077,0.0708,4.724915e+06
1786473000000,0.07079,0.07091,0.07062,0.07072,4.639382e+06
1786473900000,0.07071,0.07093,0.07071,0.07081,5.93497e+06
1786474800000,0.0708,0.0708,0.07047,0.07048,3.996668e+06
1786475700000,0.07048,0.07082,0.07047,0.07077,1.673219e+06
1786476600000,0.07078,0.07095,0.07072,0.07095,983101
1786477500000,0.07096,0.07107,0.07092,0.07103,3.816991e+06
1786478400000,0.07103,0.07182,0.07103,0.07163,2.4902154e+07
1786479300000,0.07163,0.07208,0.07154,0.07206,2.058493e+07
1786480200000,0.07206,0.0723,0.07163,0.07164,1.2560671e+07
1786481100000,0.07163,0.07184,0.07156,0.07171,1.021008e+07
1786482000000,0.07171,0.07196,0.07164,0.07195,1.2568807e+07
1786482900000,0.07196,0.07206,0.07174,0.07183,1.0388584e+07
1786483800000,0.07182,0.07225,0.07182,0.07216,7.848648e+06
1786484700000,0.07217,0.07259,0.07207,0.07245,7.425727e+06
1786485600000,0.07245,0.07315,0.07245,0.07286,2.3560818e+07
1786486500000,0.07286,0.07298,0.07274,0.07277,9.070609e+06
1786487400000,0.07277,0.07281,0.07251,0.07252,7.537807e+06
1786488300000,0.07252,0.07252,0.07218,0.07235,6.694468e+06
1786489200000,0.07234,0.07234,0.07201,0.07202,5.297933e+06
1786490100000,0.07203,0.07205,0.07193,0.07197,4.778557e+06
1786491000000,0.07196,0.07209,0.07191,0.07205,2.933259e+06
1786491900000,0.07204,0.07204,0.07186,0.0719,3.733786e+06
1786492800000,0.0719,0.07205,0.07184,0.07204,3.445745e+06
1786493700000,0.07204,0.07215,0.07194,0.07194,2.237618e+06
1786494600000,0.07195,0.07231,0.07195,0.07216,4.182854e+06
1786495500000,0.07216,0.07238,0.07215,0.07234,2.901636e+06
1786496400000,0.07234,0.07254,0.07232,0.07246,3.715143e+06
1786497300000,0.07246,0.07247,0.07224,0.07235,5.676508e+06
1786498200000,0.07235,0.0724,0.07218,0.0724,4.89086e+06
1786499100000,0.0724,0.0725,0.07226,0.07227,5.234938e+06
1786500000000,0.07228,0.07248,0.07217,0.07219,6.978719e+06
1786500900000,0.07219,0.07232,0.07215,0.07223,2.904015e+06
1786501800000,0.07224,0.07226,0.07202,0.07206,3.930267e+06
1786502700000,0.07205,0.07208,0.0719,0.0719,4.562459e+06
1786503600000,0.0719,0.0722,0.0719,0.07217,3.109289e+06
1786504500000,0.07217,0.07242,0.07217,0.0723,5.484639e+06
1786505400000,0.07229,0.07248,0.07222,0.07232,4.907769e+06
1786506300000,0.07232,0.07234,0.07218,0.07223,1.902306e+06
1786507200000,0.07223,0.07225,0.07205,0.07213,1.1834468e+07
1786508100000,0.07214,0.07233,0.07213,0.07213,3.039758e+06
1786509000000,0.07213,0.07213,0.07203,0.07207,2.424645e+06
1786509900000,0.07208,0.07215,0.07203,0.07212,1.716118e+06
1786510800000,0.07211,0.0722,0.07194,0.07216,2.571546e+06
1786511700000,0.07217,0.07225,0.07214,0.07214,2.96115e+06
1786512600000,0.07215,0.07223,0.07213,0.07216,1.046752e+06
1786513500000,0.07215,0.0722,0.07208,0.07211,2.326752e+06
1786514400000,0.07211,0.07211,0.07169,0.07172,9.315793e+06
1786515300000,0.07171,0.07174,0.07151,0.07153,6.673089e+06
1786516200000,0.07153,0.0716,0.0714,0.07154,7.162873e+06
1786517100000,0.07155,0.07167,0.07151,0.07158,2.679992e+06
1786518000000,0.07157,0.07174,0.07155,0.07167,3.578055e+06
1786518900000,0.07167,0.07176,0.0716,0.07161,3.424859e+06
1786519800000,0.0716,0.07171,0.07156,0.07157,2.373995e+06
1786520700000,0.07157,0.07171,0.0715,0.0717,1.826997e+06
1786521600000,0.0717,0.07174,0.07161,0.07163,3.731384e+06
1786522500000,0.07162,0.07175,0.0716,0.07171,2.642148e+06
1786523400000,0.0717,0.07173,0.07156,0.07156,4.622892e+06
1786524300000,0.07156,0.07167,0.0715,0.07151,4.62405e+06
1786525200000,0.07151,0.07167,0.0715,0.07164,3.728408e+06
1786526100000,0.07165,0.07204,0.07165,0.07195,8.057661e+06
1786527000000,0.07195,0.07205,0.07188,0.07192,4.529597e+06
1786527900000,0.07193,0.07204,0.07192,0.07204,2.240737e+06
1786528800000,0.07204,0.0722,0.07192,0.072,5.95736e+06
1786529700000,0.072,0.07201,0.07189,0.07189,2.604693e+06
1786530600000,0.0719,0.072,0.07188,0.07193,1.954491e+06
1786531500000,0.07194,0.07195,0.07187,0.07191,2.191581e+06
1786532400000,0.07191,0.07201,0.07188,0.07188,1.96694e+06
1786533300000,0.07188,0.07206,0.07187,0.07202,7.360446e+06
1786534200000,0.07203,0.07206,0.07194,0.07196,1.085868e+06
1786535100000,0.07195,0.07203,0.07194,0.072,1.673342e+06
1786536000000,0.07199,0.07209,0.07199,0.07201,2.744974e+06
1786536900000,0.07201,0.07224,0.07182,0.07208,1.0943724e+07
1786537800000,0.07209,0.07221,0.07147,0.07152,2.1424796e+07
1786538700000,0.07152,0.07171,0.0714,0.07167,1.04568e+07
1786539600000,0.07166,0.0717,0.0713,0.07134,5.54505e+06
1786540500000,0.07134,0.07147,0.07091,0.07102,1.7459754e+07
1786541400000,0.07103,0.07105,0.0705,0.07075,1.8815357e+07
1786542300000,0.07075,0.07086,0.07059,0.0706,5.076081e+06
1786543200000,0.07059,0.07075,0.0703,0.07056,1.3675354e+07
1786544100000,0.07056,0.07061,0.07034,0.07039,7.982067e+06
1786545000000,0.07038,0.07055,0.07027,0.07054,1.2949762e+07
1786545900000,0.07055,0.07066,0.07042,0.07047,3.652696e+06
1786546800000,0.07046,0.07085,0.07044,0.07079,2.892311e+06
1786547700000,0.07079,0.07098,0.07076,0.07088,5.10371e+06
1786548600000,0.07089,0.07096,0.07077,0.07088,2.672909e+06
1786549500000,0.07087,0.0709,0.0708,0.07083,1.957343e+06
1786550400000,0.07084,0.07095,0.07073,0.07095,4.719259e+06
1786551300000,0.07094,0.07098,0.07084,0.07091,1.563798e+06
1786552200000,0.07092,0.07099,0.07086,0.07089,2.345382e+06
1786553100000,0.07088,0.07088,0.07075,0.07087,2.37662e+06
1786554000000,0.07088,0.07088,0.0708,0.07083,1.252422e+06
1786554900000,0.07083,0.07083,0.07063,0.0707,2.521521e+06
1786555800000,0.0707,0.07086,0.07065,0.07081,1.476172e+06
1786556700000,0.07081,0.07087,0.07078,0.07081,734487
1786557600000,0.07081,0.07085,0.07073,0.07082,2.250707e+06
1786558500000,0.07081,0.07085,0.07071,0.07079,688473
1786559400000,0.07079,0.07085,0.07075,0.0708,1.738643e+06
1786560300000,0.07079,0.0708,0.07066,0.07069,595475
1786561200000,0.07068,0.07072,0.07061,0.07062,1.541054e+06
1786562100000,0.07062,0.07071,0.0705,0.07063,1.336789e+06
1786563000000,0.07063,0.07064,0.07052,0.07053,3.13381e+06
1786563900000,0.07053,0.07061,0.0705,0.0706,710453
1786564800000,0.07059,0.0707,0.07056,0.07058,1.884804e+06
1786565700000,0.07057,0.07057,0.07041,0.07055,2.43552e+06
1786566600000,0.07055,0.0707,0.07055,0.0707,779690
1786567500000,0.07069,0.07069,0.07056,0.07063,572633
1786568400000,0.07064,0.07068,0.07049,0.07057,1.846493e+06
1786569300000,0.07056,0.07058,0.06918,0.06982,4.4768792e+07
1786570200000,0.06981,0.06992,0.06944,0.06977,1.2599183e+07
1786571100000,0.06977,0.0698,0.06915,0.06937,9.214639e+06
1786572000000,0.06937,0.06942,0.06889,0.06923,2.3416835e+07
1786572900000,0.06923,0.06947,0.06919,0.06945,1.1326368e+07
1786573800000,0.06945,0.06945,0.06928,0.06936,9.942346e+06
1786574700000,0.06936,0.06948,0.06933,0.06946,5.651713e+06
1786575600000,0.06946,0.0695,0.06937,0.06947,3.860024e+06
1786576500000,0.06947,0.06958,0.0694,0.06954,6.058739e+06
1786577400000,0.06954,0.06965,0.06952,0.06959,4.335279e+06
1786578300000,0.06959,0.06972,0.06958,0.06969,3.409939e+06
1786579200000,0.06969,0.06984,0.06964,0.06984,3.269438e+06
1786580100000,0.06984,0.06997,0.06984,0.06994,2.488165e+06
1786581000000,0.06994,0.06994,0.06986,0.06987,4.792186e+06
1786581900000,0.06987,0.07001,0.06984,0.06988,1.448655e+06
1786582800000,0.06987,0.07006,0.06982,0.07005,2.376696e+06
1786583700000,0.07005,0.07005,0.06977,0.06984,2.372576e+06
1786584600000,0.06984,0.07001,0.06983,0.06987,1.06752e+06
1786585500000,0.06986,0.06996,0.06982,0.06988,1.199007e+06
1786586400000,0.06987,0.06995,0.06986,0.06993,846615
1786587300000,0.06994,0.06999,0.06985,0.06997,1.787831e+06
1786588200000,0.06996,0.07002,0.06985,0.07002,3.434887e+06
1786589100000,0.07002,0.07032,0.07002,0.07028,4.815142e+06
1786590000000,0.07028,0.07036,0.07027,0.07035,2.523573e+06
1786590900000,0.07034,0.07044,0.07032,0.07032,3.84313e+06
1786591800000,0.07033,0.07033,0.07016,0.07016,3.182621e+06
1786592700000,0.07016,0.07022,0.07011,0.07017,1.886679e+06
1786593600000,0.07018,0.07022,0.07011,0.07014,1.818349e+06
1786594500000,0.07013,0.0702,0.07009,0.07019,1.712795e+06
1786595400000,0.07018,0.07033,0.07018,0.0703,1.584366e+06
1786596300000,0.0703,0.0704,0.07025,0.07027,2.047416e+06
1786597200000,0.07027,0.07035,0.07023,0.07032,2.782785e+06
1786598100000,0.07033,0.0704,0.07031,0.07037,1.860841e+06
1786599000000,0.07037,0.07063,0.07032,0.07058,1.0250489e+07
1786599900000,0.07058,0.07069,0.07052,0.07063,3.956378e+06
1786600800000,0.07064,0.07065,0.07054,0.07056,3.645844e+06
1786601700000,0.07056,0.0707,0.07055,0.07061,3.488963e+06
1786602600000,0.07062,0.07062,0.0704,0.07044,3.889149e+06
1786603500000,0.07044,0.07069,0.07044,0.07067,4.53688e+06
1786604400000,0.07068,0.07085,0.07064,0.07078,4.993302e+06
1786605300000,0.07079,0.07079,0.0707,0.07078,1.847408e+06
1786606200000,0.07079,0.0708,0.07065,0.07065,2.174958e+06
1786607100000,0.07065,0.07066,0.07057,0.07059,2.230184e+06
1786608000000,0.07058,0.07067,0.07057,0.07057,2.076595e+06
1786608900000,0.07057,0.07061,0.07054,0.07057,1.522999e+06
1786609800000,0.07056,0.07062,0.07052,0.0706,1.415437e+06
1786610700000,0.07059,0.0706,0.07044,0.0705,1.71756e+06
1786611600000,0.0705,0.07051,0.07029,0.07031,1.82181e+06
1786612500000,0.0703,0.07044,0.0703,0.07042,1.589695e+06
1786613400000,0.07041,0.07047,0.07041,0.07046,1.026263e+06
1786614300000,0.07046,0.07055,0.07045,0.07054,705641
1786615200000,0.07054,0.07056,0.07018,0.07019,6.222142e+06
1786616100000,0.07019,0.07021,0.06994,0.07007,1.4697593e+07
1786617000000,0.07008,0.07015,0.06994,0.07013,2.325855e+06
1786617900000,0.07012,0.07019,0.07008,0.07016,2.286601e+06
1786618800000,0.07016,0.07022,0.07015,0.0702,1.91823e+06
1786619700000,0.07021,0.07021,0.07009,0.0701,1.190435e+06
1786620600000,0.07011,0.07011,0.06995,0.07002,1.181945e+06
1786621500000,0.07003,0.07009,0.07001,0.07009,709852
1786622400000,0.07008,0.07026,0.07004,0.07021,4.528058e+06
1786623300000,0.0702,0.07027,0.07015,0.07021,1.035713e+06
1786624200000,0.07022,0.07037,0.07009,0.07019,1.931564e+06
1786625100000,0.0702,0.07029,0.07014,0.07026,979960
1786626000000,0.07027,0.07033,0.07019,0.0702,3.0078e+06
1786626900000,0.07019,0.07019,0.07002,0.07006,976370
1786627800000,0.07007,0.07038,0.07004,0.0703,3.463538e+06
1786628700000,0.0703,0.07031,0.07019,0.07022,944689
1786629600000,0.07022,0.07038,0.07008,0.07018,7.914884e+06
1786630500000,0.07018,0.07025,0.07006,0.0701,2.724743e+06
1786631400000,0.0701,0.07026,0.07001,0.07026,5.728469e+06
1786632300000,0.07026,0.07027,0.0701,0.07015,9.543351e+06
1786633200000,0.07015,0.07026,0.07003,0.07006,1.3194988e+07
1786634100000,0.07005,0.07024,0.06978,0.0699,9.997287e+06
1786635000000,0.06989,0.07007,0.06981,0.07004,2.567997e+06
1786635900000,0.07004,0.07004,0.0697,0.06973,7.200627e+06
1786636800000,0.06973,0.0698,0.06959,0.0698,5.84836e+06
1786637700000,0.0698,0.06999,0.06976,0.06985,3.146473e+06
1786638600000,0.06986,0.06996,0.06951,0.06981,8.259786e+06
1786639500000,0.06982,0.07003,0.06974,0.0698,7.156383e+06
1786640400000,0.0698,0.06991,0.06977,0.06984,4.242125e+06
1786641300000,0.06984,0.06994,0.0698,0.06988,1.86105e+06
1786642200000,0.06988,0.06999,0.06985,0.06995,1.753532e+06
1786643100000,0.06994,0.06999,0.06988,0.06989,2.080339e+06
1786644000000,0.06989,0.06996,0.06987,0.06994,2.924489e+06
1786644900000,0.06994,0.07003,0.0698,0.06982,747112
1786645800000,0.06982,0.06996,0.06978,0.06995,1.43088e+06
1786646700000,0.06996,0.07009,0.06996,0.07004,820438
1786647600000,0.07004,0.07024,0.07004,0.07015,1.302399e+06
1786648500000,0.07015,0.07025,0.07012,0.07024,1.40885e+06
1786649400000,0.07025,0.07034,0.07023,0.07028,1.803787e+06
1786650300000,0.07029,0.07034,0.07024,0.07031,7.136145e+06
1786651200000,0.07032,0.07038,0.07022,0.07026,2.048564e+06
1786652100000,0.07026,0.07031,0.07024,0.07025,590247
1786653000000,0.07026,0.07031,0.07022,0.07025,321372
1786653900000,0.07024,0.07024,0.07017,0.07018,342701
1786654800000,0.07019,0.07025,0.07017,0.07024,2.91845e+06
1786655700000,0.07024,0.07026,0.07019,0.07026,289283
1786656600000,0.07026,0.07027,0.07013,0.07017,1.178013e+06
1786657500000,0.07018,0.07026,0.07018,0.0702,455454
1786658400000,0.07019,0.07032,0.07018,0.0703,2.175614e+06
1786659300000,0.0703,0.07036,0.07028,0.07035,1.166242e+06
1786660200000,0.07036,0.07037,0.07025,0.07026,500037
1786661100000,0.07025,0.07026,0.07013,0.07016,1.167585e+06
1786662000000,0.07016,0.07016,0.07003,0.07004,1.429098e+06
1786662900000,0.07005,0.07009,0.07001,0.07009,769536
1786663800000,0.07008,0.07017,0.07008,0.07015,1.018939e+06
1786664700000,0.07015,0.07019,0.07013,0.07019,408515
1786665600000,0.07018,0.0702,0.07011,0.07013,684835
1786666500000,0.07014,0.07025,0.07014,0.07016,1.265074e+06
1786667400000,0.07015,0.07025,0.07012,0.07022,561693
1786668300000,0.07022,0.07031,0.07017,0.07028,1.257045e+06
1786669200000,0.07028,0.07029,0.07015,0.07017,1.417206e+06
1786670100000,0.07018,0.07029,0.07016,0.0702,1.62922e+06
1786671000000,0.0702,0.0703,0.07017,0.07029,1.029471e+06
1786671900000,0.07028,0.07028,0.07016,0.07025,2.820345e+06
1786672800000,0.07025,0.07038,0.07023,0.07028,3.089169e+06
1786673700000,0.07027,0.0703,0.07018,0.07019,730926
1786674600000,0.0702,0.07029,0.0702,0.07023,557738
1786675500000,0.07024,0.07025,0.07012,0.07012,923058
1786676400000,0.07012,0.07013,0.06997,0.07002,3.62005e+06
1786677300000,0.07002,0.07014,0.07002,0.07005,1.829656e+06
1786678200000,0.07005,0.07005,0.06994,0.06999,1.143868e+06
1786679100000,0.06999,0.06999,0.06994,0.06997,2.213672e+06
1786680000000,0.06997,0.07012,0.06994,0.07009,805417
1786680900000,0.0701,0.07015,0.07003,0.07006,1.059998e+06
1786681800000,0.07005,0.07006,0.07,0.07002,625747
1786682700000,0.07001,0.07001,0.06994,0.06994,787807
1786683600000,0.06994,0.06999,0.06993,0.06996,1.146427e+06
1786684500000,0.06995,0.07003,0.06991,0.07003,3.261594e+06
1786685400000,0.07003,0.07005,0.06999,0.07002,434961
1786686300000,0.07001,0.07002,0.06994,0.06999,791548
1786687200000,0.06999,0.06999,0.0699,0.06992,1.871376e+06
1786688100000,0.06992,0.06993,0.06966,0.0697,7.635873e+06
1786689000000,0.06971,0.06978,0.06971,0.06976,1.952184e+06
1786689900000,0.06975,0.06987,0.06964,0.06966,5.76138e+06
1786690800000,0.06965,0.06974,0.06961,0.06972,2.260911e+06
1786691700000,0.06972,0.06982,0.0697,0.06979,3.803387e+06
1786692600000,0.0698,0.0698,0.06963,0.0697,1.72281e+06
1786693500000,0.0697,0.06976,0.06967,0.06969,605412
1786694400000,0.06968,0.06973,0.06965,0.06966,833068
1786695300000,0.06966,0.06975,0.06959,0.06965,1.912445e+06
1786696200000,0.06966,0.06986,0.06963,0.06978,3.424217e+06
1786697100000,0.06978,0.07001,0.06977,0.06996,2.909651e+06
1786698000000,0.06997,0.06997,0.06987,0.06996,2.000585e+06
1786698900000,0.06996,0.06997,0.06965,0.06965,5.446784e+06
1786699800000,0.06965,0.06969,0.06941,0.06947,4.665556e+06
1786700700000,0.06948,0.0696,0.06947,0.06948,5.48821e+06
1786701600000,0.06948,0.06963,0.06945,0.06962,2.06992e+06
1786702500000,0.06963,0.06968,0.06948,0.06953,1.533679e+06
1786703400000,0.06952,0.06955,0.06938,0.06944,2.775217e+06
1786704300000,0.06943,0.06949,0.06931,0.06938,3.074056e+06
1786705200000,0.06939,0.0695,0.06938,0.06943,4.229644e+06
1786706100000,0.06943,0.06954,0.06941,0.06945,1.285096e+06
1786707000000,0.06945,0.06952,0.06942,0.06949,1.434468e+06
1786707900000,0.06948,0.06953,0.06945,0.06946,3.496741e+06
1786708800000,0.06946,0.06955,0.06938,0.06944,3.753696e+06
1786709700000,0.06944,0.06953,0.06939,0.0695,1.583921e+06
1786710600000,0.06951,0.06958,0.06936,0.06936,1.1016569e+07
1786711500000,0.06937,0.0694,0.06921,0.06929,5.813249e+06
1786712400000,0.06929,0.0694,0.06926,0.06935,2.94401e+06
1786713300000,0.06936,0.06947,0.06933,0.06942,1.52204e+06
1786714200000,0.06941,0.06947,0.06933,0.06946,2.896615e+06
1786715100000,0.06946,0.0695,0.06936,0.06945,3.211683e+06
1786716000000,0.06945,0.06951,0.06936,0.06936,2.697037e+06
1786716900000,0.06936,0.06953,0.06934,0.0695,1.679773e+06
1786717800000,0.0695,0.06962,0.06946,0.06953,1.52017e+06
1786718700000,0.06954,0.0696,0.06941,0.06949,1.831206e+06
1786719600000,0.06949,0.06968,0.06946,0.06961,3.515324e+06
1786720500000,0.06962,0.06994,0.06959,0.06994,1.742351e+06
1786721400000,0.06995,0.06996,0.06981,0.06996,1.997199e+06
1786722300000,0.06996,0.06999,0.06985,0.06989,2.229482e+06
1786723200000,0.06989,0.06999,0.06984,0.06992,3.124268e+06
1786724100000,0.06992,0.06995,0.06985,0.06991,2.926194e+06
1786725000000,0.06991,0.07006,0.06991,0.06998,2.108124e+06
1786725900000,0.06999,0.06999,0.06988,0.0699,1.605976e+06
1786726800000,0.06991,0.06996,0.06987,0.06996,955512
1786727700000,0.06995,0.07013,0.06993,0.07006,3.20979e+06
1786728600000,0.07005,0.07008,0.06996,0.06999,1.779001e+06
1786729500000,0.06999,0.07006,0.06985,0.0699,3.090847e+06
1786730400000,0.06989,0.06991,0.06973,0.06974,4.334351e+06
1786731300000,0.06974,0.06991,0.06974,0.06985,770919
1786732200000,0.06986,0.06991,0.06982,0.06987,1.187078e+06
1786733100000,0.06988,0.06989,0.06969,0.06976,1.85085e+06
1786734000000,0.06975,0.06975,0.06959,0.06964,2.198684e+06
1786734900000,0.06964,0.06977,0.06962,0.06973,1.459419e+06
1786735800000,0.06972,0.06981,0.06967,0.06981,1.334468e+06
1786736700000,0.06981,0.06989,0.06979,0.06986,1.192578e+06
1786737600000,0.06987,0.06992,0.06981,0.06984,1.194706e+06
1786738500000,0.06983,0.0699,0.06982,0.06989,537122
1786739400000,0.06989,0.0699,0.06986,0.06989,345692
1786740300000,0.06988,0.06989,0.06975,0.06981,860733
1786741200000,0.06981,0.06985,0.06975,0.06978,1.594286e+06
1786742100000,0.06978,0.06982,0.06972,0.06981,582252
1786743000000,0.06982,0.06983,0.06972,0.06974,1.407846e+06
1786743900000,0.06974,0.06986,0.06972,0.06984,576534
1786744800000,0.06983,0.06993,0.06977,0.06985,1.587326e+06
1786745700000,0.06984,0.06984,0.06968,0.06968,2.154719e+06
1786746600000,0.06968,0.06979,0.06968,0.06978,808456
1786747500000,0.06979,0.06986,0.06978,0.06984,668769
1786748400000,0.06984,0.06997,0.06983,0.06997,1.097982e+06
1786749300000,0.06996,0.07001,0.0699,0.07001,1.077433e+06
1786750200000,0.07001,0.07012,0.06999,0.07009,3.174605e+06
1786751100000,0.07009,0.07014,0.07004,0.07007,1.531754e+06
1786752000000,0.07008,0.07013,0.07003,0.07007,1.714762e+06
1786752900000,0.07006,0.07008,0.06999,0.07003,926846
1786753800000,0.07003,0.07008,0.07003,0.07007,748152
1786754700000,0.07008,0.07014,0.07007,0.07013,709280
1786755600000,0.07012,0.07015,0.07003,0.07011,2.362722e+06
1786756500000,0.0701,0.07011,0.07,0.07003,1.464888e+06
1786757400000,0.07003,0.07007,0.06998,0.07004,645356
1786758300000,0.07004,0.07011,0.07004,0.07009,911975
1786759200000,0.07009,0.07024,0.07004,0.07024,3.310287e+06
1786760100000,0.07024,0.07038,0.07024,0.0703,5.141296e+06
1786761000000,0.0703,0.07036,0.07023,0.07026,3.500438e+06
1786761900000,0.07026,0.0704,0.07025,0.07035,1.622049e+06
1786762800000,0.07036,0.0705,0.07033,0.07045,7.355755e+06
1786763700000,0.07044,0.07055,0.07041,0.07044,1.626994e+06
1786764600000,0.07043,0.07046,0.07028,0.07031,1.546659e+06
1786765500000,0.07031,0.07037,0.0703,0.07032,918791
1786766400000,0.07033,0.07039,0.07029,0.07035,1.309721e+06
1786767300000,0.07035,0.07047,0.07035,0.07041,1.379888e+06
1786768200000,0.07041,0.07042,0.07036,0.07041,321108
1786769100000,0.07041,0.07041,0.07027,0.07034,1.960189e+06
1786770000000,0.07033,0.07042,0.0703,0.07033,4.170786e+06
1786770900000,0.07032,0.07033,0.07019,0.07019,2.145305e+06
1786771800000,0.07019,0.07025,0.07004,0.07018,7.371857e+06
1786772700000,0.07019,0.07023,0.0701,0.07014,936756
1786773600000,0.07013,0.07015,0.07004,0.07005,914991
1786774500000,0.07006,0.0701,0.07005,0.07007,921795
1786775400000,0.07008,0.07013,0.07008,0.07011,1.163095e+06
1786776300000,0.0701,0.07021,0.07008,0.07017,1.298895e+06
1786777200000,0.07018,0.0702,0.07011,0.07016,1.278895e+06
1786778100000,0.07016,0.07016,0.07007,0.07009,707332
1786779000000,0.07008,0.07011,0.07005,0.07007,543393
1786779900000,0.07006,0.07008,0.07004,0.07007,278628
1786780800000,0.07007,0.07011,0.07004,0.07006,312082
1786781700000,0.07005,0.0701,0.07002,0.07006,1.406693e+06
1786782600000,0.07005,0.07006,0.06996,0.06997,1.799081e+06
1786783500000,0.06997,0.07003,0.06995,0.06996,809804
1786784400000,0.06996,0.07,0.0699,0.06998,1.540801e+06
1786785300000,0.06998,0.07006,0.06997,0.07002,1.405178e+06
1786786200000,0.07001,0.07007,0.07001,0.07004,1.832406e+06
1786787100000,0.07004,0.07013,0.07003,0.0701,558916
1786788000000,0.0701,0.07011,0.07002,0.07005,470411
1786788900000,0.07006,0.07006,0.07003,0.07004,514798
1786789800000,0.07004,0.07007,0.06998,0.06998,885654
1786790700000,0.06998,0.07006,0.06998,0.07005,539432
1786791600000,0.07006,0.07006,0.07001,0.07006,1.058735e+06
1786792500000,0.07006,0.07006,0.06998,0.07002,729505
1786793400000,0.07001,0.07008,0.07,0.07008,672264
1786794300000,0.07007,0.0701,0.07003,0.07003,287321
1786795200000,0.07004,0.07006,0.07002,0.07002,702974
1786796100000,0.07003,0.07006,0.06997,0.06998,989778
1786797000000,0.06998,0.07001,0.06996,0.07001,789503
1786797900000,0.07,0.07008,0.06993,0.07008,1.954128e+06
1786798800000,0.07009,0.07012,0.07005,0.07009,846093
1786799700000,0.07009,0.0701,0.07007,0.07008,282797
1786800600000,0.07008,0.07014,0.07008,0.07014,1.143539e+06
1786801500000,0.07014,0.07016,0.07009,0.07009,717221
1786802400000,0.07009,0.0701,0.07006,0.07007,919982
1786803300000,0.07006,0.07007,0.06993,0.06996,1.720623e+06
1786804200000,0.06996,0.07001,0.06995,0.06999,391283
1786805100000,0.06999,0.07012,0.06998,0.07008,1.22723e+06
1786806000000,0.07008,0.0701,0.07002,0.07003,688587
1786806900000,0.07004,0.07007,0.06998,0.07005,589713
1786807800000,0.07006,0.0701,0.07003,0.0701,685612
1786808700000,0.0701,0.0701,0.07004,0.07008,407862
1786809600000,0.07008,0.07009,0.07002,0.07005,508088
1786810500000,0.07005,0.07008,0.07001,0.07005,307489
1786811400000,0.07006,0.07006,0.06999,0.07,551684
1786812300000,0.07001,0.07004,0.06999,0.07003,556313
1786813200000,0.07004,0.07008,0.07002,0.07008,657658
1786814100000,0.07007,0.07008,0.06993,0.06996,1.070736e+06
1786815000000,0.06996,0.06998,0.06994,0.06995,630069
1786815900000,0.06995,0.06996,0.06992,0.06994,638122
1786816800000,0.06993,0.06999,0.06986,0.06993,2.777397e+06
1786817700000,0.06993,0.06994,0.06978,0.06981,1.53559e+06
1786818600000,0.06982,0.06984,0.06978,0.06982,2.156697e+06
1786819500000,0.06982,0.06983,0.06979,0.06981,353629
1786820400000,0.0698,0.06988,0.06974,0.06987,1.728013e+06
1786821300000,0.06988,0.06994,0.06988,0.0699,191582
1786822200000,0.0699,0.06997,0.0699,0.06996,1.161106e+06
1786823100000,0.06997,0.06998,0.06994,0.06996,332225
1786824000000,0.06995,0.06996,0.06991,0.06994,1.00356e+06
1786824900000,0.06994,0.06994,0.06988,0.06993,788687
1786825800000,0.06994,0.06994,0.06987,0.06992,764656
1786826700000,0.06993,0.07,0.06989,0.06991,2.633258e+06
1786827600000,0.06992,0.07003,0.06989,0.07,871186
1786828500000,0.07,0.07009,0.07,0.07008,745650
1786829400000,0.07007,0.07009,0.07,0.07005,1.164272e+06
1786830300000,0.07004,0.07009,0.06996,0.06996,772715
1786831200000,0.06996,0.07001,0.06996,0.06997,576230
1786832100000,0.06996,0.06997,0.06991,0.06995,558820
1786833000000,0.06994,0.06997,0.0699,0.06991,721283
1786833900000,0.06992,0.07,0.06986,0.06987,3.441444e+06
1786834800000,0.06986,0.06991,0.06951,0.06973,1.2701117e+07
1786835700000,0.06973,0.06973,0.06953,0.06963,1.763761e+06
1786836600000,0.06964,0.06968,0.06959,0.06964,1.220041e+06
1786837500000,0.06965,0.06965,0.0696,0.06961,492910
1786838400000,0.06961,0.06961,0.06951,0.06953,1.354929e+06
1786839300000,0.06954,0.06971,0.06952,0.06968,3.339743e+06
1786840200000,0.06969,0.06971,0.06962,0.06969,1.325105e+06
1786841100000,0.06969,0.06972,0.06964,0.06971,851156
1786842000000,0.0697,0.0697,0.06953,0.06964,8.166274e+06
1786842900000,0.06964,0.06969,0.06962,0.06962,589666
1786843800000,0.06961,0.06967,0.06953,0.06967,799800
1786844700000,0.06967,0.06967,0.06957,0.06966,581431
1786845600000,0.06965,0.06968,0.06961,0.06962,400713
1786846500000,0.06962,0.06984,0.06962,0.06983,3.660741e+06
1786847400000,0.06983,0.06994,0.06982,0.06991,1.688095e+06
1786848300000,0.0699,0.06991,0.06977,0.06981,1.745505e+06
1786849200000,0.06982,0.06991,0.0698,0.06988,383026
1786850100000,0.06989,0.06989,0.06984,0.06986,409932
1786851000000,0.06986,0.06989,0.06982,0.06984,583391
1786851900000,0.06984,0.06987,0.06981,0.06983,1.181582e+06
1786852800000,0.06984,0.06986,0.06982,0.06983,1.026843e+06
1786853700000,0.06983,0.06993,0.0698,0.0699,1.890603e+06
1786854600000,0.06989,0.06989,0.06983,0.06985,680629
1786855500000,0.06985,0.06987,0.06978,0.06981,538497
1786856400000,0.06981,0.06983,0.0698,0.06981,271928
1786857300000,0.06981,0.06981,0.0697,0.06971,1.118754e+06
1786858200000,0.0697,0.06976,0.06969,0.06973,1.138923e+06
1786859100000,0.06973,0.06975,0.06966,0.06968,1.117719e+06
1786860000000,0.06968,0.06975,0.06967,0.0697,939210
1786860900000,0.0697,0.06971,0.06958,0.06967,5.526952e+06
1786861800000,0.06967,0.06972,0.06963,0.06972,717328
1786862700000,0.06971,0.06982,0.06971,0.06972,1.385086e+06
1786863600000,0.06971,0.06983,0.0697,0.06981,798588
1786864500000,0.06981,0.06984,0.0698,0.06984,161665
1786865400000,0.06984,0.06986,0.06979,0.06982,1.879259e+06
1786866300000,0.06983,0.06991,0.06982,0.0699,1.091907e+06
1786867200000,0.0699,0.06992,0.06987,0.06987,895192
1786868100000,0.06988,0.06994,0.06987,0.0699,737643
1786869000000,0.06989,0.0699,0.06984,0.06986,1.321506e+06
1786869900000,0.06986,0.06988,0.06985,0.06987,496755
1786870800000,0.06988,0.06989,0.06986,0.06989,440861
1786871700000,0.06988,0.06991,0.06981,0.06984,796624
1786872600000,0.06984,0.06984,0.06968,0.0698,7.379025e+06
1786873500000,0.06979,0.06984,0.06977,0.06979,599442
1786874400000,0.06978,0.0698,0.06973,0.06973,375388
1786875300000,0.06973,0.06978,0.06971,0.06978,1.590595e+06
1786876200000,0.06977,0.06979,0.06976,0.06977,636218
1786877100000,0.06977,0.06982,0.06975,0.06977,1.622185e+06
1786878000000,0.06977,0.06981,0.06977,0.0698,2.072102e+06
1786878900000,0.0698,0.06981,0.06978,0.06981,271314
1786879800000,0.0698,0.06985,0.06979,0.06982,3.650524e+06
1786880700000,0.06982,0.06986,0.0698,0.06984,691015
1786881600000,0.06985,0.06985,0.06975,0.06977,1.706889e+06
1786882500000,0.06977,0.06986,0.06976,0.06986,727029
1786883400000,0.06985,0.06986,0.06981,0.06983,1.010768e+06
1786884300000,0.06983,0.06993,0.06982,0.06993,399862
1786885200000,0.06993,0.07,0.06992,0.06997,3.994957e+06
1786886100000,0.06997,0.07,0.06996,0.06998,771250
1786887000000,0.06998,0.06999,0.06993,0.06993,1.14559e+06
1786887900000,0.06993,0.06995,0.06991,0.06993,501305
1786888800000,0.06992,0.06994,0.06991,0.06991,137960
1786889700000,0.06992,0.07003,0.0699,0.07002,3.142088e+06
1786890600000,0.07002,0.07006,0.07001,0.07004,1.948599e+06
1786891500000,0.07005,0.07007,0.07003,0.07007,1.167737e+06
1786892400000,0.07006,0.07009,0.07004,0.07006,1.909778e+06
1786893300000,0.07007,0.07007,0.07002,0.07004,4.380389e+06
1786894200000,0.07004,0.07007,0.07,0.07001,1.667532e+06
1786895100000,0.07001,0.07008,0.07,0.07007,1.983383e+06
1786896000000,0.07007,0.07014,0.07005,0.07009,5.155834e+06
1786896900000,0.07009,0.07018,0.07004,0.07004,1.260714e+06
1786897800000,0.07004,0.07015,0.07,0.07001,1.814405e+06
1786898700000,0.07001,0.07006,0.06996,0.07005,1.071909e+06
1786899600000,0.07005,0.0701,0.07002,0.07004,490952
1786900500000,0.07005,0.07006,0.06997,0.07002,1.557766e+06
1786901400000,0.07002,0.07005,0.06996,0.07001,796408
1786902300000,0.07,0.07004,0.06999,0.07002,291898
1786903200000,0.07002,0.07002,0.06991,0.07,1.862908e+06
1786904100000,0.06999,0.06999,0.0699,0.06993,282284
1786905000000,0.06992,0.07,0.06992,0.07,179702
1786905900000,0.07,0.07004,0.06997,0.07001,428449
1786906800000,0.07,0.07005,0.07,0.07003,449964
1786907700000,0.07003,0.07007,0.07002,0.07005,209750
1786908600000,0.07005,0.07007,0.07,0.07001,1.064461e+06
1786909500000,0.07,0.07001,0.06992,0.06993,5.741708e+06
1786910400000,0.06993,0.07,0.06989,0.06996,2.106543e+06
1786911300000,0.06996,0.07004,0.06994,0.06996,1.561754e+06
1786912200000,0.06997,0.06999,0.06986,0.06997,4.000801e+06
1786913100000,0.06996,0.06999,0.06979,0.06985,1.124995e+06
1786914000000,0.06985,0.06987,0.06976,0.06981,1.556672e+06
1786914900000,0.0698,0.0699,0.06979,0.06982,1.017554e+06
1786915800000,0.06982,0.06991,0.06904,0.06944,1.6732342e+07
1786916700000,0.06944,0.06951,0.06921,0.06941,3.995249e+06
1786917600000,0.0694,0.0696,0.0693,0.06959,3.2586e+06
1786918500000,0.06959,0.06964,0.06956,0.06959,1.011794e+06
1786919400000,0.06958,0.06961,0.06946,0.06958,2.036428e+06
1786920300000,0.06958,0.06961,0.0695,0.06958,653137
1786921200000,0.06959,0.0697,0.06958,0.0696,1.790143e+06
1786922100000,0.0696,0.06964,0.06953,0.06959,900474
1786923000000,0.0696,0.06962,0.06951,0.06958,3.320052e+06
1786923900000,0.06957,0.06966,0.06953,0.0696,1.142066e+06
1786924800000,0.0696,0.06967,0.06957,0.06964,2.101202e+06
1786925700000,0.06964,0.06965,0.06947,0.06965,5.035098e+06
1786926600000,0.06965,0.06981,0.06952,0.06979,3.685099e+06
1786927500000,0.06979,0.0698,0.06962,0.06976,3.948056e+06
1786928400000,0.06975,0.07016,0.06975,0.06998,5.542024e+06
1786929300000,0.06997,0.07013,0.06993,0.07005,4.318067e+06
1786930200000,0.07006,0.07028,0.07006,0.07016,9.103836e+06
1786931100000,0.07017,0.07018,0.06998,0.06998,730257
1786932000000,0.06999,0.07003,0.06995,0.07001,529696
1786932900000,0.07001,0.07005,0.06987,0.06999,1.0288956e+07
1786933800000,0.06998,0.07019,0.06993,0.07012,6.703691e+06
1786934700000,0.07012,0.07032,0.07011,0.07019,6.348019e+06
1786935600000,0.07019,0.07022,0.07013,0.07017,1.692652e+06
1786936500000,0.07018,0.07026,0.07006,0.0701,6.554941e+06
1786937400000,0.0701,0.07016,0.0701,0.07012,899609
1786938300000,0.07012,0.07024,0.0701,0.07019,1.283327e+06
1786939200000,0.0702,0.07027,0.0702,0.07023,3.237455e+06
1786940100000,0.07023,0.07029,0.07019,0.0702,2.22402e+06
1786941000000,0.0702,0.07025,0.07018,0.07021,1.18531e+06
1786941900000,0.07021,0.07027,0.07018,0.07023,1.549659e+06
1786942800000,0.07023,0.07026,0.07014,0.07022,1.794398e+06
1786943700000,0.07022,0.07027,0.07018,0.07018,2.159331e+06
1786944600000,0.07019,0.07019,0.07012,0.07016,763743
1786945500000,0.07017,0.07023,0.07015,0.07016,1.320591e+06
1786946400000,0.07016,0.07028,0.07014,0.07027,4.59631e+06
1786947300000,0.07027,0.07045,0.07023,0.07023,6.864745e+06
1786948200000,0.07023,0.07036,0.07021,0.07036,1.867652e+06
1786949100000,0.07036,0.0705,0.07035,0.07049,4.478013e+06
1786950000000,0.07049,0.07052,0.07031,0.07034,4.12582e+06
1786950900000,0.07035,0.07037,0.0703,0.07037,2.604657e+06
1786951800000,0.07036,0.07037,0.07028,0.0703,1.521164e+06
1786952700000,0.07029,0.07034,0.07027,0.07033,2.386712e+06
1786953600000,0.07032,0.07035,0.07015,0.07018,2.226989e+06
1786954500000,0.07018,0.07022,0.07011,0.07022,2.583566e+06
1786955400000,0.07021,0.07035,0.07014,0.07015,4.223119e+06
1786956300000,0.07015,0.07016,0.07003,0.07008,5.62197e+06
1786957200000,0.07009,0.07028,0.07006,0.0702,3.530644e+06
1786958100000,0.0702,0.07028,0.07014,0.07027,3.299693e+06
1786959000000,0.07028,0.0703,0.07024,0.07024,1.573243e+06
1786959900000,0.07025,0.07028,0.07018,0.07027,1.29735e+06
1786960800000,0.07027,0.07029,0.07025,0.07028,623504
1786961700000,0.07027,0.0703,0.07018,0.0703,1.210421e+06
1786962600000,0.0703,0.07042,0.07026,0.0704,4.794785e+06
1786963500000,0.0704,0.07046,0.07033,0.07042,2.864305e+06
1786964400000,0.07042,0.07044,0.07034,0.07035,1.365239e+06
1786965300000,0.07034,0.07037,0.07032,0.07033,1.369173e+06
1786966200000,0.07033,0.07034,0.07029,0.07032,3.038643e+06
1786967100000,0.07031,0.07037,0.07017,0.07018,1.542621e+06
1786968000000,0.07019,0.07023,0.07012,0.07016,1.306112e+06
1786968900000,0.07017,0.07019,0.07007,0.0701,1.54945e+06
1786969800000,0.0701,0.07017,0.07001,0.07008,2.74815e+06
1786970700000,0.07007,0.0701,0.07001,0.07006,2.013311e+06
1786971600000,0.07007,0.07008,0.07,0.07005,4.119546e+06
1786972500000,0.07004,0.07005,0.07,0.07005,3.045323e+06
1786973400000,0.07005,0.07031,0.07004,0.07022,3.854386e+06
1786974300000,0.07021,0.07031,0.0702,0.07023,1.093589e+06
1786975200000,0.07023,0.07026,0.07011,0.07021,844711
1786976100000,0.07021,0.07029,0.0701,0.07012,6.192945e+06
1786977000000,0.07012,0.07022,0.07009,0.07019,3.041951e+06
1786977900000,0.07019,0.07041,0.07017,0.07038,4.206586e+06
1786978800000,0.07038,0.07048,0.07032,0.07033,2.961862e+06
1786979700000,0.07032,0.07048,0.07027,0.07045,4.412743e+06
1786980600000,0.07044,0.07058,0.0704,0.07054,8.032239e+06
1786981500000,0.07054,0.0706,0.07047,0.07052,2.51556e+06
1786982400000,0.07052,0.07052,0.07033,0.07034,3.205106e+06
1786983300000,0.07033,0.07045,0.07032,0.07039,2.671836e+06
1786984200000,0.07038,0.07049,0.07038,0.07039,4.718325e+06
1786985100000,0.0704,0.07045,0.07033,0.07036,1.532791e+06
1786986000000,0.07037,0.07039,0.0703,0.0703,1.432969e+06
1786986900000,0.0703,0.07055,0.07029,0.07038,4.928246e+06
1786987800000,0.07038,0.07043,0.0703,0.07034,1.731039e+06
1786988700000,0.07034,0.07041,0.07032,0.07038,1.027431e+06
1786989600000,0.07037,0.07042,0.07033,0.07041,1.009772e+06
1786990500000,0.07041,0.07052,0.07039,0.07043,5.319535e+06
1786991400000,0.07043,0.07048,0.07039,0.07045,830873
1786992300000,0.07045,0.07045,0.07035,0.07037,1.440348e+06
1786993200000,0.07036,0.07038,0.07028,0.07028,2.460069e+06
1786994100000,0.07028,0.07034,0.07027,0.07033,826739
1786995000000,0.07032,0.07035,0.07025,0.07033,720287
1786995900000,0.07032,0.07033,0.07026,0.07031,983077
1786996800000,0.07031,0.07031,0.07019,0.07023,1.216149e+06
1786997700000,0.07022,0.07024,0.07012,0.07023,3.830972e+06
1786998600000,0.07024,0.07048,0.07019,0.07047,4.505097e+06
1786999500000,0.07048,0.07053,0.07025,0.07033,5.750886e+06
1787000400000,0.07034,0.07046,0.07033,0.07042,2.503001e+06
1787001300000,0.07042,0.07044,0.07038,0.07043,734253
1787002200000,0.07044,0.07048,0.07041,0.07043,2.055753e+06
1787003100000,0.07044,0.07044,0.07041,0.07043,649295
1787004000000,0.07042,0.0705,0.07033,0.07034,1.67775e+06
1787004900000,0.07034,0.07035,0.07026,0.07028,983795
1787005800000,0.07028,0.07029,0.07022,0.07025,3.430139e+06
1787006700000,0.07025,0.07025,0.07022,0.07023,211414
1787007600000,0.07022,0.07028,0.07022,0.07024,2.635722e+06
1787008500000,0.07025,0.0704,0.07024,0.0704,1.165412e+06
1787009400000,0.07041,0.07049,0.07039,0.07041,659731
1787010300000,0.0704,0.07049,0.0704,0.07041,1.263903e+06
1787011200000,0.07042,0.07043,0.07033,0.0704,3.177378e+06
1787012100000,0.0704,0.07043,0.07031,0.07032,1.662732e+06
1787013000000,0.07032,0.07032,0.07022,0.0703,5.632074e+06
1787013900000,0.07029,0.07038,0.07027,0.07036,1.667687e+06
1787014800000,0.07037,0.07038,0.07022,0.07033,8.433632e+06
1787015700000,0.07034,0.07035,0.07022,0.07022,1.172789e+06
1787016600000,0.07023,0.07027,0.07019,0.07019,2.286501e+06
1787017500000,0.0702,0.0702,0.06996,0.07002,4.013145e+06
1787018400000,0.07002,0.07012,0.06998,0.06998,2.066095e+06
1787019300000,0.06997,0.07002,0.06992,0.06995,2.080542e+06
1787020200000,0.06994,0.06998,0.06981,0.06982,4.093963e+06
1787021100000,0.06982,0.06986,0.06961,0.06972,7.770099e+06
1787022000000,0.06972,0.06984,0.0697,0.06977,4.497362e+06
1787022900000,0.06978,0.06991,0.06978,0.06984,1.610007e+06
1787023800000,0.06983,0.06989,0.0697,0.06989,1.537629e+06
1787024700000,0.06989,0.0699,0.06985,0.06986,3.142525e+06
1787025600000,0.06986,0.0699,0.06974,0.06988,2.933777e+06
1787026500000,0.06988,0.06992,0.06984,0.06992,899189
1787027400000,0.06993,0.07001,0.06993,0.06997,1.07032e+06
1787028300000,0.06997,0.07,0.06992,0.06995,2.031735e+06
1787029200000,0.06995,0.07001,0.06983,0.06999,4.379879e+06
1787030100000,0.06999,0.07,0.06983,0.06983,2.281598e+06
1787031000000,0.06984,0.06992,0.06961,0.06991,8.10977e+06
1787031900000,0.06991,0.06991,0.06978,0.0698,1.811654e+06
1787032800000,0.0698,0.06992,0.06974,0.06989,3.280491e+06
1787033700000,0.06988,0.07007,0.06988,0.07002,2.104536e+06
1787034600000,0.07003,0.07011,0.07001,0.07005,1.590423e+06
1787035500000,0.07006,0.07006,0.06991,0.06995,1.52175e+06
1787036400000,0.06996,0.07001,0.06994,0.06996,931269
1787037300000,0.06997,0.07002,0.06983,0.06983,1.681228e+06
1787038200000,0.06983,0.06996,0.06981,0.06989,6.027591e+06
1787039100000,0.06989,0.06991,0.06977,0.06988,5.091008e+06
1787040000000,0.06988,0.06989,0.06967,0.06977,3.688781e+06
1787040900000,0.06978,0.06983,0.06976,0.06978,1.390752e+06
1787041800000,0.06978,0.06995,0.06978,0.0699,1.309111e+06
1787042700000,0.06989,0.06991,0.06985,0.06989,1.086638e+06
1787043600000,0.06988,0.06993,0.06984,0.06992,1.344014e+06
1787044500000,0.06992,0.06994,0.06987,0.06993,2.522745e+06
1787045400000,0.06992,0.06994,0.06984,0.06986,1.925665e+06
1787046300000,0.06987,0.06991,0.06985,0.0699,2.553142e+06
1787047200000,0.0699,0.06995,0.06987,0.06989,590689
1787048100000,0.0699,0.06992,0.06988,0.0699,774523
1787049000000,0.06989,0.06995,0.06989,0.06995,798146
1787049900000,0.06995,0.06995,0.06991,0.06992,315899
1787050800000,0.06992,0.07,0.06991,0.06998,1.710415e+06
1787051700000,0.06997,0.07003,0.06996,0.07,2.097581e+06
1787052600000,0.07001,0.07001,0.06995,0.06997,657575
1787053500000,0.06998,0.07,0.06993,0.06997,1.268156e+06
1787054400000,0.06997,0.07,0.0699,0.06991,1.239092e+06
1787055300000,0.06991,0.06995,0.06987,0.06991,1.020005e+06
1787056200000,0.06991,0.06993,0.06988,0.06989,843464
1787057100000,0.06989,0.06989,0.06983,0.06984,691242
1787058000000,0.06983,0.06983,0.06978,0.06981,1.716138e+06
1787058900000,0.06981,0.06982,0.06978,0.06979,1.529252e+06
1787059800000,0.06979,0.06992,0.06978,0.06986,2.293536e+06
1787060700000,0.06985,0.06986,0.06975,0.06981,1.273249e+06
1787061600000,0.06982,0.06994,0.06977,0.06981,2.254938e+06
1787062500000,0.0698,0.07037,0.06979,0.07035,5.717496e+06
1787063400000,0.07035,0.07038,0.07013,0.07016,4.511412e+06
1787064300000,0.07015,0.07021,0.07005,0.07006,2.898731e+06
1787065200000,0.07007,0.07019,0.07002,0.07018,2.14387e+06
1787066100000,0.07018,0.07031,0.07017,0.07029,1.804488e+06
1787067000000,0.0703,0.07035,0.0702,0.0702,1.884547e+06
1787067900000,0.0702,0.07033,0.07019,0.07033,1.755582e+06
1787068800000,0.07034,0.07037,0.07026,0.07029,1.857016e+06
1787069700000,0.07028,0.0703,0.07022,0.07024,961360
1787070600000,0.07024,0.07049,0.07023,0.07041,3.136722e+06
1787071500000,0.07042,0.07048,0.07039,0.07039,2.504594e+06
1787072400000,0.07039,0.07043,0.07032,0.07039,1.441796e+06
1787073300000,0.07038,0.0704,0.07033,0.07034,790095
1787074200000,0.07035,0.07038,0.07026,0.07031,4.527569e+06
1787075100000,0.0703,0.07031,0.07026,0.07027,504899
1787076000000,0.07028,0.07037,0.07027,0.07036,2.647582e+06
1787076900000,0.07037,0.07046,0.07035,0.07046,2.208149e+06
1787077800000,0.07045,0.07055,0.07041,0.07047,3.349047e+06
1787078700000,0.07046,0.0705,0.07042,0.07047,1.219137e+06
1787079600000,0.07047,0.07055,0.07039,0.0704,1.991847e+06
1787080500000,0.07039,0.07055,0.07036,0.07054,1.320421e+06
1787081400000,0.07053,0.07055,0.07041,0.07044,2.575322e+06
1787082300000,0.07043,0.07045,0.07037,0.07037,4.226037e+06
1787083200000,0.07036,0.07042,0.07032,0.07041,1.940012e+06
1787084100000,0.0704,0.07041,0.07024,0.0703,5.19018e+06
1787085000000,0.07029,0.07042,0.07027,0.07027,2.951097e+06
1787085900000,0.07028,0.07031,0.07012,0.07024,8.636131e+06
1787086800000,0.07023,0.07031,0.07021,0.07025,1.772104e+06
1787087700000,0.07024,0.07026,0.07021,0.07021,1.039513e+06
1787088600000,0.07021,0.07021,0.07014,0.07016,3.304173e+06
1787089500000,0.07017,0.0702,0.07012,0.07016,560444
1787090400000,0.07015,0.07026,0.0701,0.07019,3.333043e+06
1787091300000,0.07019,0.07019,0.07005,0.07014,3.808158e+06
1787092200000,0.07014,0.07022,0.07008,0.07009,3.079151e+06
1787093100000,0.07008,0.07012,0.06996,0.07007,1.0020469e+07
1787094000000,0.07008,0.07022,0.07007,0.07018,5.079816e+06
1787094900000,0.07018,0.07031,0.07017,0.07025,1.715192e+06
1787095800000,0.07026,0.0703,0.07024,0.0703,1.1852015e+07
1787096700000,0.07029,0.0703,0.07024,0.07026,1.548814e+06
1787097600000,0.07027,0.07028,0.07015,0.07015,2.64593e+06
1787098500000,0.07014,0.07014,0.07004,0.07004,2.879818e+06
1787099400000,0.07005,0.07011,0.07002,0.07005,1.01689e+06
1787100300000,0.07005,0.07006,0.06997,0.06998,1.51246e+06
1787101200000,0.06997,0.07013,0.06996,0.07008,4.24481e+06
1787102100000,0.07007,0.07009,0.06992,0.07,1.0234827e+07
1787103000000,0.07,0.07001,0.0699,0.06992,1.143325e+06
1787103900000,0.06992,0.07002,0.06992,0.06999,1.488092e+06
1787104800000,0.06998,0.06999,0.06989,0.06992,1.239028e+06
1787105700000,0.06992,0.06998,0.06987,0.06998,3.549438e+06
1787106600000,0.06997,0.06999,0.06994,0.06998,811440
1787107500000,0.06997,0.07002,0.0699,0.06994,2.514021e+06
1787108400000,0.06994,0.07004,0.06991,0.07003,2.367765e+06
1787109300000,0.07004,0.07015,0.07004,0.07008,2.777139e+06
1787110200000,0.07007,0.07009,0.07004,0.07008,610441
1787111100000,0.07008,0.07012,0.07005,0.0701,836997
1787112000000,0.07011,0.07011,0.07002,0.07004,2.190046e+06
1787112900000,0.07004,0.07009,0.07003,0.07005,974749
1787113800000,0.07004,0.07005,0.06997,0.07,2.01183e+06
1787114700000,0.07,0.07001,0.06993,0.06996,9.027052e+06
1787115600000,0.06996,0.07013,0.06996,0.07005,7.704293e+06
1787116500000,0.07005,0.07007,0.06997,0.07005,4.27749e+06
1787117400000,0.07005,0.07006,0.07,0.07001,331946
1787118300000,0.07001,0.07001,0.06995,0.06997,2.925596e+06
1787119200000,0.06997,0.06997,0.06988,0.06989,2.631731e+06
1787120100000,0.0699,0.07004,0.06989,0.06999,1.153021e+06
1787121000000,0.06999,0.0701,0.06992,0.0701,4.897539e+06
1787121900000,0.07011,0.07023,0.07004,0.0701,4.484584e+06
1787122800000,0.0701,0.07012,0.07004,0.0701,1.645351e+06
1787123700000,0.0701,0.07011,0.07005,0.07007,882903
1787124600000,0.07007,0.07011,0.07003,0.07003,831932
1787125500000,0.07004,0.07009,0.06993,0.06994,3.598433e+06
1787126400000,0.06994,0.07002,0.06989,0.06995,4.494485e+06
1787127300000,0.06995,0.07011,0.06994,0.07009,3.450721e+06
1787128200000,0.07008,0.07026,0.07006,0.07021,9.87794e+06
1787129100000,0.07021,0.0703,0.07013,0.07014,5.834559e+06
1787130000000,0.07014,0.07023,0.07011,0.07011,3.347133e+06
1787130900000,0.07012,0.07016,0.07011,0.07011,1.027998e+06
1787131800000,0.07011,0.07011,0.07003,0.07004,1.593395e+06
1787132700000,0.07004,0.07007,0.07001,0.07005,1.97714e+06
1787133600000,0.07006,0.07006,0.07001,0.07003,835023
1787134500000,0.07003,0.07005,0.07,0.07002,1.542666e+06
1787135400000,0.07002,0.07005,0.07001,0.07004,1.394719e+06
1787136300000,0.07004,0.07008,0.07004,0.07008,2.551503e+06
1787137200000,0.07007,0.07022,0.07007,0.07018,1.635936e+06
1787138100000,0.07018,0.07022,0.07016,0.0702,2.329167e+06
1787139000000,0.0702,0.07023,0.07018,0.07018,1.710244e+06
1787139900000,0.07018,0.07025,0.07018,0.07023,802207
1787140800000,0.07023,0.07031,0.07021,0.07023,969812
1787141700000,0.07023,0.07029,0.07021,0.07027,1.728416e+06
1787142600000,0.07027,0.07054,0.07025,0.07049,1.1426622e+07
1787143500000,0.07049,0.0708,0.07048,0.07063,7.958642e+06
1787144400000,0.07063,0.07072,0.07053,0.07065,7.436982e+06
1787145300000,0.07066,0.0707,0.07059,0.07061,3.910287e+06
1787146200000,0.0706,0.07069,0.07043,0.07054,1.2099957e+07
1787147100000,0.07055,0.07064,0.07048,0.07055,4.382801e+06
1787148000000,0.07055,0.07065,0.07024,0.07058,1.0717721e+07
1787148900000,0.07059,0.07067,0.07054,0.07061,7.259639e+06
1787149800000,0.07061,0.07076,0.07057,0.07072,4.171954e+06
1787150700000,0.07072,0.07145,0.07071,0.07129,2.1911732e+07
1787151600000,0.07129,0.07223,0.07123,0.0719,2.7876343e+07
1787152500000,0.0719,0.07418,0.07171,0.07372,9.505518e+07
1787153400000,0.07373,0.07378,0.07302,0.07308,4.952045e+07
1787154300000,0.07309,0.07309,0.07233,0.0725,2.8503638e+07
1787155200000,0.07251,0.07301,0.07245,0.0727,1.6391705e+07
1787156100000,0.0727,0.07323,0.0727,0.0732,9.664069e+06
1787157000000,0.07319,0.07321,0.07281,0.07283,7.509611e+06
1787157900000,0.07283,0.07293,0.07268,0.07272,4.850383e+06
1787158800000,0.07272,0.07276,0.07235,0.07237,1.1919643e+07
1787159700000,0.07237,0.07243,0.07203,0.07214,9.926748e+06
1787160600000,0.07214,0.07231,0.07192,0.07226,6.206272e+06
1787161500000,0.07226,0.07238,0.07218,0.07231,8.263464e+06
1787162400000,0.07231,0.07244,0.07218,0.0724,6.833783e+06
1787163300000,0.0724,0.07265,0.0724,0.07263,3.947106e+06
1787164200000,0.07262,0.07284,0.07257,0.07278,7.832118e+06
1787165100000,0.07279,0.07285,0.07269,0.07275,3.561134e+06
1787166000000,0.07274,0.07286,0.07246,0.07254,6.097583e+06
1787166900000,0.07254,0.07289,0.07252,0.07272,3.936937e+06
1787167800000,0.07271,0.07298,0.07266,0.07297,2.962694e+06
1787168700000,0.07298,0.07312,0.07289,0.07311,7.703515e+06
1787169600000,0.07311,0.07321,0.07305,0.07307,5.423554e+06
1787170500000,0.07306,0.07334,0.0729,0.07326,8.698508e+06
1787171400000,0.07326,0.07345,0.0732,0.07343,4.950505e+06
1787172300000,0.07343,0.07453,0.07329,0.07418,5.7799003e+07
1787173200000,0.07418,0.07582,0.07412,0.07572,7.2299889e+07
1787174100000,0.07571,0.07625,0.07528,0.07608,3.7371857e+07
1787175000000,0.07608,0.07637,0.0754,0.07593,3.3747931e+07
1787175900000,0.07594,0.0764,0.07574,0.07608,1.6657982e+07
1787176800000,0.07608,0.07622,0.07499,0.07511,2.3562426e+07
1787177700000,0.07511,0.0755,0.07488,0.07488,1.2991483e+07
1787178600000,0.07488,0.07546,0.07443,0.07502,2.4473105e+07
1787179500000,0.07502,0.07503,0.074,0.07479,7.2595184e+07
1787180400000,0.0748,0.07494,0.07462,0.07462,8.310104e+06
1787181300000,0.07462,0.07493,0.07455,0.07484,8.549211e+06
1787182200000,0.07484,0.07527,0.07463,0.07517,1.322456e+07
1787183100000,0.07517,0.07517,0.07474,0.07504,1.0155767e+07
1787184000000,0.07504,0.07524,0.07494,0.07505,1.182925e+07
1787184900000,0.07505,0.07543,0.07501,0.07538,8.669396e+06
1787185800000,0.07538,0.07564,0.07524,0.07548,1.8751221e+07
1787186700000,0.07549,0.07573,0.07514,0.07532,1.959712e+07
1787187600000,0.07532,0.07549,0.07488,0.07492,1.0094337e+07
1787188500000,0.07491,0.07509,0.07469,0.07501,8.845777e+06
1787189400000,0.075,0.07536,0.07499,0.07534,3.427518e+06
1787190300000,0.07535,0.07559,0.07535,0.07548,1.5087218e+07
1787191200000,0.07548,0.07613,0.07548,0.07586,2.7760649e+07
1787192100000,0.07586,0.07594,0.07558,0.07567,9.424988e+06
1787193000000,0.07567,0.07583,0.07561,0.07563,6.193423e+06
1787193900000,0.07562,0.07566,0.07534,0.07547,5.785948e+06
1787194800000,0.07547,0.07547,0.07476,0.07489,9.827718e+06
1787195700000,0.07489,0.07518,0.07478,0.07481,6.608675e+06
1787196600000,0.07481,0.07492,0.07477,0.07484,7.542785e+06
1787197500000,0.07484,0.07501,0.0748,0.0748,6.37781e+06
1787198400000,0.0748,0.07492,0.07468,0.07486,4.664298e+06
1787199300000,0.07486,0.07486,0.07465,0.07465,2.955622e+06
1787200200000,0.07466,0.07473,0.07445,0.07467,4.785674e+06
1787201100000,0.07467,0.07493,0.07467,0.07482,7.705088e+06
1787202000000,0.07482,0.07488,0.07467,0.07468,9.906212e+06
1787202900000,0.07467,0.07486,0.07465,0.07466,5.503562e+06
1787203800000,0.07465,0.07475,0.07455,0.07469,2.2612379e+07
1787204700000,0.07468,0.07477,0.0746,0.0747,4.471622e+06
1787205600000,0.07471,0.07478,0.07452,0.07465,6.097767e+06
1787206500000,0.07464,0.075,0.07447,0.07494,9.230633e+06
1787207400000,0.07494,0.07525,0.07485,0.07525,2.9849609e+07
1787208300000,0.07525,0.07537,0.07515,0.07529,1.1579421e+07
1787209200000,0.07528,0.07543,0.07516,0.07529,4.346015e+06
1787210100000,0.07528,0.0753,0.07504,0.07521,5.984525e+06
1787211000000,0.07521,0.07523,0.075,0.07514,5.960223e+06
1787211900000,0.07513,0.07535,0.07508,0.07531,3.5141e+06
1787212800000,0.07532,0.07649,0.07526,0.07646,2.5774029e+07
1787213700000,0.07646,0.0768,0.07623,0.07659,3.6319543e+07
1787214600000,0.07659,0.07716,0.07651,0.07706,3.2364793e+07
1787215500000,0.07706,0.07715,0.0768,0.07687,3.3974323e+07
1787216400000,0.07687,0.07699,0.07662,0.07699,1.5284591e+07
1787217300000,0.07698,0.07735,0.07683,0.07683,2.0710159e+07
1787218200000,0.07683,0.07687,0.07654,0.07676,1.3071557e+07
1787219100000,0.07675,0.07683,0.07641,0.0767,1.8730649e+07
1787220000000,0.0767,0.07711,0.07654,0.07708,1.2034058e+07
1787220900000,0.07708,0.07788,0.07708,0.07733,1.8156871e+07
1787221800000,0.07734,0.07738,0.07712,0.07715,7.627825e+06
1787222700000,0.07715,0.0773,0.07707,0.0772,7.456766e+06
1787223600000,0.0772,0.07741,0.07706,0.07718,8.441808e+06
1787224500000,0.07718,0.07723,0.07695,0.07696,6.368224e+06
1787225400000,0.07695,0.07791,0.07691,0.07757,1.4044828e+07
1787226300000,0.07756,0.07765,0.07703,0.07717,1.1322533e+07
1787227200000,0.07717,0.07734,0.07662,0.07684,9.232025e+06
1787228100000,0.07684,0.07698,0.07677,0.07685,3.842257e+06
1787229000000,0.07686,0.07712,0.0766,0.07697,1.2936499e+07
1787229900000,0.07696,0.07753,0.07679,0.07742,1.7127931e+07
1787230800000,0.07743,0.07747,0.07721,0.07732,5.1979e+06
1787231700000,0.07731,0.0779,0.07717,0.07778,1.4153039e+07
1787232600000,0.07777,0.07777,0.07684,0.0774,2.7083657e+07
1787233500000,0.07739,0.07767,0.07722,0.07746,1.607598e+07
1787234400000,0.07747,0.07821,0.07738,0.07802,2.5791228e+07
1787235300000,0.07803,0.07812,0.07755,0.07769,1.5894866e+07
1787236200000,0.07769,0.07815,0.07763,0.07801,5.5234842e+07
1787237100000,0.07802,0.07858,0.07785,0.07847,4.320692e+07
1787238000000,0.07848,0.07989,0.07836,0.0797,7.0371379e+07
1787238900000,0.07971,0.07977,0.07893,0.07951,3.2323945e+07
1787239800000,0.0795,0.07965,0.07899,0.0793,2.0298574e+07
1787240700000,0.0793,0.08066,0.07914,0.08024,4.1173556e+07
1787241600000,0.08023,0.08029,0.07969,0.07989,1.8485819e+07
1787242500000,0.07988,0.08059,0.07975,0.08054,2.2551228e+07
1787243400000,0.08053,0.08172,0.08029,0.0816,3.3053108e+07
1787244300000,0.08159,0.08332,0.08156,0.08324,7.3690913e+07
1787245200000,0.08325,0.08348,0.0825,0.08288,3.9337683e+07
1787246100000,0.08288,0.08328,0.0825,0.08285,2.337747e+07
1787247000000,0.08284,0.0832,0.08267,0.08278,1.7783599e+07
1787247900000,0.08279,0.08355,0.08268,0.08281,1.5441256e+07
1787248800000,0.08281,0.08319,0.08129,0.08151,3.4796594e+07
1787249700000,0.08151,0.0818,0.08071,0.08075,2.0942737e+07
1787250600000,0.08076,0.08088,0.0802,0.08054,2.2647081e+07
1787251500000,0.08053,0.08066,0.07963,0.07963,1.2332311e+07
1787252400000,0.07964,0.0804,0.07954,0.07997,1.6984606e+07
1787253300000,0.07998,0.0803,0.07996,0.08006,6.647878e+06
1787254200000,0.08006,0.0801,0.07972,0.07996,9.724015e+06
1787255100000,0.07996,0.08,0.07941,0.07971,1.9268523e+07
1787256000000,0.0797,0.07991,0.07963,0.07979,7.69065e+06
1787256900000,0.07979,0.08007,0.07967,0.07996,3.922797e+06
1787257800000,0.07996,0.08017,0.07986,0.08004,6.031368e+06
1787258700000,0.08004,0.08012,0.07986,0.0801,8.752767e+06
1787259600000,0.08011,0.08037,0.0801,0.08024,6.09905e+06
1787260500000,0.08024,0.08042,0.08018,0.0803,4.689129e+06
1787261400000,0.08031,0.08062,0.08021,0.08033,6.341941e+06
1787262300000,0.08033,0.08045,0.08008,0.08021,7.595178e+06
1787263200000,0.08021,0.08031,0.0795,0.07953,1.0067243e+07
1787264100000,0.07954,0.07971,0.07908,0.07955,1.6795522e+07
1787265000000,0.07955,0.07957,0.07925,0.07926,1.0625281e+07
1787265900000,0.07925,0.07962,0.07925,0.07937,8.9872e+06
1787266800000,0.07937,0.07974,0.07937,0.07969,4.84227e+06
1787267700000,0.07969,0.08066,0.07964,0.08058,1.1111616e+07
1787268600000,0.08059,0.0807,0.08022,0.08022,1.7410567e+07
1787269500000,0.08021,0.08055,0.08019,0.08047,6.978428e+06
1787270400000,0.08046,0.08074,0.08029,0.08071,5.943009e+06
1787271300000,0.08071,0.08366,0.08055,0.0811,8.1130544e+07
1787272200000,0.0811,0.08144,0.0809,0.08116,1.3336516e+07
1787273100000,0.08116,0.08149,0.08107,0.0813,7.923848e+06
1787274000000,0.0813,0.08182,0.08119,0.08173,1.2427547e+07
1787274900000,0.08174,0.08225,0.0814,0.08197,3.716705e+07
1787275800000,0.08197,0.08248,0.0819,0.08228,1.5257149e+07
1787276700000,0.08228,0.08304,0.08228,0.08254,1.9273205e+07
1787277600000,0.08255,0.08278,0.0819,0.08228,2.0626274e+07
1787278500000,0.08227,0.08239,0.08186,0.0821,1.7203727e+07
1787279400000,0.08211,0.08215,0.08162,0.08196,1.4624553e+07
1787280300000,0.08196,0.08198,0.08141,0.08144,1.0090536e+07
1787281200000,0.08144,0.08186,0.08122,0.08162,9.475539e+06
1787282100000,0.08162,0.08199,0.08138,0.08194,6.748289e+06
1787283000000,0.08195,0.08233,0.08192,0.08208,7.100467e+06
1787283900000,0.08208,0.08237,0.08175,0.08179,1.0324006e+07
1787284800000,0.08178,0.08247,0.08178,0.08208,9.013867e+06
1787285700000,0.08209,0.08238,0.08196,0.08206,1.41774e+07
1787286600000,0.08206,0.08238,0.0819,0.08215,9.74391e+06
1787287500000,0.08215,0.08246,0.08204,0.08232,1.6359004e+07
1787288400000,0.08232,0.08258,0.08207,0.08252,8.576691e+06
1787289300000,0.08251,0.08279,0.08213,0.08246,9.399261e+06
1787290200000,0.08246,0.08279,0.08239,0.08249,1.0480899e+07
1787291100000,0.08249,0.08282,0.08247,0.08272,1.1881241e+07
1787292000000,0.08271,0.08325,0.08263,0.08298,1.5768276e+07
1787292900000,0.08299,0.08404,0.08298,0.08338,3.486635e+07
1787293800000,0.08339,0.08377,0.0832,0.08342,2.4845538e+07
1787294700000,0.08343,0.0835,0.08301,0.08324,1.5658906e+07
1787295600000,0.08323,0.08355,0.08318,0.08353,9.677546e+06
1787296500000,0.08352,0.0841,0.08346,0.08388,1.784442e+07
1787297400000,0.08388,0.08454,0.08381,0.08441,2.1734298e+07
1787298300000,0.08441,0.08444,0.08319,0.08347,2.2136103e+07
1787299200000,0.08348,0.0844,0.0834,0.08428,1.7345565e+07
1787300100000,0.08429,0.08455,0.08409,0.08449,1.6467998e+07
1787301000000,0.08449,0.08486,0.08438,0.08477,2.0641758e+07
1787301900000,0.08477,0.08577,0.08467,0.08566,3.6526917e+07
1787302800000,0.08566,0.08574,0.08263,0.08344,7.2955455e+07
1787303700000,0.08344,0.08359,0.08286,0.08348,5.2323877e+07
1787304600000,0.08348,0.08398,0.08329,0.08391,2.4483942e+07
1787305500000,0.08391,0.08462,0.08388,0.0845,3.2735552e+07
1787306400000,0.0845,0.08473,0.08385,0.0843,2.6237393e+07
1787307300000,0.08429,0.08462,0.0837,0.08388,2.0570248e+07
1787308200000,0.08388,0.08413,0.0835,0.08395,1.5317662e+07
1787309100000,0.08394,0.08471,0.08394,0.08451,1.1665988e+07
1787310000000,0.08451,0.0847,0.08371,0.08421,1.9133481e+07
1787310900000,0.0842,0.08444,0.08385,0.08411,1.1610117e+07
1787311800000,0.08412,0.08417,0.08268,0.08312,2.3837028e+07
1787312700000,0.08312,0.08343,0.08259,0.08302,1.3531583e+07
1787313600000,0.08302,0.08352,0.08266,0.08351,1.6037719e+07
1787314500000,0.08351,0.08351,0.08305,0.08323,1.4715049e+07
1787315400000,0.08323,0.08428,0.08309,0.08426,9.830202e+06
1787316300000,0.08425,0.0843,0.08386,0.08396,5.266096e+06
1787317200000,0.08397,0.08398,0.08363,0.0838,4.47746e+06
1787318100000,0.08381,0.08382,0.08329,0.08351,7.206048e+06
1787319000000,0.0835,0.08421,0.08269,0.08404,2.0381584e+07
1787319900000,0.08404,0.08438,0.08376,0.08399,1.3249766e+07
1787320800000,0.084,0.08409,0.08326,0.08347,9.554468e+06
1787321700000,0.08347,0.08389,0.08293,0.08374,1.5839834e+07
1787322600000,0.08374,0.08414,0.0835,0.08399,8.874921e+06
1787323500000,0.08399,0.08434,0.08395,0.08424,1.2698941e+07
1787324400000,0.08423,0.08479,0.08405,0.08464,1.6177848e+07
1787325300000,0.08464,0.08477,0.08431,0.0844,8.518511e+06
1787326200000,0.08439,0.08451,0.08384,0.0841,1.9727025e+07
1787327100000,0.0841,0.08433,0.08362,0.08382,1.4721327e+07
1787328000000,0.08383,0.08415,0.08356,0.08357,8.083016e+06
1787328900000,0.08356,0.08452,0.08343,0.0845,1.1208858e+07
1787329800000,0.08449,0.0847,0.08434,0.08437,1.0013548e+07
1787330700000,0.08437,0.08483,0.0843,0.08471,1.1760193e+07
1787331600000,0.08471,0.08523,0.08455,0.08494,1.2568162e+07
1787332500000,0.08494,0.08495,0.08393,0.0847,7.448507e+06
1787333400000,0.0847,0.08492,0.08442,0.08451,9.857491e+06
1787334300000,0.08451,0.08463,0.08436,0.0844,8.327675e+06
1787335200000,0.08441,0.08487,0.08435,0.08477,8.125959e+06
1787336100000,0.08478,0.08534,0.08459,0.085,1.4058123e+07
1787337000000,0.08499,0.08514,0.08408,0.08424,1.2220576e+07
1787337900000,0.08423,0.08439,0.08363,0.08433,1.8691499e+07
1787338800000,0.08432,0.08448,0.08362,0.08446,9.042418e+06
1787339700000,0.08445,0.08491,0.08408,0.08488,8.358066e+06
1787340600000,0.08488,0.08494,0.08442,0.08445,5.875404e+06
1787341500000,0.08445,0.08514,0.08432,0.08493,1.4046161e+07
1787342400000,0.08494,0.08525,0.08472,0.08493,9.997946e+06
1787343300000,0.08493,0.08565,0.08492,0.08543,1.2115874e+07
1787344200000,0.08543,0.0872,0.08539,0.08666,4.8882508e+07
1787345100000,0.08665,0.08741,0.0864,0.08735,2.8063366e+07
1787346000000,0.08736,0.08826,0.08703,0.08788,4.2580614e+07
1787346900000,0.08788,0.08875,0.08779,0.08797,2.8120711e+07
1787347800000,0.08797,0.09115,0.0879,0.09086,5.72666e+07
1787348700000,0.09086,0.0918,0.09034,0.09169,4.8699768e+07
1787349600000,0.0917,0.09373,0.09131,0.09342,7.0666167e+07
1787350500000,0.09342,0.09342,0.09181,0.09327,5.4967586e+07
1787351400000,0.09327,0.09444,0.0922,0.09385,5.0855091e+07
1787352300000,0.09385,0.09472,0.09334,0.09416,4.4690979e+07
1787353200000,0.09417,0.09437,0.09345,0.09396,3.493045e+07
1787354100000,0.09397,0.09434,0.0929,0.09294,3.9205078e+07
1787355000000,0.09295,0.09313,0.09157,0.09213,3.6177079e+07
1787355900000,0.09212,0.09223,0.09102,0.09155,2.56462e+07
1787356800000,0.09155,0.09194,0.09014,0.09076,3.0304717e+07
1787357700000,0.09076,0.09183,0.09038,0.09137,3.1255652e+07
1787358600000,0.09136,0.0917,0.09082,0.09102,1.3836601e+07
1787359500000,0.09103,0.0918,0.09066,0.09178,1.3535839e+07
1787360400000,0.09178,0.09208,0.09147,0.09177,1.8711015e+07
1787361300000,0.09176,0.09239,0.09165,0.09215,1.2820573e+07
1787362200000,0.09215,0.09237,0.09171,0.09185,1.5122207e+07
1787363100000,0.09185,0.09198,0.091,0.09144,1.6992343e+07
1787364000000,0.09144,0.0923,0.09129,0.0922,2.2624416e+07
1787364900000,0.09219,0.09318,0.09214,0.09298,4.0486365e+07
1787365800000,0.09298,0.09365,0.09251,0.0935,1.5743788e+07
1787366700000,0.09349,0.09392,0.09331,0.09375,1.2928191e+07
1787367600000,0.09376,0.09385,0.09343,0.09363,1.764429e+07
1787368500000,0.09364,0.09719,0.09361,0.09668,5.7356488e+07
1787369400000,0.09668,0.09686,0.09467,0.09536,3.1096077e+07
1787370300000,0.09535,0.09631,0.09524,0.09567,3.0138449e+07
1787371200000,0.09567,0.09591,0.09487,0.09534,2.1701554e+07
1787372100000,0.09534,0.09646,0.09507,0.09621,2.7844076e+07
1787373000000,0.09621,0.1008,0.09612,0.10014,1.16358881e+08
1787373900000,0.10014,0.10042,0.09796,0.09852,8.9189737e+07
1787374800000,0.09851,0.0996,0.0837,0.0904,3.1378436e+08
1787375700000,0.09037,0.09293,0.083,0.09107,2.29742344e+08
1787376600000,0.09108,0.09138,0.08926,0.09023,6.371996e+07
1787377500000,0.09023,0.0921,0.09001,0.09183,5.013446e+07
1787378400000,0.09184,0.09218,0.09073,0.09107,3.1680022e+07
1787379300000,0.09107,0.09308,0.09107,0.0924,3.5222986e+07
1787380200000,0.0924,0.09372,0.09146,0.09282,4.1549328e+07
1787381100000,0.09281,0.09302,0.09224,0.09269,2.5040605e+07
1787382000000,0.09269,0.09341,0.09204,0.09247,2.5153503e+07
1787382900000,0.09246,0.0932,0.09147,0.09317,2.7772369e+07
1787383800000,0.09316,0.09392,0.09258,0.09298,2.0052124e+07
1787384700000,0.09298,0.09334,0.09259,0.09305,1.7289509e+07
1787385600000,0.09306,0.09348,0.09234,0.09347,2.6354262e+07
1787386500000,0.09346,0.09348,0.09128,0.09174,2.5815144e+07
1787387400000,0.09175,0.0918,0.09051,0.0915,3.8519053e+07
1787388300000,0.09149,0.09158,0.0909,0.09148,2.0647334e+07
1787389200000,0.09149,0.09219,0.09007,0.09215,2.9456784e+07
1787390100000,0.09214,0.09238,0.09146,0.09161,2.4163705e+07
1787391000000,0.09161,0.09184,0.09095,0.09128,2.3064065e+07
1787391900000,0.09129,0.09133,0.09029,0.09074,2.0618036e+07
1787392800000,0.09075,0.09086,0.08892,0.08909,5.0550064e+07
1787393700000,0.0891,0.08938,0.08769,0.08931,5.040521e+07
1787394600000,0.08932,0.09043,0.08894,0.0903,2.1690547e+07
1787395500000,0.09029,0.09042,0.08935,0.08968,1.626188e+07
1787396400000,0.08968,0.08997,0.08906,0.08962,1.1951659e+07
1787397300000,0.08961,0.08982,0.08926,0.08967,1.2186879e+07
1787398200000,0.08967,0.09032,0.08944,0.09023,1.6594545e+07
1787399100000,0.09023,0.09029,0.08972,0.08988,9.29517e+06
1787400000000,0.08988,0.09109,0.08955,0.09095,1.4453029e+07
1787400900000,0.09095,0.09133,0.09063,0.09102,1.4771282e+07
1787401800000,0.09103,0.09158,0.09068,0.09154,9.779643e+06
1787402700000,0.09154,0.0921,0.09142,0.0915,1.6765397e+07
1787403600000,0.0915,0.09196,0.09119,0.09139,1.4350982e+07
1787404500000,0.0914,0.09177,0.09104,0.09137,1.0532864e+07
1787405400000,0.09138,0.09156,0.09072,0.09127,1.1001523e+07
1787406300000,0.09127,0.09174,0.09103,0.09122,1.0744089e+07
1787407200000,0.09123,0.09138,0.09014,0.09068,2.0483459e+07
1787408100000,0.09068,0.0909,0.0902,0.09077,1.1445782e+07
1787409000000,0.09076,0.09114,0.09012,0.09013,1.6215246e+07
1787409900000,0.09013,0.09038,0.08984,0.09021,1.1699889e+07
1787410800000,0.09021,0.09056,0.08966,0.08967,1.1624551e+07
1787411700000,0.08968,0.09033,0.08951,0.09024,6.882732e+06
1787412600000,0.09024,0.09067,0.09003,0.09033,6.899166e+06
1787413500000,0.09033,0.0905,0.09004,0.09032,1.2880262e+07
1787414400000,0.09033,0.09088,0.08978,0.09039,9.941072e+06
1787415300000,0.09039,0.0914,0.09031,0.09112,1.2294022e+07
1787416200000,0.09112,0.09192,0.09112,0.09177,1.5412079e+07
1787417100000,0.09177,0.09224,0.09158,0.09168,1.5079548e+07
1787418000000,0.09168,0.09197,0.09118,0.09193,1.8187256e+07
1787418900000,0.09192,0.0932,0.0918,0.09199,2.469226e+07
1787419800000,0.092,0.09357,0.09193,0.09352,1.3089607e+07
1787420700000,0.09351,0.09355,0.09297,0.09318,1.1634978e+07
1787421600000,0.09319,0.09392,0.0926,0.09282,1.8250369e+07
1787422500000,0.09282,0.09384,0.09276,0.09359,1.3856098e+07
1787423400000,0.09359,0.0938,0.09298,0.09302,1.0689715e+07
1787424300000,0.09303,0.09317,0.09221,0.09287,2.1359181e+07
1787425200000,0.09288,0.0929,0.09214,0.09289,1.5812334e+07
1787426100000,0.09288,0.09312,0.09247,0.09282,8.964908e+06
1787427000000,0.09283,0.09362,0.0928,0.09357,9.381039e+06
1787427900000,0.09357,0.09381,0.09348,0.09352,7.813468e+06
1787428800000,0.09352,0.09532,0.09338,0.09497,3.1227029e+07
1787429700000,0.09498,0.09523,0.09376,0.09418,1.6641391e+07
1787430600000,0.09419,0.095,0.09417,0.0945,1.8848606e+07
1787431500000,0.0945,0.09489,0.0942,0.09425,1.4765418e+07
1787432400000,0.09424,0.09433,0.09318,0.09331,2.37882e+07
1787433300000,0.09332,0.09382,0.09311,0.0934,1.1351376e+07
1787434200000,0.09339,0.09339,0.09208,0.09271,1.9868029e+07
1787435100000,0.09271,0.09272,0.0913,0.09166,1.8714741e+07
1787436000000,0.09165,0.09259,0.09122,0.09245,1.783423e+07
1787436900000,0.09244,0.09259,0.09193,0.0923,1.4324522e+07
1787437800000,0.09229,0.09248,0.0919,0.09201,9.808485e+06
1787438700000,0.092,0.09235,0.09179,0.09195,1.0243966e+07
1787439600000,0.09196,0.09211,0.09163,0.09177,6.336538e+06
1787440500000,0.09178,0.09191,0.09157,0.0917,5.313473e+06
1787441400000,0.0917,0.09173,0.09112,0.09158,6.287438e+06
1787442300000,0.09157,0.09214,0.09155,0.09188,5.228648e+06
1787443200000,0.09187,0.0924,0.09184,0.09205,8.184109e+06
1787444100000,0.09205,0.0928,0.09198,0.09278,1.1624092e+07
1787445000000,0.09279,0.09381,0.09278,0.09353,1.8488612e+07
1787445900000,0.09352,0.09434,0.09346,0.09394,1.671817e+07
1787446800000,0.09394,0.09405,0.09313,0.09404,1.097966e+07
1787447700000,0.09403,0.09406,0.09328,0.09345,5.79026e+06
1787448600000,0.09346,0.09379,0.09294,0.0934,1.0664556e+07
1787449500000,0.09339,0.09379,0.09286,0.09296,1.1566387e+07
1787450400000,0.09296,0.09313,0.09164,0.09168,2.050204e+07
1787451300000,0.09168,0.09217,0.09134,0.09165,1.3318823e+07
1787452200000,0.09164,0.09228,0.09154,0.09219,1.208305e+07
1787453100000,0.09219,0.09264,0.09181,0.09186,1.1995877e+07
1787454000000,0.09186,0.09193,0.0912,0.0917,7.716411e+06
1787454900000,0.09171,0.09211,0.09115,0.09134,1.5828599e+07
1787455800000,0.09134,0.09137,0.09059,0.09076,2.4547806e+07
1787456700000,0.09077,0.09136,0.09077,0.09111,9.879619e+06
1787457600000,0.0911,0.09156,0.0907,0.09153,1.976571e+07
1787458500000,0.09153,0.09176,0.09086,0.0912,1.1475717e+07
1787459400000,0.0912,0.09123,0.09039,0.09045,1.7449055e+07
1787460300000,0.09045,0.09049,0.08929,0.08949,4.101147e+07
1787461200000,0.08949,0.08998,0.08929,0.08936,2.2724169e+07
1787462100000,0.08936,0.09076,0.08873,0.09026,3.3253151e+07
1787463000000,0.09027,0.09067,0.08977,0.08989,1.0132856e+07
1787463900000,0.0899,0.08999,0.08948,0.08949,5.688571e+06
1787464800000,0.0895,0.08979,0.08895,0.08962,1.7235484e+07
1787465700000,0.08962,0.09018,0.08961,0.08997,1.6789742e+07
1787466600000,0.08997,0.09052,0.08989,0.09003,8.4462e+06
1787467500000,0.09003,0.0901,0.08955,0.08977,7.334669e+06
1787468400000,0.08978,0.09038,0.08962,0.09032,5.979782e+06
1787469300000,0.09033,0.09069,0.09026,0.09031,7.74345e+06
1787470200000,0.09031,0.09031,0.08996,0.09016,6.305106e+06
1787471100000,0.09015,0.09052,0.08997,0.09029,4.862398e+06
1787472000000,0.09029,0.09094,0.09017,0.09078,8.701274e+06
1787472900000,0.09078,0.09111,0.09073,0.09091,4.55935e+06
1787473800000,0.09091,0.0915,0.09086,0.09138,7.632972e+06
1787474700000,0.09139,0.0914,0.09087,0.09094,1.00812e+07
1787475600000,0.09093,0.09111,0.09065,0.0908,9.459366e+06
1787476500000,0.09079,0.09099,0.09068,0.09086,4.80216e+06
1787477400000,0.09085,0.09115,0.09043,0.09102,1.5275e+07
1787478300000,0.09101,0.09139,0.09082,0.0911,5.542427e+06
1787479200000,0.0911,0.0917,0.09104,0.0914,1.5901705e+07
1787480100000,0.0914,0.09288,0.0914,0.09195,3.2594328e+07
1787481000000,0.09194,0.09254,0.09189,0.09243,1.0546315e+07
1787481900000,0.09243,0.0925,0.0922,0.09222,5.673861e+06
1787482800000,0.09222,0.0924,0.09195,0.09218,6.295266e+06
1787483700000,0.09219,0.09309,0.09205,0.09259,1.0947979e+07
1787484600000,0.0926,0.09291,0.09237,0.0928,9.452613e+06
1787485500000,0.0928,0.09304,0.09258,0.09275,6.230242e+06
1787486400000,0.09274,0.0928,0.0919,0.09216,1.523208e+07
1787487300000,0.09215,0.09253,0.09208,0.09225,5.187706e+06
1787488200000,0.09226,0.09255,0.09217,0.09251,2.424314e+06
1787489100000,0.0925,0.0925,0.09204,0.09236,4.557999e+06
1787490000000,0.09235,0.09245,0.09215,0.09245,3.665339e+06
1787490900000,0.09244,0.09371,0.09241,0.09328,2.4780004e+07
1787491800000,0.09328,0.09355,0.09306,0.09345,1.1028064e+07
1787492700000,0.09345,0.09388,0.09323,0.09373,1.0109511e+07
1787493600000,0.09373,0.0945,0.0937,0.09437,1.6659476e+07
1787494500000,0.09436,0.09454,0.09387,0.09392,1.1975602e+07
1787495400000,0.09393,0.09435,0.09091,0.09221,5.7441918e+07
1787496300000,0.0922,0.093,0.0922,0.09268,1.0345967e+07
1787497200000,0.09268,0.09309,0.09221,0.09253,9.468016e+06
1787498100000,0.09253,0.09258,0.0917,0.0924,9.72916e+06
1787499000000,0.0924,0.09293,0.09214,0.09288,9.242636e+06
1787499900000,0.09287,0.09301,0.09237,0.09243,6.993289e+06
1787500800000,0.09244,0.09275,0.09216,0.09246,6.822146e+06
1787501700000,0.09246,0.09246,0.09193,0.09212,6.499408e+06
1787502600000,0.09211,0.09274,0.09202,0.09239,7.724843e+06
1787503500000,0.0924,0.09285,0.09216,0.09285,8.306445e+06
1787504400000,0.09284,0.0929,0.0919,0.09257,1.1614557e+07
1787505300000,0.09258,0.09317,0.0922,0.09279,9.725436e+06
1787506200000,0.0928,0.0929,0.0923,0.09265,7.258694e+06
1787507100000,0.09264,0.09297,0.0924,0.0926,5.210481e+06
1787508000000,0.0926,0.0932,0.09241,0.09317,1.1204175e+07
1787508900000,0.09317,0.09337,0.09281,0.09312,9.80723e+06
1787509800000,0.09313,0.09321,0.09267,0.09299,5.660027e+06
1787510700000,0.093,0.09305,0.09269,0.093,4.012951e+06
1787511600000,0.09301,0.09306,0.09209,0.0924,5.950344e+06
1787512500000,0.09239,0.09255,0.09225,0.09243,4.39774e+06
1787513400000,0.09244,0.09291,0.092,0.09291,5.224814e+06
1787514300000,0.0929,0.09308,0.09239,0.09242,6.364801e+06
1787515200000,0.09241,0.09255,0.09201,0.0925,4.294619e+06
1787516100000,0.09251,0.09296,0.09244,0.0927,5.350542e+06
1787517000000,0.0927,0.0929,0.09268,0.09282,4.713866e+06
1787517900000,0.09283,0.09287,0.0927,0.09284,2.257529e+06
1787518800000,0.09283,0.09386,0.09282,0.09383,8.434942e+06
1787519700000,0.09383,0.09445,0.09383,0.09439,8.493248e+06
1787520600000,0.09439,0.09453,0.09332,0.09338,1.2831228e+07
1787521500000,0.09339,0.09374,0.09317,0.09332,4.666662e+06
1787522400000,0.09333,0.09371,0.09267,0.09296,1.722499e+07
1787523300000,0.09296,0.09334,0.09277,0.09301,8.529485e+06
1787524200000,0.09301,0.09324,0.0928,0.09296,5.593877e+06
1787525100000,0.09297,0.09326,0.0928,0.09311,6.686093e+06
1787526000000,0.0931,0.09324,0.09267,0.09293,1.2649848e+07
1787526900000,0.09293,0.09347,0.09279,0.09334,6.744456e+06
1787527800000,0.09335,0.09387,0.09284,0.09302,8.097047e+06
1787528700000,0.09303,0.09359,0.09297,0.09342,8.138346e+06
1787529600000,0.09342,0.09364,0.09281,0.09296,5.328594e+06
1787530500000,0.09296,0.09298,0.09203,0.09235,1.4824369e+07
1787531400000,0.09236,0.09287,0.09169,0.09174,1.43475e+07
1787532300000,0.09174,0.09275,0.09133,0.09275,1.530781e+07
1787533200000,0.09275,0.09278,0.09186,0.09202,7.43809e+06
1787534100000,0.09202,0.09213,0.09162,0.0917,8.285734e+06
1787535000000,0.0917,0.09189,0.09131,0.09139,7.010654e+06
1787535900000,0.09139,0.09143,0.09039,0.0907,1.5884939e+07
1787536800000,0.09069,0.09183,0.09066,0.09172,1.5085673e+07
1787537700000,0.09172,0.09215,0.09172,0.09201,6.512857e+06
1787538600000,0.09203,0.09233,0.09193,0.09212,6.819809e+06
1787539500000,0.09211,0.09212,0.0915,0.09175,7.38602e+06
1787540400000,0.09176,0.09185,0.09132,0.09152,1.7152316e+07
1787541300000,0.09152,0.09191,0.09116,0.09132,1.2510273e+07
1787542200000,0.09132,0.09174,0.09086,0.09145,1.2531613e+07
1787543100000,0.09144,0.09176,0.09115,0.09122,4.665959e+06
1787544000000,0.09121,0.0919,0.09121,0.09172,7.467238e+06
1787544900000,0.09173,0.09216,0.09173,0.09216,5.25872e+06
1787545800000,0.09215,0.09235,0.09206,0.09235,5.675657e+06
1787546700000,0.09235,0.09244,0.09155,0.0922,8.332565e+06
1787547600000,0.0922,0.09306,0.0918,0.09299,1.5854216e+07
1787548500000,0.093,0.09313,0.09214,0.09214,1.0908955e+07
1787549400000,0.09213,0.09234,0.09134,0.09204,1.1055536e+07
1787550300000,0.09204,0.09218,0.09173,0.092,4.219777e+06
1787551200000,0.09199,0.09214,0.09137,0.09208,1.1920688e+07
1787552100000,0.09209,0.09222,0.09173,0.09182,5.576515e+06
1787553000000,0.09181,0.09185,0.09126,0.09141,4.906425e+06
1787553900000,0.09142,0.09204,0.09134,0.09165,7.340585e+06
1787554800000,0.09164,0.09267,0.09155,0.0925,1.0790194e+07
1787555700000,0.09251,0.09262,0.09178,0.09195,6.974278e+06
1787556600000,0.09194,0.09194,0.09135,0.09137,5.338891e+06
1787557500000,0.09137,0.09172,0.09134,0.09139,3.009364e+06
1787558400000,0.09139,0.09146,0.0909,0.09105,1.6626345e+07
1787559300000,0.09105,0.09105,0.09018,0.0903,3.5858405e+07
1787560200000,0.0903,0.09088,0.09024,0.09087,1.2876306e+07
1787561100000,0.09087,0.09097,0.09067,0.09078,8.724224e+06
1787562000000,0.09077,0.09131,0.09072,0.09125,7.186414e+06
1787562900000,0.09126,0.09144,0.0912,0.09136,5.865491e+06
1787563800000,0.09136,0.09156,0.09125,0.09128,6.651636e+06
1787564700000,0.09128,0.09137,0.09111,0.0912,2.678245e+06
1787565600000,0.09121,0.09181,0.09105,0.09165,1.4591001e+07
1787566500000,0.09166,0.09173,0.09129,0.0913,1.0932503e+07
1787567400000,0.0913,0.0917,0.09096,0.09101,1.0848887e+07
1787568300000,0.09101,0.09129,0.09076,0.09094,6.580389e+06
1787569200000,0.09094,0.09119,0.09031,0.0911,9.211427e+06
1787570100000,0.09111,0.09142,0.09082,0.09136,3.762344e+06
1787571000000,0.09136,0.09271,0.09124,0.0927,4.1077036e+07
1787571900000,0.0927,0.09271,0.09187,0.09223,1.1352915e+07
1787572800000,0.09223,0.09225,0.09164,0.09166,5.54695e+06
1787573700000,0.09166,0.09247,0.09122,0.09244,1.5204106e+07
1787574600000,0.09245,0.09299,0.0922,0.09256,1.9103466e+07
1787575500000,0.09256,0.09339,0.09252,0.09324,1.8977028e+07
1787576400000,0.09325,0.09332,0.09262,0.093,1.0772316e+07
1787577300000,0.093,0.09301,0.09234,0.09246,1.4343188e+07
1787578200000,0.09247,0.09248,0.09064,0.09087,3.8741896e+07
1787579100000,0.09087,0.09101,0.09035,0.09089,3.0367037e+07
1787580000000,0.09088,0.09162,0.09077,0.09152,1.0913693e+07
1787580900000,0.09153,0.09204,0.09095,0.09164,1.7052156e+07
1787581800000,0.09164,0.09247,0.09157,0.09215,1.7386501e+07
1787582700000,0.09216,0.09228,0.09137,0.09194,1.8278977e+07
1787583600000,0.09193,0.09223,0.09169,0.09187,8.105809e+06
1787584500000,0.09187,0.09283,0.09184,0.09257,1.4456768e+07
1787585400000,0.09256,0.09264,0.09086,0.09133,3.4549569e+07
1787586300000,0.09132,0.09184,0.09091,0.09124,1.9628723e+07
1787587200000,0.09124,0.09209,0.09123,0.09173,1.9701657e+07
1787588100000,0.09172,0.0923,0.09165,0.09209,9.819185e+06
1787589000000,0.09209,0.09224,0.09159,0.09171,8.780229e+06
1787589900000,0.09172,0.09176,0.09075,0.09104,1.8387235e+07
1787590800000,0.09104,0.0911,0.09012,0.09076,2.3042781e+07
1787591700000,0.09075,0.09084,0.088,0.0885,7.4918942e+07
1787592600000,0.0885,0.08884,0.08823,0.08839,2.7560917e+07
1787593500000,0.0884,0.08897,0.08835,0.08896,1.0902653e+07
1787594400000,0.08896,0.08955,0.08896,0.08943,1.4476071e+07
1787595300000,0.08942,0.08964,0.08924,0.08958,8.87897e+06
1787596200000,0.08958,0.08971,0.08893,0.08949,7.932971e+06
1787597100000,0.08949,0.08958,0.08895,0.08921,6.914743e+06
1787598000000,0.08921,0.08938,0.08866,0.08927,1.0387243e+07
1787598900000,0.08926,0.08933,0.0888,0.08917,6.253952e+06
1787599800000,0.08917,0.08942,0.08903,0.08921,4.08347e+06
1787600700000,0.08921,0.08929,0.08887,0.08906,4.102188e+06
1787601600000,0.08907,0.08923,0.08863,0.08901,4.822767e+06
1787602500000,0.08901,0.08915,0.08866,0.08884,4.799757e+06
1787603400000,0.08885,0.08953,0.08878,0.08933,7.216994e+06
1787604300000,0.08933,0.08946,0.08922,0.08944,3.221569e+06
1787605200000,0.08944,0.08991,0.08944,0.08983,7.642078e+06
1787606100000,0.08983,0.08988,0.08955,0.08977,4.089428e+06
1787607000000,0.08977,0.08986,0.08963,0.08975,2.383356e+06
1787607900000,0.08976,0.09029,0.08968,0.09026,5.66888e+06
1787608800000,0.09027,0.09028,0.08984,0.08995,1.1518542e+07
1787609700000,0.08995,0.09005,0.08973,0.08977,6.626921e+06
1787610600000,0.08976,0.09017,0.08967,0.0897,8.169448e+06
1787611500000,0.0897,0.08986,0.0893,0.08956,8.667744e+06
1787612400000,0.08957,0.08967,0.08921,0.0894,4.900278e+06
1787613300000,0.0894,0.08992,0.08937,0.08973,2.849581e+06
1787614200000,0.08973,0.09008,0.08972,0.09002,3.903118e+06
1787615100000,0.09003,0.09029,0.08971,0.09011,6.013034e+06
1787616000000,0.09011,0.09047,0.08984,0.09027,1.5854939e+07
1787616900000,0.09027,0.09033,0.08972,0.09009,7.264239e+06
1787617800000,0.09008,0.0912,0.08994,0.09118,1.6969676e+07
1787618700000,0.09119,0.09178,0.09115,0.09143,1.5302609e+07
1787619600000,0.09143,0.09164,0.09095,0.09109,8.768639e+06
1787620500000,0.09109,0.09151,0.0908,0.09131,8.859436e+06
1787621400000,0.09131,0.0915,0.09092,0.09098,5.011044e+06
1787622300000,0.09099,0.09119,0.09074,0.09106,4.201486e+06
1787623200000,0.09107,0.09117,0.09083,0.09094,4.705857e+06
1787624100000,0.09093,0.09295,0.09086,0.09292,3.818054e+07
1787625000000,0.09292,0.093,0.09249,0.09255,1.8968675e+07
1787625900000,0.09255,0.09256,0.09181,0.09202,1.3387828e+07
1787626800000,0.09203,0.09294,0.09197,0.09283,1.480614e+07
1787627700000,0.09284,0.09303,0.09239,0.09262,1.6058733e+07
1787628600000,0.09263,0.09296,0.09232,0.09243,8.052109e+06
1787629500000,0.09244,0.09248,0.09158,0.09194,9.911545e+06
1787630400000,0.09194,0.09221,0.09159,0.09214,8.002245e+06
1787631300000,0.09214,0.09222,0.09173,0.09189,8.044411e+06
1787632200000,0.09189,0.09212,0.09163,0.09178,6.199296e+06
1787633100000,0.09178,0.09218,0.09173,0.09206,6.562682e+06
1787634000000,0.09207,0.09262,0.09195,0.0925,9.915886e+06
1787634900000,0.0925,0.09309,0.09242,0.09288,1.1351402e+07
1787635800000,0.09288,0.09308,0.09269,0.09272,1.2081683e+07
1787636700000,0.09272,0.09295,0.09267,0.09268,4.322123e+06
1787637600000,0.09268,0.09281,0.0925,0.09276,4.523564e+06
1787638500000,0.09275,0.09299,0.09267,0.09267,7.587291e+06
1787639400000,0.09266,0.09267,0.09206,0.09213,6.292381e+06
1787640300000,0.09213,0.09215,0.09162,0.09191,9.582344e+06
1787641200000,0.09191,0.0925,0.09185,0.09242,1.016545e+07
1787642100000,0.09241,0.0925,0.09229,0.09235,7.168005e+06
1787643000000,0.09235,0.09235,0.09198,0.09211,5.558664e+06
1787643900000,0.09212,0.0922,0.09016,0.09082,3.4228664e+07
1787644800000,0.09082,0.09103,0.09049,0.09102,8.12041e+06
1787645700000,0.09101,0.09157,0.09101,0.09141,7.946113e+06
1787646600000,0.09141,0.09153,0.09105,0.0913,1.1124737e+07
1787647500000,0.09129,0.09132,0.09084,0.09105,4.319198e+06
1787648400000,0.09104,0.09115,0.0907,0.09104,3.548525e+06
1787649300000,0.09105,0.09129,0.09096,0.0911,3.41431e+06
1787650200000,0.0911,0.09134,0.0911,0.09126,3.586106e+06
1787651100000,0.09126,0.0913,0.0898,0.09045,1.9972644e+07
1787652000000,0.09045,0.09065,0.09021,0.0906,6.158276e+06
1787652900000,0.09061,0.09083,0.09058,0.09067,5.076823e+06
1787653800000,0.09067,0.09067,0.09035,0.09048,5.628983e+06
1787654700000,0.09048,0.09081,0.09048,0.09063,4.465191e+06
1787655600000,0.09063,0.09086,0.09035,0.0904,5.052636e+06
1787656500000,0.09041,0.09064,0.09034,0.09057,3.490282e+06
1787657400000,0.09058,0.09083,0.09044,0.09047,3.766428e+06
1787658300000,0.09047,0.09058,0.09013,0.09016,4.769626e+06
1787659200000,0.09015,0.09029,0.08943,0.09007,1.2337343e+07
1787660100000,0.09007,0.09007,0.08918,0.08959,1.0990228e+07
1787661000000,0.08958,0.08983,0.08939,0.08982,1.1301086e+07
1787661900000,0.08982,0.09027,0.08972,0.09014,5.152258e+06
1787662800000,0.09014,0.09023,0.0895,0.08951,6.491397e+06
1787663700000,0.08951,0.08951,0.08862,0.08867,2.3144579e+07
1787664600000,0.08867,0.08962,0.0886,0.08903,2.9822727e+07
1787665500000,0.08903,0.08906,0.087,0.08828,5.7510023e+07
1787666400000,0.08828,0.08889,0.08804,0.0887,1.9462666e+07
1787667300000,0.0887,0.08921,0.0885,0.08907,7.649485e+06
1787668200000,0.08906,0.08939,0.08879,0.08902,1.0042458e+07
1787669100000,0.08903,0.08931,0.08898,0.08908,6.193814e+06
1787670000000,0.08908,0.08911,0.0886,0.08862,5.712479e+06
1787670900000,0.08863,0.08912,0.08853,0.08894,5.340789e+06
1787671800000,0.08893,0.08934,0.08887,0.08901,4.493791e+06
1787672700000,0.08901,0.08925,0.08879,0.0892,4.176565e+06
1787673600000,0.08921,0.0893,0.0887,0.08884,5.876343e+06
1787674500000,0.08883,0.08905,0.0887,0.08896,3.751497e+06
1787675400000,0.08895,0.08941,0.08892,0.0892,3.244042e+06
1787676300000,0.08921,0.08934,0.08894,0.08903,1.839357e+06
1787677200000,0.08903,0.08904,0.0883,0.08857,5.434097e+06
1787678100000,0.08858,0.08879,0.08822,0.0883,3.615783e+06
1787679000000,0.08831,0.0887,0.08831,0.0887,5.074007e+06
1787679900000,0.0887,0.0889,0.08864,0.08886,2.462014e+06
1787680800000,0.08886,0.08895,0.08863,0.08878,7.869791e+06
1787681700000,0.08879,0.08901,0.08877,0.08891,2.358926e+06
1787682600000,0.0889,0.08892,0.08867,0.0889,2.064479e+06
1787683500000,0.08891,0.08901,0.08857,0.08872,5.982025e+06
1787684400000,0.08873,0.08885,0.08834,0.08852,5.059835e+06
1787685300000,0.08853,0.08858,0.08814,0.08814,2.224005e+06
1787686200000,0.08814,0.0884,0.08786,0.0879,1.256867e+07
1787687100000,0.0879,0.08818,0.0879,0.08808,4.405667e+06
1787688000000,0.08807,0.08814,0.08729,0.08772,1.4322136e+07
1787688900000,0.08771,0.088,0.08757,0.08758,5.230367e+06
1787689800000,0.08758,0.08761,0.08581,0.08638,3.5328524e+07
1787690700000,0.08638,0.08658,0.08578,0.08579,2.1178384e+07
1787691600000,0.0858,0.08623,0.08483,0.08591,4.0395799e+07
1787692500000,0.08591,0.0862,0.08562,0.08617,7.349018e+06
1787693400000,0.08618,0.08666,0.08616,0.08648,6.802223e+06
1787694300000,0.08648,0.08651,0.08621,0.08636,3.911291e+06
1787695200000,0.08635,0.087,0.08635,0.08692,1.1497848e+07
1787696100000,0.08692,0.08705,0.08638,0.08651,9.566518e+06
1787697000000,0.08652,0.08682,0.0864,0.08662,4.897833e+06
1787697900000,0.08661,0.0869,0.08659,0.08682,3.209874e+06
1787698800000,0.08681,0.08698,0.08655,0.08663,6.175125e+06
1787699700000,0.08663,0.08682,0.08636,0.08658,5.800305e+06
1787700600000,0.08657,0.08657,0.08591,0.08597,9.618093e+06
1787701500000,0.08596,0.08603,0.08556,0.0857,1.2407775e+07
1787702400000,0.08569,0.08592,0.08545,0.08549,1.3851016e+07
1787703300000,0.0855,0.0861,0.08547,0.0861,7.38093e+06
1787704200000,0.08611,0.08626,0.08575,0.08598,9.998007e+06
1787705100000,0.08597,0.08639,0.0859,0.08615,5.126852e+06
1787706000000,0.08614,0.08668,0.08608,0.08643,8.468861e+06
1787706900000,0.08644,0.08656,0.0862,0.08624,6.219916e+06
1787707800000,0.08624,0.08676,0.08623,0.08658,5.213207e+06
1787708700000,0.08657,0.08657,0.08634,0.08649,2.609914e+06
1787709600000,0.08649,0.08652,0.08609,0.08622,2.978999e+06
1787710500000,0.08621,0.08701,0.08619,0.08695,1.5954444e+07
1787711400000,0.08695,0.08701,0.0868,0.08692,4.08315e+06
1787712300000,0.08693,0.08694,0.08674,0.08681,2.607068e+06
1787713200000,0.0868,0.0869,0.08662,0.08665,1.951733e+06
1787714100000,0.08665,0.08681,0.08661,0.08669,1.988003e+06
1787715000000,0.08668,0.08684,0.08647,0.08669,5.007751e+06
1787715900000,0.08669,0.08679,0.08646,0.08666,5.109857e+06
1787716800000,0.08666,0.08684,0.0864,0.08658,4.940541e+06
1787717700000,0.08658,0.08689,0.08653,0.08678,5.450044e+06
1787718600000,0.08679,0.08696,0.0866,0.08673,3.392944e+06
1787719500000,0.08672,0.08672,0.08624,0.08631,6.077035e+06
1787720400000,0.08632,0.08641,0.08603,0.08624,5.430313e+06
1787721300000,0.08623,0.08668,0.08609,0.08666,4.492665e+06
1787722200000,0.08667,0.0869,0.08658,0.08686,2.773469e+06
1787723100000,0.08687,0.08687,0.0867,0.0868,1.245054e+06
1787724000000,0.08679,0.08707,0.08671,0.08673,6.975792e+06
1787724900000,0.08672,0.0868,0.08638,0.08647,3.009784e+06
1787725800000,0.08646,0.08665,0.08629,0.08663,2.422541e+06
1787726700000,0.08663,0.08679,0.08643,0.0867,4.664964e+06
1787727600000,0.08669,0.08697,0.08656,0.08677,4.089327e+06
1787728500000,0.08678,0.08692,0.08669,0.08673,4.932389e+06
1787729400000,0.08673,0.08687,0.08658,0.08678,4.216625e+06
1787730300000,0.08677,0.08689,0.08655,0.08663,3.834822e+06
1787731200000,0.08663,0.08697,0.08647,0.08681,6.480856e+06
1787732100000,0.08681,0.08695,0.08659,0.08672,2.07877e+06
1787733000000,0.08673,0.08682,0.08661,0.0868,1.716832e+06
1787733900000,0.0868,0.0868,0.08623,0.08641,3.283643e+06
1787734800000,0.08641,0.08659,0.08634,0.0865,1.550972e+06
1787735700000,0.08649,0.08649,0.08597,0.08605,4.116809e+06
1787736600000,0.08605,0.0862,0.08572,0.08572,3.247925e+06
1787737500000,0.08573,0.08607,0.0855,0.08595,5.393949e+06
1787738400000,0.08595,0.08601,0.08579,0.086,3.131469e+06
1787739300000,0.08599,0.08653,0.08597,0.08652,2.827047e+06
1787740200000,0.08652,0.08689,0.08636,0.08681,6.769313e+06
1787741100000,0.08681,0.0871,0.08676,0.08683,3.887225e+06
1787742000000,0.08684,0.08709,0.08677,0.08702,1.2492179e+07
1787742900000,0.08702,0.08709,0.08669,0.08674,5.82286e+06
1787743800000,0.08674,0.08675,0.08613,0.08628,1.0223449e+07
1787744700000,0.08629,0.08648,0.08611,0.08635,2.308957e+06
1787745600000,0.08634,0.08651,0.08623,0.08628,2.888444e+06
1787746500000,0.08628,0.08699,0.08621,0.08696,3.382775e+06
1787747400000,0.08696,0.08696,0.08568,0.08618,1.7706561e+07
1787748300000,0.08618,0.08655,0.08616,0.08635,3.772084e+06
1787749200000,0.08634,0.08653,0.08572,0.08581,7.405828e+06
1787750100000,0.08582,0.08588,0.08522,0.08539,1.240712e+07
1787751000000,0.08539,0.08611,0.08539,0.08603,1.3955312e+07
1787751900000,0.08602,0.08618,0.08549,0.08595,5.911219e+06
1787752800000,0.08594,0.08617,0.08567,0.08584,4.872615e+06
1787753700000,0.08584,0.08613,0.08516,0.08524,5.793367e+06
1787754600000,0.08523,0.08542,0.0847,0.08491,1.7521228e+07
1787755500000,0.0849,0.08499,0.0843,0.08442,2.6294449e+07
1787756400000,0.08443,0.08463,0.08385,0.08416,2.1830237e+07
1787757300000,0.08416,0.08475,0.08397,0.08472,7.338233e+06
1787758200000,0.08471,0.08475,0.08433,0.08451,4.45281e+06
1787759100000,0.08452,0.08475,0.08445,0.08452,3.135797e+06
1787760000000,0.08451,0.08474,0.08429,0.08429,3.810061e+06
1787760900000,0.08429,0.08448,0.08393,0.08413,1.1120571e+07
1787761800000,0.08413,0.08445,0.08386,0.08388,8.531261e+06
1787762700000,0.08389,0.08442,0.08389,0.08431,4.371534e+06
1787763600000,0.0843,0.08454,0.08427,0.08449,3.008267e+06
1787764500000,0.0845,0.08527,0.08447,0.0852,6.217356e+06
1787765400000,0.08521,0.08543,0.08509,0.08509,4.786339e+06
1787766300000,0.0851,0.08511,0.08482,0.08498,2.074129e+06
1787767200000,0.08498,0.08503,0.08466,0.08476,5.496019e+06
1787768100000,0.08477,0.08507,0.08465,0.08488,9.650705e+06
1787769000000,0.08488,0.08512,0.08474,0.0849,1.1131039e+07
1787769900000,0.0849,0.08525,0.08489,0.0851,4.592186e+06
1787770800000,0.0851,0.0852,0.08488,0.08492,6.378943e+06
1787771700000,0.08491,0.08543,0.08488,0.08534,5.674882e+06
1787772600000,0.08535,0.08544,0.08494,0.08498,2.798451e+06
1787773500000,0.08497,0.08504,0.08485,0.08487,2.465149e+06
1787774400000,0.08487,0.08507,0.08474,0.08492,2.835288e+06
1787775300000,0.08492,0.08501,0.08442,0.08495,5.069403e+06
1787776200000,0.08495,0.08507,0.08475,0.08501,1.101544e+06
1787777100000,0.085,0.0853,0.085,0.08529,2.048463e+06
1787778000000,0.08529,0.08595,0.08526,0.08585,6.135046e+06
1787778900000,0.08585,0.08621,0.08577,0.08614,9.428317e+06
1787779800000,0.08613,0.08622,0.08591,0.08605,4.103541e+06
1787780700000,0.08605,0.0864,0.08595,0.08629,6.124185e+06
1787781600000,0.08629,0.08661,0.08613,0.08647,6.52198e+06
1787782500000,0.08647,0.08717,0.08644,0.08695,1.678416e+07
1787783400000,0.08694,0.08704,0.08648,0.08672,1.0219872e+07
1787784300000,0.08672,0.08672,0.08638,0.08654,3.828615e+06
1787785200000,0.08653,0.08667,0.0864,0.0865,5.059065e+06
1787786100000,0.0865,0.08728,0.08646,0.08708,1.3440068e+07
1787787000000,0.08709,0.08757,0.08708,0.08748,1.3491456e+07
1787787900000,0.08748,0.08783,0.08743,0.0877,9.322735e+06
1787788800000,0.08769,0.0877,0.08715,0.08721,8.83872e+06
1787789700000,0.08722,0.08737,0.08695,0.0871,4.356735e+06
1787790600000,0.08709,0.08712,0.08681,0.08687,5.437081e+06
1787791500000,0.08688,0.08691,0.08651,0.08654,5.780051e+06
1787792400000,0.08654,0.08665,0.08627,0.08632,4.112194e+06
1787793300000,0.08631,0.08752,0.08626,0.08726,1.6142721e+07
1787794200000,0.08726,0.08734,0.08682,0.08683,5.084405e+06
1787795100000,0.08683,0.08741,0.08682,0.08706,5.274463e+06
1787796000000,0.08706,0.08748,0.08704,0.08723,3.378858e+06
1787796900000,0.08723,0.08725,0.08689,0.0869,1.588858e+06
1787797800000,0.0869,0.08707,0.08672,0.08674,1.484244e+06
1787798700000,0.08674,0.08694,0.08672,0.08686,3.971777e+06
1787799600000,0.08687,0.08706,0.08668,0.0867,5.448661e+06
1787800500000,0.08671,0.0872,0.08665,0.08706,2.540003e+06
1787801400000,0.08705,0.08707,0.08687,0.08688,1.125693e+06
1787802300000,0.08688,0.08698,0.08671,0.08681,3.452394e+06
1787803200000,0.08682,0.08701,0.08678,0.08694,4.236079e+06
1787804100000,0.08695,0.0871,0.08689,0.08689,4.673566e+06
1787805000000,0.08688,0.08689,0.08652,0.08683,3.13803e+06
1787805900000,0.08682,0.08686,0.08653,0.0867,3.756841e+06
1787806800000,0.0867,0.08677,0.08643,0.08657,3.174038e+06
1787807700000,0.08657,0.08679,0.08637,0.08651,2.847495e+06
1787808600000,0.08651,0.08677,0.08622,0.08655,4.025145e+06
1787809500000,0.08655,0.08715,0.08654,0.08702,7.309837e+06
1787810400000,0.08701,0.08701,0.08644,0.08657,4.77473e+06
1787811300000,0.08658,0.0868,0.08647,0.08673,9.399342e+06
1787812200000,0.08672,0.08699,0.08672,0.0869,2.609244e+06
1787813100000,0.0869,0.08705,0.08688,0.087,2.682416e+06
1787814000000,0.087,0.08709,0.08691,0.08702,1.854553e+06
1787814900000,0.08702,0.08703,0.08686,0.08694,2.059601e+06
1787815800000,0.08695,0.08704,0.08687,0.08696,4.416174e+06
1787816700000,0.08696,0.0872,0.08696,0.08715,3.271932e+06
1787817600000,0.08715,0.08881,0.08712,0.08828,3.8297831e+07
1787818500000,0.08829,0.08878,0.08796,0.08876,2.0703217e+07
1787819400000,0.08875,0.08901,0.0885,0.08898,1.6717972e+07
1787820300000,0.08899,0.08986,0.08887,0.08919,3.2107158e+07
1787821200000,0.08918,0.08951,0.08885,0.08945,9.756121e+06
1787822100000,0.08945,0.09,0.08917,0.08968,1.773181e+07
1787823000000,0.08968,0.0897,0.08902,0.08923,1.1463698e+07
1787823900000,0.08923,0.08934,0.0887,0.08887,6.65082e+06
1787824800000,0.08887,0.08922,0.08838,0.08861,1.1570317e+07
1787825700000,0.08862,0.0888,0.08762,0.08815,2.348093e+07
1787826600000,0.08814,0.0882,0.0877,0.0881,1.0156929e+07
1787827500000,0.08811,0.08832,0.08798,0.0883,5.640389e+06
1787828400000,0.08829,0.08869,0.0882,0.08867,5.773394e+06
1787829300000,0.08867,0.08876,0.08819,0.08825,5.511486e+06
1787830200000,0.08826,0.08854,0.08811,0.08839,4.34968e+06
1787831100000,0.08838,0.08838,0.08784,0.08831,4.803918e+06
1787832000000,0.0883,0.08859,0.08829,0.08853,1.606381e+06
1787832900000,0.08854,0.08865,0.08838,0.08855,3.145891e+06
1787833800000,0.08855,0.08867,0.08723,0.08752,2.2945764e+07
1787834700000,0.08752,0.08786,0.08752,0.08763,7.141805e+06
1787835600000,0.08763,0.08794,0.08762,0.08783,3.504761e+06
1787836500000,0.08783,0.08812,0.0878,0.08805,5.854605e+06
1787837400000,0.08804,0.08809,0.0875,0.08769,1.1199025e+07
1787838300000,0.08769,0.08816,0.08722,0.08813,1.3361314e+07
1787839200000,0.08813,0.08864,0.08789,0.08803,1.0890955e+07
1787840100000,0.08803,0.0888,0.08789,0.08869,1.7757843e+07
1787841000000,0.08868,0.08942,0.08848,0.08935,1.2163526e+07
1787841900000,0.08934,0.08938,0.08875,0.08902,1.1552492e+07
1787842800000,0.08902,0.08975,0.08884,0.08949,1.1363544e+07
1787843700000,0.08949,0.08951,0.08907,0.08926,8.524064e+06
1787844600000,0.08927,0.0893,0.08868,0.0891,9.151864e+06
1787845500000,0.08911,0.08914,0.08868,0.0887,7.047136e+06
1787846400000,0.08869,0.08921,0.08862,0.08902,7.733804e+06
1787847300000,0.08902,0.08957,0.08898,0.08925,1.326852e+07
1787848200000,0.08924,0.08977,0.08903,0.08971,9.742145e+06
1787849100000,0.08971,0.08974,0.08924,0.08927,6.415695e+06
1787850000000,0.08927,0.08986,0.08896,0.08976,8.919183e+06
1787850900000,0.08976,0.08998,0.08949,0.08953,9.03191e+06
1787851800000,0.08954,0.08959,0.08901,0.08902,4.808135e+06
1787852700000,0.08902,0.08928,0.08892,0.08911,4.263324e+06
1787853600000,0.08911,0.08915,0.08822,0.08844,7.13703e+06
1787854500000,0.08844,0.08864,0.08794,0.08806,7.888465e+06
1787855400000,0.08807,0.08841,0.08803,0.08834,5.18022e+06
1787856300000,0.08833,0.08876,0.08821,0.08876,3.317583e+06
1787857200000,0.08876,0.08899,0.08871,0.08885,2.25013e+06
1787858100000,0.08884,0.0889,0.08857,0.08876,4.905535e+06
1787859000000,0.08877,0.0889,0.08848,0.08851,1.866946e+06
1787859900000,0.08851,0.08876,0.08845,0.08866,4.893683e+06
1787860800000,0.08866,0.08867,0.08831,0.08838,2.907399e+06
1787861700000,0.08838,0.08882,0.08837,0.08851,2.822411e+06
1787862600000,0.08851,0.08865,0.08844,0.0886,1.227209e+06
1787863500000,0.0886,0.08879,0.08838,0.08874,3.896748e+06
1787864400000,0.08875,0.0889,0.08859,0.08871,7.999906e+06
1787865300000,0.0887,0.08879,0.08846,0.08847,4.249699e+06
1787866200000,0.08846,0.08866,0.08826,0.08841,4.949187e+06
1787867100000,0.08841,0.08879,0.08837,0.08877,2.065357e+06
1787868000000,0.08876,0.08922,0.08875,0.08909,4.69623e+06
1787868900000,0.08908,0.08946,0.0889,0.08903,7.104274e+06
1787869800000,0.08902,0.08914,0.08896,0.0891,2.215701e+06
1787870700000,0.08909,0.0891,0.08896,0.0891,1.538233e+06
1787871600000,0.08909,0.08916,0.08888,0.08889,3.724324e+06
1787872500000,0.08889,0.08932,0.08882,0.0893,7.753472e+06
1787873400000,0.0893,0.08932,0.08911,0.08911,3.407199e+06
1787874300000,0.0891,0.08926,0.08905,0.08914,4.469496e+06
1787875200000,0.08914,0.08916,0.08851,0.08855,1.2809164e+07
1787876100000,0.08855,0.08904,0.08852,0.08904,6.155368e+06
1787877000000,0.08904,0.08928,0.08893,0.08913,4.285998e+06
1787877900000,0.08913,0.08925,0.089,0.08902,2.428652e+06
1787878800000,0.08902,0.08943,0.08902,0.08933,4.092312e+06
1787879700000,0.08932,0.09,0.08928,0.08995,8.740501e+06
1787880600000,0.08995,0.09033,0.08943,0.08951,1.2062735e+07
1787881500000,0.08951,0.08953,0.08899,0.08912,6.663967e+06
1787882400000,0.08911,0.08912,0.08855,0.08855,8.14949e+06
1787883300000,0.08856,0.08872,0.08801,0.08803,1.1044589e+07
1787884200000,0.08803,0.08824,0.08758,0.08807,1.0602074e+07
1787885100000,0.08807,0.08807,0.08739,0.08788,1.3397125e+07
1787886000000,0.08788,0.08788,0.08733,0.08756,6.879978e+06
1787886900000,0.08756,0.08808,0.08756,0.08794,3.907614e+06
1787887800000,0.08795,0.08808,0.08773,0.08774,3.443902e+06
1787888700000,0.08773,0.08787,0.08768,0.08776,2.610984e+06
1787889600000,0.08777,0.08792,0.08725,0.08791,1.0238684e+07
1787890500000,0.0879,0.08825,0.08786,0.0879,5.802037e+06
1787891400000,0.0879,0.08796,0.08744,0.08758,5.639993e+06
1787892300000,0.08757,0.08776,0.08748,0.08763,4.068054e+06
1787893200000,0.08763,0.08772,0.08744,0.08761,3.710998e+06
1787894100000,0.08761,0.08765,0.08739,0.08763,4.225291e+06
1787895000000,0.08764,0.08798,0.08763,0.08784,4.366418e+06
1787895900000,0.08784,0.08799,0.08769,0.08775,3.692512e+06
1787896800000,0.08775,0.08817,0.08775,0.08813,5.22775e+06
1787897700000,0.08814,0.08816,0.08803,0.08804,2.183889e+06
1787898600000,0.08803,0.08828,0.08801,0.08814,2.243774e+06
1787899500000,0.08814,0.08834,0.08813,0.08821,2.115213e+06
1787900400000,0.08821,0.08824,0.0875,0.08763,2.3299184e+07
1787901300000,0.08763,0.08781,0.0876,0.08767,5.589069e+06
1787902200000,0.08767,0.08769,0.08751,0.08751,7.39514e+06
1787903100000,0.08752,0.08765,0.08748,0.08751,2.669714e+06
1787904000000,0.08752,0.08779,0.08752,0.08757,4.771613e+06
1787904900000,0.08758,0.0878,0.08757,0.08763,3.368865e+06
1787905800000,0.08764,0.08779,0.08762,0.08764,6.03217e+06
1787906700000,0.08764,0.08768,0.08683,0.08716,3.5399664e+07
1787907600000,0.08715,0.08729,0.08677,0.08701,1.5289684e+07
1787908500000,0.087,0.08718,0.087,0.08705,2.427754e+06
1787909400000,0.08705,0.08707,0.08646,0.08649,1.3314797e+07
1787910300000,0.08649,0.08665,0.08636,0.08638,8.177332e+06
1787911200000,0.08639,0.08644,0.08562,0.08611,2.3479455e+07
1787912100000,0.08611,0.08641,0.08607,0.0864,4.435934e+06
1787913000000,0.08641,0.08666,0.0864,0.08656,4.539739e+06
1787913900000,0.08656,0.08712,0.08655,0.08712,2.6384531e+07
1787914800000,0.08713,0.08739,0.0871,0.08725,1.0135001e+07
1787915700000,0.08725,0.08739,0.08711,0.08713,3.889086e+06
1787916600000,0.08713,0.08725,0.08688,0.087,2.470889e+06
1787917500000,0.087,0.08705,0.08691,0.08701,1.812751e+06
1787918400000,0.08701,0.0871,0.08684,0.08687,1.504289e+06
1787919300000,0.08688,0.08714,0.08685,0.08687,1.272136e+06
1787920200000,0.08686,0.08688,0.08663,0.08684,2.634128e+06
1787921100000,0.08684,0.08688,0.08668,0.08687,1.792633e+06
1787922000000,0.08686,0.08716,0.08685,0.08693,3.98037e+06
1787922900000,0.08692,0.08692,0.08657,0.08667,3.54348e+06
1787923800000,0.08667,0.08694,0.08656,0.08662,5.235316e+06
1787924700000,0.08661,0.0872,0.08657,0.08686,8.506713e+06
1787925600000,0.08687,0.08761,0.08555,0.08599,3.830125e+07
1787926500000,0.08599,0.08669,0.0858,0.08666,7.840309e+06
1787927400000,0.08665,0.08794,0.08644,0.08765,2.3066659e+07
1787928300000,0.08765,0.08793,0.0872,0.08772,8.747321e+06
1787929200000,0.08772,0.08802,0.08683,0.08697,1.1498454e+07
1787930100000,0.08697,0.08758,0.08691,0.08726,5.871731e+06
1787931000000,0.08726,0.08731,0.08631,0.08639,9.116366e+06
1787931900000,0.08638,0.08659,0.08573,0.08589,2.516718e+07
1787932800000,0.08589,0.08605,0.08506,0.08517,2.2795905e+07
1787933700000,0.08517,0.08553,0.084,0.08491,3.6857366e+07
1787934600000,0.08492,0.08566,0.08486,0.08537,8.215936e+06
1787935500000,0.08538,0.08573,0.08535,0.08541,4.506805e+06
1787936400000,0.0854,0.08553,0.08508,0.08552,9.333101e+06
1787937300000,0.08553,0.08563,0.08527,0.08542,2.792504e+06
1787938200000,0.08541,0.08551,0.085,0.08503,8.89226e+06
1787939100000,0.08504,0.08529,0.08499,0.08505,1.2391316e+07
1787940000000,0.08505,0.08513,0.08483,0.08486,5.480513e+06
1787940900000,0.08486,0.08497,0.08454,0.08469,6.588246e+06
1787941800000,0.08469,0.08475,0.08409,0.08416,7.219493e+06
1787942700000,0.08416,0.08439,0.08381,0.08438,8.959529e+06
1787943600000,0.08437,0.08477,0.08435,0.0847,4.606956e+06
1787944500000,0.08469,0.0848,0.08458,0.08469,4.307068e+06
1787945400000,0.08469,0.08481,0.08459,0.08467,2.162324e+06
1787946300000,0.08468,0.08472,0.08448,0.08467,2.836153e+06
1787947200000,0.08467,0.08485,0.08446,0.0848,3.692918e+06
1787948100000,0.0848,0.08482,0.08462,0.08477,1.748355e+06
1787949000000,0.08477,0.08486,0.08462,0.08478,1.64536e+06
1787949900000,0.08477,0.08491,0.08466,0.0848,1.584369e+06
1787950800000,0.08481,0.08498,0.08478,0.08494,4.424483e+06
1787951700000,0.08493,0.08498,0.08466,0.08492,843009
1787952600000,0.08491,0.08507,0.08479,0.08485,1.588085e+06
1787953500000,0.08485,0.08485,0.08443,0.08455,2.065649e+06
1787954400000,0.08456,0.08485,0.08448,0.08484,1.965291e+06
1787955300000,0.08484,0.08503,0.08475,0.08498,3.792889e+06
1787956200000,0.08498,0.08518,0.08494,0.08513,1.564862e+06
1787957100000,0.08514,0.08529,0.08509,0.08516,4.477229e+06
1787958000000,0.08515,0.08528,0.08507,0.08526,3.820517e+06
1787958900000,0.08526,0.08527,0.08506,0.08512,5.671237e+06
1787959800000,0.08511,0.08516,0.08506,0.08514,1.765537e+06
1787960700000,0.08514,0.08526,0.08508,0.08524,1.502958e+06
1787961600000,0.08525,0.08537,0.08519,0.08527,2.791115e+06
1787962500000,0.08526,0.08542,0.08526,0.08528,1.778271e+06
1787963400000,0.08527,0.08528,0.08513,0.0852,1.13289e+06
1787964300000,0.08519,0.08521,0.08512,0.08518,1.085111e+06
1787965200000,0.08517,0.08519,0.08504,0.08506,1.424903e+06
1787966100000,0.08505,0.08528,0.08503,0.08528,1.827583e+06
1787967000000,0.08527,0.08543,0.08526,0.08529,2.82235e+06
1787967900000,0.08529,0.08542,0.08516,0.08532,2.922806e+06
1787968800000,0.08531,0.08536,0.0852,0.08521,4.074276e+06
1787969700000,0.08521,0.08524,0.08491,0.08497,2.937724e+06
1787970600000,0.08497,0.08512,0.08494,0.08506,3.177416e+06
1787971500000,0.08506,0.08515,0.08501,0.08502,3.310221e+06
1787972400000,0.08503,0.08512,0.085,0.08503,1.216965e+06
1787973300000,0.08504,0.08512,0.08496,0.08507,2.642402e+06
1787974200000,0.08507,0.08514,0.08488,0.08497,6.076766e+06
1787975100000,0.08496,0.08501,0.0848,0.08484,5.932224e+06
1787976000000,0.08484,0.08502,0.0848,0.08502,1.339405e+06
1787976900000,0.08502,0.08507,0.08496,0.08504,1.450318e+06
1787977800000,0.08504,0.08511,0.08495,0.08503,4.624944e+06
1787978700000,0.08503,0.08519,0.08499,0.08517,3.665536e+06
1787979600000,0.08516,0.08531,0.08515,0.08524,2.154937e+06
1787980500000,0.08525,0.08528,0.08514,0.08518,3.165302e+06
1787981400000,0.08518,0.08525,0.08508,0.08516,2.740033e+06
1787982300000,0.08517,0.08517,0.085,0.08508,1.224134e+06
1787983200000,0.08508,0.0851,0.08455,0.08459,6.93159e+06
1787984100000,0.08459,0.08464,0.08427,0.0843,2.735298e+06
1787985000000,0.08431,0.08446,0.08431,0.08442,1.612687e+06
1787985900000,0.08442,0.08449,0.08438,0.08444,749625
1787986800000,0.08443,0.08471,0.08435,0.08435,7.628523e+06
1787987700000,0.08435,0.0845,0.08427,0.08442,1.191565e+06
1787988600000,0.08442,0.08456,0.0844,0.08445,2.005747e+06
1787989500000,0.08445,0.08455,0.08436,0.08444,1.595894e+06
1787990400000,0.08444,0.08444,0.08419,0.08432,1.2400571e+07
1787991300000,0.08432,0.08455,0.08429,0.08452,2.139989e+06
1787992200000,0.08452,0.08452,0.08436,0.0844,2.061577e+06
1787993100000,0.0844,0.08446,0.08429,0.08434,5.093422e+06
1787994000000,0.08435,0.08443,0.08423,0.08443,4.706624e+06
1787994900000,0.08443,0.08447,0.0844,0.08446,2.222425e+06
1787995800000,0.08446,0.08456,0.08426,0.08432,9.328817e+06
1787996700000,0.08432,0.08457,0.0842,0.08446,7.523664e+06
1787997600000,0.08446,0.08448,0.08418,0.08446,2.788653e+06
1787998500000,0.08447,0.0847,0.08447,0.0846,2.921122e+06
1787999400000,0.0846,0.08465,0.08451,0.08453,1.611137e+06
1788000300000,0.08453,0.08461,0.08444,0.08445,3.196015e+06
1788001200000,0.08445,0.08458,0.08441,0.08451,1.000602e+06
1788002100000,0.08451,0.08457,0.08444,0.08456,1.748713e+06
1788003000000,0.08455,0.08459,0.08441,0.08443,1.756254e+06
1788003900000,0.08443,0.08454,0.08442,0.08448,832655
1788004800000,0.08449,0.08459,0.08446,0.08459,932074
1788005700000,0.08459,0.08504,0.08459,0.08477,5.216997e+06
1788006600000,0.08477,0.08483,0.08469,0.0848,1.884828e+06
1788007500000,0.08481,0.08484,0.08476,0.08481,1.207593e+06
1788008400000,0.08481,0.08482,0.08468,0.08475,3.185609e+06
1788009300000,0.08475,0.08496,0.08473,0.08487,3.87323e+06
1788010200000,0.08486,0.08494,0.08478,0.08479,645329
1788011100000,0.08479,0.08501,0.08477,0.08494,1.499027e+06
1788012000000,0.08494,0.08502,0.08487,0.085,2.945198e+06
1788012900000,0.085,0.08518,0.08494,0.08507,3.448395e+06
1788013800000,0.08507,0.08545,0.08506,0.08536,5.276746e+06
1788014700000,0.08536,0.08571,0.08536,0.08561,5.370045e+06
1788015600000,0.08561,0.08565,0.08527,0.08536,3.557594e+06
1788016500000,0.08536,0.08544,0.08517,0.08526,1.380791e+06
1788017400000,0.08525,0.08525,0.08508,0.08512,4.337815e+06
1788018300000,0.08512,0.08533,0.08507,0.08517,2.756046e+06
1788019200000,0.08518,0.08541,0.08517,0.08538,3.382962e+06
1788020100000,0.08537,0.08558,0.0851,0.08525,3.635657e+06
1788021000000,0.08525,0.08542,0.08513,0.08525,5.299474e+06
1788021900000,0.08526,0.08546,0.08521,0.08526,3.211675e+06
1788022800000,0.08526,0.08537,0.08525,0.08531,1.192565e+06
1788023700000,0.08532,0.08537,0.08484,0.08484,2.574902e+06
1788024600000,0.08485,0.08504,0.08477,0.08495,2.898601e+06
1788025500000,0.08496,0.08512,0.08495,0.08511,717423
1788026400000,0.08512,0.0852,0.08504,0.08513,872183
1788027300000,0.08513,0.08529,0.08504,0.08517,2.004684e+06
1788028200000,0.08516,0.08543,0.08506,0.08533,4.037746e+06
1788029100000,0.08533,0.08555,0.08526,0.08526,2.543009e+06
1788030000000,0.08526,0.08546,0.08523,0.08544,2.27042e+06
1788030900000,0.08545,0.08552,0.08531,0.08539,3.498954e+06
1788031800000,0.08539,0.08547,0.08521,0.0853,5.325632e+06
1788032700000,0.08531,0.08532,0.08517,0.08525,1.357027e+06
1788033600000,0.08524,0.0854,0.08523,0.08537,1.280831e+06
1788034500000,0.08537,0.08549,0.08527,0.08529,1.788684e+06
1788035400000,0.0853,0.0853,0.08514,0.08525,2.600921e+06
1788036300000,0.08526,0.08529,0.08521,0.08523,659390
1788037200000,0.08524,0.08531,0.08509,0.08523,5.748899e+06
1788038100000,0.08523,0.0853,0.08513,0.08513,277765
1788039000000,0.08513,0.08519,0.08511,0.08516,797232
1788039900000,0.08515,0.08527,0.08508,0.08511,2.063292e+06
1788040800000,0.0851,0.08516,0.08499,0.08508,3.202755e+06
1788041700000,0.08508,0.08511,0.08498,0.08507,2.078217e+06
1788042600000,0.08508,0.08515,0.08507,0.08513,1.076147e+06
1788043500000,0.08514,0.0852,0.08511,0.08516,979691
1788044400000,0.08516,0.08533,0.08513,0.08523,4.809418e+06
1788045300000,0.08523,0.08529,0.08501,0.08519,3.85207e+06
1788046200000,0.08518,0.08524,0.08513,0.08518,2.004949e+06
1788047100000,0.08518,0.08532,0.08518,0.08529,1.657715e+06
1788048000000,0.0853,0.0853,0.08514,0.08522,5.17395e+06
1788048900000,0.08522,0.08551,0.08522,0.08524,2.264659e+06
1788049800000,0.08523,0.0854,0.08517,0.08527,3.363827e+06
1788050700000,0.08526,0.0854,0.08515,0.08517,2.414907e+06
1788051600000,0.08516,0.08519,0.085,0.08504,685493
1788052500000,0.08504,0.08507,0.0849,0.08493,2.19527e+06
1788053400000,0.08494,0.08503,0.08486,0.08488,2.902946e+06
1788054300000,0.08488,0.08503,0.08478,0.08491,7.329649e+06
1788055200000,0.08492,0.08504,0.08485,0.08494,4.234475e+06
1788056100000,0.08495,0.08503,0.08489,0.08499,2.061068e+06
1788057000000,0.08499,0.0851,0.08489,0.08504,2.154465e+06
1788057900000,0.08504,0.0852,0.08496,0.08505,5.503325e+06
1788058800000,0.08505,0.08511,0.08493,0.08501,1.096545e+06
1788059700000,0.08502,0.0851,0.08492,0.0851,2.276399e+06
1788060600000,0.08511,0.08519,0.08503,0.08512,3.441563e+06
1788061500000,0.08513,0.08513,0.08501,0.08503,670266
1788062400000,0.08504,0.08509,0.08496,0.08503,2.235205e+06
1788063300000,0.08504,0.0851,0.08497,0.08506,1.083216e+06
1788064200000,0.08506,0.08506,0.08472,0.08479,9.310646e+06
1788065100000,0.08479,0.08488,0.08457,0.08488,7.069123e+06
1788066000000,0.08488,0.08521,0.08487,0.08501,7.149653e+06
1788066900000,0.08501,0.08501,0.08496,0.085,733484
1788067800000,0.08501,0.08504,0.08495,0.08499,626603
1788068700000,0.08498,0.0851,0.08498,0.0851,696125
1788069600000,0.08509,0.0851,0.08491,0.08496,1.727797e+06
1788070500000,0.08496,0.0851,0.08494,0.08505,3.464466e+06
1788071400000,0.08505,0.08521,0.08503,0.0851,3.176415e+06
1788072300000,0.08509,0.0852,0.085,0.08518,4.208471e+06
1788073200000,0.08519,0.08521,0.08489,0.08492,3.951665e+06
1788074100000,0.08493,0.08494,0.08478,0.08483,3.785632e+06
1788075000000,0.08483,0.08487,0.08467,0.0847,5.086326e+06
1788075900000,0.0847,0.08477,0.08458,0.08463,5.554475e+06
1788076800000,0.08464,0.08476,0.0846,0.08472,5.401919e+06
1788077700000,0.08471,0.08479,0.08465,0.08472,2.265651e+06
1788078600000,0.08472,0.08473,0.08451,0.08456,5.428261e+06
1788079500000,0.08455,0.08463,0.08448,0.08462,3.702703e+06
1788080400000,0.08461,0.08471,0.08458,0.0847,1.049951e+06
1788081300000,0.0847,0.08471,0.08443,0.08443,2.73523e+06
1788082200000,0.08444,0.08466,0.08437,0.08454,5.961107e+06
1788083100000,0.08455,0.08464,0.08445,0.0846,2.247875e+06
1788084000000,0.0846,0.08473,0.08449,0.08461,2.131548e+06
1788084900000,0.0846,0.08483,0.08454,0.08473,3.222502e+06
1788085800000,0.08474,0.085,0.08472,0.08499,6.597397e+06
1788086700000,0.08499,0.08504,0.08487,0.08488,2.091887e+06
1788087600000,0.08488,0.0851,0.08488,0.08506,5.279657e+06
1788088500000,0.08506,0.08507,0.08498,0.08507,3.45266e+06
1788089400000,0.08506,0.08508,0.08481,0.08497,3.455391e+06
1788090300000,0.08498,0.08503,0.08481,0.08497,2.64905e+06
1788091200000,0.08498,0.08545,0.08489,0.08536,8.996347e+06
1788092100000,0.08536,0.08537,0.08513,0.0853,2.464375e+06
1788093000000,0.0853,0.0854,0.08503,0.08523,5.997061e+06
1788093900000,0.08523,0.0855,0.08502,0.08543,7.58843e+06
1788094800000,0.08542,0.08542,0.08522,0.08529,5.151801e+06
1788095700000,0.08528,0.08541,0.0852,0.08537,1.299236e+06
1788096600000,0.08538,0.0855,0.08533,0.08549,7.652921e+06
1788097500000,0.08549,0.08584,0.08549,0.0857,1.3042465e+07
1788098400000,0.08571,0.08571,0.08535,0.08566,6.708329e+06
1788099300000,0.08566,0.08568,0.08548,0.08561,3.030984e+06
1788100200000,0.08562,0.08567,0.08541,0.08548,947114
1788101100000,0.08548,0.08556,0.0854,0.08546,1.608052e+06
1788102000000,0.08545,0.08556,0.08511,0.08514,6.763549e+06
1788102900000,0.08513,0.08543,0.08502,0.0853,6.237603e+06
1788103800000,0.08531,0.08548,0.0853,0.0854,1.074975e+06
1788104700000,0.0854,0.08546,0.08527,0.08537,1.016343e+06
1788105600000,0.08538,0.08594,0.08529,0.08588,7.144825e+06
1788106500000,0.08588,0.08604,0.08565,0.08572,7.390693e+06
1788107400000,0.08573,0.08606,0.08572,0.08596,7.003396e+06
1788108300000,0.08596,0.08647,0.08591,0.08637,4.84365e+06
1788109200000,0.08637,0.0865,0.08608,0.08625,1.5891321e+07
1788110100000,0.08625,0.08627,0.08525,0.08563,1.2790458e+07
1788111000000,0.08562,0.08594,0.08548,0.08593,4.69383e+06
1788111900000,0.08594,0.08598,0.08573,0.08595,3.627545e+06
1788112800000,0.08594,0.08604,0.08557,0.08574,9.443226e+06
1788113700000,0.08575,0.0862,0.08574,0.08616,1.498622e+06
1788114600000,0.08617,0.08648,0.08616,0.0864,4.695507e+06
1788115500000,0.08641,0.08648,0.08628,0.08637,2.860337e+06
1788116400000,0.08637,0.08637,0.08596,0.08634,5.679542e+06
1788117300000,0.08634,0.08636,0.08594,0.08596,4.042391e+06
1788118200000,0.08595,0.08607,0.08566,0.08568,5.023957e+06
1788119100000,0.08567,0.08584,0.08553,0.08582,2.490772e+06
1788120000000,0.08582,0.08597,0.08576,0.08582,2.956574e+06
1788120900000,0.08583,0.0859,0.08558,0.08559,5.537926e+06
1788121800000,0.08559,0.08567,0.08473,0.08483,1.3672813e+07
1788122700000,0.08483,0.08544,0.08483,0.08514,7.693486e+06
1788123600000,0.08514,0.08514,0.0839,0.08461,2.4998467e+07
1788124500000,0.0846,0.08474,0.08434,0.08469,2.845753e+06
1788125400000,0.08469,0.08497,0.08448,0.08452,1.722065e+07
1788126300000,0.08453,0.08464,0.08419,0.0846,1.2905307e+07
1788127200000,0.08461,0.08501,0.08426,0.08432,5.066805e+06
1788128100000,0.08431,0.08435,0.08339,0.08375,2.5069714e+07
1788129000000,0.08374,0.08389,0.08325,0.08371,9.860075e+06
1788129900000,0.0837,0.08377,0.08353,0.08367,2.931463e+06
1788130800000,0.08367,0.08367,0.08318,0.08335,1.7839859e+07
1788131700000,0.08335,0.08343,0.0815,0.08179,5.812194e+07
1788132600000,0.08179,0.08224,0.08138,0.08165,2.3342989e+07
1788133500000,0.08165,0.08223,0.08081,0.08205,3.1759929e+07
1788134400000,0.08205,0.08216,0.08162,0.08204,9.926912e+06
1788135300000,0.08205,0.08244,0.08197,0.08233,4.487274e+06
1788136200000,0.08233,0.08274,0.08231,0.08252,5.420823e+06
1788137100000,0.08251,0.08257,0.08236,0.08241,4.119045e+06
1788138000000,0.08241,0.08251,0.08175,0.08195,8.06794e+06
1788138900000,0.08195,0.08224,0.08182,0.0821,1.0897816e+07
1788139800000,0.0821,0.08227,0.08174,0.08179,7.826275e+06
1788140700000,0.08179,0.08194,0.08153,0.0816,9.180782e+06
1788141600000,0.0816,0.08234,0.08142,0.08227,8.636317e+06
1788142500000,0.08227,0.08243,0.08203,0.08212,5.870795e+06
1788143400000,0.08212,0.08223,0.08194,0.08198,2.914549e+06
1788144300000,0.08198,0.08203,0.08158,0.0818,2.626615e+06
1788145200000,0.08181,0.08216,0.08174,0.08205,4.028035e+06
1788146100000,0.08206,0.08221,0.08197,0.08219,1.79091e+06
1788147000000,0.08218,0.08244,0.08211,0.08241,4.607061e+06
1788147900000,0.08241,0.08255,0.08227,0.08227,3.794093e+06
1788148800000,0.08228,0.08229,0.08201,0.08207,2.646032e+06
1788149700000,0.08207,0.08208,0.08186,0.08196,2.70767e+06
1788150600000,0.08196,0.08214,0.08188,0.08205,3.697284e+06
1788151500000,0.08204,0.08224,0.0819,0.08213,4.958876e+06
1788152400000,0.08212,0.08234,0.08201,0.08226,8.00865e+06
1788153300000,0.08227,0.08305,0.08227,0.08292,1.6518344e+07
1788154200000,0.08292,0.08295,0.08263,0.08283,3.499418e+06
1788155100000,0.08283,0.08293,0.08277,0.0828,2.54644e+06
1788156000000,0.0828,0.08294,0.0826,0.08278,6.834365e+06
1788156900000,0.08278,0.08295,0.08265,0.08275,5.108443e+06
1788157800000,0.08276,0.0828,0.08259,0.08274,4.651262e+06
1788158700000,0.08273,0.08282,0.08268,0.08274,1.755564e+06
1788159600000,0.08274,0.08284,0.08262,0.08274,5.920876e+06
1788160500000,0.08274,0.08293,0.08273,0.08277,5.404546e+06
1788161400000,0.08276,0.08276,0.08255,0.08269,5.935835e+06
1788162300000,0.08268,0.08278,0.08259,0.08273,1.781192e+06
1788163200000,0.08273,0.08286,0.08249,0.0827,3.212174e+06
1788164100000,0.08269,0.08269,0.08242,0.08254,3.706223e+06
1788165000000,0.08254,0.083,0.0825,0.08274,3.92848e+06
1788165900000,0.08275,0.08288,0.08268,0.0828,3.12224e+06
1788166800000,0.0828,0.08315,0.08269,0.08283,6.08163e+06
1788167700000,0.08284,0.08314,0.08277,0.08291,7.894445e+06
1788168600000,0.08291,0.08306,0.08288,0.08301,3.993303e+06
1788169500000,0.08302,0.08318,0.08282,0.08286,3.003778e+06
1788170400000,0.08286,0.08296,0.08256,0.08294,5.229649e+06
1788171300000,0.08294,0.08294,0.0827,0.08278,1.763515e+06
1788172200000,0.08278,0.08294,0.08269,0.08292,1.558924e+06
1788173100000,0.08292,0.08328,0.08289,0.08308,6.540364e+06
1788174000000,0.08309,0.08313,0.08286,0.08305,5.240965e+06
1788174900000,0.08304,0.08314,0.0829,0.08291,1.994368e+06
1788175800000,0.08291,0.08292,0.08271,0.08279,2.411875e+06
1788176700000,0.08279,0.08283,0.08258,0.08265,3.672906e+06
1788177600000,0.08266,0.08302,0.08258,0.08289,4.60371e+06
1788178500000,0.08288,0.08306,0.08258,0.08278,4.981201e+06
1788179400000,0.08278,0.08292,0.08227,0.0825,1.062891e+07
1788180300000,0.0825,0.08266,0.08225,0.08266,7.960751e+06
1788181200000,0.08267,0.08298,0.08263,0.0827,2.649586e+06
1788182100000,0.0827,0.08281,0.0825,0.08265,4.302852e+06
1788183000000,0.08265,0.08287,0.08245,0.08249,5.695554e+06
1788183900000,0.08248,0.0825,0.082,0.08216,6.42771e+06
1788184800000,0.08217,0.08245,0.08211,0.0822,4.952706e+06
1788185700000,0.0822,0.08255,0.08207,0.08237,5.133976e+06
1788186600000,0.08237,0.08327,0.08231,0.08306,1.0381258e+07
1788187500000,0.08307,0.08327,0.0829,0.08303,9.589319e+06
1788188400000,0.08304,0.08313,0.08269,0.0827,5.580495e+06
1788189300000,0.0827,0.08303,0.08256,0.08293,6.73409e+06
1788190200000,0.08293,0.0833,0.08281,0.08322,5.578686e+06
1788191100000,0.08323,0.08328,0.08276,0.08283,4.327022e+06
1788192000000,0.08283,0.08302,0.08273,0.08285,3.089562e+06
1788192900000,0.08285,0.08303,0.08267,0.08287,5.367217e+06
1788193800000,0.08288,0.08327,0.08284,0.08313,3.053574e+06
1788194700000,0.08314,0.08323,0.0829,0.08291,4.367974e+06
1788195600000,0.0829,0.08319,0.08286,0.08313,5.515609e+06
1788196500000,0.08313,0.0833,0.08273,0.08289,7.789813e+06
1788197400000,0.0829,0.08351,0.0829,0.08327,4.799278e+06
1788198300000,0.08327,0.08342,0.08321,0.08333,2.85972e+06
1788199200000,0.08332,0.08333,0.08317,0.08329,1.053087e+06
1788200100000,0.08328,0.08353,0.08308,0.08321,1.1507793e+07
1788201000000,0.08322,0.08398,0.08316,0.08392,6.205992e+06
1788201900000,0.08393,0.08393,0.08343,0.08345,6.056523e+06
1788202800000,0.08346,0.08372,0.08346,0.08356,2.479559e+06
1788203700000,0.08355,0.08355,0.08328,0.08334,1.174141e+06
1788204600000,0.08334,0.08334,0.08308,0.08318,5.295406e+06
1788205500000,0.08317,0.08343,0.08314,0.08324,2.940962e+06
1788206400000,0.08324,0.08334,0.08321,0.08332,1.301209e+06
1788207300000,0.08332,0.08356,0.0832,0.08321,2.332843e+06
1788208200000,0.08321,0.08336,0.08315,0.08326,1.475121e+06
1788209100000,0.08327,0.08335,0.08316,0.08326,3.440433e+06
1788210000000,0.08327,0.08327,0.08307,0.08307,6.398893e+06
1788210900000,0.08307,0.08324,0.0829,0.08324,4.145916e+06
1788211800000,0.08324,0.08342,0.08319,0.08334,3.618159e+06
1788212700000,0.08333,0.08348,0.08325,0.08336,4.150144e+06
1788213600000,0.08336,0.08344,0.08315,0.08316,2.535978e+06
1788214500000,0.08315,0.08315,0.08301,0.08302,879094
1788215400000,0.08303,0.08308,0.08294,0.083,1.150337e+06
1788216300000,0.08299,0.0831,0.08297,0.08305,1.408374e+06
1788217200000,0.08304,0.08304,0.08265,0.08287,2.282836e+06
1788218100000,0.08286,0.08295,0.08285,0.08295,1.021075e+06
1788219000000,0.08295,0.08295,0.08277,0.08277,1.310487e+06
1788219900000,0.08277,0.08287,0.08275,0.08285,752381
1788220800000,0.08285,0.08299,0.08276,0.08296,4.636162e+06
1788221700000,0.08295,0.08319,0.08294,0.08314,3.617361e+06
1788222600000,0.08313,0.08327,0.08296,0.08307,5.612691e+06
1788223500000,0.08307,0.08329,0.08296,0.08307,5.194835e+06
1788224400000,0.08308,0.08326,0.08285,0.0829,4.610881e+06
1788225300000,0.0829,0.08296,0.08251,0.08269,7.771186e+06
1788226200000,0.0827,0.08293,0.08262,0.08291,1.540996e+06
1788227100000,0.08292,0.08298,0.08273,0.08282,5.250356e+06
1788228000000,0.08281,0.08285,0.08251,0.08275,6.682508e+06
1788228900000,0.08276,0.08301,0.0827,0.08279,3.826715e+06
1788229800000,0.08278,0.08296,0.08272,0.08275,1.616969e+06
1788230700000,0.08274,0.08288,0.08268,0.08288,1.00611e+06
1788231600000,0.08287,0.08295,0.08281,0.0829,1.301351e+06
1788232500000,0.0829,0.08305,0.08284,0.08301,1.976533e+06
1788233400000,0.08301,0.08346,0.083,0.08339,8.399221e+06
1788234300000,0.08338,0.08338,0.08316,0.08321,1.053673e+06
1788235200000,0.08321,0.08334,0.08316,0.08323,2.294826e+06
1788236100000,0.08323,0.08347,0.08323,0.08336,2.050696e+06
1788237000000,0.08335,0.08344,0.08326,0.08327,1.032496e+06
1788237900000,0.08326,0.08331,0.08311,0.08318,4.811799e+06
1788238800000,0.08318,0.08349,0.08315,0.08328,2.823882e+06
1788239700000,0.08328,0.08341,0.0832,0.0834,2.442369e+06
1788240600000,0.0834,0.08383,0.08338,0.08382,4.650574e+06
1788241500000,0.08383,0.08396,0.08375,0.08387,5.307167e+06
1788242400000,0.08386,0.08386,0.08356,0.08374,5.296351e+06
1788243300000,0.08373,0.08379,0.08342,0.08358,6.1841e+06
1788244200000,0.08359,0.08375,0.08352,0.08356,7.743751e+06
1788245100000,0.08356,0.08359,0.0834,0.08342,4.772867e+06
1788246000000,0.08341,0.08362,0.08336,0.08354,4.128285e+06
1788246900000,0.08354,0.08375,0.0835,0.08357,6.545898e+06
1788247800000,0.08358,0.08358,0.08314,0.08324,8.462164e+06
1788248700000,0.08324,0.08347,0.08317,0.08337,1.1744963e+07
1788249600000,0.08337,0.08341,0.08279,0.08288,6.917566e+06
1788250500000,0.08288,0.08297,0.08242,0.08244,1.9574909e+07
1788251400000,0.08245,0.08287,0.08237,0.08261,1.6021687e+07
1788252300000,0.08261,0.08273,0.08227,0.08229,8.530713e+06
1788253200000,0.08229,0.08239,0.08213,0.08221,6.3662e+06
1788254100000,0.08221,0.08252,0.0822,0.0824,5.825953e+06
1788255000000,0.0824,0.08248,0.08233,0.08247,6.202674e+06
1788255900000,0.08248,0.08249,0.08233,0.08242,2.068927e+06
1788256800000,0.08241,0.08261,0.08235,0.08245,6.578763e+06
1788257700000,0.08245,0.08284,0.08237,0.08279,6.619853e+06
1788258600000,0.0828,0.08306,0.08279,0.08292,3.433768e+06
1788259500000,0.08292,0.08299,0.0828,0.08286,2.060499e+06
1788260400000,0.08286,0.08289,0.08271,0.08274,1.902186e+06
1788261300000,0.08275,0.0829,0.08272,0.0829,858949
1788262200000,0.08289,0.08331,0.08278,0.08317,6.549952e+06
1788263100000,0.08317,0.08337,0.08305,0.0832,9.751772e+06
1788264000000,0.0832,0.08322,0.08291,0.08296,6.77194e+06
1788264900000,0.08297,0.08308,0.08276,0.08286,1.886048e+06
1788265800000,0.08285,0.08288,0.08235,0.08266,4.307831e+06
1788266700000,0.08266,0.08284,0.08257,0.08257,4.28681e+06
1788267600000,0.08257,0.08263,0.08176,0.08244,2.2949647e+07
1788268500000,0.08244,0.08255,0.08233,0.08249,2.29245e+06
1788269400000,0.08249,0.08278,0.08204,0.08248,9.830828e+06
1788270300000,0.08249,0.08286,0.08241,0.08274,7.56767e+06
1788271200000,0.08274,0.08315,0.08265,0.08291,6.651193e+06
1788272100000,0.0829,0.083,0.08269,0.08272,3.248108e+06
1788273000000,0.08273,0.08308,0.08265,0.08308,2.619285e+06
1788273900000,0.08307,0.08314,0.08272,0.08277,5.144655e+06
1788274800000,0.08278,0.08278,0.08199,0.08226,1.1739431e+07
1788275700000,0.08226,0.08244,0.08217,0.08241,3.277656e+06
1788276600000,0.08242,0.08273,0.08233,0.08271,3.510507e+06
1788277500000,0.0827,0.08296,0.0827,0.08272,1.1807003e+07
1788278400000,0.08273,0.08274,0.08221,0.08222,5.100477e+06
1788279300000,0.08223,0.08238,0.08201,0.08226,4.970581e+06
1788280200000,0.08226,0.08237,0.08178,0.08209,5.650565e+06
1788281100000,0.08209,0.08232,0.08209,0.08215,5.026306e+06
1788282000000,0.08216,0.08228,0.08207,0.08217,3.227796e+06
1788282900000,0.08216,0.08249,0.08205,0.08236,4.274392e+06
1788283800000,0.08236,0.0826,0.08234,0.08238,4.794655e+06
1788284700000,0.08238,0.08244,0.08193,0.08204,9.044744e+06
1788285600000,0.08204,0.08216,0.08159,0.08185,6.224548e+06
1788286500000,0.08185,0.08186,0.08112,0.08157,1.9295691e+07
1788287400000,0.08157,0.08165,0.08089,0.08096,1.6345477e+07
1788288300000,0.08096,0.08172,0.0807,0.08171,8.592754e+06
1788289200000,0.08172,0.08204,0.08168,0.08182,3.357848e+06
1788290100000,0.08182,0.08217,0.08177,0.08215,5.060467e+06
1788291000000,0.08216,0.08222,0.08195,0.082,1.52779e+06
1788291900000,0.082,0.08205,0.08186,0.08195,2.099241e+06
1788292800000,0.08196,0.08202,0.08169,0.082,3.176558e+06
1788293700000,0.08199,0.08215,0.08171,0.08191,6.973939e+06
1788294600000,0.08192,0.08203,0.08172,0.08172,5.002713e+06
1788295500000,0.08173,0.082,0.08156,0.08199,5.168225e+06
1788296400000,0.08199,0.082,0.08124,0.08131,1.1049026e+07
1788297300000,0.08131,0.08166,0.08101,0.08152,1.0124121e+07
1788298200000,0.08152,0.08159,0.08131,0.08156,3.052044e+06
1788299100000,0.08155,0.08168,0.08146,0.0815,2.00765e+06
1788300000000,0.0815,0.08176,0.0814,0.08159,2.22547e+06
1788300900000,0.08159,0.08159,0.08131,0.08131,4.627024e+06
1788301800000,0.08131,0.08148,0.08123,0.08132,5.836683e+06
1788302700000,0.08133,0.08165,0.08133,0.08147,2.985562e+06
1788303600000,0.08146,0.08157,0.0814,0.08143,3.407428e+06
1788304500000,0.08144,0.08153,0.08139,0.08153,1.742184e+06
1788305400000,0.08153,0.08189,0.08152,0.08181,3.937965e+06
1788306300000,0.08181,0.08183,0.08162,0.08167,5.597804e+06
1788307200000,0.08168,0.08174,0.08159,0.08172,1.541366e+06
1788308100000,0.08171,0.08175,0.08139,0.08141,1.778994e+06
1788309000000,0.08142,0.08157,0.08126,0.0813,6.121448e+06
1788309900000,0.08131,0.08137,0.08115,0.08116,4.336325e+06
1788310800000,0.08115,0.08137,0.08111,0.08129,3.513105e+06
1788311700000,0.08128,0.0814,0.08106,0.08107,4.134782e+06
1788312600000,0.08107,0.08122,0.08039,0.08073,1.9144594e+07
1788313500000,0.08072,0.08082,0.08028,0.08071,1.320118e+07
1788314400000,0.08072,0.08103,0.08059,0.08091,5.734986e+06
1788315300000,0.0809,0.08126,0.08088,0.0812,7.680581e+06
1788316200000,0.0812,0.08133,0.081,0.08114,8.880907e+06
1788317100000,0.08114,0.08117,0.08105,0.08116,2.984612e+06
1788318000000,0.08117,0.08152,0.0811,0.08141,4.251156e+06
1788318900000,0.08141,0.08177,0.08128,0.08159,5.9923e+06
1788319800000,0.08158,0.08161,0.0814,0.08149,7.117359e+06
1788320700000,0.08149,0.08158,0.08133,0.08153,5.518825e+06
1788321600000,0.08153,0.0816,0.08114,0.0813,6.236181e+06
1788322500000,0.0813,0.0815,0.08118,0.08137,4.909275e+06
1788323400000,0.08137,0.08177,0.08137,0.08174,4.897944e+06
1788324300000,0.08174,0.08184,0.08167,0.08175,2.43421e+06
1788325200000,0.08174,0.08177,0.08153,0.08177,6.988829e+06
1788326100000,0.08177,0.082,0.08177,0.08199,4.636906e+06
1788327000000,0.08198,0.082,0.08188,0.08191,4.542788e+06
1788327900000,0.08191,0.08207,0.0819,0.08201,5.989369e+06
1788328800000,0.08202,0.08211,0.08176,0.0818,7.069291e+06
1788329700000,0.0818,0.08198,0.08169,0.08172,7.752553e+06
1788330600000,0.08171,0.08198,0.08155,0.08185,7.839719e+06
1788331500000,0.08185,0.08189,0.0817,0.08179,4.218925e+06
1788332400000,0.08179,0.08199,0.08177,0.08192,3.991256e+06
1788333300000,0.08191,0.08191,0.08169,0.08172,2.233948e+06
1788334200000,0.08172,0.08188,0.08172,0.08178,1.329017e+06
1788335100000,0.08177,0.08188,0.08164,0.08167,2.180626e+06
1788336000000,0.08168,0.08175,0.08152,0.08163,1.431807e+06
1788336900000,0.08164,0.08171,0.08149,0.08151,1.696418e+06
1788337800000,0.08151,0.08151,0.08098,0.08103,4.083998e+06
1788338700000,0.08102,0.08115,0.08079,0.08099,8.77855e+06
1788339600000,0.08099,0.08128,0.08099,0.08114,4.05054e+06
1788340500000,0.08114,0.08117,0.08073,0.08108,2.6882346e+07
1788341400000,0.08109,0.08112,0.08061,0.08064,1.93195e+07
1788342300000,0.08063,0.08096,0.08058,0.08091,5.65475e+06
1788343200000,0.0809,0.08093,0.08059,0.08075,1.0390268e+07
1788344100000,0.08076,0.08087,0.08074,0.08079,2.340929e+06
1788345000000,0.08079,0.08085,0.0806,0.08076,8.830962e+06
1788345900000,0.08075,0.08084,0.08013,0.08081,2.2082133e+07
1788346800000,0.08081,0.08093,0.08054,0.0809,6.213648e+06
1788347700000,0.0809,0.08095,0.0806,0.0808,3.268123e+06
1788348600000,0.08081,0.08124,0.08076,0.08109,3.877884e+06
1788349500000,0.08108,0.08127,0.08103,0.08124,4.149202e+06
1788350400000,0.08124,0.08125,0.08105,0.08119,6.406798e+06
1788351300000,0.08118,0.08143,0.08105,0.08139,5.913614e+06
1788352200000,0.0814,0.08141,0.08115,0.08119,2.132578e+06
1788353100000,0.08119,0.08119,0.08078,0.08083,1.724306e+06
1788354000000,0.08084,0.08116,0.08083,0.08091,1.286379e+06
1788354900000,0.08091,0.08116,0.08088,0.08103,5.137096e+06
1788355800000,0.08103,0.08203,0.08074,0.08202,1.6755848e+07
1788356700000,0.08202,0.08207,0.08149,0.08172,1.559768e+07
1788357600000,0.08172,0.08195,0.08159,0.08175,7.20602e+06
1788358500000,0.08175,0.08197,0.08165,0.08175,4.423416e+06
1788359400000,0.08175,0.08191,0.0815,0.08187,6.807851e+06
1788360300000,0.08187,0.0819,0.0815,0.08151,5.423139e+06
1788361200000,0.08151,0.08155,0.0807,0.08089,1.6264525e+07
1788362100000,0.08089,0.08145,0.08089,0.08127,9.135874e+06
1788363000000,0.08127,0.08181,0.08114,0.08175,6.731909e+06
1788363900000,0.08175,0.08175,0.08138,0.08167,3.796812e+06
1788364800000,0.08167,0.08189,0.08149,0.08178,6.781416e+06
1788365700000,0.08178,0.0819,0.08165,0.08175,5.262102e+06
1788366600000,0.08175,0.08189,0.08146,0.08146,4.150728e+06
1788367500000,0.08147,0.08158,0.08139,0.08139,2.834894e+06
1788368400000,0.08139,0.08148,0.08105,0.08122,7.963319e+06
1788369300000,0.08122,0.08126,0.08085,0.08112,1.9528982e+07
1788370200000,0.08113,0.08139,0.08109,0.08139,2.666804e+06
1788371100000,0.08138,0.08156,0.08138,0.08146,4.097224e+06
1788372000000,0.08146,0.08163,0.08136,0.08161,7.068292e+06
1788372900000,0.08162,0.08175,0.0814,0.08156,8.172566e+06
1788373800000,0.08156,0.08158,0.08129,0.08135,5.30922e+06
1788374700000,0.08135,0.08152,0.08131,0.08147,2.36685e+06
1788375600000,0.08146,0.08151,0.08135,0.08149,3.52832e+06
1788376500000,0.08149,0.08155,0.08117,0.08117,3.084997e+06
1788377400000,0.08116,0.08123,0.08097,0.08114,4.515229e+06
1788378300000,0.08113,0.08132,0.08109,0.0813,2.089389e+06
1788379200000,0.08131,0.08175,0.08127,0.08159,1.6094731e+07
1788380100000,0.08158,0.08185,0.08127,0.08157,7.418451e+06
1788381000000,0.08156,0.08182,0.08155,0.08162,1.0640578e+07
1788381900000,0.08161,0.08193,0.08148,0.08169,8.053332e+06
1788382800000,0.0817,0.08174,0.08157,0.08158,2.463024e+06
1788383700000,0.08159,0.08168,0.08152,0.08156,2.121704e+06
1788384600000,0.08156,0.08187,0.0815,0.08186,4.109028e+06
1788385500000,0.08185,0.08185,0.08167,0.08168,2.791665e+06
1788386400000,0.08168,0.08168,0.08113,0.08116,5.711206e+06
1788387300000,0.08116,0.0813,0.08088,0.08093,6.468102e+06
1788388200000,0.08092,0.08123,0.08092,0.08118,3.488503e+06
1788389100000,0.08118,0.08118,0.081,0.08105,7.894406e+06
1788390000000,0.08106,0.0815,0.08095,0.08149,6.149579e+06
1788390900000,0.08149,0.08149,0.08125,0.08138,3.304973e+06
1788391800000,0.08137,0.08148,0.08132,0.08142,1.426063e+06
1788392700000,0.08142,0.08181,0.08138,0.08176,7.431929e+06
1788393600000,0.08176,0.08195,0.08156,0.08162,9.614645e+06
1788394500000,0.08161,0.08162,0.08134,0.08134,4.722019e+06
1788395400000,0.08133,0.08158,0.08124,0.08144,5.616973e+06
1788396300000,0.08144,0.08154,0.08137,0.08142,3.969025e+06
1788397200000,0.08141,0.08209,0.08116,0.08207,1.0357634e+07
1788398100000,0.08207,0.08246,0.08195,0.08246,1.3834616e+07
1788399000000,0.08245,0.08265,0.08221,0.08233,1.3848438e+07
1788399900000,0.08232,0.08246,0.08209,0.0822,6.520625e+06
1788400800000,0.0822,0.08245,0.08206,0.08244,2.502597e+06
1788401700000,0.08244,0.08286,0.08236,0.08277,7.051792e+06
1788402600000,0.08277,0.08324,0.08267,0.0831,2.3783773e+07
1788403500000,0.0831,0.08329,0.08299,0.0832,7.266533e+06
1788404400000,0.08321,0.08323,0.08288,0.08305,5.843227e+06
1788405300000,0.08304,0.08314,0.08286,0.0829,9.309191e+06
1788406200000,0.0829,0.08296,0.08256,0.08265,6.116795e+06
1788407100000,0.08264,0.08283,0.08261,0.08279,1.316937e+06
1788408000000,0.0828,0.083,0.08279,0.08284,6.227409e+06
1788408900000,0.08284,0.08284,0.08253,0.0826,3.956718e+06
1788409800000,0.0826,0.08269,0.08245,0.08245,2.549912e+06
1788410700000,0.08245,0.083,0.08245,0.08299,6.530161e+06
1788411600000,0.08299,0.08311,0.08269,0.08277,8.078724e+06
1788412500000,0.08277,0.0828,0.08207,0.08223,7.437695e+06
1788413400000,0.08223,0.08281,0.0822,0.08275,4.044727e+06
1788414300000,0.08276,0.08307,0.08267,0.083,8.038555e+06
1788415200000,0.083,0.08303,0.08274,0.08286,6.336905e+06
1788416100000,0.08286,0.08298,0.08281,0.08291,3.341539e+06
1788417000000,0.08291,0.08309,0.08284,0.08306,6.156957e+06
1788417900000,0.08306,0.08312,0.08295,0.083,4.400915e+06
1788418800000,0.08299,0.0837,0.08295,0.0835,1.3747255e+07
1788419700000,0.0835,0.08362,0.08297,0.08316,1.471888e+07
1788420600000,0.08316,0.08344,0.08296,0.08315,1.1009382e+07
1788421500000,0.08314,0.08323,0.08266,0.0829,8.67994e+06
1788422400000,0.0829,0.08363,0.08288,0.08324,1.0302467e+07
1788423300000,0.08325,0.08337,0.08311,0.08334,5.109876e+06
1788424200000,0.08334,0.0834,0.08321,0.08324,2.401899e+06
1788425100000,0.08324,0.08334,0.08311,0.08317,2.050465e+06
1788426000000,0.08317,0.08333,0.083,0.08316,5.849651e+06
1788426900000,0.08317,0.08327,0.08293,0.08293,4.542405e+06
1788427800000,0.08293,0.08299,0.08277,0.08292,2.997049e+06
1788428700000,0.08292,0.08303,0.08278,0.08281,2.343458e+06
1788429600000,0.0828,0.08298,0.0827,0.08282,6.504271e+06
1788430500000,0.08283,0.08311,0.08276,0.08289,3.500995e+06
1788431400000,0.08288,0.08294,0.08253,0.08259,4.890173e+06
1788432300000,0.08258,0.08301,0.08256,0.08297,3.014912e+06
1788433200000,0.08298,0.0831,0.08287,0.08295,5.689084e+06
1788434100000,0.08295,0.08328,0.08295,0.08325,3.007537e+06
1788435000000,0.08326,0.0834,0.08309,0.08319,6.311938e+06
1788435900000,0.0832,0.08332,0.08313,0.08328,5.827967e+06
1788436800000,0.08327,0.08334,0.08315,0.08331,5.325151e+06
1788437700000,0.0833,0.08335,0.08311,0.08319,3.733495e+06
1788438600000,0.08319,0.08367,0.08319,0.08326,1.8549734e+07
1788439500000,0.08326,0.0838,0.08322,0.08368,8.518917e+06
1788440400000,0.08367,0.0837,0.0833,0.08351,7.367561e+06
1788441300000,0.08352,0.08356,0.08336,0.0834,1.736384e+06
1788442200000,0.08341,0.08378,0.08327,0.08365,8.236643e+06
1788443100000,0.08364,0.08373,0.08339,0.08352,6.441646e+06
1788444000000,0.08351,0.08371,0.08331,0.08371,9.579521e+06
1788444900000,0.08372,0.08461,0.08372,0.08458,2.3943962e+07
1788445800000,0.08458,0.08605,0.08447,0.08574,4.1659021e+07
1788446700000,0.08573,0.08795,0.08567,0.08792,5.2628685e+07
1788447600000,0.08792,0.0885,0.08679,0.0875,6.8330965e+07
1788448500000,0.08751,0.08777,0.087,0.08745,3.6807448e+07
1788449400000,0.08746,0.08809,0.08742,0.08784,2.0891297e+07
1788450300000,0.08784,0.08942,0.08744,0.0892,6.6244374e+07
1788451200000,0.0892,0.08947,0.08809,0.08886,4.4669153e+07
1788452100000,0.08886,0.08927,0.08843,0.08924,2.488302e+07
1788453000000,0.08925,0.08995,0.08906,0.08923,3.9249635e+07
1788453900000,0.08923,0.08999,0.08916,0.08948,1.896816e+07
1788454800000,0.08948,0.08974,0.08922,0.08957,1.8021213e+07
1788455700000,0.08958,0.08968,0.08885,0.08906,3.0344313e+07
1788456600000,0.08907,0.08981,0.08907,0.08948,1.7730112e+07
1788457500000,0.08948,0.08965,0.08923,0.08939,1.2263072e+07
1788458400000,0.08939,0.08969,0.08928,0.08957,1.1651379e+07
1788459300000,0.08957,0.08962,0.08933,0.08936,7.627551e+06
1788460200000,0.08936,0.08957,0.08894,0.08905,1.4318603e+07
1788461100000,0.08905,0.0896,0.08904,0.08958,8.640802e+06
1788462000000,0.08958,0.08996,0.08919,0.08924,1.4511695e+07
1788462900000,0.08924,0.08964,0.08916,0.08955,5.252134e+06
1788463800000,0.08955,0.0896,0.08927,0.08937,4.80041e+06
1788464700000,0.08936,0.08942,0.08904,0.08932,5.152923e+06
1788465600000,0.08932,0.08936,0.08881,0.08888,2.1916651e+07
1788466500000,0.08888,0.08906,0.0886,0.0889,8.24148e+06
1788467400000,0.08891,0.08897,0.08842,0.08871,9.769409e+06
1788468300000,0.08871,0.08888,0.08856,0.08864,1.2911912e+07
1788469200000,0.08864,0.08897,0.08854,0.08895,9.040892e+06
1788470100000,0.08895,0.089,0.08863,0.08888,1.6104111e+07
1788471000000,0.08888,0.08939,0.08843,0.08849,1.1710429e+07
1788471900000,0.08849,0.08869,0.08828,0.08829,6.108247e+06
1788472800000,0.08828,0.08837,0.08766,0.08784,1.6414065e+07
1788473700000,0.08784,0.08812,0.08745,0.0875,2.2020176e+07
1788474600000,0.0875,0.0876,0.08712,0.0874,8.506972e+06
1788475500000,0.0874,0.08757,0.08739,0.08746,3.622337e+06
1788476400000,0.08746,0.08772,0.08742,0.08759,5.426766e+06
1788477300000,0.08758,0.08782,0.08749,0.08781,7.877974e+06
1788478200000,0.08782,0.08796,0.08768,0.08773,4.148401e+06
1788479100000,0.08773,0.08786,0.08763,0.08782,7.198788e+06
1788480000000,0.08782,0.0879,0.08751,0.08776,8.134093e+06
1788480900000,0.08776,0.08796,0.08734,0.08734,1.0196007e+07
1788481800000,0.08734,0.0881,0.08731,0.08764,1.5589664e+07
1788482700000,0.08764,0.08765,0.087,0.08705,9.606545e+06
1788483600000,0.08706,0.08749,0.08691,0.08717,1.6637325e+07
1788484500000,0.08717,0.08735,0.08688,0.08695,1.4580015e+07
1788485400000,0.08695,0.08713,0.0868,0.08692,8.447212e+06
1788486300000,0.08692,0.08728,0.08688,0.08715,9.375753e+06
1788487200000,0.08716,0.08717,0.08681,0.08698,3.262148e+06
1788488100000,0.08699,0.08711,0.08658,0.08669,6.931534e+06
1788489000000,0.08669,0.087,0.08669,0.08691,4.000438e+06
1788489900000,0.0869,0.08729,0.08685,0.08728,3.563964e+06
1788490800000,0.08729,0.08752,0.08724,0.08738,5.626933e+06
1788491700000,0.08737,0.08738,0.08716,0.08721,2.353008e+06
1788492600000,0.08722,0.08733,0.08718,0.08731,1.255308e+06
1788493500000,0.0873,0.08732,0.08716,0.08716,1.794331e+06
1788494400000,0.08716,0.08722,0.08704,0.08721,3.36135e+06
1788495300000,0.08721,0.08756,0.08721,0.08755,6.332979e+06
1788496200000,0.08755,0.08759,0.08714,0.08718,2.635535e+06
1788497100000,0.08717,0.08729,0.08714,0.08728,3.353905e+06
1788498000000,0.08727,0.08731,0.08705,0.08709,6.341762e+06
1788498900000,0.08709,0.0874,0.08701,0.08702,9.852123e+06
1788499800000,0.08701,0.08711,0.08682,0.0871,9.106952e+06
1788500700000,0.08709,0.08722,0.08663,0.08696,8.179502e+06
1788501600000,0.08696,0.0872,0.08685,0.08709,4.669311e+06
1788502500000,0.08708,0.08708,0.08665,0.08669,3.812946e+06
1788503400000,0.08668,0.08701,0.08653,0.08697,6.201249e+06
1788504300000,0.08697,0.08715,0.08685,0.08709,3.759818e+06
1788505200000,0.08708,0.08754,0.08706,0.08745,1.2087158e+07
1788506100000,0.08745,0.08745,0.08718,0.08723,4.02798e+06
1788507000000,0.08723,0.08738,0.0871,0.0873,7.014876e+06
1788507900000,0.0873,0.08733,0.087,0.08703,7.097585e+06
1788508800000,0.08704,0.08718,0.08676,0.08718,7.976594e+06
1788509700000,0.08718,0.08726,0.08705,0.08722,8.609179e+06
1788510600000,0.08722,0.08728,0.08707,0.08714,6.437665e+06
1788511500000,0.08715,0.08769,0.08703,0.08766,1.2941957e+07
1788512400000,0.08767,0.08788,0.08755,0.08774,1.1637889e+07
1788513300000,0.08774,0.08836,0.08745,0.08758,2.3852505e+07
1788514200000,0.08758,0.08823,0.08749,0.08783,1.6170821e+07
1788515100000,0.08783,0.088,0.08758,0.08769,1.0614243e+07
1788516000000,0.08769,0.08777,0.08734,0.08749,8.391832e+06
1788516900000,0.08749,0.08751,0.08721,0.08746,5.105553e+06
1788517800000,0.08745,0.08775,0.08741,0.08762,5.753271e+06
1788518700000,0.08761,0.08772,0.08756,0.08771,2.028362e+06
1788519600000,0.08771,0.08789,0.08756,0.08779,7.205804e+06
1788520500000,0.08779,0.08802,0.08774,0.08795,1.1949696e+07
1788521400000,0.08795,0.08799,0.08779,0.08782,2.794771e+06
1788522300000,0.08781,0.08791,0.08769,0.08777,2.998206e+06
1788523200000,0.08776,0.088,0.08761,0.0879,6.032881e+06
1788524100000,0.08789,0.08805,0.08762,0.08798,1.338343e+07
1788525000000,0.08797,0.08797,0.08425,0.08516,1.75762066e+08
1788525900000,0.08515,0.08533,0.08399,0.08502,1.03653123e+08
1788526800000,0.08501,0.0852,0.08467,0.08473,1.3152399e+07
1788527700000,0.08474,0.08526,0.08471,0.08508,8.744697e+06
1788528600000,0.08509,0.08542,0.08479,0.08519,1.7894387e+07
1788529500000,0.0852,0.08587,0.0851,0.08524,1.4207324e+07
1788530400000,0.08524,0.08543,0.0849,0.08509,9.405955e+06
1788531300000,0.08509,0.0852,0.08458,0.08506,8.703103e+06
1788532200000,0.08506,0.08506,0.08412,0.08436,1.9500161e+07
1788533100000,0.08437,0.08453,0.08378,0.08419,1.8481114e+07
1788534000000,0.08419,0.08446,0.084,0.08442,7.603593e+06
1788534900000,0.08442,0.08467,0.08438,0.08453,9.907568e+06
1788535800000,0.08453,0.08466,0.08435,0.08463,8.782253e+06
1788536700000,0.08463,0.08466,0.08434,0.0844,6.627808e+06
1788537600000,0.08439,0.08464,0.08427,0.08452,4.690967e+06
1788538500000,0.08452,0.08466,0.08451,0.08461,3.828198e+06
1788539400000,0.0846,0.08491,0.08444,0.08476,1.3733068e+07
1788540300000,0.08475,0.08488,0.08464,0.08464,5.009802e+06
1788541200000,0.08465,0.08467,0.08441,0.08441,5.988486e+06
1788542100000,0.08442,0.08448,0.08432,0.08435,1.694678e+06
1788543000000,0.08435,0.08444,0.0841,0.0842,3.469424e+06
1788543900000,0.0842,0.08422,0.08402,0.08413,2.610182e+06
1788544800000,0.08413,0.08443,0.08412,0.08425,5.896722e+06
1788545700000,0.08425,0.08443,0.08425,0.08434,936472
1788546600000,0.08435,0.08467,0.08435,0.08465,3.21503e+06
1788547500000,0.08466,0.08474,0.08457,0.0847,1.88579e+06
1788548400000,0.0847,0.08478,0.08465,0.08476,2.544499e+06
1788549300000,0.08476,0.08505,0.08472,0.08494,1.4524375e+07
1788550200000,0.08494,0.08494,0.0844,0.08464,2.6411069e+07
1788551100000,0.08465,0.08483,0.08459,0.08474,6.148109e+06
1788552000000,0.08474,0.08482,0.08466,0.08468,4.149789e+06
1788552900000,0.08467,0.08477,0.0846,0.08471,6.782321e+06
1788553800000,0.0847,0.08484,0.08463,0.08477,5.976611e+06
1788554700000,0.08477,0.08485,0.08469,0.08474,1.154664e+06
1788555600000,0.08474,0.08489,0.08469,0.08483,3.02536e+06
1788556500000,0.08483,0.08497,0.08475,0.08485,2.839771e+06
1788557400000,0.08486,0.08493,0.08476,0.08485,4.265984e+06
1788558300000,0.08485,0.08496,0.08444,0.08446,6.931342e+06
1788559200000,0.08447,0.08463,0.08443,0.08461,6.94609e+06
1788560100000,0.08461,0.08466,0.08452,0.08459,1.752105e+06
1788561000000,0.08458,0.08466,0.08454,0.08455,2.99775e+06
1788561900000,0.08455,0.08459,0.08449,0.08453,1.561211e+06
1788562800000,0.08453,0.08467,0.08443,0.08461,3.27761e+06
1788563700000,0.08462,0.08479,0.08462,0.08476,1.550921e+06
1788564600000,0.08476,0.08482,0.08471,0.08475,2.603231e+06
1788565500000,0.08475,0.08483,0.08474,0.08477,1.090228e+06
1788566400000,0.08478,0.08479,0.08466,0.08473,1.789364e+06
1788567300000,0.08473,0.08478,0.08467,0.08472,1.836035e+06
1788568200000,0.08472,0.08483,0.08459,0.08476,4.168875e+06
1788569100000,0.08476,0.08486,0.08457,0.08464,4.71069e+06
1788570000000,0.08464,0.08492,0.08453,0.08473,7.242194e+06
1788570900000,0.08473,0.08494,0.08465,0.08489,6.068475e+06
1788571800000,0.0849,0.08495,0.08485,0.08492,2.949366e+06
1788572700000,0.08492,0.08494,0.08459,0.08463,5.563603e+06
1788573600000,0.08463,0.08468,0.0845,0.08465,3.650223e+06
1788574500000,0.08465,0.08488,0.08461,0.08467,3.709917e+06
1788575400000,0.08467,0.08477,0.08457,0.08473,6.161931e+06
1788576300000,0.08473,0.08474,0.08402,0.0846,3.916223e+07
1788577200000,0.0846,0.08468,0.08454,0.08463,4.567406e+06
1788578100000,0.08464,0.08475,0.08458,0.08471,5.894909e+06
1788579000000,0.0847,0.08475,0.08463,0.08473,2.976164e+06
1788579900000,0.08473,0.08475,0.08457,0.0846,1.414642e+06
1788580800000,0.08461,0.08466,0.08447,0.0845,2.80378e+06
1788581700000,0.0845,0.08469,0.08448,0.08466,2.529222e+06
1788582600000,0.08465,0.08473,0.08464,0.08472,1.383987e+06
1788583500000,0.08472,0.0848,0.08459,0.08465,4.261544e+06
1788584400000,0.08465,0.08475,0.0845,0.08472,4.006548e+06
1788585300000,0.08473,0.0848,0.08457,0.08466,4.671234e+06
1788586200000,0.08465,0.08472,0.08459,0.08459,3.163202e+06
1788587100000,0.08459,0.08478,0.08454,0.08467,5.719423e+06
1788588000000,0.08467,0.08485,0.08465,0.08483,4.779073e+06
1788588900000,0.08483,0.085,0.08478,0.08488,1.2344091e+07
1788589800000,0.08489,0.08568,0.08489,0.08545,1.9299554e+07
1788590700000,0.08544,0.08567,0.08543,0.08555,8.080833e+06
1788591600000,0.08555,0.0858,0.08551,0.08574,1.2119862e+07
1788592500000,0.08574,0.08574,0.08558,0.08571,6.482585e+06
1788593400000,0.08571,0.08575,0.08561,0.08572,4.344423e+06
1788594300000,0.08571,0.08585,0.0855,0.08578,5.948132e+06
1788595200000,0.08578,0.08579,0.0855,0.08556,6.188782e+06
1788596100000,0.08557,0.08596,0.08548,0.08574,1.2539111e+07
1788597000000,0.08574,0.08575,0.08554,0.08561,3.013656e+06
1788597900000,0.0856,0.08584,0.08556,0.08581,2.132078e+06
1788598800000,0.08581,0.08635,0.08581,0.08622,9.341846e+06
1788599700000,0.08621,0.08622,0.08596,0.08596,3.198438e+06
1788600600000,0.08596,0.08614,0.08596,0.08604,5.031087e+06
1788601500000,0.08604,0.0861,0.08594,0.08608,1.708471e+06
1788602400000,0.08608,0.08614,0.08591,0.08597,6.41139e+06
1788603300000,0.08596,0.08607,0.0859,0.08603,4.719092e+06
1788604200000,0.08603,0.08624,0.08591,0.08595,5.165223e+06
