time,open,high,low,close,volume
1780828500000,1632.35,1634.07,1628.63,1630.01,3068.2557
1780829100000,1630.01,1630.01,1624.78,1625.7,7282.3283
1780830000000,1625.7,1628.08,1622.22,1626.64,6101.4886
1780830900000,1626.64,1630.4,1625.59,1628.51,2343.6646
1780831800000,1628.51,1633.33,1626.01,1632.9,2245.2494
1780832700000,1632.9,1633.99,1629.35,1630.12,2186.547
1780833600000,1630.12,1631.24,1609.77,1612.92,7742.1432
1780834500000,1612.91,1618.42,1609.1,1610.93,6302.7062
1780835400000,1610.92,1618,1607,1616.02,8142.0813
1780836300000,1616.02,1622.37,1615.73,1620.17,3426.4352
1780837200000,1620.17,1621.34,1613.36,1620.59,3417.5382
1780838100000,1620.58,1623,1615.58,1621.21,2582.34
1780839000000,1621.21,1622.39,1615.57,1617.56,2236.7006
1780839900000,1617.56,1619.79,1615,1617.46,1974.9489
1780840800000,1617.46,1621.12,1616.91,1618.54,3673.51
1780841700000,1618.55,1633.69,1617.55,1630.47,8346.811
1780842600000,1630.46,1640,1625,1626.34,8158.3761
1780843500000,1626.35,1628.61,1621.76,1628.13,3095.0709
1780844400000,1628.12,1628.12,1620.85,1627.15,2933.8353
1780845300000,1627.15,1632.33,1623.48,1632.02,3680.5385
1780846200000,1632.02,1636.12,1629.98,1632.78,4507.3426
1780847100000,1632.78,1633.05,1627.04,1630.07,2815.4117
1780848000000,1630.07,1631.13,1623.37,1630.25,4369.7782
1780848900000,1630.26,1633,1627.29,1628.26,4258.0915
1780849800000,1628.25,1631.99,1627.51,1629.62,2347.8627
1780850700000,1629.62,1633.52,1625.82,1628.52,2476.1394
1780851600000,1628.52,1636.7,1627.65,1635.25,3503.899
1780852500000,1635.26,1637.56,1632.87,1635.33,6489.6884
1780853400000,1635.33,1638,1633.05,1633.63,4228.7715
1780854300000,1633.62,1633.64,1629.01,1631.35,2574.9702
1780855200000,1631.34,1635.54,1630.35,1634.83,1388.6677
1780856100000,1634.84,1634.98,1629,1633.11,1400.9483
1780857000000,1633.11,1636.74,1633.03,1634.26,1754.1073
1780857900000,1634.25,1635.82,1629.46,1630.36,1561.0433
1780858800000,1630.37,1630.56,1613.78,1616.73,6731.0026
1780859700000,1616.73,1616.73,1604,1611.07,9942.1812
1780860600000,1611.07,1611.93,1607.13,1607.88,3276.8168
1780861500000,1607.88,1617.65,1605.36,1613.11,3900.4783
1780862400000,1613.1,1623.01,1609.43,1620.96,3154.2624
1780863300000,1620.96,1631.65,1618.32,1624.93,4139.0006
1780864200000,1624.94,1627.1,1622.6,1624.71,1765.4967
1780865100000,1624.7,1630.77,1624.2,1628.14,1881.4072
1780866000000,1628.14,1632.34,1623.72,1630.85,1887.7289
1780866900000,1630.85,1631.75,1627.2,1628.36,2113.7768
1780867800000,1628.36,1630.5,1625.21,1625.72,1580.0113
1780868700000,1625.72,1634.57,1625.72,1634.53,1711.7315
1780869600000,1634.53,1707.42,1629.05,1700.95,24840.645
1780870500000,1701.46,1721.93,1669.68,1676.15,21717.4116
1780871400000,1676.15,1689.55,1669.75,1681.98,6960.273
1780872300000,1682,1687,1671.49,1672.56,6815.6642
1780873200000,1672.55,1681.27,1670.76,1680.14,6352.8098
1780874100000,1680.15,1685.48,1672.36,1685.2,5024.3933
1780875000000,1685.19,1685.44,1679.03,1684.7,2370.6083
1780875900000,1684.69,1691.93,1680.32,1690.51,7664.5184
1780876800000,1690.5,1691.84,1683.24,1686.75,4234.5493
1780877700000,1686.75,1698.48,1683.94,1698.47,6467.2929
1780878600000,1698.48,1711.58,1694.76,1702.68,10626.5635
1780879500000,1702.68,1707.73,1693.75,1697.59,7126.4828
1780880400000,1697.6,1700.2,1683.34,1683.34,6676.1634
1780881300000,1683.35,1684.05,1673.04,1674.68,7284.719
1780882200000,1674.69,1684,1670.94,1683.22,5104.6556
1780883100000,1683.23,1688.4,1680,1687.34,4325.6078
1780884000000,1687.34,1689.5,1680.62,1685.61,2937.4641
1780884900000,1685.6,1688.06,1679.84,1685.22,3097.7718
1780885800000,1685.22,1686.92,1678.07,1684.01,3796.8502
1780886700000,1684.01,1685.07,1679.92,1683.9,2484.8393
1780887600000,1683.91,1692.62,1678.85,1688.06,3799.0153
1780888500000,1688.05,1688.62,1680.56,1680.94,2561.3322
1780889400000,1680.93,1683.41,1677.26,1678.66,2507.3699
1780890300000,1678.67,1680.38,1677,1680.01,1439.3614
1780891200000,1680.02,1681,1665.04,1669.21,5630.0974
1780892100000,1669.21,1670,1662.71,1666.86,3367.2044
1780893000000,1666.86,1668.22,1655.95,1657.26,5901.6114
1780893900000,1657.25,1664.54,1657.05,1657.05,4102.9477
1780894800000,1657.05,1659.87,1648.31,1649.09,6257.3489
1780895700000,1649.1,1658.57,1647.11,1656.86,5170.44
1780896600000,1656.86,1656.97,1645,1647.5,3577.9229
1780897500000,1647.5,1654,1647.02,1653.68,2364.174
1780898400000,1653.68,1664.65,1652.78,1663.63,4739.2224
1780899300000,1663.63,1669.99,1660.73,1667.92,5042.5887
1780900200000,1667.92,1668.15,1662.48,1666.89,2057.3107
1780901100000,1666.89,1667.66,1663.78,1666.53,1500.5352
1780902000000,1666.54,1672.78,1661.63,1668.56,3366.5738
1780902900000,1668.57,1676.5,1665.47,1673.61,5087.991
1780903800000,1673.61,1682.07,1671.56,1672.34,6456.372
1780904700000,1672.34,1683.49,1671.49,1673.47,9059.6788
1780905600000,1673.46,1673.46,1665.21,1669.39,6839.2083
1780906500000,1669.39,1670.42,1662.67,1667.06,3861.9915
1780907400000,1667.07,1669.7,1663.11,1665.32,2738.539
1780908300000,1665.32,1665.78,1658.76,1661.17,4684.6883
1780909200000,1661.17,1666.2,1657.69,1665.07,4473.4653
1780910100000,1665.06,1671.5,1662.03,1662.83,3964.4839
1780911000000,1662.84,1667.09,1657.21,1663.32,5899.5077
1780911900000,1663.31,1672,1662.61,1671.1,4241.0034
1780912800000,1671.09,1672.7,1667.47,1669.79,2693.4837
1780913700000,1669.79,1670.44,1663.93,1665.53,2107.9038
1780914600000,1665.53,1676.95,1663.32,1671.65,4851.2272
1780915500000,1671.64,1672.97,1669.3,1672.36,2126.5868
1780916400000,1672.37,1681.59,1667.81,1681.44,6932.1611
1780917300000,1681.43,1695.44,1680.7,1688.77,8595.6362
1780918200000,1688.77,1696.77,1685,1688.8,6313.739
1780919100000,1688.81,1689.47,1681.9,1683.76,3421.7767
1780920000000,1683.77,1689.51,1667.46,1668.37,10642.5482
1780920900000,1668.37,1679.53,1668.29,1679.41,6579.04
1780921800000,1679.41,1695.84,1678.09,1692.6,7442.2363
1780922700000,1692.6,1698.9,1687.77,1695.61,5830.0618
1780923600000,1695.6,1696.36,1690.58,1691.99,3464.4515
1780924500000,1691.99,1696.82,1687.08,1688.89,5028.1848
1780925400000,1688.88,1692.55,1681.29,1682.95,16997.9389
1780926300000,1682.96,1689.66,1678.44,1681.59,11414.6431
1780927200000,1681.59,1689.16,1676.55,1687.31,6620.9838
1780928100000,1687.3,1687.84,1680.72,1684.75,6291.9039
1780929000000,1684.75,1689.85,1682.54,1686.73,5968.6237
1780929900000,1686.74,1694.46,1683.6,1691.25,16498.4353
1780930800000,1691.24,1705.26,1690.82,1704.08,8083.3667
1780931700000,1704.08,1706.22,1694.25,1695.71,7590.7194
1780932600000,1695.72,1696.19,1690.02,1694.19,5142.0095
1780933500000,1694.19,1700.64,1688.69,1691.59,5610.1515
1780934400000,1691.59,1698.32,1687.97,1695.13,3650.8799
1780935300000,1695.13,1703.88,1695.12,1697.57,7617.01
1780936200000,1697.58,1697.74,1690.49,1692.78,5272.5996
1780937100000,1692.77,1693.36,1682.69,1682.7,5395.1356
1780938000000,1682.7,1684.36,1675.8,1678.64,7238.7577
1780938900000,1678.64,1687.86,1678.64,1686.67,4194.5855
1780939800000,1686.67,1686.7,1677.42,1680.59,3703.027
1780940700000,1680.58,1686.89,1680.41,1686.8,3164.0065
1780941600000,1686.81,1692.54,1685.82,1687.82,3843.4309
1780942500000,1687.82,1688.79,1684.81,1688.06,2446.3585
1780943400000,1688.06,1690.08,1681.1,1683.54,3348.1621
1780944300000,1683.54,1686.64,1678.69,1684.71,2585.9721
1780945200000,1684.71,1688.83,1681.14,1684.17,4478.5862
1780946100000,1684.16,1690.45,1681.77,1687.51,5109.5365
1780947000000,1687.52,1690.32,1685,1689.2,4118.2998
1780947900000,1689.21,1691.76,1682.97,1684.78,6474.7237
1780948800000,1684.78,1688.79,1681.41,1682.94,2923.1418
1780949700000,1682.95,1685.98,1679.28,1679.63,3483.3555
1780950600000,1679.62,1689.15,1679.25,1687.01,2084.5305
1780951500000,1687.01,1689.71,1686,1689.71,2271.7513
1780952400000,1689.71,1714.05,1689.71,1709.17,9806.9526
1780953300000,1709.17,1712.91,1705.05,1709.44,3873.6355
1780954200000,1709.44,1714.5,1707.72,1714.08,2912.4103
1780955100000,1714.08,1714.15,1703.51,1703.52,2627.6615
1780956000000,1703.51,1703.51,1691,1691.28,4333.4744
1780956900000,1691.28,1697.12,1688.36,1694.96,2866.6338
1780957800000,1694.96,1697.21,1692,1696.64,2032.6762
1780958700000,1696.63,1704.19,1695.16,1703.22,1651.0814
1780959600000,1703.21,1714.45,1702.38,1712.19,3164.489
1780960500000,1712.18,1712.19,1694.87,1697.66,2664.195
1780961400000,1697.65,1700.09,1693.21,1696.82,1731.8069
1780962300000,1696.83,1696.89,1686.72,1690.49,7855.6867
1780963200000,1690.48,1692.04,1683.92,1685.68,3846.4154
1780964100000,1685.68,1696.88,1672.64,1675.52,10342.6562
1780965000000,1675.53,1676.91,1664.53,1672.03,7090.6651
1780965900000,1672.04,1672.1,1660,1663.26,7423.7215
1780966800000,1663.26,1667.88,1658.8,1664.27,4869.9538
1780967700000,1664.27,1673.92,1663.53,1670.32,3638.6987
1780968600000,1670.32,1674.27,1667.65,1669.63,1673.1306
1780969500000,1669.64,1672.48,1666.51,1669.02,1452.0251
1780970400000,1669.01,1672.19,1667.43,1667.44,1921.1148
1780971300000,1667.43,1667.52,1660.89,1665.37,5094.3384
1780972200000,1665.36,1666.84,1654.63,1661.74,4512.7165
1780973100000,1661.74,1668.56,1659.67,1667.89,5083.9276
1780974000000,1667.88,1669.5,1665.18,1668.9,2487.9807
1780974900000,1668.9,1671.68,1666.96,1668.65,2203.7817
1780975800000,1668.65,1670.1,1663.83,1668.49,1890.0485
1780976700000,1668.49,1670.03,1665.19,1669.44,2085.3338
1780977600000,1669.44,1672.47,1665.01,1669.96,2582.5905
1780978500000,1669.95,1670.37,1666.04,1666.18,2087.2938
1780979400000,1666.18,1691.41,1664.33,1685.79,7664.8324
1780980300000,1685.78,1696.41,1683.41,1686.35,5332.2124
1780981200000,1686.36,1688.88,1681.53,1687.47,2208.489
1780982100000,1687.47,1691.63,1687.15,1687.96,2816.8463
1780983000000,1687.98,1695.23,1686.89,1690.65,3144.7414
1780983900000,1690.64,1692.54,1687.44,1688.25,2280.9424
1780984800000,1688.25,1691,1685.74,1689.26,3135.1367
1780985700000,1689.26,1695.49,1687.8,1692.61,4523.1343
1780986600000,1692.62,1693.51,1687.49,1688.66,2115.1121
1780987500000,1688.65,1690.49,1684.06,1685.98,2522.7757
1780988400000,1685.99,1691.59,1685.99,1686.43,1443.003
1780989300000,1686.42,1689.95,1675.2,1675.89,5751.3743
1780990200000,1675.9,1681.74,1675.9,1681.23,4312.2092
1780991100000,1681.23,1681.9,1677.67,1679.86,3774.3375
1780992000000,1679.86,1680.64,1668.16,1675.43,7604.8821
1780992900000,1675.43,1677.29,1671.35,1674.98,1686.9511
1780993800000,1674.97,1679.51,1673.77,1677.87,1727.7279
1780994700000,1677.87,1679.25,1674.42,1675.28,2014.1094
1780995600000,1675.28,1677.23,1672.99,1677.09,1153.7102
1780996500000,1677.09,1680.16,1675,1675,2407.0554
1780997400000,1675.01,1675.12,1665,1669.21,4624.7514
1780998300000,1669.22,1671.3,1669.11,1670.61,1792.2295
1780999200000,1670.6,1673.42,1667.11,1672.89,3728.3787
1781000100000,1672.9,1674.68,1670.56,1673.29,1331.3265
1781001000000,1673.29,1673.54,1669.15,1671.64,910.7189
1781001900000,1671.64,1676.41,1670.16,1674.72,2315.2942
1781002800000,1674.72,1675.46,1668.58,1668.59,2061.4535
1781003700000,1668.59,1670.09,1666.12,1668.73,1310.7355
1781004600000,1668.72,1672.92,1667.43,1671.21,1395.562
1781005500000,1671.2,1673.68,1669.14,1671.96,2974.6759
1781006400000,1671.96,1683.32,1671.04,1681.52,7172.6111
1781007300000,1681.51,1681.75,1675.86,1677.1,1903.8331
1781008200000,1677.1,1679.09,1673.98,1674.04,1487.2405
1781009100000,1674.05,1678.07,1671.58,1676.9,5051.9467
1781010000000,1676.9,1680.63,1674.93,1675.88,3997.5519
1781010900000,1675.88,1676.86,1667.37,1670.57,4571.8029
1781011800000,1670.56,1675.77,1664.05,1673.13,7585.1713
1781012700000,1673.13,1678.47,1666.58,1666.71,6371.6444
1781013600000,1666.71,1670.84,1656.58,1657.04,9297.7035
1781014500000,1657.04,1659.68,1638.52,1639.58,15905.3665
1781015400000,1639.56,1646.19,1635.36,1636.98,9902.1092
1781016300000,1636.98,1646.03,1633.84,1645.9,8835.1393
1781017200000,1645.9,1653.89,1641.34,1651.36,9009.9346
1781018100000,1651.35,1653.02,1639.36,1639.95,5555.5307
1781019000000,1639.94,1645,1637.08,1641.28,6815.9797
1781019900000,1641.29,1644.3,1634.45,1636.4,6287.3361
1781020800000,1636.4,1639.35,1625.36,1629.37,10180.7218
1781021700000,1629.37,1633.44,1622.36,1630.47,7407.8169
1781022600000,1630.46,1635.25,1614.02,1628.76,12205.8227
1781023500000,1628.75,1634.57,1624.72,1632.27,6586.7087
1781024400000,1632.28,1644.69,1632.18,1641.52,7062.614
1781025300000,1641.51,1649.76,1640.86,1645.03,5653.4058
1781026200000,1645.03,1649.2,1642.68,1643.84,3616.5028
1781027100000,1643.85,1646.05,1639.51,1643.04,3366.7144
1781028000000,1643.03,1647.31,1639.87,1645.61,3529.6376
1781028900000,1645.6,1655.49,1644.35,1648.93,5049.7094
1781029800000,1648.93,1653.32,1646.74,1646.98,2038.0847
1781030700000,1646.99,1653.65,1646.99,1652.28,1322.6878
1781031600000,1652.27,1655.3,1648.9,1649.43,2083.8827
1781032500000,1649.44,1653.08,1648.24,1652.24,2565.7748
1781033400000,1652.24,1658.5,1648,1652.65,5427.2389
1781034300000,1652.65,1658.64,1647.82,1657.33,3724.9132
1781035200000,1657.33,1662.28,1655.5,1662.27,3433.3105
1781036100000,1662.27,1663.77,1655.99,1658.33,1467.0364
1781037000000,1658.32,1662.73,1655.34,1660.5,1509.1889
1781037900000,1660.51,1660.81,1658.21,1660.59,1486.8326
1781038800000,1660.59,1661.69,1657.94,1659.75,1428.2119
1781039700000,1659.76,1660.22,1650.96,1651.39,2585.0703
1781040600000,1651.4,1653.18,1650.06,1650.85,1255.8261
1781041500000,1650.85,1652.24,1647.29,1650.33,1384.6247
1781042400000,1650.32,1652.36,1645.41,1652.27,1352.9648
1781043300000,1652.26,1655,1647.53,1648.44,1453.3359
1781044200000,1648.44,1650.95,1644.6,1646.02,1677.745
1781045100000,1646.02,1646.92,1639.52,1640,2149.831
1781046000000,1640.01,1641.88,1636.24,1639.05,1920.2412
1781046900000,1639.05,1642.87,1635.01,1635.47,3219.1848
1781047800000,1635.47,1637.35,1630.36,1637.32,3451.3615
1781048700000,1637.33,1641.2,1636.01,1639.52,2448.23
1781049600000,1639.52,1645.12,1638.23,1642.59,2097.1929
1781050500000,1642.59,1643.99,1638.94,1643.5,879.233
1781051400000,1643.5,1644.09,1629.52,1632.33,2315.6168
1781052300000,1632.33,1646.83,1631.25,1645.74,2826.1701
1781053200000,1645.75,1646.91,1638.78,1642.88,2343.2955
1781054100000,1642.88,1645.78,1640.56,1642.27,2072.4598
1781055000000,1642.26,1643.88,1633.55,1635.18,1689.0428
1781055900000,1635.19,1642.23,1634.41,1638.98,1071.9589
1781056800000,1638.99,1642.5,1633.92,1634.02,1223.1528
1781057700000,1634.03,1634.57,1625.5,1631.33,3109.8993
1781058600000,1631.33,1632.59,1622.51,1625.58,2791.0817
1781059500000,1625.58,1626.15,1621.77,1624.22,1092.4047
1781060400000,1624.21,1630,1623.52,1628.22,1264.3454
1781061300000,1628.22,1636.53,1626.11,1636.32,1508.9715
1781062200000,1636.32,1636.42,1629.15,1631.09,988.1779
1781063100000,1631.09,1632.99,1629.03,1630.82,662.831
1781064000000,1630.82,1631.59,1626.22,1630.25,938.3578
1781064900000,1630.26,1632.92,1629.09,1630.46,760.9821
1781065800000,1630.47,1630.47,1622.45,1624.3,1817.3545
1781066700000,1624.31,1627.95,1623.07,1625.98,1074.6336
1781067600000,1625.99,1627.96,1621.77,1622.48,1246.3951
1781068500000,1622.48,1626,1616.33,1625.99,3428.6593
1781069400000,1626,1627.14,1621.77,1625.28,1764.4408
1781070300000,1625.29,1630,1622.23,1627.99,1563.3123
1781071200000,1628,1630.75,1625.96,1628.71,2364.5361
1781072100000,1628.7,1632,1627.45,1628.84,1948.4378
1781073000000,1628.83,1633.32,1622.76,1631.49,2486.3221
1781073900000,1631.49,1634.41,1630,1632.08,1242.4966
1781074800000,1632.08,1635.24,1630.73,1633.82,1704.9354
1781075700000,1633.82,1638.69,1633.01,1636.78,2454.8044
1781076600000,1636.78,1643.58,1636.14,1641.07,2052.9365
1781077500000,1641.08,1642.63,1637.94,1640.09,1913.8803
1781078400000,1640.1,1640.89,1635.32,1636.55,2430.7399
1781079300000,1636.56,1639.76,1632.42,1633.86,1955.3753
1781080200000,1633.86,1635.69,1621.92,1622.2,3438.5824
1781081100000,1622.19,1623.39,1618.18,1621.34,6925.8491
1781082000000,1621.35,1623.54,1613.35,1613.75,3246.8816
1781082900000,1613.75,1620.09,1606.01,1618.95,4988.9131
1781083800000,1618.94,1623.74,1618.03,1621.04,1815.7298
1781084700000,1621.05,1626.44,1616.48,1623.67,2555.4671
1781085600000,1623.67,1624,1619.17,1620.72,1784.2245
1781086500000,1620.73,1625.8,1618.1,1624.71,1129.5115
1781087400000,1624.71,1629.09,1624.34,1626.14,1206.0209
1781088300000,1626.14,1629.99,1625,1628.23,1381.0692
1781089200000,1628.23,1630.22,1612,1621.57,8941.9574
1781090100000,1621.58,1624.91,1612.6,1616.88,3790.4553
1781091000000,1616.88,1621.89,1615.31,1620.21,3098.4119
1781091900000,1620.2,1623.81,1619,1620.05,1988.3352
1781092800000,1620.06,1625.03,1615.91,1623.76,3265.4291
1781093700000,1623.75,1625.79,1620.04,1625.44,3026.3671
1781094600000,1625.43,1645.46,1624.5,1639.42,10941.5496
1781095500000,1639.41,1641.81,1635.4,1635.4,3499.5477
1781096400000,1635.4,1636.87,1632.58,1634.16,2211.2239
1781097300000,1634.16,1638.66,1632,1637.14,2029.5974
1781098200000,1637.13,1667.5,1635.2,1666.61,11894.8434
1781099100000,1666.61,1667.96,1650.32,1651.81,5673.8002
1781100000000,1651.82,1655.64,1646.61,1647.04,5198.5907
1781100900000,1647.05,1651.46,1642.22,1646.59,3544.5004
1781101800000,1646.58,1648.92,1638.16,1643.07,3410.4928
1781102700000,1643.05,1646.96,1637.27,1646.72,3483.9412
1781103600000,1646.72,1653.33,1635.85,1639.46,4506.6148
1781104500000,1639.45,1651.34,1636.31,1648.92,4035.7337
1781105400000,1648.92,1654.98,1647.18,1654.51,3700.0703
1781106300000,1654.52,1665.05,1642.23,1657.97,8570.8342
1781107200000,1657.98,1658.73,1651.2,1651.51,4529.2363
1781108100000,1651.52,1654.38,1643.15,1648.9,3624.1271
1781109000000,1648.9,1652,1643.96,1645,3310.9003
1781109900000,1645,1645,1632.5,1641.99,5741.9478
1781110800000,1641.99,1647.59,1637.78,1639.57,3126.5622
1781111700000,1639.56,1643.04,1627.66,1628.07,5167.3708
1781112600000,1628.08,1631.75,1622.51,1624.27,6824.6188
1781113500000,1624.28,1636.21,1623.48,1632.32,4775.5194
1781114400000,1632.32,1635.8,1628.59,1631.02,1973.6505
1781115300000,1631.02,1636.88,1626.91,1636.31,3163.2437
1781116200000,1636.31,1636.32,1625.46,1626.63,3258.7598
1781117100000,1626.64,1631.54,1622.52,1631.13,2188.5488
1781118000000,1631.13,1633.16,1626.47,1626.98,1393.6368
1781118900000,1626.99,1629,1623.13,1627.41,1400.7718
1781119800000,1627.42,1633.69,1626.79,1632.22,1690.663
1781120700000,1632.21,1633.09,1625.66,1630.15,3083.4479
1781121600000,1630.15,1630.32,1623.15,1626.87,2200.2185
1781122500000,1626.87,1636.21,1623.75,1632.91,3256.38
1781123400000,1632.91,1632.99,1629.66,1629.66,1662.2385
1781124300000,1629.66,1631.27,1625.74,1630.65,1629.687
1781125200000,1630.64,1630.64,1615.5,1618.58,5942.6125
1781126100000,1618.59,1624.11,1616.31,1618.96,1672.815
1781127000000,1618.95,1625,1618.51,1624,1219.2804
1781127900000,1624,1624.27,1603.44,1611.44,6464.3106
1781128800000,1611.45,1613.01,1604.68,1610.96,3138.4943
1781129700000,1610.97,1614.3,1604.62,1610.67,3496.157
1781130600000,1610.66,1622.38,1610.36,1620.54,4815.5656
1781131500000,1620.54,1620.54,1616.51,1616.52,2145.1406
1781132400000,1616.52,1617.22,1611.77,1612.55,2400.4037
1781133300000,1612.56,1622.53,1609.39,1622.03,5968.9182
1781134200000,1622.02,1625.09,1619.04,1623.06,1917.243
1781135100000,1623.06,1624,1620.26,1621.59,1239.8325
1781136000000,1621.6,1627.48,1621.6,1626.09,1677.1605
1781136900000,1626.1,1634.72,1626.09,1630.84,3725.4835
1781137800000,1630.84,1631.5,1626.62,1627.63,1725.16
1781138700000,1627.63,1631.82,1627.39,1628.64,596.6255
1781139600000,1628.63,1639.95,1628.57,1638.27,1836.553
1781140500000,1638.27,1641.94,1636.99,1640.55,1578.3879
1781141400000,1640.54,1647.88,1638.79,1644.48,2633.579
1781142300000,1644.48,1646.4,1642.17,1642.83,1026.1439
1781143200000,1642.83,1644.57,1639.89,1640.62,800.3195
1781144100000,1640.63,1642.56,1634.47,1634.77,1090.1094
1781145000000,1634.77,1636.05,1630.9,1635.18,1171.1478
1781145900000,1635.17,1645.5,1633.23,1641.07,2849.0566
1781146800000,1641.06,1643.41,1636.09,1637.44,1365.1552
1781147700000,1637.43,1640.6,1636.28,1639.72,1437.0155
1781148600000,1639.73,1651.19,1639.73,1645.61,4119.9663
1781149500000,1645.61,1661.3,1645.49,1653.95,8656.17
1781150400000,1653.94,1654.8,1650.93,1652.22,2416.9984
1781151300000,1652.22,1654.08,1650.82,1651.28,1145.4395
1781152200000,1651.28,1657.27,1650,1655.73,1375.8015
1781153100000,1655.73,1659.72,1655.49,1656.89,1948.4199
1781154000000,1656.89,1656.9,1650.44,1651.3,2313.3909
1781154900000,1651.3,1653.29,1647.63,1649.26,1474.3434
1781155800000,1649.26,1652.03,1648.09,1651.68,2019.5623
1781156700000,1651.67,1652.02,1647.92,1647.95,2166.8965
1781157600000,1647.96,1657.26,1646.2,1657.03,3894.4139
1781158500000,1657.03,1662.28,1657.03,1658.87,6512.253
1781159400000,1658.87,1663.14,1658.29,1660.33,4193.2401
1781160300000,1660.33,1660.59,1654.63,1654.82,1622.0658
1781161200000,1654.81,1655.47,1652.23,1654.03,1582.3081
1781162100000,1654.03,1658.3,1653.85,1656.98,1410.3579
1781163000000,1656.98,1658.22,1651.7,1652.79,1489.9891
1781163900000,1652.79,1655.15,1652.79,1654.41,997.4863
1781164800000,1654.4,1659.6,1654.33,1658.25,1688.9114
1781165700000,1658.24,1661.91,1656.91,1660.92,2233.1743
1781166600000,1660.92,1663.72,1660.77,1660.8,1806.7561
1781167500000,1660.81,1664.14,1659.03,1659.96,1890.4453
1781168400000,1659.97,1661.57,1657.32,1658.73,1363.3833
1781169300000,1658.72,1658.99,1656.47,1657.23,1641.8572
1781170200000,1657.23,1661,1657.23,1659.9,827.0662
1781171100000,1659.89,1662,1658.88,1658.98,1084.2726
1781172000000,1658.97,1660.27,1657.6,1657.92,1227.372
1781172900000,1657.92,1658.73,1654.28,1656.67,1480.6835
1781173800000,1656.66,1658.99,1656.46,1656.87,914.1952
1781174700000,1656.87,1661.58,1656.58,1658.85,2998.5189
1781175600000,1658.85,1662.45,1656.43,1662.43,2580.8352
1781176500000,1662.42,1664.58,1659.63,1663.29,1578.8681
1781177400000,1663.29,1666.39,1660.98,1662.7,2330.6562
1781178300000,1662.7,1673.5,1662.44,1666.84,4755.707
1781179200000,1666.84,1666.88,1659.35,1661.37,3492.9494
1781180100000,1661.36,1661.87,1646.13,1648.58,7746.9556
1781181000000,1648.58,1653.82,1642.12,1652.55,6096.6271
1781181900000,1652.54,1654.49,1649.49,1651.84,2900.3476
1781182800000,1651.85,1651.85,1648.24,1649.55,1062.9325
1781183700000,1649.55,1654.49,1647.24,1648.79,2217.8022
1781184600000,1648.78,1652.7,1644.45,1650.71,3026.2017
1781185500000,1650.71,1659.52,1650.09,1653.24,4874.2157
1781186400000,1653.24,1655.28,1643,1644.46,3329.802
1781187300000,1644.45,1649.89,1638.95,1649.67,4564.1716
1781188200000,1649.66,1653.64,1645.74,1651.27,2458.8358
1781189100000,1651.21,1655.4,1643.04,1643.04,2858.7292
1781190000000,1643.04,1648.48,1636.19,1645.15,5246.4126
1781190900000,1645.14,1649.9,1643.18,1646.15,1490.953
1781191800000,1646.15,1650.83,1642.02,1644.68,2475.0486
1781192700000,1644.67,1645.64,1641.06,1645.55,1967.1175
1781193600000,1645.56,1649.19,1643.12,1649.14,1470.3873
1781194500000,1649.14,1649.5,1639.53,1641.82,2381.2466
1781195400000,1641.81,1648.19,1638.35,1643.11,2371.5307
1781196300000,1643.11,1643.96,1639.31,1639.75,1446.7208
1781197200000,1639.74,1641.5,1634.13,1636.81,3925.4382
1781198100000,1636.81,1654.48,1632.71,1654.23,6956.2365
1781199000000,1654.22,1682.27,1654.15,1677.44,19924.2224
1781199900000,1677.44,1693.59,1674.07,1688.66,14985.9602
1781200800000,1688.65,1691.85,1676.98,1683.69,6072.9107
1781201700000,1683.69,1688,1677.6,1680.74,6587.7834
1781202600000,1680.75,1686.97,1680.02,1686.96,2640.5253
1781203500000,1686.97,1687,1683.43,1683.98,2172.417
1781204400000,1683.97,1686.38,1675.98,1678.82,3388.2878
1781205300000,1678.81,1684.17,1678.18,1679.98,1755.3743
1781206200000,1679.97,1693.55,1679.97,1685.9,5374.6054
1781207100000,1685.9,1685.9,1680.75,1681.26,3761.9999
1781208000000,1681.26,1683.01,1678.21,1679.53,2084.018
1781208900000,1679.52,1679.83,1668.97,1670.64,3711.6664
1781209800000,1670.64,1672.95,1667.18,1668.32,4569.8668
1781210700000,1668.32,1672.42,1668.31,1672.37,1110.6741
1781211600000,1672.37,1683.29,1672.14,1681.71,2104.862
1781212500000,1681.7,1682.62,1677.97,1678.78,2809.6055
1781213400000,1678.79,1680.95,1677.82,1680.25,1622.6029
1781214300000,1680.25,1680.77,1676,1677,1767.7321
1781215200000,1676.99,1682.96,1676.59,1681.02,3339.6681
1781216100000,1681.02,1683.21,1675.91,1677.84,2066.3338
1781217000000,1677.85,1682.01,1675.94,1676.32,1514.8633
1781217900000,1676.32,1678.88,1675.43,1676.17,1030.7008
1781218800000,1676.16,1676.16,1671.15,1673.57,1327.898
1781219700000,1673.56,1673.91,1670.19,1670.34,1449.168
1781220600000,1670.35,1679.25,1670.35,1676.88,2154.2062
1781221500000,1676.88,1677.5,1672.12,1673.46,1565.4031
1781222400000,1673.46,1677.74,1670.36,1675.98,1513.3999
1781223300000,1675.94,1675.94,1669.86,1672.92,1307.7994
1781224200000,1672.91,1677.4,1671.76,1674.65,826.7224
1781225100000,1674.65,1676.49,1672.71,1672.74,633.9239
1781226000000,1672.74,1672.74,1668.15,1669.29,1634.4111
1781226900000,1669.29,1671.73,1660.93,1663.14,3895.4168
1781227800000,1663.14,1665.6,1662.08,1664.79,1623.2668
1781228700000,1664.79,1667.09,1664.79,1667.09,722.8314
1781229600000,1667.08,1677.6,1666.87,1675.47,2192.6935
1781230500000,1675.46,1675.92,1671.97,1673,801.0963
1781231400000,1673,1678.42,1672.6,1677.46,948.6913
1781232300000,1677.46,1677.7,1674.93,1675.59,1028.3735
1781233200000,1675.6,1676.6,1673.47,1674.02,1151.025
1781234100000,1674.01,1674.01,1668.81,1671.64,1060.4359
1781235000000,1671.64,1674.41,1670.58,1671.87,674.0965
1781235900000,1671.87,1673.34,1671.26,1673.25,645.266
1781236800000,1673.25,1673.42,1669.29,1670.46,429.6448
1781237700000,1670.45,1679.27,1670.45,1677.39,2273.2104
1781238600000,1677.39,1682,1677.24,1678.84,1813.7507
1781239500000,1678.84,1679.99,1677.11,1677.47,924.9096
1781240400000,1677.48,1677.86,1667.26,1667.86,2279.8454
1781241300000,1667.86,1671.44,1667.49,1668.66,1694.1634
1781242200000,1668.67,1669.58,1662.92,1664.76,2089.5379
1781243100000,1664.76,1665.64,1662.31,1664.23,1737.613
1781244000000,1664.23,1666.82,1662,1662.77,1255.5671
1781244900000,1662.78,1662.93,1658.62,1660.32,2179.7174
1781245800000,1660.31,1660.31,1652.09,1654.81,3044.1479
1781246700000,1654.81,1659.36,1654.76,1657.34,2170.0323
1781247600000,1657.35,1661.32,1657.12,1657.13,2083.1693
1781248500000,1657.13,1659.93,1656.23,1658.82,1041.314
1781249400000,1658.83,1661.62,1658.7,1660.62,2203.0812
1781250300000,1660.62,1664.99,1659.61,1662.12,3003.8708
1781251200000,1662.12,1668.44,1662.12,1667.59,4174.1451
1781252100000,1667.59,1678.22,1667.1,1674.97,7654.3188
1781253000000,1674.98,1675.89,1670.85,1671.04,1968.2785
1781253900000,1671.04,1674.28,1669.84,1673.53,1621.9593
1781254800000,1673.53,1675.55,1671.48,1675.39,1397.1269
1781255700000,1675.4,1680.49,1675.13,1680.03,2050.0045
1781256600000,1680.03,1683.6,1680,1682.44,2415.9576
1781257500000,1682.43,1685.65,1680.16,1680.16,2333.9133
1781258400000,1680.16,1683.35,1678,1679.63,2421.4214
1781259300000,1679.62,1679.62,1671.91,1673.01,2109.7035
1781260200000,1673.01,1677.05,1672.98,1675,762.1664
1781261100000,1674.99,1676.78,1674.05,1674.85,880.6962
1781262000000,1674.85,1678.11,1674.32,1676.33,961.5567
1781262900000,1676.33,1678.51,1674.32,1676.21,705.4948
1781263800000,1676.21,1676.22,1672.1,1675.21,953.0127
1781264700000,1675.22,1677.22,1673.88,1673.89,743.1551
1781265600000,1673.88,1673.88,1669.48,1670.86,1192.1875
1781266500000,1670.86,1671.84,1666.81,1666.87,1106.6549
1781267400000,1666.87,1670.04,1664.1,1666.02,2212.9944
1781268300000,1666.02,1668.34,1663.07,1666.54,1955.3689
1781269200000,1666.55,1667.86,1664.28,1667.43,1210.3961
1781270100000,1667.43,1668.91,1663.9,1666.28,1206.2275
1781271000000,1666.28,1667.53,1653.74,1657.01,5850.3671
1781271900000,1657.01,1659.99,1654.31,1657.6,3443.1637
1781272800000,1657.6,1669.1,1656.26,1666.36,4619.9587
1781273700000,1666.35,1671.99,1662.32,1670.55,2269.1736
1781274600000,1670.54,1676.5,1666.94,1668.83,3195.7279
1781275500000,1668.82,1685.93,1666.95,1685.64,6419.4883
1781276400000,1685.65,1691.07,1680,1690.1,8983.078
1781277300000,1690.09,1691.07,1682.35,1682.54,6232.1704
1781278200000,1682.54,1682.55,1669.19,1671.54,7447.963
1781279100000,1671.54,1672.29,1658.75,1660.08,6049.7173
1781280000000,1660.08,1674.62,1657.38,1671.33,6143.6256
1781280900000,1671.33,1675.34,1666.35,1670.54,4267.0818
1781281800000,1670.55,1675.81,1666.14,1668.68,3538.0416
1781282700000,1668.68,1672.91,1666.79,1672.9,2310.9719
1781283600000,1672.91,1678.1,1670.35,1671.71,3132.4866
1781284500000,1671.71,1672.37,1667.37,1670.47,3386.7393
1781285400000,1670.47,1672.18,1667.98,1669.15,1980.8059
1781286300000,1669.15,1670.72,1667.73,1668.84,874.8178
1781287200000,1668.84,1671.66,1663.71,1667.69,2785.5993
1781288100000,1667.69,1668.29,1663.6,1667.01,1374.7396
1781289000000,1667.01,1673.57,1665.78,1671.7,2253.6519
1781289900000,1671.7,1672.48,1666.52,1666.87,1418.5324
1781290800000,1666.86,1670.2,1666.68,1669.22,2065.7461
1781291700000,1669.21,1671,1667.56,1669.53,1505.0634
1781292600000,1669.53,1672.47,1665.31,1666.56,3149.7693
1781293500000,1666.57,1668.28,1664.9,1665.92,2004.1949
1781294400000,1665.92,1667.85,1664.18,1667.53,1558.5366
1781295300000,1667.54,1667.75,1665.15,1666.37,635.7359
1781296200000,1666.36,1667.44,1665.75,1666.11,834.0656
1781297100000,1666.12,1666.37,1662.02,1664.92,930.5278
1781298000000,1664.93,1668.01,1663.36,1666.96,1224.8456
1781298900000,1666.96,1667.83,1666.16,1666.17,416.73
1781299800000,1666.17,1667.18,1665.37,1665.8,607.2624
1781300700000,1665.79,1666.09,1663.21,1664.19,775.3707
1781301600000,1664.18,1665.13,1663.09,1663.93,697.0232
1781302500000,1663.93,1667.49,1663.3,1665.11,487.5332
1781303400000,1665.11,1665.79,1661.56,1662.54,730.8176
1781304300000,1662.55,1662.9,1661.46,1662.6,460.6823
1781305200000,1662.6,1662.94,1659.02,1661.2,1099.6708
1781306100000,1661.2,1663.03,1660.41,1662.23,534.4479
1781307000000,1662.23,1665.04,1661.42,1663,821.7969
1781307900000,1663,1666.41,1663,1666.41,450.5233
1781308800000,1666.42,1667.96,1665.31,1667.96,593.7672
1781309700000,1667.95,1669.34,1666.49,1666.64,899.4522
1781310600000,1666.63,1668.89,1666.22,1666.93,711.8962
1781311500000,1666.92,1668.55,1665.88,1667.47,715.0098
1781312400000,1667.47,1670,1667.21,1668.84,618.3568
1781313300000,1668.85,1669.51,1666.53,1668.09,720.8258
1781314200000,1668.09,1675.9,1667.6,1672.76,3061.2023
1781315100000,1672.75,1675.4,1672.48,1674.03,1222.8852
1781316000000,1674.03,1674.52,1671.91,1672.65,1234.6369
1781316900000,1672.65,1673.11,1669.84,1670.07,978.5921
1781317800000,1670.07,1670.48,1667.06,1667.28,1667.6073
1781318700000,1667.29,1668.43,1665.69,1668.02,987.1554
1781319600000,1668.03,1669.57,1667.9,1667.92,614.0995
1781320500000,1667.91,1668.43,1663.36,1664.7,1368.4163
1781321400000,1664.69,1665.5,1664.17,1665.31,537.5465
1781322300000,1665.32,1666.14,1665.03,1665.25,468.1434
1781323200000,1665.25,1666.26,1663.52,1664.36,806.0199
1781324100000,1664.35,1666.87,1663.68,1665.52,512.9659
1781325000000,1665.51,1668.28,1665.51,1667.63,546.1697
1781325900000,1667.63,1668.02,1664.46,1664.51,370.391
1781326800000,1664.52,1665.37,1663.52,1664.43,502.1806
1781327700000,1664.44,1665.61,1663.52,1664.39,943.0354
1781328600000,1664.4,1665.55,1664.14,1664.49,511.01
1781329500000,1664.49,1665.22,1662.2,1665.22,1044.5981
1781330400000,1665.22,1666.42,1664.22,1664.61,798.7177
1781331300000,1664.62,1666.78,1663.88,1666.78,1097.0866
1781332200000,1666.78,1667.67,1666.18,1667.09,576.784
1781333100000,1667.09,1670.25,1667.08,1669.7,818.2893
1781334000000,1669.71,1670.74,1668.47,1669.87,637.6709
1781334900000,1669.88,1675,1668.87,1673.79,1950.217
1781335800000,1673.79,1674.11,1672.66,1673.46,1379.1329
1781336700000,1673.46,1677.74,1673.45,1676.38,3549.4589
1781337600000,1676.38,1679.92,1673.63,1675.47,3882.1906
1781338500000,1675.47,1676.9,1674.25,1675.31,1507.2442
1781339400000,1675.31,1678.07,1674.83,1676.46,1590.3287
1781340300000,1676.47,1676.61,1674.19,1674.57,598.8647
1781341200000,1674.57,1676.3,1674.56,1674.95,487.1942
1781342100000,1674.95,1676.01,1673.33,1673.76,588.718
1781343000000,1673.77,1675.22,1673.61,1674.9,1781.7801
1781343900000,1674.9,1675.06,1672.93,1673.7,1040.9827
1781344800000,1673.7,1674.57,1672.8,1673.77,452.4987
1781345700000,1673.77,1674.72,1672.94,1673.57,777.1125
1781346600000,1673.56,1675.7,1673.56,1675.12,1150.3992
1781347500000,1675.13,1676.37,1672.96,1674.18,759.3123
1781348400000,1674.19,1677.27,1673.55,1677.23,1609.2711
1781349300000,1677.23,1678.96,1677.03,1678.43,1025.4241
1781350200000,1678.43,1678.56,1677.01,1677.26,722.9655
1781351100000,1677.25,1678.49,1677.15,1678.34,517.7295
1781352000000,1678.33,1678.34,1677.16,1677.17,571.3667
1781352900000,1677.16,1678.51,1676.99,1677.03,595.6338
1781353800000,1677.03,1679.57,1677.02,1678.31,977.3417
1781354700000,1678.32,1683.77,1678.2,1680.53,2493.461
1781355600000,1680.52,1680.77,1678.27,1679.53,1113.8114
1781356500000,1679.53,1681.31,1678.65,1680.74,652.7249
1781357400000,1680.73,1681.58,1679,1679.68,855.4224
1781358300000,1679.68,1681.58,1676.69,1678.02,1800.2785
1781359200000,1678.02,1681.47,1677.82,1680.18,1351.0145
1781360100000,1680.18,1681,1678.06,1678.85,676.8858
1781361000000,1678.85,1680.97,1678.85,1679.5,552.8843
1781361900000,1679.5,1680.75,1678.97,1679.97,615.311
1781362800000,1679.98,1681.41,1678.5,1681.17,1058.6162
1781363700000,1681.17,1683.97,1680.58,1683.31,1407.8126
1781364600000,1683.31,1686.56,1679.45,1679.76,3747.8774
1781365500000,1679.75,1683.29,1679,1682.15,1459.9952
1781366400000,1682.14,1682.48,1674.67,1675.44,2907.403
1781367300000,1675.43,1675.58,1671.44,1673.07,5345.1925
1781368200000,1673.07,1675.06,1672,1674.4,1001.6755
1781369100000,1674.41,1680.38,1673.33,1676.74,3067.8976
1781370000000,1676.74,1677.42,1673.87,1675.04,1076.2922
1781370900000,1675.05,1677.59,1674.07,1677.59,704.2324
1781371800000,1677.59,1678.4,1676.76,1677.62,598.7623
1781372700000,1677.62,1678.15,1673.23,1674.31,1205.9711
1781373600000,1674.31,1676.98,1674.2,1676.77,353.1644
1781374500000,1676.77,1679.86,1676,1679.82,491.8614
1781375400000,1679.82,1682.63,1679.78,1682.09,1172.8964
1781376300000,1682.08,1682.4,1676.05,1678.53,706.6627
1781377200000,1678.53,1679.44,1677.91,1678.28,372.6986
1781378100000,1678.28,1678.28,1675.86,1676.89,455.4475
1781379000000,1676.89,1679.87,1676.69,1679.61,1127.8427
1781379900000,1679.62,1680,1678.29,1678.29,781.354
1781380800000,1678.3,1678.3,1676.2,1677.33,679.0299
1781381700000,1677.33,1678.22,1676.15,1676.26,529.7368
1781382600000,1676.26,1676.5,1675.11,1675.44,429.7305
1781383500000,1675.44,1676.7,1675.18,1676.53,429.1655
1781384400000,1676.53,1677.25,1674.91,1675.41,575.8963
1781385300000,1675.41,1677.34,1675.08,1676.4,518.8528
1781386200000,1676.4,1697.28,1676.4,1687.77,3707.9676
1781387100000,1687.77,1689.29,1684.43,1686.44,1874.5766
1781388000000,1686.44,1686.65,1682.85,1683.5,1203.9346
1781388900000,1683.5,1685.08,1682.29,1684.83,876.1723
1781389800000,1684.83,1685.64,1683.2,1683.2,826.6397
1781390700000,1683.21,1683.67,1681.62,1681.63,417.4158
1781391600000,1681.62,1682.03,1680.83,1681.61,374.6939
1781392500000,1681.61,1684.2,1680.1,1680.14,515.476
1781393400000,1680.14,1681.61,1680,1680.01,594.4884
1781394300000,1680,1681.18,1678.1,1681.18,962.7024
1781395200000,1681.19,1681.19,1679.24,1679.67,658.3627
1781396100000,1679.68,1681.64,1678.83,1680.01,493.2877
1781397000000,1680.01,1683.52,1679.8,1682.7,550.705
1781397900000,1682.7,1683.47,1681.19,1681.91,933.1643
1781398800000,1681.9,1685.99,1680.3,1684.61,787.2866
1781399700000,1684.62,1690.36,1684.62,1686.71,1345.0236
1781400600000,1686.71,1686.72,1684.61,1684.61,422.4756
1781401500000,1684.61,1686.56,1683.54,1683.99,963.2556
1781402400000,1683.98,1685.69,1683.2,1685.29,440.2748
1781403300000,1685.29,1685.7,1682.44,1683.07,473.4639
1781404200000,1683.06,1684,1681.92,1682.1,578.3384
1781405100000,1682.11,1683.23,1681.59,1682.47,437.3268
1781406000000,1682.46,1683.28,1681.51,1682.16,442.4786
1781406900000,1682.16,1683.19,1682,1682.71,442.6888
1781407800000,1682.7,1683.01,1679.85,1680.06,921.8682
1781408700000,1680.07,1682.11,1680.06,1681.73,517.8997
1781409600000,1681.74,1682.66,1680.16,1681.02,364.0569
1781410500000,1681.01,1682,1680.6,1680.62,554.5746
1781411400000,1680.63,1680.63,1676.72,1677.31,1349.1895
1781412300000,1677.3,1678.95,1676.35,1677.95,1267.185
1781413200000,1677.95,1679.14,1677.2,1677.91,851.9016
1781414100000,1677.91,1677.91,1675,1675.67,1316.9025
1781415000000,1675.68,1678.58,1674,1678.06,1227.3702
1781415900000,1678.05,1678.95,1677.92,1678.13,665.7773
1781416800000,1678.13,1682.5,1678.13,1681.68,931.3464
1781417700000,1681.68,1681.68,1676.62,1679.3,1834.1271
1781418600000,1679.3,1679.44,1676.51,1676.84,858.0967
1781419500000,1676.84,1677.33,1675.3,1676.39,1442.993
1781420400000,1676.4,1676.59,1673.72,1674.65,925.8523
1781421300000,1674.66,1677.55,1674.5,1676.84,847.3674
1781422200000,1676.84,1676.84,1674,1674.01,656.8706
1781423100000,1674.01,1676.69,1674,1675.91,497.5933
1781424000000,1675.91,1676.97,1674.73,1676.42,816.9087
1781424900000,1676.42,1678.68,1676.41,1677.97,1079.8397
1781425800000,1677.98,1678.92,1677,1677.28,786.7324
1781426700000,1677.29,1677.67,1675.13,1675.58,405.464
1781427600000,1675.58,1676.68,1674.41,1674.79,889.1153
1781428500000,1674.79,1674.84,1669.15,1671.15,4397.1055
1781429400000,1671.15,1677.69,1670.86,1677.53,1484.9241
1781430300000,1677.53,1679,1676.52,1678.49,659.1991
1781431200000,1678.48,1678.5,1675.41,1675.97,539.4945
1781432100000,1675.96,1678.55,1675.52,1676.6,527.3549
1781433000000,1676.59,1677.7,1676.16,1676.17,469.3613
1781433900000,1676.16,1676.18,1673.13,1673.13,359.8606
1781434800000,1673.13,1674.79,1672.36,1674.66,787.9215
1781435700000,1674.67,1675.48,1672.9,1674.94,526.7734
1781436600000,1674.94,1677.15,1674.87,1675.89,772.9859
1781437500000,1675.9,1675.93,1673.64,1673.73,313.2321
1781438400000,1673.73,1674.58,1672.81,1673.09,730.7895
1781439300000,1673.09,1674.52,1672.96,1672.98,736.9325
1781440200000,1672.99,1673.24,1666.62,1668.69,1439.6965
1781441100000,1668.7,1668.86,1665.35,1666.9,1652.8311
1781442000000,1666.9,1669.01,1666.2,1667.99,915.8164
1781442900000,1667.99,1669.12,1665.53,1666.12,1007.3158
1781443800000,1666.11,1668.43,1664.5,1668.07,1630.6594
1781444700000,1668.07,1669.15,1665.47,1666.54,736.2973
1781445600000,1666.53,1666.99,1664.5,1666.52,1129.137
1781446500000,1666.51,1670.2,1663.57,1665.13,2020.7656
1781447400000,1665.12,1665.18,1654.9,1656.27,5362.2244
1781448300000,1656.27,1659.77,1655.83,1659.76,2234.6919
1781449200000,1659.76,1664.35,1659.6,1662.9,1717.3358
1781450100000,1662.9,1664.37,1661.21,1663.23,1314.8462
1781451000000,1663.24,1664.51,1661.25,1663.01,915.7253
1781451900000,1663,1664.67,1662.13,1662.95,387.4997
1781452800000,1662.95,1666.66,1662.58,1665.38,924.1108
1781453700000,1665.39,1668.3,1665,1667.3,726.0208
1781454600000,1667.3,1668.57,1666.81,1666.94,718.2239
1781455500000,1666.93,1667.25,1659.36,1661.38,4147.0135
1781456400000,1661.37,1665,1660.92,1664.75,2157.2593
1781457300000,1664.75,1666.22,1664.2,1664.2,673.5092
1781458200000,1664.21,1666.52,1661.63,1664.37,1164.9608
1781459100000,1664.38,1665.21,1661.36,1662.09,1155.6755
1781460000000,1662.09,1663.27,1660.97,1662.29,802.9957
1781460900000,1662.29,1662.9,1658.95,1659.94,1072.9167
1781461800000,1659.94,1661.44,1659.24,1660.87,605.5187
1781462700000,1660.88,1662.32,1660.34,1662.08,575.6792
1781463600000,1662.07,1665.47,1661.13,1665.19,776.3002
1781464500000,1665.18,1667.93,1665.18,1666.34,699.5888
1781465400000,1666.34,1667.84,1665.05,1665.74,1305.8864
1781466300000,1665.73,1665.76,1664.99,1665.43,437.3192
1781467200000,1665.44,1666.85,1662.67,1663.3,1043.2758
1781468100000,1663.3,1668,1663.29,1667.17,947.0072
1781469000000,1667.17,1673.72,1667.17,1671.54,1640.9365
1781469900000,1671.55,1672.55,1670.38,1670.48,727.2908
1781470800000,1670.48,1672.48,1669.97,1672.48,303.1671
1781471700000,1672.47,1713,1672.47,1700.99,20551.4881
1781472600000,1701.04,1724.93,1699.23,1716.44,14291.2038
1781473500000,1716.44,1732.28,1715.81,1718.67,13635.3926
1781474400000,1718.68,1729.1,1712.34,1721,13959.6792
1781475300000,1720.99,1724.67,1716.17,1721.16,5426.1933
1781476200000,1721.17,1728.8,1718.13,1725.86,4948.2356
1781477100000,1725.87,1727.67,1720.5,1722.62,3709.3716
1781478000000,1722.62,1725.91,1716.79,1724.42,3834.5284
1781478900000,1724.43,1726.43,1720.51,1723.72,3686.9786
1781479800000,1723.73,1726.08,1719.52,1719.52,3463.9873
1781480700000,1719.53,1726.3,1719.28,1725.62,3150.2974
1781481600000,1725.63,1733.04,1724.07,1731.51,6623.4691
1781482500000,1731.51,1731.51,1723.93,1725.64,4029.567
1781483400000,1725.63,1726,1720,1720.99,2622.9103
1781484300000,1721,1722.29,1719.78,1720.83,1295.0348
1781485200000,1720.83,1721.2,1712.34,1717.65,3450.7995
1781486100000,1717.65,1717.7,1709.66,1711.79,3421.9666
1781487000000,1711.79,1721.91,1710.83,1721.8,3153.2024
1781487900000,1721.79,1721.79,1715.24,1715.79,2072.0113
1781488800000,1715.8,1721,1714.23,1720.67,2571.3422
1781489700000,1720.67,1726.96,1720.65,1720.9,2681.6404
1781490600000,1720.9,1722.48,1719.49,1719.76,1557.0154
1781491500000,1719.76,1720.16,1716.02,1716.78,2156.2602
1781492400000,1716.78,1723.5,1715.55,1722.99,2665.9362
1781493300000,1722.99,1723.26,1719.68,1721.11,2547.2
1781494200000,1721.11,1723.62,1719.71,1722.96,2571.0211
1781495100000,1722.97,1724.17,1720.23,1720.78,3371.7078
1781496000000,1720.78,1720.78,1717.38,1718.6,3293.2315
1781496900000,1718.59,1720.28,1717.24,1718.83,2021.2122
1781497800000,1718.84,1719.15,1716,1717.27,2711.9816
1781498700000,1717.27,1719.61,1716.59,1717.04,3400.3496
1781499600000,1717.05,1718.32,1715.95,1717.9,1320.698
1781500500000,1717.9,1722.63,1717.71,1721.09,2308.0046
1781501400000,1721.1,1721.85,1717.09,1717.28,1756.9824
1781502300000,1717.29,1720.87,1717.19,1720.66,1575.9409
1781503200000,1720.67,1722.98,1719.84,1721.43,1971.2072
1781504100000,1721.44,1723.29,1719.84,1722.48,1651.1885
1781505000000,1722.48,1722.88,1718.25,1719.2,1615.8678
1781505900000,1719.19,1722.29,1719.14,1719.82,1369.4412
1781506800000,1719.82,1723.3,1716.83,1720.9,2544.9515
1781507700000,1720.91,1723.8,1720.8,1722.03,1918.9535
1781508600000,1722.02,1722.03,1717.49,1718.48,1429.052
1781509500000,1718.48,1719.27,1716.49,1716.59,2284.3209
1781510400000,1716.6,1720.48,1715.6,1719.83,1610.1266
1781511300000,1719.82,1720.62,1716.61,1718.78,1523.008
1781512200000,1718.79,1721.91,1718.53,1720.8,1420.7985
1781513100000,1720.81,1721.37,1719,1720.36,1473.9955
1781514000000,1720.35,1721.31,1719.49,1719.99,1449.2375
1781514900000,1720,1726.94,1719.99,1721.82,4773.0423
1781515800000,1721.81,1721.83,1712.17,1715.73,6053.2222
1781516700000,1715.73,1718.71,1714,1718.65,2322.0087
1781517600000,1718.65,1723.46,1718.27,1722.93,2024.4541
1781518500000,1722.93,1728.29,1722.75,1724.64,7458.3864
1781519400000,1724.63,1728.36,1724.22,1728.18,2111.6203
1781520300000,1728.18,1748.6,1727.25,1737.77,15162.5054
1781521200000,1737.77,1742.43,1734.11,1740.98,7550.7798
1781522100000,1740.98,1769,1740.98,1761.91,19659.1045
1781523000000,1761.9,1765.26,1759.2,1761.79,7930.8626
1781523900000,1761.79,1766.51,1760,1764.67,3814.1433
1781524800000,1764.67,1765.93,1761.19,1765.68,4204.861
1781525700000,1765.69,1765.9,1760.28,1765.5,4533.2388
1781526600000,1765.5,1775.06,1763.07,1774.56,10042.0334
1781527500000,1774.56,1777.77,1773,1777.48,8658.0648
1781528400000,1777.48,1797.86,1774.6,1794.07,16412.3652
1781529300000,1794.07,1827.67,1793.49,1820.19,30716.6969
1781530200000,1820.19,1822.23,1808.48,1813.11,14914.6178
1781531100000,1813.1,1818.18,1811.44,1814.12,8323.5205
1781532000000,1814.12,1815.01,1804.71,1810.56,9877.9403
1781532900000,1810.55,1814.88,1807.87,1813.41,4815.7655
1781533800000,1813.42,1814.12,1808.81,1812.18,5120.8635
1781534700000,1812.19,1818.58,1812.18,1814.55,5960.8139
1781535600000,1814.55,1817.55,1813.54,1815.96,3167.6128
1781536500000,1815.96,1821,1814.71,1816.62,3863.7132
1781537400000,1816.63,1832.98,1813.15,1830.1,13955.0941
1781538300000,1830.1,1849.54,1830.03,1845.53,26192.5601
1781539200000,1845.53,1847.13,1838.51,1843.89,9848.2631
1781540100000,1843.89,1844.9,1837.48,1842.25,7065.4531
1781541000000,1842.26,1846.58,1839.59,1844.14,5278.5741
1781541900000,1844.14,1846.55,1840,1842.85,5922.7687
1781542800000,1842.85,1842.86,1826.48,1832.12,11381.3386
1781543700000,1832.12,1833.28,1826.82,1830.23,5052.7366
1781544600000,1830.23,1832.49,1823.58,1830.37,4323.0618
1781545500000,1830.36,1832,1827.16,1829.19,2949.3423
1781546400000,1829.19,1831.92,1826.21,1830.58,2757.3524
1781547300000,1830.58,1831.93,1828.11,1829.24,1994.4033
1781548200000,1829.24,1831.43,1825.85,1829.78,1953.4855
1781549100000,1829.78,1835.58,1828,1828.13,3291.3323
1781550000000,1828.12,1833,1826.07,1832.57,2645.4904
1781550900000,1832.56,1834.44,1811.66,1819.09,8049.192
1781551800000,1819.09,1830.31,1818.66,1829.51,2833.1019
1781552700000,1829.51,1830.31,1818.34,1821.89,3118.6057
1781553600000,1821.88,1826.62,1818.5,1824.13,2165.7767
1781554500000,1824.13,1824.39,1820.25,1821.6,2208.4921
1781555400000,1821.6,1823.86,1819.06,1819.23,1968.3594
1781556300000,1819.22,1819.22,1815.33,1816.95,2103.7602
1781557200000,1816.94,1822.15,1815.2,1820.34,2659.3012
1781558100000,1820.35,1820.39,1815.17,1815.18,1150.9803
1781559000000,1815.18,1818.34,1812.9,1816.31,2909.9412
1781559900000,1816.3,1816.53,1809.53,1811.35,2149.6363
1781560800000,1811.36,1813.55,1809,1809.03,1245.4664
1781561700000,1809.03,1811,1789.2,1792.01,6989.6736
1781562600000,1792.01,1797.95,1787,1793.61,4273.6391
1781563500000,1793.6,1794.86,1788.1,1789.68,3707.5463
1781564400000,1789.69,1792.22,1786.77,1790.48,3751.0376
1781565300000,1790.48,1792.56,1785.46,1789.66,2627.0717
1781566200000,1789.67,1791.5,1782.82,1791.05,3594.4949
1781567100000,1791.06,1797.58,1790.67,1796.13,5104.0513
1781568000000,1796.14,1799.68,1793.61,1797.2,3171.9302
1781568900000,1797.2,1798.51,1791.44,1792.62,2097.6091
1781569800000,1792.62,1802.09,1792.27,1798.64,2386.1374
1781570700000,1798.63,1798.64,1789,1789.6,2206.0872
1781571600000,1789.59,1795.5,1789.13,1792.11,1814.7334
1781572500000,1792.11,1796.46,1790.67,1795.81,1456.2874
1781573400000,1795.8,1797.4,1794.88,1795.7,906.1244
1781574300000,1795.69,1797.42,1791.49,1792.27,1160.7247
1781575200000,1792.26,1794.1,1784.12,1784.65,2379.8711
1781576100000,1784.64,1787.24,1772.75,1773.43,5579.2579
1781577000000,1773.43,1776.32,1768.49,1774.67,6822.7632
1781577900000,1774.67,1775.49,1767.4,1770.13,5950.6371
1781578800000,1770.13,1774.64,1768.65,1774.34,4112.7732
1781579700000,1774.34,1780.47,1764.84,1778.07,6077.4143
1781580600000,1778.07,1780.54,1776.8,1780.3,2531.4394
1781581500000,1780.3,1780.73,1777.76,1779.16,1878.838
1781582400000,1779.16,1783.32,1776,1777.02,2928.1546
1781583300000,1777.01,1777.02,1768.36,1768.37,3728.0004
1781584200000,1768.36,1768.36,1760.19,1763.25,6181.9827
1781585100000,1763.25,1764.18,1758,1760.64,4884.3771
1781586000000,1760.65,1766,1760.57,1762.41,4287.8757
1781586900000,1762.41,1765.9,1761.17,1763.6,2702.8359
1781587800000,1763.6,1764.34,1760.63,1762.95,2180.1246
1781588700000,1762.95,1764.77,1761.46,1762.05,2304.017
1781589600000,1762.06,1765.98,1762.06,1765.93,1957.5924
1781590500000,1765.94,1768.6,1763.82,1768.08,2852.2146
1781591400000,1768.09,1773.13,1766.09,1770.37,3204.2433
1781592300000,1770.37,1774.17,1769.89,1771.4,3186.007
1781593200000,1771.41,1774.18,1769.06,1769.64,2189.9825
1781594100000,1769.65,1773.98,1769.02,1772.9,2462.0778
1781595000000,1772.9,1776.47,1771.53,1772.36,3396.6929
1781595900000,1772.35,1775.2,1771.64,1774.24,1955.7566
1781596800000,1774.25,1778.5,1773.25,1777.84,3201.4224
1781597700000,1777.83,1786.16,1776.43,1783.16,6222.344
1781598600000,1783.16,1787.25,1781.75,1787.08,3188.2191
1781599500000,1787.08,1807.97,1785.51,1803.23,9468.515
1781600400000,1803.23,1805.79,1798.1,1800.69,4276.4613
1781601300000,1800.7,1800.7,1787.99,1791.02,4622.073
1781602200000,1791.01,1794.69,1788.48,1793.39,2060.0315
1781603100000,1793.39,1794.33,1787.07,1789.63,2357.1759
1781604000000,1789.63,1791.98,1788.61,1789.31,2047.5796
1781604900000,1789.31,1800,1789.3,1799.74,5832.7505
1781605800000,1799.74,1799.74,1794.57,1796.78,2872.9188
1781606700000,1796.78,1798.99,1792.69,1793.95,2287.1355
1781607600000,1793.95,1800,1793.77,1794.93,2498.7266
1781608500000,1794.93,1798.91,1790.7,1793.44,1710.2606
1781609400000,1793.45,1795.84,1791.52,1795.84,2613.9436
1781610300000,1795.83,1799.99,1794.38,1799.59,1965.3983
1781611200000,1799.6,1809.82,1796.71,1809.34,5692.9369
1781612100000,1809.34,1823.29,1809.34,1820.89,12685.222
1781613000000,1820.9,1839.77,1814.16,1817.38,15281.0592
1781613900000,1817.37,1818.39,1810.31,1814.88,4561.8433
1781614800000,1814.89,1817.1,1791.57,1802.79,10546.9906
1781615700000,1802.79,1809.48,1801.2,1801.9,6700.093
1781616600000,1801.9,1808.12,1795.14,1804.5,8591.0341
1781617500000,1804.5,1806.35,1796.41,1797.88,6998.2376
1781618400000,1797.86,1805.57,1794.03,1795.95,7001.9479
1781619300000,1795.95,1797.57,1771.55,1772.1,14630.3138
1781620200000,1772.1,1782,1763.36,1779.82,10500.46
1781621100000,1779.82,1784.53,1778.28,1780.56,5504.2468
1781622000000,1780.56,1786.99,1778.27,1785.81,4032.0319
1781622900000,1785.81,1786.66,1776.09,1779.87,4149.0461
1781623800000,1779.88,1788.32,1778.26,1779.54,3294.0798
1781624700000,1779.54,1787.3,1774.52,1782.44,3817.6137
1781625600000,1782.43,1785.58,1777.86,1777.86,2372.6227
1781626500000,1777.87,1779.87,1773.03,1779.35,3839.6185
1781627400000,1779.35,1780.63,1773.7,1779.49,2010.454
1781628300000,1779.49,1780.48,1776.03,1777.89,1884.5026
1781629200000,1777.9,1782.76,1777.38,1780.01,1616.6147
1781630100000,1780.01,1784.92,1779.42,1781.53,1582.955
1781631000000,1781.53,1785.81,1779.92,1784.47,1433.2213
1781631900000,1784.46,1799.45,1784.03,1795.1,6592.3827
1781632800000,1795.1,1808.44,1793.63,1804.34,6460.138
1781633700000,1804.33,1804.38,1792.88,1795.46,3396.3448
1781634600000,1795.46,1799.1,1792.58,1796.14,2864.7883
1781635500000,1796.14,1803.42,1795.54,1799.21,2219.6727
1781636400000,1799.2,1799.2,1790.28,1794.38,3886.9867
1781637300000,1794.39,1798.16,1790.14,1797.47,2496.5444
1781638200000,1797.47,1801.04,1795.33,1798.03,2330.7918
1781639100000,1798.03,1800.95,1792.45,1795.41,3150.1596
1781640000000,1795.41,1795.95,1789.53,1794.55,2087.2136
1781640900000,1794.55,1798.09,1789.69,1790.09,2366.1816
1781641800000,1790.09,1798.47,1789.68,1798.16,1807.5996
1781642700000,1798.17,1798.5,1796.34,1797.82,1099.8535
1781643600000,1797.82,1800.48,1795.11,1799.38,1980.6426
1781644500000,1799.38,1800.28,1793.43,1794.09,1669.1603
1781645400000,1794.09,1794.86,1790.57,1794.86,1377.4749
1781646300000,1794.86,1796.96,1794.11,1796.52,1110.9157
1781647200000,1796.53,1799.28,1793.28,1798.06,1460.5493
1781648100000,1798.06,1799.49,1791.38,1794.31,1650.7216
1781649000000,1794.31,1795.28,1792.31,1792.31,1498.3519
1781649900000,1792.32,1796.62,1791.03,1796.21,1173.4255
1781650800000,1796.22,1798.89,1793.91,1795.95,1172.8602
1781651700000,1795.94,1795.97,1792.12,1795.47,859.9407
1781652600000,1795.48,1797.32,1793.1,1793.58,788.3699
1781653500000,1793.58,1793.87,1791.26,1792.99,1189.8148
1781654400000,1793,1796.38,1793,1794.08,803.2804
1781655300000,1794.08,1795.71,1792.57,1794.09,983.9544
1781656200000,1794.09,1798.42,1791.95,1797.35,1236.7125
1781657100000,1797.35,1799.01,1792.97,1794.22,813.4041
1781658000000,1794.22,1797,1792.8,1794.16,855.6765
1781658900000,1794.15,1794.15,1778.99,1785.79,4630.2524
1781659800000,1785.79,1794.59,1782.32,1790.74,2025.7494
1781660700000,1790.74,1799.12,1790.74,1797.76,2007.1536
1781661600000,1797.76,1798.66,1795.78,1797.7,1294.2839
1781662500000,1797.7,1810.21,1796.38,1805.68,4575.7718
1781663400000,1805.68,1805.68,1788.78,1794.6,4512.6832
1781664300000,1794.6,1796.34,1791.8,1795.59,1156.8797
1781665200000,1795.59,1795.59,1791.3,1791.31,1961.5981
1781666100000,1791.31,1791.68,1787.65,1790.94,2119.0709
1781667000000,1790.94,1797.36,1790.93,1793.33,1143.4919
1781667900000,1793.33,1795.43,1791.55,1793.58,1054.5402
1781668800000,1793.58,1796.62,1792.4,1793.71,1035.8616
1781669700000,1793.71,1795.88,1792,1794.95,889.4907
1781670600000,1794.95,1796.16,1793.72,1795.42,738.2545
1781671500000,1795.42,1801.79,1794.27,1794.3,1903.343
1781672400000,1794.3,1799.45,1791.27,1791.78,1712.3346
1781673300000,1791.78,1794.31,1789.13,1793.71,1108.8118
1781674200000,1793.71,1797,1792.65,1796.29,986.9368
1781675100000,1796.28,1797.49,1791.88,1793.98,2416.8347
1781676000000,1793.98,1795.9,1792.69,1795.52,996.7877
1781676900000,1795.52,1797.2,1788.61,1788.84,1018.8387
1781677800000,1788.83,1792.62,1786.44,1789.05,2213.9821
1781678700000,1789.06,1792,1787.74,1790.38,1121.1698
1781679600000,1790.38,1792.28,1786.09,1791.5,1507.6361
1781680500000,1791.49,1792.34,1783.61,1785.37,2110.9423
1781681400000,1785.37,1788.4,1784.35,1787.25,1472.393
1781682300000,1787.24,1787.82,1778.71,1785.08,2376.6822
1781683200000,1785.09,1786.15,1779.29,1779.3,1440.3938
1781684100000,1779.3,1780.57,1774.88,1775.84,2284.9692
1781685000000,1775.83,1775.83,1761.84,1763.03,6300.6
1781685900000,1763.03,1768,1760.4,1765.31,5012.5066
1781686800000,1765.3,1770.32,1765,1769.66,2042.4338
1781687700000,1769.67,1777.78,1768.57,1775.03,2050.2313
1781688600000,1775.04,1775.98,1771.91,1772.49,932.2464
1781689500000,1772.5,1776.3,1769.8,1773.07,1467.5753
1781690400000,1773.08,1776.05,1769.11,1772.68,1616.3902
1781691300000,1772.68,1774.68,1770,1772.3,990.2165
1781692200000,1772.3,1773.99,1771.16,1772.71,655.8482
1781693100000,1772.72,1773.88,1767.14,1768.38,1458.3401
1781694000000,1768.39,1770.77,1759.35,1764.97,4083.4153
1781694900000,1764.97,1768.54,1760.55,1766.43,2626.3918
1781695800000,1766.43,1767.71,1764.18,1765.42,1263.6888
1781696700000,1765.42,1767.75,1763.92,1763.92,892.3582
1781697600000,1763.93,1765.99,1761.34,1764.68,1762.1812
1781698500000,1764.68,1764.72,1743.43,1747.04,15231.6455
1781699400000,1747.05,1756.44,1742.94,1755.58,3660.3839
1781700300000,1755.58,1759.83,1754.64,1759.44,1993.7388
1781701200000,1759.42,1762.59,1756.99,1761.57,2364.1853
1781702100000,1761.56,1761.57,1754.72,1758.51,2275.2573
1781703000000,1758.51,1770.6,1755.05,1766.98,11321.6732
1781703900000,1766.99,1771.91,1760.55,1761.25,4862.3281
1781704800000,1761.24,1763.66,1754.41,1761.38,4523.4684
1781705700000,1761.39,1765.52,1752.46,1756.39,4522.3108
1781706600000,1756.4,1758.85,1752.64,1755.82,2739.8398
1781707500000,1755.82,1760.54,1741.05,1754.96,10160.9099
1781708400000,1754.97,1759.44,1751.21,1759.29,3246.3747
1781709300000,1759.28,1765.42,1756.9,1763.42,3543.9687
1781710200000,1763.42,1768.41,1761.36,1767.66,4966.2751
1781711100000,1767.67,1776.94,1766.24,1773.41,4954.9314
1781712000000,1773.42,1777,1770.83,1775.44,3317.9986
1781712900000,1775.44,1791.73,1773.39,1784.74,10749.7032
1781713800000,1784.74,1785.42,1772.1,1775.08,4462.7645
1781714700000,1775.08,1775.8,1769.52,1772.02,1990.7462
1781715600000,1772.03,1774.39,1767.54,1772.15,2381.652
1781716500000,1772.14,1779.53,1771.51,1777.92,2071.0703
1781717400000,1777.93,1781.27,1773.91,1774.68,1654.4397
1781718300000,1774.69,1796.08,1773.38,1789.27,6602.4571
1781719200000,1789.27,1789.4,1746.42,1764.97,21761.2866
1781720100000,1764.98,1773.96,1763.06,1766.96,4898.5823
1781721000000,1766.96,1788.99,1761.68,1785.12,10869.9164
1781721900000,1785.12,1786.08,1766.64,1770.32,7568.125
1781722800000,1770.31,1775.85,1762.99,1772.1,4904.4838
1781723700000,1772.11,1772.56,1736.54,1741.1,16790.8821
1781724600000,1741.1,1749.38,1730.96,1734.32,13129.1348
1781725500000,1734.33,1739.27,1729.26,1734.72,13219.7222
1781726400000,1734.73,1744.08,1732.97,1738.14,5477.9584
1781727300000,1738.14,1741.83,1737.28,1739.58,2424.5474
1781728200000,1739.57,1745.06,1736.55,1736.57,2223.3425
1781729100000,1736.57,1747.92,1735.48,1747.36,2352.4463
1781730000000,1747.37,1748.01,1742.19,1742.81,1206.2179
1781730900000,1742.81,1745.76,1742.26,1743.86,1763.0937
1781731800000,1743.86,1746,1739.07,1739.89,1810.1978
1781732700000,1739.88,1740.03,1736.39,1738.9,2103.3019
1781733600000,1738.91,1740.81,1725.34,1735.51,5983.9522
1781734500000,1735.52,1744.8,1734.77,1743.59,1773.214
1781735400000,1743.58,1745.02,1741.88,1743.26,1762.1529
1781736300000,1743.27,1746.6,1740.06,1740.31,1249.8873
1781737200000,1740.31,1746.1,1740.1,1744,1898.0066
1781738100000,1744.01,1751.66,1743.75,1750.14,1963.812
1781739000000,1750.13,1750.71,1747.64,1747.85,1069.0948
1781739900000,1747.85,1750.74,1746.85,1750.6,1031.9868
1781740800000,1750.61,1757.28,1749.98,1755.86,1949.0722
1781741700000,1755.86,1757.24,1752.73,1754.97,2738.1153
1781742600000,1754.97,1759.49,1752.63,1755.47,1765.4885
1781743500000,1755.47,1756.49,1751.68,1752.97,1981.7866
1781744400000,1752.97,1762.99,1752.64,1761.57,2615.5193
1781745300000,1761.57,1762.21,1755.78,1757.23,2180.3571
1781746200000,1757.22,1762.91,1757.22,1757.49,926.3113
1781747100000,1757.48,1757.48,1752.9,1754.92,1014.1206
1781748000000,1754.93,1758.62,1754.29,1754.5,1049.0817
1781748900000,1754.5,1759,1750.34,1757.72,2024.7427
1781749800000,1757.72,1758.6,1754.82,1757.67,1322.294
1781750700000,1757.67,1758,1755.48,1755.85,1545.0625
1781751600000,1755.86,1756.26,1751.1,1751.59,2456.4801
1781752500000,1751.59,1752.58,1744.78,1745.01,2496.5002
1781753400000,1745.01,1748.29,1741.46,1742.67,2820.1622
1781754300000,1742.68,1747.25,1742.02,1744.17,2096.709
1781755200000,1744.17,1745.92,1730.88,1735.25,4896.2096
1781756100000,1735.25,1739.33,1731.13,1735.45,2092.9797
1781757000000,1735.46,1737.29,1732.38,1732.73,1450.0466
1781757900000,1732.73,1734.59,1730,1730.64,2387.7747
1781758800000,1730.63,1733,1722.24,1728.94,4691.9294
1781759700000,1728.94,1731.66,1727.1,1728.57,1849.5683
1781760600000,1728.58,1731.29,1725.32,1728.87,1333.7026
1781761500000,1728.86,1731.39,1726.95,1730.97,1629.4063
1781762400000,1730.97,1734.5,1726,1728.65,2588.1308
1781763300000,1728.64,1730.69,1725.53,1730.49,2012.8969
1781764200000,1730.48,1736.05,1730.18,1735.91,2561.3914
1781765100000,1735.9,1736.79,1733.99,1735.56,2009.4645
1781766000000,1735.56,1736.52,1732.91,1734.81,1535.0606
1781766900000,1734.82,1746.98,1734.47,1745.34,6272.9941
1781767800000,1745.34,1753.29,1743.77,1749.24,3683.1467
1781768700000,1749.25,1750.96,1747.12,1749.79,3008.5046
1781769600000,1749.8,1753.61,1746.07,1748.37,5923.8883
1781770500000,1748.36,1751.14,1748.25,1749.96,1304.9895
1781771400000,1749.96,1753.29,1749.51,1750.67,1472.7407
1781772300000,1750.68,1751.04,1743.7,1747.67,8293.7074
1781773200000,1747.67,1747.79,1743.03,1747.52,5269.4502
1781774100000,1747.52,1751.87,1743.36,1743.37,2203.4305
1781775000000,1743.36,1747.29,1742.53,1747.08,989.4355
1781775900000,1747.09,1749.07,1745.71,1746.07,725.7604
1781776800000,1746.07,1747.4,1741.24,1741.3,2253.3126
1781777700000,1741.3,1743.45,1739.46,1742.18,2022.9062
1781778600000,1742.19,1743.17,1739.78,1740.45,2228.8333
1781779500000,1740.45,1752.84,1740,1746.9,3788.1678
1781780400000,1746.9,1749.39,1743.85,1745.94,2732.0647
1781781300000,1745.94,1747.56,1741,1745.93,2999.2098
1781782200000,1745.93,1747.57,1739.11,1743.34,2418.8017
1781783100000,1743.34,1744.61,1739.52,1743.31,2449.2744
1781784000000,1743.31,1747.15,1741.88,1745.27,2502.549
1781784900000,1745.28,1752,1744.05,1751.8,3377.5486
1781785800000,1751.8,1753.06,1747.45,1748.92,2475.0807
1781786700000,1748.91,1751.18,1746.94,1750.41,1323.422
1781787600000,1750.41,1752.29,1748.33,1749.88,1085.4634
1781788500000,1749.87,1752.51,1748.54,1749.73,1647.3189
1781789400000,1749.72,1750.82,1731.27,1731.53,6778.0387
1781790300000,1731.54,1743.19,1729.08,1736.78,4955.4222
1781791200000,1736.78,1740.52,1730.4,1732.26,3791.1584
1781792100000,1732.26,1745.46,1729.66,1733.66,4586.912
1781793000000,1733.66,1744.54,1732.47,1739.05,3669.9314
1781793900000,1739.06,1742.54,1731.74,1739.79,3580.5151
1781794800000,1739.78,1740.09,1732.01,1732.84,3212.3588
1781795700000,1732.84,1734.91,1717.65,1720.5,9782.9892
1781796600000,1720.5,1726.08,1697.39,1698.67,21650.7272
1781797500000,1698.66,1700.18,1680,1682.23,20110.1621
1781798400000,1682.23,1692.95,1680.39,1689.72,8418.8723
1781799300000,1689.73,1691.53,1683.52,1686.77,5642.1243
1781800200000,1686.77,1688.74,1682.74,1686.86,5458.2954
1781801100000,1686.86,1689.16,1684.01,1686.93,3699.4327
1781802000000,1686.96,1687.68,1681.32,1683.71,3165.9822
1781802900000,1683.71,1686.48,1671.79,1680.21,8027.7917
1781803800000,1680.22,1686.64,1679.5,1681.67,4673.1498
1781804700000,1681.67,1686.4,1676.86,1679.42,2470.1837
1781805600000,1679.41,1682,1677.18,1679.9,2645.97
1781806500000,1679.9,1689.4,1676.35,1686.73,4989.7617
1781807400000,1686.73,1687.17,1681.29,1685.25,2314.9162
1781808300000,1685.25,1688.53,1682.41,1685.38,1542.4478
1781809200000,1685.38,1687.21,1682.78,1686.58,1426.4595
1781810100000,1686.57,1692.26,1685.59,1691.68,2594.832
1781811000000,1691.69,1703.67,1690.31,1702.99,3815.5733
1781811900000,1702.98,1707.48,1700.79,1705.39,5135.1582
1781812800000,1705.4,1714.46,1705.4,1712.01,4341.2699
1781813700000,1712.01,1717.23,1708.22,1713.36,3070.5396
1781814600000,1713.36,1715.54,1711.67,1713.19,1966.6786
1781815500000,1713.19,1713.37,1710.03,1710.47,1424.9848
1781816400000,1710.47,1711.96,1702.72,1704.4,2072.4203
1781817300000,1704.39,1706.49,1701.64,1705.79,2293.1124
1781818200000,1705.78,1709.85,1705,1706.21,2209.4214
1781819100000,1706.22,1709.73,1705.4,1708.39,1734.8992
1781820000000,1708.39,1708.56,1705.65,1706.89,1627.1659
1781820900000,1706.89,1707.35,1701.99,1703.49,1401.9013
1781821800000,1703.5,1704.79,1700.19,1704.79,1254.3116
1781822700000,1704.79,1708.39,1703.39,1706.81,1104.6474
1781823600000,1706.81,1708.28,1702.96,1702.96,1317.951
1781824500000,1702.96,1709.78,1702.96,1709.09,1342.3495
1781825400000,1709.09,1712.17,1709.06,1709.31,1564.7023
1781826300000,1709.31,1712.38,1708.47,1711.11,1143.0788
1781827200000,1711.11,1711.6,1708.64,1710.48,1395.6169
1781828100000,1710.49,1715,1709.55,1712.91,1526.0438
1781829000000,1712.91,1716,1712.68,1716,1355.1765
1781829900000,1715.99,1716.3,1712.65,1713.84,1421.1227
1781830800000,1713.85,1719.51,1710.4,1711.92,1882.186
1781831700000,1711.91,1716.79,1709.24,1709.31,1059.9022
1781832600000,1709.31,1710.79,1706.19,1709.69,1273.0233
1781833500000,1709.68,1713.95,1709.68,1713.5,764.1817
1781834400000,1713.5,1715.21,1710.55,1710.93,1459.5287
1781835300000,1710.93,1712.01,1704.09,1704.09,1825.8477
1781836200000,1704.09,1706.13,1702.34,1704.44,2082.6364
1781837100000,1704.46,1708.09,1701.29,1707.15,1736.612
1781838000000,1707.15,1708.28,1694.79,1695.39,3658.9745
1781838900000,1695.39,1702.11,1682.35,1699.95,11943.229
1781839800000,1699.94,1700.07,1692.6,1696.79,2258.4239
1781840700000,1696.8,1699.09,1694.77,1697.69,2048.5181
1781841600000,1697.7,1700.72,1689.93,1700.12,2651.3051
1781842500000,1700.13,1702.97,1694.56,1694.91,2087.7947
1781843400000,1694.91,1695.19,1687.35,1692.15,2688.5355
1781844300000,1692.16,1694.11,1686,1689.72,1620.0778
1781845200000,1689.72,1697.39,1689.39,1697.31,2703.4359
1781846100000,1697.31,1697.31,1692.08,1693.74,1181.3717
1781847000000,1693.75,1696.11,1691.49,1695.7,1708.3894
1781847900000,1695.7,1697.75,1694.8,1697.51,1158.3641
1781848800000,1697.51,1700.21,1696.18,1699.84,1749.7523
1781849700000,1699.85,1702.08,1697.86,1701.15,1961.6206
1781850600000,1701.16,1703.4,1696.65,1700.49,1153.4884
1781851500000,1700.49,1701.47,1696.67,1700.26,1047.3274
1781852400000,1700.27,1700.98,1696.12,1696.13,1162.2536
1781853300000,1696.13,1698.36,1693.99,1696.15,1332.4869
1781854200000,1696.16,1699.82,1690.09,1693.09,4858.5749
1781855100000,1693.09,1697.56,1691.67,1695.82,3517.7421
1781856000000,1695.82,1697.72,1693.66,1696.67,1790.8744
1781856900000,1696.66,1699.11,1695.28,1696.3,1140.5251
1781857800000,1696.3,1699.11,1693.99,1695.93,1235.5564
1781858700000,1695.93,1698.36,1695.77,1697.94,704.8215
1781859600000,1697.94,1699.82,1690.4,1692.01,1554.1097
1781860500000,1692.01,1694.54,1690,1691.89,1088.075
1781861400000,1691.9,1695.03,1691.89,1692.88,1041.6348
1781862300000,1692.87,1693.08,1688.72,1689.2,1863.1541
1781863200000,1689.21,1693.5,1688.72,1691.36,1837.2644
1781864100000,1691.34,1691.51,1687.34,1690.09,1739.9299
1781865000000,1690.09,1690.21,1687.05,1688.17,1498.0032
1781865900000,1688.17,1694.67,1687.69,1692.61,921.1864
1781866800000,1692.6,1693.56,1688.94,1689.99,1149.3333
1781867700000,1689.99,1694.24,1688.84,1692.88,788.0336
1781868600000,1692.88,1693.84,1692.06,1693.21,814.5981
1781869500000,1693.22,1694.2,1691.3,1691.74,577.1089
1781870400000,1691.74,1694.24,1690.5,1690.5,879.4806
1781871300000,1690.5,1690.5,1687.22,1689.49,805.2355
1781872200000,1689.49,1690.76,1683.29,1686.5,2414.5676
1781873100000,1686.5,1696.12,1679.11,1695.36,5487.6673
1781874000000,1695.37,1699.3,1692.2,1693.61,2135.3655
1781874900000,1693.62,1694.59,1687.75,1691.4,1362.6698
1781875800000,1691.4,1703,1690.49,1701.16,2707.6145
1781876700000,1701.16,1711.59,1700.77,1703.47,5430.6679
1781877600000,1703.46,1705.62,1697.29,1698.62,2215.2528
1781878500000,1698.62,1705,1696.51,1703.84,1585.9317
1781879400000,1703.85,1708.02,1701.77,1704.87,2319.5928
1781880300000,1704.87,1709.98,1704.87,1706.97,2105.6179
1781881200000,1706.96,1707.53,1703.7,1706.05,1119.3347
1781882100000,1706.06,1707.45,1698.37,1699.56,3177.6768
1781883000000,1699.56,1712.06,1699.55,1708.94,3141.3749
1781883900000,1708.94,1709.59,1706.7,1707.86,1652.4293
1781884800000,1707.87,1711.76,1704.78,1711.58,1436.0867
1781885700000,1711.59,1711.59,1707.39,1707.75,1858.9574
1781886600000,1707.74,1708.2,1704.43,1705.44,1724.0368
1781887500000,1705.44,1705.44,1695.09,1696.8,2256.9443
1781888400000,1696.8,1698.05,1693.7,1697.27,1537.6133
1781889300000,1697.27,1702.22,1694.26,1696.69,1705.3881
1781890200000,1696.69,1702.43,1696.51,1702.05,1853.7759
1781891100000,1702.05,1706.25,1700.29,1704.85,2272.8075
1781892000000,1704.85,1705.45,1702.68,1705.05,1002.7899
1781892900000,1705.06,1705.36,1703.01,1703.23,665.4433
1781893800000,1703.22,1704.19,1698.3,1701.15,1333.1769
1781894700000,1701.16,1703.36,1700.83,1702.7,810.7592
1781895600000,1702.69,1704.61,1699.43,1702.22,1089.729
1781896500000,1702.22,1702.48,1698.15,1700.06,803.3948
1781897400000,1700.07,1701.4,1698.67,1700.52,856.7541
1781898300000,1700.52,1704.34,1699.85,1701.2,1237.8679
1781899200000,1701.21,1704.76,1701.21,1703.15,655.1815
1781900100000,1703.16,1703.16,1698.89,1702.79,482.1546
1781901000000,1702.8,1704.29,1701.35,1702.71,676.7645
1781901900000,1702.71,1709.37,1702.71,1708.96,1599.9076
1781902800000,1708.97,1708.97,1705.49,1708.58,902.9168
1781903700000,1708.58,1708.59,1704.64,1704.79,449.4321
1781904600000,1704.79,1705.61,1702.69,1702.69,750.3453
1781905500000,1702.7,1704.19,1701.52,1702.03,745.2447
1781906400000,1702.02,1703.31,1700.45,1703.01,945.1292
1781907300000,1703,1710.38,1702.8,1708.39,1492.6781
1781908200000,1708.4,1709.3,1706.07,1708.14,1351.9117
1781909100000,1708.14,1709.32,1706.93,1707.61,703.852
1781910000000,1707.61,1708.28,1704.88,1705.7,636.7665
1781910900000,1705.7,1708.27,1705.37,1707.94,404.8684
1781911800000,1707.94,1708.78,1707.05,1707.8,333.5951
1781912700000,1707.8,1715,1706.57,1711.19,1943.693
1781913600000,1711.18,1713.07,1708.41,1709.79,1880.914
1781914500000,1709.79,1712.55,1708.46,1711.84,694.9629
1781915400000,1711.83,1718,1709.22,1710.86,3346.0051
1781916300000,1710.86,1711.08,1708.65,1708.8,546.3481
1781917200000,1708.8,1709.36,1706.62,1708.25,772.4838
1781918100000,1708.24,1710.51,1706.76,1709.21,609.1735
1781919000000,1709.22,1713.36,1708.64,1708.98,1154.3467
1781919900000,1708.98,1710.41,1708.35,1709.89,411.0718
1781920800000,1709.89,1710.52,1706.89,1707.31,681.9842
1781921700000,1707.31,1707.31,1704.06,1704.5,680.9149
1781922600000,1704.5,1708.21,1704.5,1705.96,638.4034
1781923500000,1705.96,1707.56,1704.5,1704.85,1057.2933
1781924400000,1704.85,1707.03,1704.56,1706.7,640.8626
1781925300000,1706.7,1708.61,1706.7,1707.96,699.8209
1781926200000,1707.97,1709.33,1706.34,1708.18,332.7265
1781927100000,1708.18,1708.66,1707.19,1708.17,339.0922
1781928000000,1708.18,1709.4,1706.51,1707.67,707.6534
1781928900000,1707.67,1713,1707.56,1712.92,674.1406
1781929800000,1712.93,1715.47,1711.07,1714.94,1514.1492
1781930700000,1714.94,1714.94,1712.55,1713.52,1360.6169
1781931600000,1713.52,1733.89,1712.25,1729.7,9255.239
1781932500000,1729.7,1730.68,1721.42,1722.42,3069.6606
1781933400000,1722.42,1727.56,1722.42,1723.56,1723.5226
1781934300000,1723.56,1726.99,1722.03,1726.1,1377.1459
1781935200000,1726.11,1727.38,1723.98,1726.35,1189.415
1781936100000,1726.35,1729.84,1724.88,1727.77,1279.2348
1781937000000,1727.76,1728.03,1724.44,1726.72,791.849
1781937900000,1726.72,1728.65,1725.34,1727.67,1129.2413
1781938800000,1727.66,1727.83,1723.05,1725.19,1013.273
1781939700000,1725.2,1728.58,1724.81,1728.28,924.4944
1781940600000,1728.28,1729.56,1727.04,1727.58,1395.0947
1781941500000,1727.57,1728.32,1725.19,1725.82,1234.6151
1781942400000,1725.81,1726.9,1722.5,1725.14,1873.6597
1781943300000,1725.14,1726.79,1723.6,1723.6,613.4083
1781944200000,1723.61,1724.26,1721.77,1723.19,1050.654
1781945100000,1723.19,1723.92,1721.25,1722.83,631.7206
1781946000000,1722.83,1727.05,1722.83,1725.75,931.3676
1781946900000,1725.76,1726.14,1723.51,1723.87,662.3811
1781947800000,1723.86,1730,1723.61,1728.78,1634.1382
1781948700000,1728.79,1730,1727.52,1728.47,692.4541
1781949600000,1728.46,1728.69,1726.37,1727.57,377.6015
1781950500000,1727.56,1729.53,1726.98,1728.11,645.1702
1781951400000,1728.11,1728.24,1725.26,1726.17,726.7946
1781952300000,1726.17,1728.31,1726.17,1727.62,368.3287
1781953200000,1727.63,1728.93,1725.84,1726.77,536.7848
1781954100000,1726.76,1728.33,1726.31,1726.61,687.7585
1781955000000,1726.61,1728.3,1726.11,1727.92,314.326
1781955900000,1727.92,1731.76,1726.89,1727.18,1563.5047
1781956800000,1727.18,1730.35,1726.92,1729.76,809.2442
1781957700000,1729.76,1729.87,1727.32,1729.08,883.0772
1781958600000,1729.08,1729.08,1724.21,1725.49,765.5925
1781959500000,1725.5,1727.03,1723.61,1726.86,710.6254
1781960400000,1726.86,1727.21,1724.2,1724.2,628.7856
1781961300000,1724.21,1725.91,1712.81,1714.85,4044.1873
1781962200000,1714.84,1719.31,1714.48,1718.37,1382.777
1781963100000,1718.37,1719.64,1716.38,1717.56,1453.0807
1781964000000,1717.56,1717.56,1708.11,1708.85,3058.6628
1781964900000,1708.85,1713.53,1708.85,1713.22,1233.0876
1781965800000,1713.21,1720.26,1712.06,1719.92,1590.3249
1781966700000,1719.91,1746.67,1718.95,1733.48,11419.3223
1781967600000,1733.49,1737.64,1729.44,1735.93,3553.2902
1781968500000,1735.94,1749.55,1733.78,1742.56,9812.0017
1781969400000,1742.56,1743.7,1738.31,1739.16,2471.2541
1781970300000,1739.15,1741.81,1737.49,1740.63,1748.4463
1781971200000,1740.63,1740.91,1735.05,1736.33,1279.7023
1781972100000,1736.32,1738.5,1732.76,1733.45,1366.8153
1781973000000,1733.44,1734.58,1730.9,1732.32,1175.0541
1781973900000,1732.31,1734.7,1732,1733.92,850.6717
1781974800000,1733.92,1733.93,1729.28,1730.79,606.2151
1781975700000,1730.79,1730.79,1726.88,1729.88,1025.8853
1781976600000,1729.88,1732,1721.03,1726.11,2691.9284
1781977500000,1726.12,1728.18,1725.5,1726.86,563.2121
1781978400000,1726.87,1732,1726.49,1727.64,953.5542
1781979300000,1727.64,1730.25,1727.64,1729.7,768.1046
1781980200000,1729.71,1730.5,1726.72,1727.69,1173.7605
1781981100000,1727.7,1728.61,1726,1726.63,1150.4311
1781982000000,1726.62,1728.58,1725.24,1727.87,2938.0495
1781982900000,1727.87,1728.55,1725.26,1726.79,5972.4989
1781983800000,1726.79,1730.18,1726.1,1729.77,743.826
1781984700000,1729.76,1730.05,1728.66,1729.27,210.0412
1781985600000,1729.27,1730.94,1728.56,1730.01,1267.6124
1781986500000,1730,1731.03,1728.5,1728.99,443.2744
1781987400000,1729,1729.03,1726.53,1728.29,372.853
1781988300000,1728.28,1731.34,1728.28,1730.98,477.3222
1781989200000,1730.98,1737.11,1730.38,1735.31,1179.5866
1781990100000,1735.31,1735.31,1732.29,1732.99,1635.5531
1781991000000,1732.98,1737.18,1732.41,1736.35,2856.0708
1781991900000,1736.36,1738.01,1733.21,1735.33,4367.3984
1781992800000,1735.33,1740.26,1732.96,1738.85,4985.125
1781993700000,1738.84,1744.58,1736.34,1743.01,2449.0182
1781994600000,1743.01,1746.17,1740.79,1743.21,3233.5907
1781995500000,1743.21,1745.18,1741.2,1743.32,2589.7951
1781996400000,1743.32,1743.69,1741.65,1741.71,3012.8208
1781997300000,1741.71,1743.76,1740.94,1740.99,2077.5846
1781998200000,1740.99,1743.02,1740.52,1742.23,1800.1174
1781999100000,1742.23,1742.23,1740.7,1741.08,1574.7863
1782000000000,1741.08,1741.09,1737,1738.59,1237.1466
1782000900000,1738.59,1739.43,1736.19,1737.36,1052.4974
1782001800000,1737.37,1739.8,1736.76,1738.25,645.8133
1782002700000,1738.25,1739.07,1736.77,1737.92,562.5937
1782003600000,1737.92,1738.25,1735.32,1735.4,652.0784
1782004500000,1735.41,1736.19,1734.5,1735.27,473.9146
1782005400000,1735.27,1738.12,1734.71,1737.38,736.8162
1782006300000,1737.38,1740,1737,1737.01,419.235
1782007200000,1737,1738.18,1735.77,1737.31,375.4591
1782008100000,1737.31,1737.76,1735.66,1736.76,286.2648
1782009000000,1736.76,1737.73,1735.86,1736.7,486.5628
1782009900000,1736.71,1737.82,1735.88,1736.09,485.363
1782010800000,1736.08,1736.54,1733.51,1736.54,1552.9287
1782011700000,1736.54,1741.45,1735.03,1736.63,1344.3284
1782012600000,1736.64,1739.9,1736.01,1739.26,671.4563
1782013500000,1739.26,1739.59,1737.87,1737.87,503.4705
1782014400000,1737.88,1738.2,1735.32,1736.26,739.1421
1782015300000,1736.25,1740.44,1736.25,1739.16,656.2345
1782016200000,1739.15,1741.41,1737.44,1737.77,652.4244
1782017100000,1737.76,1737.77,1731.63,1732.85,1533.0584
1782018000000,1732.85,1733.77,1731.14,1731.87,812.8043
1782018900000,1731.86,1735.4,1729.8,1735.08,1585.0289
1782019800000,1735.08,1736.27,1733.62,1734.17,585.4222
1782020700000,1734.17,1734.18,1732,1733.47,467.244
1782021600000,1733.46,1735.59,1732.52,1734.7,7632.2552
1782022500000,1734.7,1736.82,1734.24,1736.22,473.936
1782023400000,1736.22,1738.66,1735.21,1737.31,546.7286
1782024300000,1737.31,1737.53,1736,1736.14,338.5647
1782025200000,1736.14,1736.44,1734.37,1735.34,766.5685
1782026100000,1735.34,1735.79,1733,1733.29,525.9411
1782027000000,1733.29,1734.35,1733,1734.15,1252.1857
1782027900000,1734.16,1734.49,1731.79,1732.36,581.1169
1782028800000,1732.36,1733.22,1729.79,1731.04,1126.1659
1782029700000,1731.04,1731.07,1729,1729.42,650.8348
1782030600000,1729.41,1730.23,1724,1728.55,2074.1739
1782031500000,1728.55,1729.11,1726.61,1729.1,656.3934
1782032400000,1729.11,1730.08,1727.36,1727.36,505.2586
1782033300000,1727.36,1730.92,1725.89,1728.88,706.6307
1782034200000,1728.88,1734.37,1728.88,1731.38,1179.8926
1782035100000,1731.38,1733.66,1731.37,1732.78,689.8658
1782036000000,1732.77,1735.39,1731.57,1734.22,954.4155
1782036900000,1734.22,1737.02,1733.42,1734.53,1018.9908
1782037800000,1734.53,1734.53,1732.43,1732.54,678.6308
1782038700000,1732.54,1733.95,1731.03,1731.38,932.3111
1782039600000,1731.39,1734.81,1729.52,1732.54,1633.7104
1782040500000,1732.53,1732.53,1718.56,1727.7,4742.4116
1782041400000,1727.69,1728.25,1723.86,1726.64,776.046
1782042300000,1726.65,1728.39,1723.36,1725.36,1284.3736
1782043200000,1725.37,1726.58,1721.59,1722.17,1769.5362
1782044100000,1722.17,1722.18,1717.14,1719.28,2926.0299
1782045000000,1719.29,1721.79,1717.33,1720.62,1043.974
1782045900000,1720.62,1726.93,1720.59,1726,2273.1831
1782046800000,1725.99,1728.14,1724,1726.05,1434.3291
1782047700000,1726.06,1727.77,1724.76,1726.27,878.4293
1782048600000,1726.28,1726.89,1722.12,1722.77,891.3822
1782049500000,1722.77,1725.4,1722.7,1725.15,501.16
1782050400000,1725.15,1725.99,1722.63,1723.32,541.2104
1782051300000,1723.31,1724.59,1721.78,1722.39,1702.7029
1782052200000,1722.39,1726.29,1722.15,1725.36,448.1021
1782053100000,1725.36,1728.46,1723.89,1728.44,714.0035
1782054000000,1728.45,1732.2,1727.12,1729.06,1883.0603
1782054900000,1729.06,1732.11,1729,1731.63,691.6299
1782055800000,1731.63,1732.57,1729.69,1730.98,866.4406
1782056700000,1730.98,1731.17,1730.37,1730.72,434.6884
1782057600000,1730.71,1730.71,1726.04,1727.6,2710.8418
1782058500000,1727.61,1729.11,1726.37,1726.99,662.8269
1782059400000,1726.99,1727.31,1722.21,1725.29,1491.4686
1782060300000,1725.29,1730,1725.27,1728.15,748.8306
1782061200000,1728.16,1731.54,1727.71,1730.24,1256.5935
1782062100000,1730.25,1730.58,1726.7,1726.78,1512.5297
1782063000000,1726.78,1727.48,1725.97,1727.07,1569.1262
1782063900000,1727.08,1729.18,1727.08,1727.36,313.7252
1782064800000,1727.37,1727.49,1721.67,1723.56,742.847
1782065700000,1723.56,1726.08,1723.56,1725.85,494.1229
1782066600000,1725.86,1737.56,1725.57,1734.25,4138.1769
1782067500000,1734.25,1737.81,1732.94,1735.39,1707.0186
1782068400000,1735.4,1739.32,1734.59,1736.51,1561.9701
1782069300000,1736.5,1736.62,1733.59,1734.28,498.6546
1782070200000,1734.29,1735.53,1733.75,1734.93,422.3136
1782071100000,1734.93,1736.12,1733.92,1734.14,354.3313
1782072000000,1734.14,1735.34,1731.4,1731.68,553.8154
1782072900000,1731.68,1732.46,1729.28,1730.76,548.7385
1782073800000,1730.77,1731.41,1726.49,1727.88,1278.637
1782074700000,1727.88,1728.11,1717.3,1721.3,3204.6162
1782075600000,1721.32,1722.38,1702,1710.31,6598.4888
1782076500000,1710.31,1717.5,1702.51,1714.5,4219.534
1782077400000,1714.5,1724.19,1714.5,1720.65,2461.1061
1782078300000,1720.65,1721.86,1717.13,1718.6,604.4909
1782079200000,1718.59,1721.38,1712.96,1716.33,2285.6193
1782080100000,1716.35,1719.43,1714.44,1714.63,1294.9053
1782081000000,1714.63,1716.76,1708.57,1714.8,2405.0992
1782081900000,1714.79,1719.72,1714.43,1717.65,859.4855
1782082800000,1717.64,1717.64,1710,1711.84,1580.3655
1782083700000,1711.84,1716.37,1710.55,1713.54,1263.7705
1782084600000,1713.54,1714.54,1704.25,1706.38,3578.2638
1782085500000,1706.39,1709.34,1704.8,1706.94,1595.6037
1782086400000,1706.94,1715.68,1706.94,1712.72,1991.4699
1782087300000,1712.72,1721.11,1712.48,1720.22,2037.321
1782088200000,1720.23,1732.2,1719.36,1725.89,4115.0572
1782089100000,1725.89,1729.75,1720.54,1726.95,1986.5324
1782090000000,1726.95,1730.49,1724.56,1725.81,1677.0293
1782090900000,1725.82,1759.84,1725.82,1752.43,14616.7417
1782091800000,1752.42,1754.86,1741.74,1744.43,4442.4281
1782092700000,1744.43,1746.82,1743.17,1743.82,1966.7722
1782093600000,1743.83,1745.28,1738.67,1740.73,1892.8472
1782094500000,1740.72,1745,1739.17,1741.8,1716.409
1782095400000,1741.81,1745.13,1740.01,1742.99,1096.8125
1782096300000,1742.99,1743.26,1737.28,1737.28,1593.9904
1782097200000,1737.27,1737.33,1726.54,1731.61,3177.9926
1782098100000,1731.62,1740,1731.62,1736.59,1326.6578
1782099000000,1736.59,1740.98,1734.21,1734.96,2339.4608
1782099900000,1734.96,1735.53,1727,1730,2268.4687
1782100800000,1730,1733.79,1727.69,1732.24,1210.1926
1782101700000,1732.23,1734.97,1730.87,1734.51,1510.1188
1782102600000,1734.52,1735.55,1731.12,1731.95,2783.6227
1782103500000,1731.95,1735.96,1731.94,1735.31,961.346
1782104400000,1735.3,1738.18,1734.2,1737.02,1480.2838
1782105300000,1737.02,1739.83,1735.89,1737.77,2166.9676
1782106200000,1737.77,1739.51,1736.08,1737.61,1175.3547
1782107100000,1737.6,1738.07,1735.72,1736.85,686.0563
1782108000000,1736.85,1740.21,1733.98,1738.03,1549.5403
1782108900000,1738.03,1739.97,1735.69,1736.52,2348.1101
1782109800000,1736.51,1736.63,1733.24,1734.67,1720.2192
1782110700000,1734.65,1735.86,1733.21,1735.06,1197.2968
1782111600000,1735.07,1746.45,1734.76,1744.39,5866.9952
1782112500000,1744.38,1749.25,1743.89,1748.12,2538.6127
1782113400000,1748.12,1751.58,1747.35,1747.82,2719.9329
1782114300000,1747.81,1749.44,1745.15,1746.34,1641.7859
1782115200000,1746.34,1752.23,1743.56,1751.83,1890.1262
1782116100000,1751.82,1752.11,1746.21,1746.39,1861.3529
1782117000000,1746.4,1749.48,1743.93,1749.48,1483.7871
1782117900000,1749.47,1750.8,1746.1,1747.79,1204.8517
1782118800000,1747.8,1750.38,1747.12,1748.72,1947.8493
1782119700000,1748.73,1749.87,1745.45,1746.21,3207.3881
1782120600000,1746.22,1748.95,1743.75,1746.98,1681.2231
1782121500000,1746.98,1747.57,1745.73,1746.2,728.9638
1782122400000,1746.19,1751.58,1745.23,1749.56,1244.8773
1782123300000,1749.56,1750.81,1747.12,1747.51,835.6511
1782124200000,1747.52,1751.39,1747,1747.09,960.0714
1782125100000,1747.08,1749.97,1747.08,1748.81,615.8427
1782126000000,1748.81,1757.45,1747.48,1751.91,4980.014
1782126900000,1751.92,1754.97,1748.97,1752.68,2117.6369
1782127800000,1752.69,1765.44,1752.69,1763.68,7348.0447
1782128700000,1763.68,1774.7,1762.65,1767.68,7846.2709
1782129600000,1767.68,1772,1764.22,1765.74,5310.5613
1782130500000,1765.73,1769.51,1763.77,1767.15,2537.0929
1782131400000,1767.16,1767.37,1761.29,1764.17,3637.6949
1782132300000,1764.17,1767.14,1761.68,1764,2044.6181
1782133200000,1764,1766.85,1762.93,1764.34,2465.7837
1782134100000,1764.34,1765.95,1762.23,1764.44,1888.001
1782135000000,1764.44,1779.9,1762.06,1774.08,11943.8287
1782135900000,1774.08,1777.51,1771.7,1777.51,4318.7456
1782136800000,1777.52,1778,1766.42,1767.9,4283.36
1782137700000,1767.9,1768.19,1754.89,1755.39,4496.6517
1782138600000,1755.38,1759.26,1751.62,1753.58,5046.4807
1782139500000,1753.58,1758.36,1749.85,1754.61,3311.098
1782140400000,1754.62,1758.06,1751.24,1755.59,2259.01
1782141300000,1755.59,1756.55,1751.13,1754.15,3736.7724
1782142200000,1754.16,1756.44,1752.47,1754.46,2819.266
1782143100000,1754.46,1754.88,1742.41,1744.74,4296.6402
1782144000000,1744.75,1746.29,1737,1742,5843.3443
1782144900000,1742.01,1745,1738.51,1741.93,2558.9119
1782145800000,1741.93,1742.6,1734.66,1738.14,4697.3822
1782146700000,1738.13,1742.86,1733.71,1740.1,3931.3724
1782147600000,1740.1,1743.12,1738.99,1741.43,1405.5393
1782148500000,1741.44,1742.13,1733.92,1734.39,2298.9368
1782149400000,1734.39,1736.14,1731.32,1734.93,3521.2887
1782150300000,1734.94,1742.27,1734.7,1740.93,1859.1786
1782151200000,1740.92,1746.54,1740.92,1745.67,2152.1266
1782152100000,1745.67,1747.7,1740.7,1741.72,1879.7843
1782153000000,1741.72,1743,1739.69,1739.91,1870.2821
1782153900000,1739.91,1740.26,1729.42,1733.51,6669.0005
1782154800000,1733.51,1735.64,1729.56,1734.97,3674.0306
1782155700000,1734.96,1736.82,1729.15,1731.38,3637.6322
1782156600000,1731.39,1735.8,1730.96,1733.54,1531.5606
1782157500000,1733.54,1735.46,1730.01,1734.59,2125.7709
1782158400000,1734.59,1740.07,1734.03,1736.67,1956.9712
1782159300000,1736.67,1738.13,1732.04,1733.79,1310.3195
1782160200000,1733.79,1736.49,1733.49,1736.12,919.2873
1782161100000,1736.11,1736.87,1731.14,1734.61,1348.7217
1782162000000,1734.61,1737.53,1733.86,1735.68,1459.1598
1782162900000,1735.67,1735.67,1731.33,1734.01,1020.1463
1782163800000,1734.01,1734.12,1726.83,1729.2,2121.2801
1782164700000,1729.19,1732.76,1728.75,1732.74,1104.706
1782165600000,1732.74,1735.93,1732.03,1733.28,1065.9699
1782166500000,1733.28,1733.6,1718,1722.28,4862.3144
1782167400000,1722.28,1725.42,1717.02,1719.45,3988.7848
1782168300000,1719.45,1724.81,1718.74,1724.15,1424.6041
1782169200000,1724.16,1726.18,1723.05,1723.52,1436.1656
1782170100000,1723.52,1727.56,1721.38,1726.76,1376.3956
1782171000000,1726.76,1730.6,1724.84,1727.18,1998.8316
1782171900000,1727.18,1729.82,1725.9,1728.19,1455.3993
1782172800000,1728.19,1728.57,1724.1,1725.56,1476.5773
1782173700000,1725.56,1727.05,1719.75,1721.8,1511.6624
1782174600000,1721.8,1729.42,1721.8,1729.41,1268.275
1782175500000,1729.41,1731.74,1727.07,1731.27,1370.4952
1782176400000,1731.26,1736.25,1731.26,1732.45,1243.0718
1782177300000,1732.45,1735.44,1731.5,1733.76,756.8486
1782178200000,1733.74,1734.8,1727.5,1728.15,1353.0107
1782179100000,1728.15,1731.62,1721.22,1730.61,2609.0925
1782180000000,1730.61,1732.1,1726.36,1729.28,671.9186
1782180900000,1729.28,1733.35,1729.28,1730.88,903.2587
1782181800000,1730.89,1733.15,1730.4,1732.37,518.7787
1782182700000,1732.37,1735.04,1731.38,1732.65,1043.1865
1782183600000,1732.65,1733.11,1725.98,1728.67,1380.0666
1782184500000,1728.67,1730.72,1727.46,1729.66,681.8705
1782185400000,1729.66,1729.66,1726.69,1727.77,1137.528
1782186300000,1727.77,1730.5,1727.43,1729.9,804.0345
1782187200000,1729.91,1731.25,1728.51,1730.58,629.5182
1782188100000,1730.59,1730.59,1724.85,1727.99,1312.3751
1782189000000,1727.98,1727.99,1722.66,1723.34,1583.6792
1782189900000,1723.35,1724.33,1717.75,1719.07,2457.2216
1782190800000,1719.07,1721.38,1717.35,1719.46,2078.4296
1782191700000,1719.46,1720,1710.5,1713.6,3987.9411
1782192600000,1713.59,1714.84,1710.64,1714.57,2509.179
1782193500000,1714.57,1715.03,1712.16,1713.44,1149.2802
1782194400000,1713.51,1713.7,1703.39,1707.48,4218.9334
1782195300000,1707.48,1709.13,1680.52,1687.39,15347.8016
1782196200000,1687.39,1692.91,1683.56,1690.38,4091.3294
1782197100000,1690.39,1693.34,1689.45,1692.29,1707.3769
1782198000000,1692.3,1694.73,1691.21,1694.15,1908.2548
1782198900000,1694.15,1696.47,1692.5,1693.4,1634.6198
1782199800000,1693.4,1693.64,1687.04,1687.62,4207.9978
1782200700000,1687.63,1689.91,1682.34,1683.01,3092.7126
1782201600000,1683.02,1684.8,1673.93,1675.63,6926.4518
1782202500000,1675.65,1675.73,1635.65,1642.16,27073.6043
1782203400000,1642.15,1652.44,1641.84,1649.37,8168.3291
1782204300000,1649.36,1650.36,1646.07,1648.48,3253.1933
1782205200000,1648.47,1652.16,1648.15,1650.86,2195.2511
1782206100000,1650.86,1654.39,1650.3,1653.8,2147.1427
1782207000000,1653.8,1654.31,1648.26,1649.81,3743.1624
1782207900000,1649.8,1652.11,1649.38,1650.97,1580.2837
1782208800000,1650.97,1658.91,1650.91,1656.51,2607.2428
1782209700000,1656.52,1656.52,1652.58,1654.01,2120.2266
1782210600000,1654,1654.26,1649.37,1650.46,1608.8427
1782211500000,1650.46,1653.1,1649.45,1652.65,1367.3095
1782212400000,1652.65,1655.93,1652.65,1655.86,1519.9354
1782213300000,1655.85,1663.51,1655.38,1660.65,3301.7509
1782214200000,1660.64,1663.68,1659.32,1661.4,1451.7399
1782215100000,1661.4,1663.9,1657.98,1660.9,2191.6938
1782216000000,1660.9,1662.59,1656.77,1658.35,1925.8789
1782216900000,1658.34,1659.88,1656.21,1658.38,1514.027
1782217800000,1658.38,1660.85,1655.42,1658.02,2115.7986
1782218700000,1658.01,1658.74,1653.6,1654.53,3214.6228
1782219600000,1654.54,1655,1649.5,1652.7,3251.3715
1782220500000,1652.69,1652.69,1647.48,1649.19,6026.4777
1782221400000,1649.2,1661.85,1645.52,1659.32,5846.7113
1782222300000,1659.31,1664.13,1656.21,1662.83,3064.0791
1782223200000,1662.82,1668.12,1659.69,1667.71,2586.519
1782224100000,1667.7,1670.44,1658.04,1662.2,3445.9105
1782225000000,1662.2,1672,1659.84,1663.46,3146.3034
1782225900000,1663.46,1666.34,1660.1,1662.1,2721.7052
1782226800000,1662.1,1663.39,1655,1656.99,2277.6893
1782227700000,1656.98,1656.98,1651.77,1654.02,2177.7439
1782228600000,1654.02,1660.92,1654.02,1656.04,2637.6457
1782229500000,1656.03,1659.78,1651.39,1659.78,2888.4706
1782230400000,1659.78,1673.89,1656.99,1668.06,11756.8567
1782231300000,1668.07,1668.94,1661.24,1662.14,1801.3083
1782232200000,1662.13,1663.02,1660.64,1662.53,1892.4816
1782233100000,1662.53,1663.06,1658.48,1659.35,1302.6404
1782234000000,1659.34,1661.04,1655.34,1657.95,2120.2164
1782234900000,1657.94,1663.46,1657.76,1662.8,1180.3272
1782235800000,1662.81,1664.87,1657.87,1659.52,1170.4302
1782236700000,1659.52,1660.53,1654.67,1656.85,962.2024
1782237600000,1656.86,1660.64,1655.2,1658.21,1056.9613
1782238500000,1658.21,1660.06,1655.9,1657.67,3467.9144
1782239400000,1657.67,1657.67,1650.17,1650.97,2253.5014
1782240300000,1650.97,1657.42,1650,1655.53,2459.2015
1782241200000,1655.53,1661.92,1655.47,1659.93,1971.7801
1782242100000,1659.93,1661.92,1656.56,1661.92,1430.3812
1782243000000,1661.92,1662.82,1658.2,1658.21,1356.9949
1782243900000,1658.21,1663.97,1657.38,1662.58,2498.9188
1782244800000,1662.57,1667.64,1662.57,1664.16,2030.0799
1782245700000,1664.16,1665.5,1662.37,1664.28,1352.2284
1782246600000,1664.28,1664.28,1662.07,1663.14,1200.4862
1782247500000,1663.14,1664.32,1661.42,1664.13,842.4368
1782248400000,1664.12,1667.84,1663.52,1665.25,1274.4069
1782249300000,1665.25,1666.94,1664.44,1666.79,633.9203
1782250200000,1666.8,1667.77,1665.64,1667,995.1856
1782251100000,1667.01,1668.37,1666.07,1666.75,981.7609
1782252000000,1666.74,1672,1666.31,1671.27,1458.1011
1782252900000,1671.27,1672.92,1664.13,1665.34,1465.6589
1782253800000,1665.34,1666.42,1663.3,1663.51,737.7136
1782254700000,1663.51,1665.8,1663,1664.67,715.5894
1782255600000,1664.67,1664.68,1660.27,1661.43,1395.2427
1782256500000,1661.44,1665.74,1661.44,1664.13,1557.2793
1782257400000,1664.14,1664.79,1662.15,1662.79,1068.7409
1782258300000,1662.78,1669.55,1662.5,1667.13,1127.6239
1782259200000,1667.13,1673.11,1666.75,1671.17,1569.5591
1782260100000,1671.17,1672.3,1667.82,1668.78,943.609
1782261000000,1668.78,1674.72,1667.51,1670.75,1263.6149
1782261900000,1670.74,1673.55,1669,1671.37,893.9648
1782262800000,1671.37,1672.5,1666.52,1672.3,1397.3992
1782263700000,1672.29,1672.96,1666.12,1671.39,1086.6735
1782264600000,1671.39,1680.46,1671.39,1674.56,2709.7073
1782265500000,1674.56,1677.21,1672.22,1672.71,1699.3007
1782266400000,1672.71,1673.62,1668.93,1671.71,1313.3705
1782267300000,1671.7,1671.7,1664.98,1667.79,966.6095
1782268200000,1667.8,1669.5,1663.53,1667.76,1310.2266
1782269100000,1667.76,1668.07,1663.78,1664.03,974.2993
1782270000000,1664.03,1665.95,1662.22,1663.94,2731.6818
1782270900000,1663.94,1664.17,1658.18,1664.17,1669.8909
1782271800000,1664.16,1669.03,1664.16,1668.4,972.011
1782272700000,1668.41,1670.09,1666.13,1666.67,888.5863
1782273600000,1666.67,1667.55,1664.29,1664.81,1031.309
1782274500000,1664.82,1666.49,1658.22,1659.58,1428.3545
1782275400000,1659.58,1665.97,1659.56,1664.57,1582.9791
1782276300000,1664.56,1671.01,1664.56,1669,2370.5661
1782277200000,1669,1671.69,1667.8,1669.36,838.1905
1782278100000,1669.38,1673.39,1669.29,1673.27,1185.5272
1782279000000,1673.27,1679.57,1672.51,1675.84,3259.5672
1782279900000,1675.84,1676.75,1672.82,1674.48,1335.5746
1782280800000,1674.48,1675,1670.54,1673.68,1316.7314
1782281700000,1673.68,1676.99,1672.58,1675.22,1898.5417
1782282600000,1675.23,1677,1674.42,1674.42,703.8269
1782283500000,1674.42,1676.36,1672.79,1674.89,1119.3681
1782284400000,1674.89,1678.53,1672.93,1678,2069.2798
1782285300000,1677.99,1677.99,1673.13,1673.41,974.2359
1782286200000,1673.4,1675.78,1670.94,1672.44,1873.0785
1782287100000,1672.45,1673.97,1671.14,1673.12,1417.3689
1782288000000,1673.13,1674.48,1669.23,1671.09,2181.6831
1782288900000,1671.09,1672.74,1669.48,1670.38,841.874
1782289800000,1670.38,1675.2,1670,1674.23,1169.5309
1782290700000,1674.23,1674.68,1672.56,1673.28,1378.5324
1782291600000,1673.28,1673.38,1668.14,1670.8,1906.7545
1782292500000,1670.8,1670.86,1667.51,1667.65,1408.4914
1782293400000,1667.65,1667.95,1665.29,1666.76,1816.3769
1782294300000,1666.76,1668.61,1665.69,1667.15,1022.2404
1782295200000,1667.14,1667.42,1663.87,1666.43,1639.947
1782296100000,1666.42,1667.81,1662.88,1665.67,2696.4827
1782297000000,1665.67,1668,1664.23,1666.84,1998.0337
1782297900000,1666.85,1666.85,1663.15,1663.69,1056.1761
1782298800000,1663.68,1665.2,1658.83,1658.83,1987.1325
1782299700000,1658.84,1660.32,1655.76,1657.89,1748.5206
1782300600000,1657.9,1669.99,1657.9,1669.84,2683.7999
1782301500000,1669.84,1693.67,1668.56,1679.57,8160.4782
1782302400000,1679.57,1681.29,1676,1678.25,2710.9477
1782303300000,1678.25,1680.21,1675.76,1676.86,2614.6583
1782304200000,1676.85,1678.3,1674.08,1676.56,1544.8759
1782305100000,1676.56,1676.78,1670.52,1671.53,1325.2129
1782306000000,1671.53,1672.17,1652.9,1655.61,4691.5814
1782306900000,1655.61,1660.9,1642.88,1652.15,8363.3784
1782307800000,1652.14,1664.16,1644.55,1648.31,8040.0197
1782308700000,1648.31,1655.24,1641.44,1645.43,6292.7752
1782309600000,1645.42,1650.83,1638.5,1646.12,7101.1698
1782310500000,1646.12,1650.82,1638.14,1649.18,7162.2384
1782311400000,1649.18,1657.4,1646,1650.48,5517.9262
1782312300000,1650.48,1653.29,1643.01,1647.26,3491.9554
1782313200000,1647.27,1647.93,1637.16,1639.65,4414.8493
1782314100000,1639.65,1651.24,1638.61,1644.68,5128.3027
1782315000000,1644.68,1644.69,1624.05,1627.23,10051.9259
1782315900000,1627.24,1627.6,1616.8,1618.08,9948.879
1782316800000,1618.08,1628.34,1616.23,1627.67,7320.8908
1782317700000,1627.67,1636.08,1625.42,1631.78,7369.4882
1782318600000,1631.77,1632.32,1620.01,1623.43,5142.4381
1782319500000,1623.43,1623.43,1585.2,1589.87,28763.971
1782320400000,1589.86,1597.83,1583,1588.21,8190.785
1782321300000,1588.2,1590.24,1567.74,1576.67,14586.3638
1782322200000,1576.68,1579.01,1564.19,1567.48,9791.5573
1782323100000,1567.47,1569.48,1552.95,1560.66,11781.8771
1782324000000,1560.66,1569.57,1556.86,1568.51,8854.0948
1782324900000,1568.51,1585.11,1568.41,1578.4,10711.9194
1782325800000,1578.4,1580.31,1574.66,1575.98,3887.9401
1782326700000,1575.97,1576.27,1568.31,1572.26,4273.0672
1782327600000,1572.27,1576.84,1567.12,1571.45,3635.1669
1782328500000,1571.45,1577,1568.68,1576.04,3286.4572
1782329400000,1576.03,1583.62,1572.36,1579.74,3582.6065
1782330300000,1579.74,1585.39,1578.5,1584.58,4128.1196
1782331200000,1584.59,1612.48,1580,1610.56,11205.5278
1782332100000,1610.55,1617.22,1608.11,1613.22,4482.5894
1782333000000,1613.22,1617.38,1608.92,1612.31,3790.3623
1782333900000,1612.3,1622.12,1611.48,1613.63,4485.1076
1782334800000,1613.63,1615.11,1606.09,1609.64,3640.4365
1782335700000,1609.63,1612.11,1608.26,1611.77,1902.5003
1782336600000,1611.77,1619.75,1610.2,1618.24,2042.211
1782337500000,1618.24,1621.81,1615.51,1621.37,2736.1279
1782338400000,1621.37,1629.82,1619.69,1619.74,4866.5198
1782339300000,1619.74,1619.74,1615,1615.68,2941.1688
1782340200000,1615.67,1618,1614.92,1617.49,1784.8337
1782341100000,1617.49,1617.49,1613.65,1615.46,1642.3964
1782342000000,1615.45,1617.67,1613.75,1616.83,1772.6287
1782342900000,1616.83,1622.28,1615.51,1619.56,1400.3909
1782343800000,1619.56,1622,1618,1619.78,1327.0087
1782344700000,1619.78,1623.46,1618.11,1622.17,1510.0332
1782345600000,1622.18,1626.51,1622.01,1625.29,1921.6655
1782346500000,1625.28,1625.59,1620.15,1620.54,1161.253
1782347400000,1620.55,1622.87,1618.77,1619.04,1680.7423
1782348300000,1619.04,1621.93,1616.56,1619.12,5319.1669
1782349200000,1619.12,1622,1615.47,1617.17,1420.7358
1782350100000,1617.16,1622.07,1614.69,1618.99,1405.3002
1782351000000,1618.98,1622.22,1618.6,1619.39,1244.8208
1782351900000,1619.39,1624.24,1618.31,1620.72,988.9687
1782352800000,1620.73,1621.47,1615.04,1616.32,551.7348
1782353700000,1616.32,1620.39,1615.09,1620.35,484.0125
1782354600000,1620.34,1620.35,1615.32,1616.28,810.0866
1782355500000,1616.28,1621.34,1615.83,1621,1757.8458
1782356400000,1621.01,1624.12,1618.01,1618.8,1956.6212
1782357300000,1618.79,1621.02,1616.23,1619.21,1319.4679
1782358200000,1619.21,1620.49,1616.5,1616.78,781.7295
1782359100000,1616.77,1620.64,1616.71,1619.6,1132.9439
1782360000000,1619.61,1620.41,1617.71,1618.01,1169.1748
1782360900000,1618.01,1620.97,1617.36,1619.25,941.1516
1782361800000,1619.25,1622.9,1617.12,1622.9,1267.7786
1782362700000,1622.9,1636.52,1622.45,1635.03,7237.9263
1782363600000,1635.04,1650,1633.58,1645.38,10611.062
1782364500000,1645.39,1651.41,1641.74,1647.82,7899.6401
1782365400000,1647.82,1652.23,1644.87,1644.88,5691.4773
1782366300000,1644.87,1648.96,1644.1,1645.89,5172.5669
1782367200000,1645.89,1649.66,1644.15,1647.39,2659.292
1782368100000,1647.39,1650.67,1646.12,1648.54,2231.8799
1782369000000,1648.53,1655.23,1647.45,1654.51,3576.8666
1782369900000,1654.5,1660.54,1652.04,1653.95,4621.7393
1782370800000,1653.95,1656.02,1651.22,1653.07,3673.6484
1782371700000,1653.08,1656.54,1652.94,1654.94,2530.2362
1782372600000,1654.93,1659.89,1654.93,1658.01,2440.8783
1782373500000,1658,1658.84,1654.63,1657.19,1863.485
1782374400000,1657.2,1658.98,1654.42,1654.44,1224.9862
1782375300000,1654.44,1654.57,1651.03,1653.42,1250.51
1782376200000,1653.42,1653.7,1651.6,1653.44,1336.5468
1782377100000,1653.44,1654.6,1651.51,1652.92,1325.6827
1782378000000,1652.93,1655.41,1652.1,1653.64,1181.7647
1782378900000,1653.65,1654.09,1647.43,1648.27,1908.0681
1782379800000,1648.28,1650.46,1647.43,1648.23,754.3228
1782380700000,1648.23,1649.36,1646.62,1648.88,1447.7615
1782381600000,1648.89,1649.43,1646.83,1648.47,1441.6977
1782382500000,1648.46,1649.83,1642.88,1643.45,3400.4333
1782383400000,1643.44,1644.19,1636.92,1636.92,3926.7703
1782384300000,1636.92,1638.85,1633.6,1636.58,3511.3761
1782385200000,1636.58,1638.41,1628.05,1636.91,9336.1744
1782386100000,1636.9,1639.17,1630.32,1630.89,4858.9915
1782387000000,1630.89,1635.22,1630.89,1632.11,1689.7583
1782387900000,1632.11,1633.38,1628.54,1633.27,5430.4558
1782388800000,1633.28,1634.72,1629.71,1631.81,1241.5745
1782389700000,1631.81,1632.01,1624.71,1627.11,2718.145
1782390600000,1627.12,1650.38,1627.12,1637.21,8147.1061
1782391500000,1637.2,1640.39,1633.99,1635.81,1975.3155
1782392400000,1635.82,1640.98,1634.59,1638.63,2314.8843
1782393300000,1638.63,1639.16,1633.43,1634.5,2009.5145
1782394200000,1634.5,1637.55,1591.3,1592.67,12423.9474
1782395100000,1592.68,1600.75,1532.9,1538.15,53230.3148
1782396000000,1538.15,1575.57,1538.15,1565.18,30281.3555
1782396900000,1565.18,1571.2,1550.77,1563.85,14743.8068
1782397800000,1563.84,1593.07,1559.95,1567.37,20172.4867
1782398700000,1567.38,1578.74,1563.63,1568.37,9041.6095
1782399600000,1568.37,1568.77,1552.25,1554.18,9413.8294
1782400500000,1554.17,1566.19,1544.68,1561.77,15024.1644
1782401400000,1561.78,1567.42,1555.38,1560.06,7092.7078
1782402300000,1560.06,1573.55,1559.3,1570.01,8663.2673
1782403200000,1570.01,1587.7,1568.18,1577.62,14214.2682
1782404100000,1577.62,1578.47,1573.02,1576.52,4215.7904
1782405000000,1576.52,1576.52,1561.89,1563.39,4516.9537
1782405900000,1563.4,1564.12,1558.17,1562.04,4508.5934
1782406800000,1562.04,1569.66,1557.56,1568.09,3654.0603
1782407700000,1568.1,1575.43,1565.08,1570.29,5229.5772
1782408600000,1570.29,1574.51,1568.62,1569.8,2736.8032
1782409500000,1569.79,1574.97,1566.48,1574.92,4552.7666
1782410400000,1574.92,1577.49,1564.75,1565.19,4168.8754
1782411300000,1565.19,1577,1564.55,1573.52,4338.6516
1782412200000,1573.52,1573.52,1560,1563.76,4312.1119
1782413100000,1563.76,1570.11,1561.07,1567.56,2261.5161
1782414000000,1567.56,1567.83,1557.39,1559.22,2984.9849
1782414900000,1559.21,1560.87,1554.6,1559.97,3731.964
1782415800000,1559.97,1562.75,1557.97,1558.55,2313.3808
1782416700000,1558.54,1560.73,1555.28,1559.42,2580.1187
1782417600000,1559.41,1570.42,1559.41,1567.01,3098.3432
1782418500000,1567.01,1570.74,1566.72,1567.53,1321.1563
1782419400000,1567.54,1568.5,1560.72,1563.39,1709.3085
1782420300000,1563.38,1563.38,1556.73,1560.33,2952.9194
1782421200000,1560.33,1564.99,1560.14,1564.49,2937.0394
1782422100000,1564.49,1568.72,1563.47,1568.19,1439.6312
1782423000000,1568.18,1578.49,1567.83,1575.01,3617.6667
1782423900000,1575.01,1583.09,1573.04,1580.77,3369.0215
1782424800000,1580.76,1583.65,1570.08,1570.08,4271.0034
1782425700000,1570.07,1573.78,1566.62,1568.82,2163.6229
1782426600000,1568.82,1572.79,1568.16,1571.02,2041.9815
1782427500000,1571.02,1573.77,1568.25,1570.3,2118.2008
1782428400000,1570.29,1572.93,1567.81,1572.68,1236.4939
1782429300000,1572.68,1579.08,1572.27,1577.51,3662.425
1782430200000,1577.52,1579.82,1570.71,1572.31,2152.3112
1782431100000,1572.3,1572.3,1564.57,1567.84,2214.2353
1782432000000,1567.86,1571.78,1567.73,1571.31,1536.8858
1782432900000,1571.31,1571.31,1566.18,1569,1058.2216
1782433800000,1568.99,1571.29,1566.61,1569.02,1019.6817
1782434700000,1569.02,1569.7,1563.69,1564.72,1314.6744
1782435600000,1564.73,1568.65,1559.3,1565.01,1562.0597
1782436500000,1565.01,1567.31,1557.42,1557.77,2321.152
1782437400000,1557.77,1561.44,1555.33,1558.86,1997.2217
1782438300000,1558.87,1562.64,1557.88,1560.13,1169.9357
1782439200000,1560.13,1560.94,1521,1522.68,13854.584
1782440100000,1522.69,1538.48,1520,1537.76,10507.908
1782441000000,1537.75,1542.01,1530.64,1535.91,5264.455
1782441900000,1535.92,1535.92,1522.51,1524.7,5553.4269
1782442800000,1524.7,1534.37,1512,1532.6,15111.289
1782443700000,1532.6,1536.19,1525.64,1532.8,5940.5811
1782444600000,1532.81,1540.72,1529.21,1540.22,5084.7096
1782445500000,1540.21,1563.65,1539.85,1557.93,10269.2145
1782446400000,1557.93,1558.88,1552.95,1555.14,3135.6787
1782447300000,1555.13,1560.7,1550.26,1552.75,2794.3845
1782448200000,1552.75,1554.38,1549.23,1552.55,1770.4094
1782449100000,1552.56,1552.97,1547.41,1549.79,1221.2121
1782450000000,1549.8,1553,1548.4,1552.93,3260.9715
1782450900000,1552.94,1559.22,1550.68,1557.05,3632.0246
1782451800000,1557.05,1559.16,1554.54,1555.24,2839.7633
1782452700000,1555.24,1557.07,1552.18,1555.69,1667.0366
1782453600000,1555.68,1555.68,1543.43,1546.25,5235.3302
1782454500000,1546.24,1561.18,1545.78,1560.36,3086.058
1782455400000,1560.36,1572.85,1557.86,1572.48,4383.6858
1782456300000,1572.48,1574.02,1567.99,1570.99,2372.3742
1782457200000,1571,1578.68,1570.65,1577.57,3930.7449
1782458100000,1577.56,1582,1575.92,1578.67,4609.657
1782459000000,1578.67,1586.5,1578.08,1579.66,12279.9845
1782459900000,1579.68,1583.34,1579.68,1581.12,12517.171
1782460800000,1581.12,1582.43,1571.35,1573.47,6980.1762
1782461700000,1573.47,1575.46,1570.4,1572.9,11230.3991
1782462600000,1572.9,1573.39,1566.42,1567.12,5026.675
1782463500000,1567.12,1569.33,1563.55,1566.43,4616.0054
1782464400000,1566.44,1567.05,1560.07,1563.41,4393.9086
1782465300000,1563.42,1563.42,1559.84,1562.68,2300.841
1782466200000,1562.67,1567.28,1560.93,1563.45,4214.6556
1782467100000,1563.46,1564.26,1549.33,1552.99,5816.7786
1782468000000,1552.99,1555.04,1549.45,1552.89,2833.33
1782468900000,1552.9,1556.15,1551.6,1553.22,1972.6541
1782469800000,1553.22,1554.99,1545,1549.91,2707.9408
1782470700000,1549.9,1550.65,1545.76,1548.37,2892.0465
1782471600000,1548.36,1555.2,1546.99,1551.55,3945.5049
1782472500000,1551.55,1551.55,1545.05,1546.37,5959.2521
1782473400000,1546.37,1549.75,1545.78,1547.26,2099.6695
1782474300000,1547.25,1548.32,1541.01,1545.14,3848.8651
1782475200000,1545.15,1549.48,1542.83,1545.79,2550.3851
1782476100000,1545.79,1552,1545.72,1551.8,2660.7394
1782477000000,1551.79,1560.61,1527.81,1530.83,9595.8075
1782477900000,1530.82,1544.48,1528.1,1536.28,5809.6181
1782478800000,1536.29,1541.85,1530.71,1535.19,3679.8014
1782479700000,1535.2,1536.41,1521.54,1534.14,8161.6234
1782480600000,1534.15,1548.55,1529.09,1547,9768.8757
1782481500000,1547,1571.4,1542.33,1569.4,13822.8379
1782482400000,1569.4,1573.29,1559.1,1566.06,10945.8323
1782483300000,1566.05,1575.36,1561.09,1569.94,7944.0992
1782484200000,1569.94,1571.85,1555.29,1557.89,7403.2319
1782485100000,1557.89,1570.35,1553.66,1559.98,6834.948
1782486000000,1559.98,1576.65,1559.56,1567.18,5549.1638
1782486900000,1567.17,1587.21,1565.48,1580.02,11917.9898
1782487800000,1580.02,1588.23,1578.68,1585.28,6495.7382
1782488700000,1585.27,1585.86,1572.79,1580.14,6965.1657
1782489600000,1580.13,1594.7,1578.56,1579.62,8003.6375
1782490500000,1579.63,1582.46,1572.44,1575.81,3885.3706
1782491400000,1575.82,1588.16,1575.82,1579.69,4425.4729
1782492300000,1579.7,1582.44,1576.46,1577.84,2962.6649
1782493200000,1577.83,1587.93,1576.59,1586.05,4485.5297
1782494100000,1586.05,1589.03,1582.43,1586.34,5229.9082
1782495000000,1586.35,1588.06,1579.8,1583.7,2939.5076
1782495900000,1583.7,1586.19,1580.66,1581.92,1958.194
1782496800000,1581.91,1585.51,1581.54,1582.47,1710.43
1782497700000,1582.47,1583.47,1574.75,1575.55,2828.3519
1782498600000,1575.55,1577.78,1574.11,1577.12,1776.2479
1782499500000,1577.11,1577.11,1570.32,1573.34,3334.5122
1782500400000,1573.35,1584.2,1570.5,1581.04,2882.7977
1782501300000,1581.04,1581.49,1577.64,1578.59,1642.0036
1782502200000,1578.59,1583.4,1577.44,1578.79,2607.4494
1782503100000,1578.8,1580.47,1573.43,1574.51,3577.6387
1782504000000,1574.51,1583.4,1574.47,1575.78,3784.839
1782504900000,1575.77,1579.47,1575.77,1578.79,1970.0355
1782505800000,1578.79,1578.92,1568.49,1568.64,4615.8689
1782506700000,1568.64,1573.07,1568,1571.03,2430.9632
1782507600000,1571.02,1573.91,1568.43,1573.56,2078.3154
1782508500000,1573.55,1575,1572.19,1574.87,887.6135
1782509400000,1574.87,1578.5,1573.5,1577.95,1157.5521
1782510300000,1577.95,1579.4,1575.18,1575.18,1006.0379
1782511200000,1575.17,1575.86,1569.44,1575.31,1494.2737
1782512100000,1575.3,1576.23,1573.17,1573.37,1120.5934
1782513000000,1573.37,1576.98,1571.6,1576.42,1031.2964
1782513900000,1576.43,1579.45,1575,1577.95,798.4094
1782514800000,1577.94,1580.34,1577.14,1578.9,1247.8605
1782515700000,1578.91,1579.2,1575.68,1575.69,795.5343
1782516600000,1575.68,1580.76,1574.44,1579.83,1202.86
1782517500000,1579.84,1580.7,1577.72,1578.68,572.6224
1782518400000,1578.68,1582.07,1578.36,1579.71,789.7075
1782519300000,1579.72,1580.29,1577,1577.44,747.0861
1782520200000,1577.45,1577.45,1571.55,1573.66,1859.8868
1782521100000,1573.65,1577.71,1572.69,1576.82,481.5634
1782522000000,1576.83,1577.13,1574,1574.98,394.0824
1782522900000,1574.99,1577.14,1574.04,1577.13,399.193
1782523800000,1577.13,1577.7,1575.16,1576.31,482.8373
1782524700000,1576.3,1577.33,1575.37,1576.01,303.6837
1782525600000,1576,1581.56,1574.64,1581.38,861.6861
1782526500000,1581.37,1587.17,1580.23,1584.93,2168.5078
1782527400000,1584.93,1585.37,1581.83,1583.88,1301.4263
1782528300000,1583.89,1586,1582.56,1583.13,1041.3074
1782529200000,1583.13,1585.09,1578.41,1578.76,1266.8897
1782530100000,1578.75,1584.34,1578.75,1582.22,1243.5322
1782531000000,1582.23,1583.53,1580.45,1580.69,4094.2009
1782531900000,1580.68,1581.89,1579.02,1580.62,1692.9521
1782532800000,1580.62,1585.22,1580.52,1583.76,1184.6926
1782533700000,1583.76,1585.22,1582.45,1582.66,1075.1726
1782534600000,1582.66,1584.15,1581.42,1581.84,408.9235
1782535500000,1581.85,1582.27,1579,1579.48,1053.2924
1782536400000,1579.48,1581.12,1578.21,1581.11,1412.8487
1782537300000,1581.11,1581.11,1577.13,1577.42,1310.6105
1782538200000,1577.43,1579.59,1577,1579.12,861.2207
1782539100000,1579.12,1580.8,1578.38,1578.65,634.6891
1782540000000,1578.66,1578.89,1575.2,1576.1,652.6235
1782540900000,1576.11,1579.63,1575.35,1578.94,703.2692
1782541800000,1578.93,1583.4,1578.93,1582.95,1351.9664
1782542700000,1582.94,1584.61,1581.23,1582.71,913.3876
1782543600000,1582.71,1583.24,1580.71,1581.33,655.9367
1782544500000,1581.34,1583.86,1580.39,1583.18,977.3775
1782545400000,1583.18,1583.9,1582.19,1583.23,869.6121
1782546300000,1583.24,1586.38,1583.23,1585.71,1154.6623
1782547200000,1585.72,1585.95,1583.6,1583.9,889.4114
1782548100000,1583.9,1584.85,1583.26,1583.73,1505.8879
1782549000000,1583.73,1584.09,1582.05,1582.07,752.3552
1782549900000,1582.07,1585.45,1582.07,1584.18,1967.957
1782550800000,1584.18,1584.91,1580.23,1580.79,1232.9806
1782551700000,1580.8,1581.14,1579.39,1580.78,1062.5044
1782552600000,1580.77,1583.02,1580.77,1581.94,513.9988
1782553500000,1581.94,1582.95,1581.65,1582.93,469.1541
1782554400000,1582.93,1584,1582.18,1583.83,517.4051
1782555300000,1583.83,1584.72,1582.75,1583.09,820.916
1782556200000,1583.09,1584.51,1582.23,1584.51,557.1095
1782557100000,1584.52,1584.97,1583.13,1584.31,396.8948
1782558000000,1584.31,1585.12,1582.13,1584.02,555.9857
1782558900000,1584.02,1584.02,1579.55,1580.57,662.7196
1782559800000,1580.57,1581.6,1579,1581.19,974.9038
1782560700000,1581.19,1584.93,1581.19,1584,575.4077
1782561600000,1584,1584.13,1581.62,1582.65,577.9124
1782562500000,1582.64,1584.44,1582.64,1584.01,413.7437
1782563400000,1584.01,1585.59,1581.42,1582.81,1137.2743
1782564300000,1582.82,1586.49,1582.81,1585.95,1342.4932
1782565200000,1585.95,1588.49,1584.98,1586.84,1881.1726
1782566100000,1586.83,1588.4,1585.6,1586.84,1634.1322
1782567000000,1586.84,1592,1585.73,1590.61,3336.0803
1782567900000,1590.6,1593.23,1590,1592.3,1449.1644
1782568800000,1592.31,1598.88,1589.49,1596.65,2744.7032
1782569700000,1596.65,1596.65,1592.97,1594.19,1219.9558
1782570600000,1594.19,1595.96,1592.06,1595.23,2390.1016
1782571500000,1595.23,1596.59,1593.55,1594.68,1084.5348
1782572400000,1594.68,1608.71,1594.09,1606.96,8272.1512
1782573300000,1606.96,1606.96,1600.29,1602.49,1948.9569
1782574200000,1602.49,1611.02,1602,1605.89,3607.5951
1782575100000,1605.89,1606.32,1604.02,1605.68,1148.3905
1782576000000,1605.68,1606,1603.1,1603.99,1249.199
1782576900000,1603.98,1603.99,1601.7,1603.18,954.4727
1782577800000,1603.17,1606.39,1602.12,1605.45,1216.5294
1782578700000,1605.44,1607.92,1604.22,1606.97,1236.9402
1782579600000,1606.98,1607.1,1588.6,1595.9,6860.1306
1782580500000,1595.9,1597.53,1592.41,1594.84,1294.0081
1782581400000,1594.85,1596.66,1590.92,1593.9,1482.8988
1782582300000,1593.89,1595.29,1591.41,1591.42,1122.6778
1782583200000,1591.42,1593.41,1589.2,1592.15,1340.112
1782584100000,1592.16,1593.5,1590.73,1592.7,599.6198
1782585000000,1592.7,1594.6,1592.4,1593.94,407.761
1782585900000,1593.95,1594.7,1592.77,1593.92,428.3649
1782586800000,1593.91,1595.25,1593.47,1594.29,373.8725
1782587700000,1594.29,1594.29,1576.95,1581.67,5401.9588
1782588600000,1581.66,1581.67,1573.36,1578.43,4605.9487
1782589500000,1578.42,1579.95,1577,1578.51,1049.1118
1782590400000,1578.51,1582.6,1578.48,1581.82,761.8524
1782591300000,1581.81,1583.24,1580.38,1581.36,658.2393
1782592200000,1581.37,1582.08,1580.78,1581,544.6552
1782593100000,1581,1582.59,1580.37,1581.48,414.9465
1782594000000,1581.48,1584.96,1581.48,1584.43,846.6905
1782594900000,1584.42,1585.07,1581.33,1584.83,1099.9605
1782595800000,1584.84,1585.69,1577.94,1578.78,897.666
1782596700000,1578.79,1580.83,1573.93,1575.38,2925.7304
1782597600000,1575.38,1576.37,1572.4,1574.55,1544.8217
1782598500000,1574.55,1576.15,1562.86,1575.32,4419.1649
1782599400000,1575.33,1579.15,1575.24,1576.37,1148.1635
1782600300000,1576.37,1579.56,1576.11,1578.98,497.0466
1782601200000,1578.98,1581.58,1572.69,1573.3,1733.6385
1782602100000,1573.29,1575.21,1570.55,1572.38,1154.4966
1782603000000,1572.38,1575.37,1571.79,1575.28,693.7659
1782603900000,1575.29,1575.3,1573.4,1573.99,635.1333
1782604800000,1574,1576.8,1572.71,1576.04,727.6822
1782605700000,1576.04,1578.08,1576.03,1577.72,517.9898
1782606600000,1577.72,1577.91,1574.86,1576.31,737.2535
1782607500000,1576.31,1577.13,1573.68,1574.75,972.0936
1782608400000,1574.74,1575.27,1570,1572.33,1011.9338
1782609300000,1572.34,1576.22,1571.69,1575.56,875.1706
1782610200000,1575.56,1576.95,1574.55,1576.52,974.0198
1782611100000,1576.52,1576.53,1574.84,1575.11,643.0653
1782612000000,1575.11,1579.35,1575.1,1578.7,597.9376
1782612900000,1578.7,1580.05,1569.07,1571.77,2305.3621
1782613800000,1571.78,1572.76,1571.02,1571.94,672.2342
1782614700000,1571.95,1573.1,1570.81,1572,451.7712
1782615600000,1572.01,1576.11,1572.01,1575.63,447.9817
1782616500000,1575.64,1575.64,1573.85,1574.7,417.6667
1782617400000,1574.71,1575.04,1573.25,1573.63,342.7526
1782618300000,1573.63,1575.54,1573,1575.08,464.353
1782619200000,1575.08,1575.09,1572.49,1573.86,533.9566
1782620100000,1573.87,1575.69,1573.87,1574.37,1080.7245
1782621000000,1574.37,1575.66,1570.64,1575.46,748.225
1782621900000,1575.47,1577.34,1574.04,1574.32,726.4575
1782622800000,1574.32,1574.33,1569.71,1572.04,745.4548
1782623700000,1572.05,1572.87,1564.33,1565.89,3131.4908
1782624600000,1565.89,1569.67,1564.47,1568.83,1898.3697
1782625500000,1568.82,1570.81,1568.49,1569.17,806.2369
1782626400000,1569.18,1570.65,1563.5,1563.57,1705.6755
1782627300000,1563.57,1566.77,1562.41,1565.58,1899.5897
1782628200000,1565.58,1568.12,1565.39,1567.33,571.2538
1782629100000,1567.33,1569.2,1566.73,1567.84,1662.6382
1782630000000,1567.85,1573.76,1567.84,1572.7,2122.5297
1782630900000,1572.7,1572.72,1571.18,1571.4,884.2939
1782631800000,1571.4,1575.95,1570.99,1575.19,1571.8463
1782632700000,1575.2,1577.13,1574.75,1575.96,948.5153
1782633600000,1575.96,1578.68,1573.75,1574.65,909.3115
1782634500000,1574.64,1576.24,1574.2,1575.07,1033.6385
1782635400000,1575.08,1585.32,1575.07,1581.92,3294.4501
1782636300000,1581.93,1584,1581.26,1581.58,3102.3095
1782637200000,1581.58,1586.35,1580.05,1582.77,1728.3525
1782638100000,1582.77,1583.24,1581.33,1582.17,672.6863
1782639000000,1582.16,1584.45,1581.46,1583.75,2483.3925
1782639900000,1583.75,1584.41,1578.37,1579.09,1263.8441
1782640800000,1579.08,1581.42,1576.96,1580.73,1595.1672
1782641700000,1580.73,1580.84,1572.23,1573.79,1931.6657
1782642600000,1573.79,1575.99,1573.79,1575.61,644.6304
1782643500000,1575.62,1577.44,1575.56,1577.16,1086.2586
1782644400000,1577.16,1581.16,1575.9,1576.45,1005.3385
1782645300000,1576.46,1583.53,1576,1582.05,1080.0043
1782646200000,1582.05,1582.51,1579.15,1581.34,936.7342
1782647100000,1581.35,1584,1580.53,1582.87,1100.1464
1782648000000,1582.86,1583.84,1581.11,1581.9,2572.1826
1782648900000,1581.89,1585,1578.21,1584.67,2150.8947
1782649800000,1584.67,1588.82,1579.31,1580.67,2370.4853
1782650700000,1580.67,1584.05,1580.67,1583.56,1881.9356
1782651600000,1583.56,1583.85,1575.04,1580.27,1616.747
1782652500000,1580.28,1582.07,1578.38,1580.5,865.1727
1782653400000,1580.5,1583.15,1578.24,1582.68,1276.3266
1782654300000,1582.67,1582.97,1579.38,1579.68,545.0063
1782655200000,1579.68,1582.57,1577.92,1582.07,926.0078
1782656100000,1582.06,1586.36,1580,1582.41,1416.7047
1782657000000,1582.42,1584.47,1581.12,1583.11,1229.2312
1782657900000,1583.11,1586.13,1580.97,1581.56,1321.6054
1782658800000,1581.55,1584.82,1577.2,1583.6,2217.8453
1782659700000,1583.61,1585.36,1580.65,1582.38,989.1987
1782660600000,1582.37,1584.75,1579.61,1581.88,1136.7528
1782661500000,1581.88,1583.2,1577.39,1580.89,1158.4586
1782662400000,1580.9,1581.94,1577.57,1578.79,1216.7177
1782663300000,1578.78,1580.08,1573.55,1576.61,1839.2981
1782664200000,1576.62,1577.05,1567.45,1567.79,3939.0195
1782665100000,1567.8,1573.21,1566.62,1572.85,2398.4332
1782666000000,1572.84,1577.36,1568.08,1570.73,1746.8457
1782666900000,1570.73,1571.6,1567.15,1567.74,1237.7417
1782667800000,1567.73,1570.8,1563.53,1569.15,3043.426
1782668700000,1569.14,1573.5,1568.49,1572.35,802.059
1782669600000,1572.34,1575.15,1571.65,1573.35,874.4419
1782670500000,1573.34,1573.48,1569.37,1569.99,1367.0297
1782671400000,1569.99,1572.83,1569.08,1571.18,616.4746
1782672300000,1571.18,1572.81,1569.26,1571.78,779.1072
1782673200000,1571.79,1571.79,1567.47,1569.57,647.488
1782674100000,1569.57,1570.46,1567.62,1570.31,1043.5415
1782675000000,1570.32,1574.55,1567.7,1568.09,717.3649
1782675900000,1568.1,1568.1,1556.81,1564.62,4506.71
1782676800000,1564.61,1573.32,1564.3,1572.92,1907.6676
1782677700000,1572.92,1576.42,1572.21,1574.01,1495.6489
1782678600000,1574.01,1574.94,1572.21,1572.67,697.6504
1782679500000,1572.68,1574.79,1572.08,1573.2,604.0918
1782680400000,1573.2,1573.21,1568.72,1570.84,682.1361
1782681300000,1570.85,1572.11,1569.5,1570.53,610.0856
1782682200000,1570.52,1573.87,1569.78,1570.13,576.3665
1782683100000,1570.13,1570.64,1559.21,1563.62,2215.6258
1782684000000,1563.63,1582.29,1563.62,1571.55,3826.8531
1782684900000,1571.55,1572.47,1559.82,1567.64,3060.3461
1782685800000,1567.64,1570.32,1560.28,1561.25,2337.4863
1782686700000,1561.26,1564.35,1548.37,1557.09,6269.2641
1782687600000,1557.08,1565.43,1555.35,1561.78,2736.0227
1782688500000,1561.78,1571.42,1560.92,1570.05,1691.7872
1782689400000,1570.05,1580.1,1569.67,1575.73,2784.3301
1782690300000,1575.73,1577.25,1571.68,1571.96,1171.0692
1782691200000,1571.96,1574.2,1563.09,1570.15,1884.4993
1782692100000,1570.14,1570.58,1559.64,1560.27,1571.3789
1782693000000,1560.27,1564.69,1552.21,1563.86,3714.3981
1782693900000,1563.86,1574.69,1557.45,1573.53,2190.4441
1782694800000,1573.53,1574.28,1566.1,1567.43,1460.6451
1782695700000,1567.43,1568.79,1560.44,1562.93,1464.1192
1782696600000,1562.93,1573.95,1560.19,1572.22,1637.8771
1782697500000,1572.23,1573.29,1568.6,1568.7,1238.6014
1782698400000,1568.71,1570.57,1550.43,1555.43,2538.5827
1782699300000,1555.44,1575.38,1555.34,1573.06,3785.5495
1782700200000,1573.07,1578.54,1569.71,1576.58,3524.6734
1782701100000,1576.58,1579.15,1575.78,1576.6,2414.7107
1782702000000,1576.6,1588.1,1576.6,1583.81,5005.4109
1782702900000,1583.82,1589.75,1583.16,1587.12,1886.0666
1782703800000,1587.13,1587.86,1577.69,1578.48,1715.5542
1782704700000,1578.47,1585.31,1577.82,1584.78,1307.2614
1782705600000,1584.77,1585.05,1579.99,1580.44,1136.0099
1782706500000,1580.45,1583.6,1578.92,1582.46,895.3823
1782707400000,1582.46,1582.77,1575.23,1577.23,1205.4866
1782708300000,1577.23,1578.1,1574.65,1575.5,1002.0548
1782709200000,1575.5,1576.42,1562.26,1566.93,4178.6072
1782710100000,1566.93,1572.01,1566.92,1570.48,1316.6118
1782711000000,1570.48,1579.37,1568.94,1578.03,1289.6231
1782711900000,1578.03,1583.1,1577.46,1583.1,1769.7033
1782712800000,1583.1,1587.35,1583.1,1585.47,1847.3784
1782713700000,1585.47,1589.08,1583.07,1583.16,1746.7217
1782714600000,1583.17,1584.51,1579.81,1581.48,1170.9882
1782715500000,1581.48,1583.54,1580.76,1582.82,664.0769
1782716400000,1582.82,1583.02,1577.92,1581.35,1202.1121
1782717300000,1581.36,1584.9,1579.25,1581.25,1457.7103
1782718200000,1581.24,1582.33,1579.84,1580.33,1842.6809
1782719100000,1580.34,1582.89,1580,1580.16,1436.4447
1782720000000,1580.17,1582.33,1577.06,1579.86,1233.6825
1782720900000,1579.86,1582.16,1572.24,1573.54,2896.5933
1782721800000,1573.54,1576.5,1569.85,1574.01,1980.5558
1782722700000,1574.01,1576.67,1572.26,1572.98,1041.257
1782723600000,1572.98,1574.99,1572.5,1574.8,2359.0739
1782724500000,1574.8,1580.44,1570.49,1576.71,2309.013
1782725400000,1576.72,1578.16,1573.39,1574.55,1358.4086
1782726300000,1574.56,1577.15,1573.52,1576.2,1602.4773
1782727200000,1576.2,1587,1576.2,1583.84,3504.4224
1782728100000,1583.83,1584.23,1580.8,1581.76,1342.1317
1782729000000,1581.75,1581.76,1578.51,1579.16,1435.847
1782729900000,1579.17,1579.58,1577.46,1578.6,1387.6018
1782730800000,1578.6,1579,1573.14,1573.15,1528.9527
1782731700000,1573.15,1574.36,1570.32,1574.05,3715.2788
1782732600000,1574.05,1582.54,1570.72,1572.2,3449.0279
1782733500000,1572.19,1575.72,1570.58,1574.93,2089.0463
1782734400000,1574.93,1597.28,1566.6,1594.58,12035.6993
1782735300000,1594.58,1596.96,1586.89,1590.57,6620.3152
1782736200000,1590.58,1590.96,1571.87,1575.85,5921.0714
1782737100000,1575.83,1579.45,1570.55,1576.11,4756.6552
1782738000000,1576.12,1588.82,1576.12,1585.17,4487.3858
1782738900000,1585.17,1586.61,1575.25,1575.25,2688.9189
1782739800000,1575.24,1584.87,1566.62,1567.88,8347.5221
1782740700000,1567.87,1575.37,1564.85,1572.74,7363.5121
1782741600000,1572.74,1573.46,1560,1560.4,5505.3488
1782742500000,1560.39,1573.7,1557.35,1571.63,9959.1899
1782743400000,1571.62,1579.34,1567.3,1567.68,5963.1114
1782744300000,1567.67,1575.78,1564.75,1572.9,4100.6115
1782745200000,1572.9,1573.2,1561.7,1565.94,5266.2088
1782746100000,1565.94,1574.18,1563.34,1574.18,3487.0124
1782747000000,1574.2,1582.44,1573.44,1579.11,6798.9934
1782747900000,1579.1,1585.41,1576.33,1580.26,7299.5264
1782748800000,1580.26,1584,1577.12,1577.81,2955.3249
1782749700000,1577.82,1580.31,1574.06,1574.93,2635.4158
1782750600000,1574.93,1587.51,1574.93,1585.49,5272.1588
1782751500000,1585.49,1587.71,1582.47,1585.37,2814.9455
1782752400000,1585.37,1619.1,1585.37,1616.43,15231.6081
1782753300000,1616.44,1632,1616.44,1626.92,16865.1135
1782754200000,1626.91,1634.24,1622.26,1630.83,7686.541
1782755100000,1630.83,1637.58,1627.63,1628.03,7793.2226
1782756000000,1628.04,1628.61,1624.08,1628.27,3409.2703
1782756900000,1628.28,1628.61,1618.37,1619.05,3433.5504
1782757800000,1619.06,1624.24,1618.53,1623.59,2337.092
1782758700000,1623.6,1623.87,1620.02,1621.1,1948.6391
1782759600000,1621.1,1621.42,1616.23,1618.31,2212.9209
1782760500000,1618.31,1626.98,1617.54,1625.92,2618.0308
1782761400000,1625.91,1625.97,1621.52,1624.42,1819.8365
1782762300000,1624.42,1627.36,1623.91,1625.6,1890.8221
1782763200000,1625.6,1626.65,1622.31,1622.75,1449.2242
1782764100000,1622.75,1625.31,1621.35,1622.84,2788.8461
1782765000000,1622.84,1625.66,1622,1622.51,5493.8425
1782765900000,1622.5,1622.5,1617.37,1617.66,1759.686
1782766800000,1617.66,1621.3,1611.5,1619.62,3999.8854
1782767700000,1619.62,1619.66,1615.04,1616.11,1155.9316
1782768600000,1616.12,1622,1616.12,1620.81,2132.701
1782769500000,1620.81,1623,1619.48,1619.99,1196.2438
1782770400000,1620,1620.74,1617.54,1619.12,1351.4645
1782771300000,1619.13,1622.11,1617.4,1617.89,1327.2253
1782772200000,1617.89,1618.19,1613.7,1615.36,1716.2222
1782773100000,1615.37,1616.41,1610.36,1612.9,3259.5057
1782774000000,1612.9,1613.98,1611.85,1612.15,1139.0133
1782774900000,1612.15,1612.58,1607.41,1608.63,2103.9531
1782775800000,1608.62,1612.32,1607.77,1611.23,1530.1986
1782776700000,1611.23,1613.36,1611,1613.07,1304.7218
1782777600000,1613.07,1614.41,1610,1612.06,2094.0725
1782778500000,1612.06,1612.97,1602.64,1603.36,2281.1544
1782779400000,1603.36,1603.36,1592.71,1594.52,5920.9496
1782780300000,1594.52,1598.37,1593.65,1594.41,3735.1905
1782781200000,1594.42,1595.64,1590.6,1592.47,3365.7618
1782782100000,1592.46,1599.83,1591.65,1599.35,1552.1468
1782783000000,1599.35,1599.41,1589,1591.1,3210.5812
1782783900000,1591.1,1594.27,1591.1,1593.92,1007.806
1782784800000,1593.92,1593.93,1587.25,1588.26,2376.6375
1782785700000,1588.26,1592.17,1586.49,1591.69,1519.8214
1782786600000,1591.69,1593.39,1589.83,1592.23,965.834
1782787500000,1592.23,1593.81,1590.51,1590.57,1390.0684
1782788400000,1590.57,1593.54,1590.56,1592.11,2111.2167
1782789300000,1592.1,1596.18,1590.93,1592.17,1201.4643
1782790200000,1592.17,1592.23,1588.6,1590.65,1219.2261
1782791100000,1590.66,1590.66,1586.58,1587.18,848.7788
1782792000000,1587.18,1588.56,1579.79,1588.12,4095.7001
1782792900000,1588.11,1588.3,1583.38,1587.4,1757.9133
1782793800000,1587.4,1590.99,1587.4,1589.07,1368.7708
1782794700000,1589.07,1589.6,1586.86,1588.11,896.3482
1782795600000,1588.1,1590.42,1587.87,1589.48,1968.7248
1782796500000,1589.49,1589.49,1585.6,1585.79,1016.9949
1782797400000,1585.79,1591.11,1585.22,1589.43,1725.8929
1782798300000,1589.44,1592.02,1589.21,1591.6,1497.2522
1782799200000,1591.61,1592.01,1589.8,1590.78,1387.7613
1782800100000,1590.79,1594.42,1589,1594.27,1259.3926
1782801000000,1594.27,1594.28,1592,1592.97,803.9307
1782801900000,1592.96,1594.65,1592.46,1593.72,747.1507
1782802800000,1593.72,1596.25,1590.07,1591.94,1510.6014
1782803700000,1591.94,1592.99,1590.55,1591.37,1033.9368
1782804600000,1591.37,1594.24,1591.37,1591.75,1485.8582
1782805500000,1591.75,1593.82,1591.15,1592.51,2628.8589
1782806400000,1592.51,1594.28,1589.16,1589.38,2173.7976
1782807300000,1589.38,1590.53,1587.12,1589.42,1601.3227
1782808200000,1589.43,1589.68,1579.54,1583,6287.1288
1782809100000,1583,1584.93,1579.56,1583.98,2781.836
1782810000000,1583.97,1587.03,1582.39,1584.88,2001.2623
1782810900000,1584.87,1585.47,1582.29,1583.63,1234.0245
1782811800000,1583.62,1585.68,1581.49,1584.79,2101.0726
1782812700000,1584.8,1586.95,1584.26,1585.35,1371.8725
1782813600000,1585.35,1586.93,1583.09,1585.28,1392.4888
1782814500000,1585.27,1585.97,1583,1583.78,1173.506
1782815400000,1583.78,1584.51,1582.23,1584.38,1277.2288
1782816300000,1584.38,1586.57,1582.96,1584.51,1726.0798
1782817200000,1584.52,1586.15,1583.59,1584.66,1880.1267
1782818100000,1584.66,1585.01,1577.76,1578.81,2698.4784
1782819000000,1578.82,1581.05,1575.85,1580.91,2313.2545
1782819900000,1580.92,1583.63,1577.15,1578.58,1784.3862
1782820800000,1578.57,1578.58,1572.63,1572.91,3345.6435
1782821700000,1572.91,1573.98,1563.23,1565.13,4316.2099
1782822600000,1565.14,1566.15,1562,1564.2,4455.6282
1782823500000,1564.19,1564.92,1551.33,1552.79,9646.0048
1782824400000,1552.8,1562.32,1551.15,1558.99,6852.9604
1782825300000,1558.99,1562.57,1558.99,1560.8,2940.106
1782826200000,1560.81,1567.44,1550.2,1560.1,9330.1266
1782827100000,1560.09,1567.51,1556.36,1567.29,6126.2739
1782828000000,1567.29,1578,1565.03,1572.14,5731.9645
1782828900000,1572.14,1575.33,1569.67,1574.05,2828.644
1782829800000,1574.04,1575.85,1563.24,1572.63,2746.7952
1782830700000,1572.62,1572.62,1561.33,1563.52,2798.6833
1782831600000,1563.52,1567.39,1557.35,1565.45,3274.8593
1782832500000,1565.44,1568.54,1560.45,1565.95,4051.1597
1782833400000,1565.94,1567.26,1562.56,1565.87,1911.306
1782834300000,1565.86,1576.94,1564.34,1565.18,3683.446
1782835200000,1565.19,1572.32,1564.7,1566.62,1650.0967
1782836100000,1566.62,1567.57,1562.06,1563.53,2123.2696
1782837000000,1563.53,1570.22,1561.84,1566.55,4656.997
1782837900000,1566.55,1575,1566.43,1572.38,2036.3213
1782838800000,1572.38,1577.1,1570.32,1570.37,1921.5126
1782839700000,1570.37,1573.44,1570.21,1571.06,1681.5179
1782840600000,1571.07,1572.89,1569.43,1570.48,1473.7784
1782841500000,1570.48,1572,1568.64,1570.86,979.5759
1782842400000,1570.87,1573.83,1569.59,1573.23,1191.1326
1782843300000,1573.22,1581.83,1571.7,1576.93,2978.2705
1782844200000,1576.93,1577.43,1573.14,1574.41,2351.0487
1782845100000,1574.41,1580.24,1574.41,1579.11,2592.6165
1782846000000,1579.1,1581.23,1577.49,1578.56,1524.3545
1782846900000,1578.56,1578.8,1575.56,1577.78,1263.056
1782847800000,1577.78,1581.92,1577.28,1579.77,1639.019
1782848700000,1579.78,1581.01,1577.42,1580.53,2467.5835
1782849600000,1580.52,1582.98,1578.09,1581.57,2223.4377
1782850500000,1581.57,1581.57,1575.68,1577.29,990.6884
1782851400000,1577.28,1577.28,1574.08,1574.29,1125.1163
1782852300000,1574.28,1578.57,1573.4,1575.99,2157.3099
1782853200000,1575.99,1577.26,1571.42,1572.93,1603.567
1782854100000,1572.93,1574.24,1570,1571.75,1311.0393
1782855000000,1571.75,1573.23,1570.37,1570.69,992.736
1782855900000,1570.69,1572,1570,1571.68,769.0757
1782856800000,1571.68,1574.91,1570.85,1572.9,1219.7127
1782857700000,1572.89,1575.3,1570.64,1571.02,1565.9993
1782858600000,1571.02,1571.02,1566.81,1568.34,2331.55
1782859500000,1568.34,1569.32,1566.9,1567.64,614.9721
1782860400000,1567.64,1569.5,1566,1569.05,1225.6874
1782861300000,1569.04,1570.93,1568.44,1570.09,1321.9592
1782862200000,1570.08,1571.56,1568.8,1570.87,808.6436
1782863100000,1570.87,1572.8,1570.49,1572.01,1442.0836
1782864000000,1572,1575.43,1572,1574.06,2129.0538
1782864900000,1574.06,1575.39,1566.13,1568.69,1533.3136
1782865800000,1568.7,1574.3,1568.65,1571.96,687.7305
1782866700000,1571.96,1576.7,1571.69,1575.07,820.737
1782867600000,1575.07,1575.3,1552.92,1563.72,6850.1354
1782868500000,1563.73,1572.48,1559.6,1569.81,5064.2314
1782869400000,1569.81,1586.6,1569.05,1581.44,6335.9618
1782870300000,1581.44,1583.7,1576.94,1577.91,2722.6649
1782871200000,1577.91,1581.07,1574.53,1578.91,1688.6114
1782872100000,1578.91,1585,1578.26,1582.94,2281.9618
1782873000000,1582.93,1589.4,1581.85,1588.85,3275.5289
1782873900000,1588.85,1589.55,1584.03,1586.3,2601.5824
1782874800000,1586.3,1590,1584.53,1585.53,1753.6817
1782875700000,1585.53,1585.68,1582.45,1584.45,1610.8297
1782876600000,1584.44,1597.51,1582.54,1589.33,6804.5425
1782877500000,1589.32,1599.19,1589.03,1594.81,3566.3901
1782878400000,1594.81,1594.81,1590.89,1592,1338.3973
1782879300000,1591.99,1595,1591.77,1594.14,1360.7566
1782880200000,1594.15,1597.78,1592.52,1597.25,2070.782
1782881100000,1597.25,1604.02,1596.8,1599.35,6080.62
1782882000000,1599.35,1600.83,1595.39,1595.77,2964.5271
1782882900000,1595.78,1598.19,1593.36,1593.74,1492.1204
1782883800000,1593.73,1594.66,1591.53,1593.12,2197.6365
1782884700000,1593.12,1593.56,1591.21,1593,755.4846
1782885600000,1593,1593.15,1585.29,1587.27,2999.6751
1782886500000,1587.26,1587.79,1577.94,1580.85,3258.2684
1782887400000,1580.85,1581.71,1571.5,1577.31,6447.1824
1782888300000,1577.31,1577.73,1573.12,1575.99,2123.174
1782889200000,1575.99,1577.08,1572.5,1575.55,2137.28
1782890100000,1575.55,1579.96,1573.71,1577.51,1848.3229
1782891000000,1577.5,1579.18,1575,1577.57,1413.2853
1782891900000,1577.58,1581.19,1576.6,1578.36,1448.5648
1782892800000,1578.36,1578.85,1574.07,1575.34,1570.0437
1782893700000,1575.33,1575.85,1571.07,1571.93,1416.9061
1782894600000,1571.94,1575.99,1568.51,1575.72,2201.2533
1782895500000,1575.73,1582.37,1574,1582.37,1097.1053
1782896400000,1582.36,1585.33,1579.04,1580.56,2972.3241
1782897300000,1580.57,1582.3,1579.7,1580.13,1768.3456
1782898200000,1580.14,1581.73,1579.41,1581.44,823.5502
1782899100000,1581.44,1583.1,1578.68,1581.01,1928.4889
1782900000000,1581,1581.52,1574.49,1574.96,1458.5708
1782900900000,1574.96,1576.99,1572.99,1575.53,2074.5839
1782901800000,1575.54,1575.94,1572.11,1572.35,1451.6861
1782902700000,1572.35,1574.72,1572.35,1573.43,717.6383
1782903600000,1573.43,1575.77,1570.64,1574.59,1280.028
1782904500000,1574.59,1575.96,1572.69,1572.79,1544.7577
1782905400000,1572.79,1574.28,1570.77,1573.17,1603.894
1782906300000,1573.18,1574.06,1567.13,1569.89,2259.7307
1782907200000,1569.88,1572.49,1566.29,1568.15,1889.4284
1782908100000,1568.16,1571.96,1568.16,1570.42,1421.9968
1782909000000,1570.41,1571.43,1566.37,1567.4,2113.0826
1782909900000,1567.39,1570.28,1565.26,1570.24,2135.7312
1782910800000,1570.24,1575.43,1570.23,1573.52,3099.6822
1782911700000,1573.53,1579.48,1572.64,1578.44,2860.6905
1782912600000,1578.44,1582.84,1570,1582.06,6041.7485
1782913500000,1582.06,1598,1580.1,1597.22,8614.8459
1782914400000,1597.22,1613.29,1591.2,1613.16,9376.1759
1782915300000,1613.17,1617.04,1604.42,1605.55,14219.744
1782916200000,1605.55,1606.98,1595.57,1598.8,10762.9164
1782917100000,1598.81,1602.49,1591.42,1601.18,3960.5643
1782918000000,1601.19,1616.38,1600.98,1611.57,4722.0374
1782918900000,1611.57,1631,1608.34,1623.83,13448.3473
1782919800000,1623.83,1627.11,1619.82,1622.64,5476.6087
1782920700000,1622.64,1623.18,1617.22,1620.09,4359.7822
1782921600000,1620.1,1620.97,1615.9,1618.99,2717.5545
1782922500000,1619,1629.26,1615.04,1623.24,5430.9258
1782923400000,1623.25,1624.03,1617.94,1619.27,2530.339
1782924300000,1619.27,1619.63,1612.77,1614.54,3212.5268
1782925200000,1614.54,1614.81,1607.17,1613.35,2680.5684
1782926100000,1613.36,1624.79,1613.36,1622.6,3171.854
1782927000000,1622.59,1624.64,1618.11,1621.33,3314.3139
1782927900000,1621.32,1624.53,1621.31,1622.72,1413.349
1782928800000,1622.72,1624.5,1617.11,1619.7,2162.1072
1782929700000,1619.69,1622.74,1617.44,1617.88,1839.6221
1782930600000,1617.88,1620.26,1614.02,1619.7,1927.4311
1782931500000,1619.71,1619.9,1612.01,1616.59,1832.0615
1782932400000,1616.59,1622.68,1616.44,1622.67,1459.1107
1782933300000,1622.67,1624,1617.09,1618.83,2555.6248
1782934200000,1618.84,1622.02,1616.62,1619.51,2069.7254
1782935100000,1619.52,1619.77,1614.42,1618.09,2904.0972
1782936000000,1618.07,1618.25,1612.02,1616.54,2493.2255
1782936900000,1616.55,1617.4,1610.38,1615.79,2968.6781
1782937800000,1615.78,1618.91,1614.68,1616.12,1900.1577
1782938700000,1616.13,1620.46,1616.13,1617.68,1206.4771
1782939600000,1617.67,1624.49,1617.55,1623.49,4035.9884
1782940500000,1623.5,1627.28,1621.36,1624.16,4364.7584
1782941400000,1624.16,1630.51,1624.16,1628,4292.713
1782942300000,1627.99,1638.63,1627.12,1632.12,5602.5505
1782943200000,1632.11,1632.11,1628.51,1629.47,2884.3593
1782944100000,1629.46,1646.26,1627.21,1627.73,10306.1566
1782945000000,1627.72,1630.76,1623.08,1624.9,3199.4025
1782945900000,1624.9,1625.91,1620.58,1621.63,1432.9165
1782946800000,1621.62,1621.63,1614.87,1615.64,2663.6149
1782947700000,1615.64,1618.64,1614.16,1614.76,2055.3714
1782948600000,1614.76,1616.48,1608.65,1614.03,3454.9457
1782949500000,1614.04,1614.23,1608.35,1609.58,2118.4607
1782950400000,1609.59,1609.8,1603.63,1606.42,2689.651
1782951300000,1606.43,1606.98,1602,1603.05,2284.7486
1782952200000,1603.01,1604.66,1597.22,1598.27,3422.4385
1782953100000,1598.26,1605.55,1597.98,1603.42,2015.2948
1782954000000,1603.42,1609.74,1602.63,1609.3,1858.0401
1782954900000,1609.32,1613.02,1608.07,1611.66,2015.993
1782955800000,1611.67,1625,1611.67,1621.69,3341.1453
1782956700000,1621.69,1623.87,1617.7,1620.48,1361.9745
1782957600000,1620.47,1621.11,1614.64,1617.63,1150.9795
1782958500000,1617.64,1621.36,1616.25,1618.74,1891.5806
1782959400000,1618.74,1624.28,1617.89,1622.52,1552.0728
1782960300000,1622.52,1624.45,1619.58,1620.68,2081.7856
1782961200000,1620.69,1624.27,1620.4,1623.97,1907.7738
1782962100000,1623.98,1636.25,1618.12,1629.55,5118.9926
1782963000000,1629.54,1634.99,1627.33,1634.49,4721.1519
1782963900000,1634.49,1642.32,1630.71,1639.47,7743.8551
1782964800000,1639.46,1639.94,1634.53,1635.93,5419.4323
1782965700000,1635.94,1637.08,1632.42,1634.36,3010.9896
1782966600000,1634.35,1634.36,1630.44,1632.05,1244.1749
1782967500000,1632.04,1634.33,1631.2,1632.71,996.292
1782968400000,1632.71,1634.84,1628.72,1633.96,1990.7175
1782969300000,1633.96,1634.71,1632.13,1632.42,1195.501
1782970200000,1632.42,1632.42,1626.96,1627.13,1463.9572
1782971100000,1627.13,1628.14,1625.21,1626.5,2115.2386
1782972000000,1626.51,1626.94,1622.26,1622.85,1897.076
1782972900000,1622.85,1629.44,1622.45,1624.5,2336.6415
1782973800000,1624.5,1629.88,1624.29,1626.52,1415.6328
1782974700000,1626.52,1626.52,1617.51,1619.14,2399.9959
1782975600000,1619.14,1619.88,1617.12,1617.92,2112.1508
1782976500000,1617.93,1618.87,1615.34,1616.75,2248.0348
1782977400000,1616.74,1617.98,1615.19,1617.37,4828.7661
1782978300000,1617.37,1618,1614.32,1615.97,5160.4063
1782979200000,1615.97,1621.91,1615.08,1618.36,2220.8429
1782980100000,1618.36,1621,1618.36,1619.55,960.9478
1782981000000,1619.55,1625.89,1618.43,1623.3,3575.2963
1782981900000,1623.29,1626.35,1622.86,1624.92,1486.1359
1782982800000,1624.91,1624.93,1620.34,1623.17,1102.6043
1782983700000,1623.18,1629.81,1622.22,1629.43,1428.9245
1782984600000,1629.43,1651.95,1629.42,1643.03,17066.3057
1782985500000,1643.03,1647.44,1638.27,1643.33,8236.8962
1782986400000,1643.32,1647,1641.48,1646.83,5132.3868
1782987300000,1646.83,1647.88,1643.77,1645.8,2154.9822
1782988200000,1645.81,1649.62,1644.48,1644.64,2996.0273
1782989100000,1644.64,1647.8,1643.1,1646.12,1980.692
1782990000000,1646.12,1657.53,1645.12,1650.57,10849.3172
1782990900000,1650.56,1651.11,1647.48,1647.86,5555.0414
1782991800000,1647.86,1648.76,1645.12,1645.77,2436.3752
1782992700000,1645.78,1652.62,1644.53,1650.32,3495.3583
1782993600000,1650.31,1657.14,1647.66,1655.33,2822.9287
1782994500000,1655.34,1665.39,1648.91,1663.84,6531.0373
1782995400000,1663.84,1669.72,1650.5,1659.84,9767.4665
1782996300000,1659.85,1667.82,1659.85,1662.82,6022.0748
1782997200000,1662.81,1672.23,1660.73,1668.86,4393.6303
1782998100000,1668.87,1691.3,1668.87,1682.37,17798.3906
1782999000000,1682.38,1713,1678.45,1710.49,33541.2032
1782999900000,1710.48,1713.77,1705.28,1710.72,14583.0479
1783000800000,1710.73,1725,1706.07,1716.7,19666.4275
1783001700000,1716.7,1720.95,1696.86,1701.62,10725.072
1783002600000,1701.62,1707.51,1692.96,1695.42,9257.5987
1783003500000,1695.43,1702.18,1695.42,1701.55,6507.886
1783004400000,1701.55,1703.02,1688.72,1694.45,5017.8187
1783005300000,1694.44,1703.5,1691.88,1699.97,5348.3829
1783006200000,1699.98,1703.17,1697.54,1702.07,2850.4266
1783007100000,1702.06,1703.47,1694.84,1697.05,2589.8118
1783008000000,1697.06,1701.53,1691.48,1699.67,3724.1689
1783008900000,1699.67,1699.73,1686.49,1689.68,3964.0966
1783009800000,1689.68,1697.78,1689.09,1697.29,3521.6547
1783010700000,1697.29,1704,1696.17,1699.67,4301.69
1783011600000,1699.66,1702.38,1695.94,1699.04,2510.3315
1783012500000,1699.04,1705.94,1698.22,1704.42,3905.7005
1783013400000,1704.42,1704.43,1695.28,1700.43,2204.0533
1783014300000,1700.44,1701.02,1694.51,1695.89,1396.5753
1783015200000,1695.88,1702.95,1695.45,1702.39,1577.144
1783016100000,1702.39,1704.09,1699.09,1703.89,1639.2018
1783017000000,1703.89,1704.97,1701.64,1704.46,1104.1519
1783017900000,1704.46,1707.14,1700.27,1702.06,1864.6825
1783018800000,1702.05,1703.35,1698.79,1702.47,1512.6197
1783019700000,1702.48,1702.48,1694.75,1699.35,1180.0788
1783020600000,1699.36,1701.78,1697.52,1701.63,1494.826
1783021500000,1701.64,1705.53,1699.95,1700.15,2452.5458
1783022400000,1700.15,1701.25,1697.3,1700.37,1393.2851
1783023300000,1700.37,1702.47,1696.49,1696.75,773.8632
1783024200000,1696.75,1698.65,1696.08,1697.95,1090.583
1783025100000,1697.95,1706.68,1697.94,1705.75,2797.1233
1783026000000,1705.75,1705.89,1703.51,1703.51,1173.232
1783026900000,1703.52,1704.87,1703.51,1703.96,611.5628
1783027800000,1703.96,1703.97,1698.29,1698.72,3712.0497
1783028700000,1698.72,1700.29,1697.36,1700.23,1344.2812
1783029600000,1700.23,1700.68,1696.46,1697.26,1320.2724
1783030500000,1697.26,1698.89,1696.58,1696.58,775.6681
1783031400000,1696.59,1697.77,1695.68,1695.95,753.5347
1783032300000,1695.95,1700.98,1694.2,1696.88,1257.2427
1783033200000,1696.88,1696.88,1692.13,1692.8,1255.6492
1783034100000,1692.81,1699.7,1692.8,1698.37,1366.0086
1783035000000,1698.37,1701.8,1696,1696.68,1224.3955
1783035900000,1696.68,1700.58,1696.49,1700.57,1157.4129
1783036800000,1700.57,1702.3,1697.8,1700.51,1509.3887
1783037700000,1700.51,1702.98,1697.34,1697.34,1555.7875
1783038600000,1697.34,1700.55,1694.72,1698.9,1866.6057
1783039500000,1698.9,1699.62,1696.06,1696.75,1344.0751
1783040400000,1696.75,1718.97,1695.34,1714.15,4924.1461
1783041300000,1714.14,1714.79,1705.24,1708.68,3225.2874
1783042200000,1708.68,1718.55,1707.6,1716.41,2257.6142
1783043100000,1716.41,1718.14,1712.18,1712.33,3968.0451
1783044000000,1712.33,1715.33,1708.12,1708.13,1661.5488
1783044900000,1708.13,1712,1701.93,1701.93,3749.182
1783045800000,1701.94,1703.81,1696.23,1701.32,2302.1904
1783046700000,1701.33,1705.58,1698.96,1704.76,1133.2332
1783047600000,1704.75,1705.24,1699.53,1700.55,992.315
1783048500000,1700.54,1712.11,1700.54,1711.08,2468.2823
1783049400000,1711.07,1711.34,1704,1704.01,724.2758
1783050300000,1704.01,1707.18,1703.82,1706.43,787.1327
1783051200000,1706.43,1708.5,1702.77,1706.36,2031.5044
1783052100000,1706.36,1706.37,1703.34,1705.07,1243.8669
1783053000000,1705.07,1707.43,1703.14,1706.73,838.5903
1783053900000,1706.73,1707.36,1702.34,1703.08,1312.0048
1783054800000,1703.07,1706.92,1702.28,1706.84,998.8352
1783055700000,1706.84,1711.36,1705.02,1709.9,1194.6898
1783056600000,1709.9,1721.8,1709.58,1715.51,4580.0635
1783057500000,1715.5,1718.11,1714,1714.92,1277.8741
1783058400000,1714.93,1721.53,1713.95,1717.32,1954.9448
1783059300000,1717.33,1720.41,1715,1716.72,1422.0161
1783060200000,1716.71,1719.51,1712.94,1714.78,1490.8576
1783061100000,1714.78,1717.94,1714.61,1716.03,946.9662
1783062000000,1716.03,1718.9,1713.97,1716.04,931.5223
1783062900000,1716.04,1718.34,1716.03,1717.6,1013.2555
1783063800000,1717.6,1721.18,1716.02,1718.12,3454.3441
1783064700000,1718.11,1722.21,1717.34,1717.77,5786.6787
1783065600000,1717.77,1720.27,1716.53,1717.89,2206.4342
1783066500000,1717.88,1723.45,1715.68,1719.87,2318.4347
1783067400000,1719.87,1735.13,1717.67,1731.52,8692.1863
1783068300000,1731.52,1731.59,1718.48,1719.89,3282.816
1783069200000,1719.89,1729.52,1717.03,1728.63,3026.4358
1783070100000,1728.63,1729.85,1725.45,1726.25,1377.2528
1783071000000,1726.25,1726.25,1720.98,1723.26,1012.5558
1783071900000,1723.27,1731.25,1723.26,1726.28,3494.1404
1783072800000,1726.27,1739.19,1726.26,1734.19,7278.9182
1783073700000,1734.2,1738.92,1731.86,1736.65,2606.9543
1783074600000,1736.65,1748.9,1734.88,1747.27,4509.6706
1783075500000,1747.28,1749,1741.92,1742.16,3501.1846
1783076400000,1742.17,1745.33,1737.47,1742.79,4919.7813
1783077300000,1742.8,1748,1742.14,1742.53,2969.6155
1783078200000,1742.53,1745.25,1739.15,1739.95,1930.1907
1783079100000,1739.95,1744.81,1739.95,1742.54,1395.9666
1783080000000,1742.54,1745.03,1739.24,1740.53,2655.1443
1783080900000,1740.53,1740.53,1731.55,1734.41,3207.4534
1783081800000,1734.41,1735.64,1732,1733.56,1440.6371
1783082700000,1733.55,1736.63,1733.55,1736.44,1269.3558
1783083600000,1736.44,1738.88,1736.09,1738.34,4209.4829
1783084500000,1738.34,1747.62,1738.33,1744.84,3978.3873
1783085400000,1744.84,1752.88,1743.44,1748.88,5467.9192
1783086300000,1748.89,1753.29,1745,1748.15,4896.9727
1783087200000,1748.14,1748.15,1732.25,1734.26,4285.4229
1783088100000,1734.27,1737.62,1728.99,1733.74,5355.0803
1783089000000,1733.74,1737.39,1729.96,1736.98,4108.1866
1783089900000,1736.97,1740.29,1734.82,1737.14,2585.4788
1783090800000,1737.15,1745.9,1736.24,1740.72,3016.2491
1783091700000,1740.71,1742.8,1732.23,1733.4,2853.0832
1783092600000,1733.4,1737.18,1731.26,1733.09,1616.4153
1783093500000,1733.1,1734.45,1729.75,1731.24,2148.1399
1783094400000,1731.24,1732.61,1727.87,1728.21,1575.1125
1783095300000,1728.22,1735.39,1728.22,1734.04,1367.7129
1783096200000,1734.04,1735.5,1730.48,1732.84,847.3668
1783097100000,1732.84,1734.51,1731,1733.63,713.1733
1783098000000,1733.62,1737.27,1732.33,1735.65,1752.8008
1783098900000,1735.66,1738.3,1733.34,1736.59,920.63
1783099800000,1736.58,1741.1,1735.41,1740.75,1827.8537
1783100700000,1740.76,1741.86,1737.4,1738.18,940.6328
1783101600000,1738.19,1738.84,1736.47,1736.67,1028.5385
1783102500000,1736.66,1738.29,1736.19,1738.21,1087.9341
1783103400000,1738.21,1739.46,1737.92,1739.27,944.3204
1783104300000,1739.27,1741.13,1738.14,1738.77,1351.5998
1783105200000,1738.78,1740.79,1737.34,1737.4,988.1377
1783106100000,1737.4,1747.39,1737.4,1746.89,4588.9707
1783107000000,1746.89,1753,1745.06,1748.01,5069.1283
1783107900000,1748.01,1748.01,1745,1745.38,1372.5867
1783108800000,1745.39,1751.42,1743.61,1748.12,2466.7365
1783109700000,1748.12,1757.38,1745.89,1753.94,4909.9229
1783110600000,1753.94,1774,1752.47,1766.17,11024.7787
1783111500000,1766.17,1772.69,1763.3,1766.15,4840.0645
1783112400000,1766.15,1775.78,1764.5,1766.56,3747.5121
1783113300000,1766.56,1768.03,1763.68,1763.68,1734.6347
1783114200000,1763.68,1763.68,1756.75,1760.23,4832.2037
1783115100000,1760.24,1767.54,1759.63,1763.46,1689.4217
1783116000000,1763.46,1764.06,1756.8,1758.6,2617.4664
1783116900000,1758.59,1761.87,1758.14,1760.13,1403.9271
1783117800000,1760.13,1761.31,1756,1758.8,1484.1879
1783118700000,1758.81,1760,1756.8,1757.52,683.3843
1783119600000,1757.53,1759.21,1755.45,1758.13,892.2717
1783120500000,1758.12,1762.03,1757.06,1758.37,1539.6365
1783121400000,1758.37,1761.11,1758.37,1760.17,781.2103
1783122300000,1760.18,1761.01,1756.89,1758.21,829.9391
1783123200000,1758.22,1764,1757.46,1761.6,1644.2418
1783124100000,1761.61,1763.55,1757.5,1758.99,857.1539
1783125000000,1758.99,1760.38,1756.5,1758.22,635.343
1783125900000,1758.21,1760.52,1757.08,1758.7,546.9782
1783126800000,1758.7,1758.7,1746.77,1748.35,3143.7921
1783127700000,1748.35,1751.6,1746,1749.34,1481.2881
1783128600000,1749.35,1750.61,1746.66,1747.27,1522.2561
1783129500000,1747.27,1748.78,1746,1747.93,867.1924
1783130400000,1747.93,1750,1747.01,1749.01,469.8273
1783131300000,1749,1749.05,1746.81,1747.87,520.558
1783132200000,1747.86,1748.67,1744.09,1748.18,1125.3357
1783133100000,1748.17,1751.04,1747.07,1749.31,887.6462
1783134000000,1749.31,1750.54,1747.26,1750.09,1604.3418
1783134900000,1750.09,1750.26,1748.39,1749.14,520.154
1783135800000,1749.13,1756.74,1748,1754.68,2126.5103
1783136700000,1754.69,1755.32,1753.09,1753.92,745.5593
1783137600000,1753.91,1757.01,1752.61,1754.3,1073.2988
1783138500000,1754.3,1756,1752,1753.83,951.591
1783139400000,1753.82,1759.49,1753.71,1757.85,1636.8091
1783140300000,1757.86,1764.61,1757.86,1761.67,2060.2495
1783141200000,1761.68,1761.68,1756.3,1756.55,909.2142
1783142100000,1756.54,1756.78,1753.27,1754.99,937.4255
1783143000000,1754.99,1758.31,1754.6,1758.23,2035.7328
1783143900000,1758.24,1759.6,1754.74,1755.99,1393.9899
1783144800000,1755.98,1761.27,1755.56,1755.68,1211.842
1783145700000,1755.68,1757.43,1751.72,1754.21,3855.2982
1783146600000,1754.22,1757.2,1754.07,1754.22,2410.6793
1783147500000,1754.21,1755.58,1753.43,1754.77,2830.3396
1783148400000,1754.78,1756.5,1752.86,1754.65,2530.2043
1783149300000,1754.65,1758.19,1753.86,1755.67,815.777
1783150200000,1755.66,1756.9,1754.32,1756.04,1671.7063
1783151100000,1756.04,1759.67,1755.22,1758.19,1148.753
1783152000000,1758.18,1760,1757.62,1760,1080.4893
1783152900000,1760,1761.38,1757.64,1757.64,776.6937
1783153800000,1757.65,1765.55,1757.39,1760.75,1232.2051
1783154700000,1760.74,1765.31,1760.74,1762.31,1067.0321
1783155600000,1762.3,1763.05,1759.15,1760.98,1276.7085
1783156500000,1760.97,1761.45,1758.97,1759.72,638.8334
1783157400000,1759.73,1759.78,1755,1756.14,1023.026
1783158300000,1756.13,1758.29,1756.13,1758.13,1227.9982
1783159200000,1758.12,1760.32,1757.12,1760.05,827.2536
1783160100000,1760.04,1760.88,1758.64,1759.18,1641.343
1783161000000,1759.17,1759.3,1757.51,1758.64,786.6253
1783161900000,1758.65,1760.56,1758.34,1759.14,1993.1839
1783162800000,1759.14,1759.14,1756.19,1758.05,1709.385
1783163700000,1758.06,1758.83,1756.97,1757.83,666.9105
1783164600000,1757.84,1760.15,1757.35,1758,812.4955
1783165500000,1758,1758.6,1757.53,1758.24,450.7491
1783166400000,1758.23,1762.22,1758.23,1761.2,1026.5031
1783167300000,1761.2,1763.8,1759.04,1763.09,1105.3481
1783168200000,1763.1,1766.45,1762.32,1764.17,2319.0755
1783169100000,1764.16,1765.34,1762.28,1764.22,1123.8454
1783170000000,1764.22,1764.47,1761.62,1762.56,807.7638
1783170900000,1762.57,1778.63,1762.56,1768.7,7918.4323
1783171800000,1768.7,1769.13,1763.03,1763.73,2513.4836
1783172700000,1763.72,1764.34,1761.98,1764.06,857.4817
1783173600000,1764.05,1772.69,1763.92,1770.95,2785.0079
1783174500000,1770.95,1775,1769.04,1771.06,2590.7726
1783175400000,1771.05,1771.31,1768.35,1770.3,1059.2157
1783176300000,1770.3,1772.88,1769.03,1772.23,883.7154
1783177200000,1772.23,1799.92,1772.22,1785.04,15041.882
1783178100000,1785.05,1798.52,1783.02,1793.5,4839.3592
1783179000000,1793.5,1796.31,1788.54,1791.02,3539.3619
1783179900000,1791.03,1795.43,1789.82,1791.09,3587.7255
1783180800000,1791.08,1792,1783.93,1784.88,3391.9959
1783181700000,1784.88,1789.69,1783.32,1787.28,2536.0135
1783182600000,1787.28,1791.35,1787.28,1788.02,1660.5183
1783183500000,1788.01,1789.5,1786.29,1786.81,1589.2764
1783184400000,1786.81,1786.82,1779,1780.27,8084.6006
1783185300000,1780.27,1787.62,1779.65,1787.21,3268.2409
1783186200000,1787.21,1794.4,1787.21,1791.72,4783.4766
1783187100000,1791.71,1807.65,1790.36,1799.36,12998.184
1783188000000,1799.36,1805.19,1797.74,1804.67,4899.6769
1783188900000,1804.66,1805.84,1795.49,1796.66,2919.965
1783189800000,1796.66,1796.66,1793.09,1793.8,2089.5298
1783190700000,1793.79,1795.6,1791.58,1793.63,1138.0228
1783191600000,1793.62,1795.05,1788.47,1790.3,1285.9031
1783192500000,1790.3,1796.36,1790.1,1795.34,2299.0094
1783193400000,1795.35,1797.66,1791.49,1796.52,1214.4057
1783194300000,1796.51,1796.51,1790.83,1792.83,1152.3561
1783195200000,1792.83,1795.81,1791.33,1794.73,1122.18
1783196100000,1794.72,1794.72,1783.84,1784.73,2289.6377
1783197000000,1784.73,1790,1784.29,1789.7,1115.5711
1783197900000,1789.69,1790.34,1787.08,1787.15,1062.4352
1783198800000,1787.15,1791.46,1786.24,1790.22,934.6294
1783199700000,1790.22,1793.11,1789.89,1792.64,672.638
1783200600000,1792.63,1794.25,1789.49,1789.61,523.733
1783201500000,1789.62,1790.75,1788.59,1789.25,517.9056
1783202400000,1789.25,1789.45,1784.78,1786.82,750.2531
1783203300000,1786.83,1788.97,1784,1785.42,579.9153
1783204200000,1785.43,1786.22,1784.84,1785.37,382.0737
1783205100000,1785.36,1785.47,1782.19,1784.73,1149.4505
1783206000000,1784.73,1785.59,1772.1,1775.05,4925.7309
1783206900000,1775.05,1778.87,1772.47,1778.87,2006.9241
1783207800000,1778.88,1782.9,1778.87,1782.4,1520.0663
1783208700000,1782.4,1782.88,1779.06,1780.64,634.8362
1783209600000,1780.64,1780.75,1775.51,1775.98,1181.769
1783210500000,1775.97,1776.7,1773.31,1775.33,1548.28
1783211400000,1775.33,1776.7,1772.1,1775.82,1664.099
1783212300000,1775.82,1776.4,1769.64,1772.71,2563.9642
1783213200000,1772.7,1774.66,1770.52,1771.65,1530.166
1783214100000,1771.65,1771.66,1763.95,1768.71,4024.4806
1783215000000,1768.71,1768.71,1760.72,1765.44,3120.5136
1783215900000,1765.43,1767.34,1764.27,1766.62,1332.9542
1783216800000,1766.61,1767.79,1759.25,1759.87,5597.5759
1783217700000,1759.87,1764.56,1757,1764.55,2232.9479
1783218600000,1764.55,1766,1758.29,1758.3,3603.4605
1783219500000,1758.3,1761.36,1757,1760.88,1807.55
1783220400000,1760.87,1763.52,1760.11,1763.17,1326.7986
1783221300000,1763.17,1764,1757.76,1758.73,1563.8931
1783222200000,1758.72,1762.56,1758.38,1761,1613.0912
1783223100000,1761,1763.17,1760.55,1761.59,1728.8562
1783224000000,1761.58,1765.94,1760.07,1764.69,2745.2753
1783224900000,1764.69,1768.61,1764.67,1767.24,3524.9987
1783225800000,1767.23,1772.69,1766.93,1770.78,4063.977
1783226700000,1770.77,1771.18,1767.18,1767.54,2725.0151
1783227600000,1767.53,1767.87,1765,1765.52,2161.6351
1783228500000,1765.52,1766.86,1763.4,1764.98,4124.0226
1783229400000,1764.98,1767.33,1760.5,1762.12,6209.6118
1783230300000,1762.12,1766.26,1761.95,1765.98,3896.7451
1783231200000,1765.98,1766.1,1762.01,1764.25,6360.9942
1783232100000,1764.24,1765.29,1762.27,1765,4783.0584
1783233000000,1765.01,1768,1764.41,1765.31,9206.0412
1783233900000,1765.3,1766.2,1763.33,1764.69,13080.7887
1783234800000,1764.69,1765.66,1763.11,1763.11,13944.9273
1783235700000,1763.11,1765.29,1761.76,1763.09,7070.1452
1783236600000,1763.09,1768.61,1763.08,1767.68,6209.1983
1783237500000,1767.68,1772.35,1766.07,1770.1,7150.7883
1783238400000,1770.09,1773.27,1766.9,1769.17,9009.7985
1783239300000,1769.17,1770.43,1766.7,1767.48,9060.9443
1783240200000,1767.49,1769.87,1766.46,1767.78,8526.8938
1783241100000,1767.78,1770.43,1766.81,1767.71,11172.1772
1783242000000,1767.72,1767.83,1765.63,1766.27,12401.2348
1783242900000,1766.27,1767.31,1761.01,1761.19,30894.296
1783243800000,1761.2,1762.75,1748.79,1752.58,44507.4414
1783244700000,1752.58,1758.78,1750.31,1757.98,40606.7205
1783245600000,1757.99,1760.79,1755.03,1759.2,1977.5183
1783246500000,1759.2,1761.96,1757.61,1758.88,1476.0281
1783247400000,1758.88,1760.55,1758.54,1759.32,774.0866
1783248300000,1759.32,1761.75,1759.31,1761.39,825.88
1783249200000,1761.39,1765,1761.39,1763.91,1330.759
1783250100000,1763.9,1763.9,1758.92,1759.23,1099.8337
1783251000000,1759.23,1762.46,1758.7,1761.69,1141.2668
1783251900000,1761.69,1762.93,1759.51,1760.08,1193.5821
1783252800000,1760.08,1760.18,1756.03,1760.02,1415.6008
1783253700000,1760.02,1766.87,1760.02,1766.16,1838.624
1783254600000,1766.15,1769.44,1763.88,1764.57,1026.5429
1783255500000,1764.58,1766.01,1764.14,1765.12,468.6847
1783256400000,1765.12,1767.55,1763.16,1765.22,666.6514
1783257300000,1765.22,1766.06,1761.51,1763.53,820.507
1783258200000,1763.54,1765.14,1762.75,1765.12,547.0653
1783259100000,1765.13,1767.08,1765.13,1766.26,912.4962
1783260000000,1766.25,1768.75,1764.96,1767.66,918.0309
1783260900000,1767.66,1767.99,1765.2,1767.43,687.3984
1783261800000,1767.43,1771.44,1765,1768.79,1419.5002
1783262700000,1768.79,1772.77,1767.22,1772.56,814.6006
1783263600000,1772.56,1781.28,1771.22,1774.5,3827.0603
1783264500000,1774.5,1775.89,1772.57,1774.69,1521.2489
1783265400000,1774.69,1778.94,1770.28,1771.46,1087.8484
1783266300000,1771.46,1776.06,1770.11,1774.67,2026.127
1783267200000,1774.66,1777.5,1773.29,1774.01,1152.6771
1783268100000,1774.01,1774.5,1770.97,1771.3,695.3836
1783269000000,1771.29,1773.49,1770.31,1770.98,908.3654
1783269900000,1770.97,1773.6,1770.46,1773,1721.5508
1783270800000,1773,1777.24,1772.99,1776.62,1021.848
1783271700000,1776.62,1785.75,1775.88,1778.91,3151.9404
1783272600000,1778.91,1782.7,1776.36,1776.67,1862.9532
1783273500000,1776.67,1780.81,1776.5,1779.48,771.1024
1783274400000,1779.47,1781.64,1777.8,1778.55,879.8544
1783275300000,1778.55,1781.2,1778.55,1779.67,656.4059
1783276200000,1779.68,1781.73,1778.74,1780.96,774.801
1783277100000,1780.97,1786.23,1779.74,1781.28,1729.2562
1783278000000,1781.28,1784.23,1780.46,1783.45,544.8
1783278900000,1783.45,1784.52,1777.7,1780.1,1052.1078
1783279800000,1780.09,1782.51,1779.38,1782.07,903.0893
1783280700000,1782.08,1782.88,1780.31,1781.43,377.4045
1783281600000,1781.44,1783.53,1780.25,1781.03,569.1713
1783282500000,1781.02,1781.51,1776.36,1777.48,789.0433
1783283400000,1777.49,1777.91,1776.26,1777.69,346.9745
1783284300000,1777.7,1778.2,1777.1,1777.1,210.4514
1783285200000,1777.1,1777.27,1769.29,1773.12,2791.5271
1783286100000,1773.12,1782.96,1772.36,1780.71,1890.3528
1783287000000,1780.71,1786.23,1778.53,1782.85,2016.7522
1783287900000,1782.85,1793.25,1780.95,1786.88,4104.6308
1783288800000,1786.91,1793.22,1784.34,1792.73,2377.6415
1783289700000,1792.72,1804,1791.04,1801.59,7130.0049
1783290600000,1801.6,1808,1787.84,1789.72,7035.5267
1783291500000,1789.73,1792.31,1786.19,1790,3214.4164
1783292400000,1789.99,1801.25,1788.79,1801.08,2853.3661
1783293300000,1801.08,1802.75,1790.59,1791.89,2614.0987
1783294200000,1791.89,1793.21,1788.19,1789.54,1116.6809
1783295100000,1789.54,1789.54,1782.75,1785.65,2715.1701
1783296000000,1785.65,1787.86,1780.21,1786.61,2827.2577
1783296900000,1786.61,1790.32,1776.27,1777.98,2735.2933
1783297800000,1777.98,1788.65,1774.35,1788.11,2177.834
1783298700000,1788.12,1794.13,1786.68,1793.28,2472.4632
1783299600000,1793.27,1795.28,1791,1792.94,1378.0036
1783300500000,1792.95,1793.58,1786.09,1789.83,1069.6854
1783301400000,1789.84,1799.02,1788.91,1792.23,2178.6605
1783302300000,1792.23,1792.23,1785.4,1786.31,1048.0978
1783303200000,1786.31,1788.68,1780.87,1782,1630.7989
1783304100000,1782,1790.28,1781.81,1785,1784.5518
1783305000000,1785,1788.05,1780.08,1780.98,1359.6806
1783305900000,1780.99,1784.56,1779.26,1783.71,1535.4439
1783306800000,1783.71,1784.99,1781.5,1782.42,1064.8837
1783307700000,1782.42,1783.18,1774.64,1777.57,2442.3531
1783308600000,1777.57,1780.28,1772.22,1776.4,2207.438
1783309500000,1776.39,1779.87,1776.02,1779.71,934.9133
1783310400000,1779.7,1782.39,1777.34,1781,1253.4309
1783311300000,1781,1782.46,1776.47,1778.16,2537.3942
1783312200000,1778.15,1784.79,1776.34,1782.54,1520.9705
1783313100000,1782.55,1782.95,1777.04,1777.98,3797.9661
1783314000000,1777.98,1778.18,1773.54,1775.64,1127.4369
1783314900000,1775.64,1776.55,1766.48,1767.61,3173.5433
1783315800000,1767.61,1774.34,1764.42,1772.4,2440.7802
1783316700000,1772.39,1776.11,1771.83,1774.06,1135.4856
1783317600000,1774.06,1775.28,1771.37,1773.46,1038.0591
1783318500000,1773.46,1774.56,1770.05,1772.64,994.5034
1783319400000,1772.64,1774.44,1770.01,1774.44,740.4078
1783320300000,1774.45,1774.77,1769.23,1769.63,1207.8937
1783321200000,1769.64,1771.56,1766.98,1770.53,1290.9925
1783322100000,1770.53,1773.39,1769.75,1770.86,1893.3854
1783323000000,1770.86,1775,1768.53,1775,1708.7211
1783323900000,1774.99,1775.54,1772.25,1772.32,1042.8859
1783324800000,1772.32,1778.6,1772.04,1773.19,1895.4287
1783325700000,1773.19,1773.66,1770.83,1772.16,1065.4305
1783326600000,1772.16,1772.16,1763.08,1766.47,2679.2991
1783327500000,1766.47,1767.63,1765,1765.55,1940.1207
1783328400000,1765.54,1766.3,1763.15,1763.48,1236.934
1783329300000,1763.48,1765.64,1760.66,1762.44,1798.558
1783330200000,1762.45,1762.61,1756,1757.35,3054.6703
1783331100000,1757.34,1760.19,1755.77,1758.67,2924.0694
1783332000000,1758.67,1766.86,1758.24,1766.14,3658.3745
1783332900000,1766.14,1768,1765.61,1767.08,1928.0516
1783333800000,1767.08,1774.32,1766.53,1772.76,2347.0185
1783334700000,1772.77,1772.84,1769.45,1771.09,1348.6776
1783335600000,1771.1,1773.5,1768.02,1768.52,1788.9574
1783336500000,1768.51,1771.87,1767.67,1769.39,646.0337
1783337400000,1769.39,1775.65,1768.91,1773,1273.4089
1783338300000,1773,1774.06,1759.59,1759.64,3753.498
1783339200000,1759.64,1760.92,1735.59,1747.75,23170.1926
1783340100000,1747.76,1752.77,1746.22,1749.99,4788.5065
1783341000000,1749.99,1752.55,1739.09,1740.65,3144.9182
1783341900000,1740.64,1746.01,1735.27,1740.85,5194.5284
1783342800000,1740.85,1741.85,1731.84,1735.06,6732.5469
1783343700000,1735.07,1738.71,1732.16,1735.18,3177.1561
1783344600000,1735.16,1745,1728.95,1744.74,7616.6483
1783345500000,1744.74,1753.54,1741.98,1744.89,5917.083
1783346400000,1744.89,1750.39,1742.97,1747.98,2164.8128
1783347300000,1747.98,1763.14,1742.1,1751.77,6643.0188
1783348200000,1751.77,1756.15,1749.45,1752.4,2741.6193
1783349100000,1752.41,1753.43,1745.55,1751.78,1443.6824
1783350000000,1751.79,1766.9,1751.56,1763.49,5580.4992
1783350900000,1763.49,1766.65,1758.86,1765.75,3703.5712
1783351800000,1765.74,1782,1759.72,1777.73,8775.1611
1783352700000,1777.76,1788.96,1771.39,1788.57,11388.543
1783353600000,1788.57,1804,1782.42,1800.41,13847.6929
1783354500000,1800.41,1805,1785.68,1788.01,15080.6411
1783355400000,1788,1797.41,1787.5,1795.1,3888.839
1783356300000,1795.1,1796.69,1790.31,1792.51,2207.2183
1783357200000,1792.5,1796.7,1789.28,1793.36,2986.1638
1783358100000,1793.37,1800.4,1793.37,1796.02,3802.3401
1783359000000,1796.03,1797.33,1788.02,1789.52,3864.9509
1783359900000,1789.51,1793.13,1787.3,1788.26,4304.9232
1783360800000,1788.27,1791.05,1786.76,1789.37,1791.6758
1783361700000,1789.38,1796.24,1787.46,1792.53,1567.1906
1783362600000,1792.54,1796.15,1790.77,1794.04,1198.8498
1783363500000,1794.03,1795.66,1792.2,1792.68,1002.5429
1783364400000,1792.69,1795.62,1791.18,1795.28,1016.8943
1783365300000,1795.28,1798.8,1794.06,1797,1386.7573
1783366200000,1797,1797,1793.15,1795.96,1240.3052
1783367100000,1795.96,1797.36,1792.01,1792.76,1398.2574
1783368000000,1792.76,1793.31,1787.26,1788.42,982.2592
1783368900000,1788.42,1791.38,1787.47,1791.29,561.1956
1783369800000,1791.29,1796.18,1790.97,1793.23,1520.9434
1783370700000,1793.24,1796.4,1791.74,1793.04,1751.0273
1783371600000,1793.04,1833.4,1792.63,1819.2,25771.0058
1783372500000,1819.2,1820.71,1813.16,1813.42,3576.8588
1783373400000,1813.41,1815.53,1807.27,1814.29,3645.2911
1783374300000,1814.3,1819.68,1812.02,1814.88,2809.6235
1783375200000,1814.88,1816.82,1811.91,1814.12,1853.4417
1783376100000,1814.11,1816.32,1809.11,1809.31,1734.0973
1783377000000,1809.31,1809.83,1806.37,1808.12,1303.9269
1783377900000,1808.13,1808.55,1804.7,1806.3,1577.3404
1783378800000,1806.29,1810.08,1805.46,1808.41,1329.0743
1783379700000,1808.41,1808.66,1802.05,1803.51,1498.4572
1783380600000,1803.51,1804.67,1800.28,1800.44,1477.5577
1783381500000,1800.45,1801.45,1797.55,1799.56,2629.7535
1783382400000,1799.56,1801.55,1797.55,1797.88,1460.8494
1783383300000,1797.88,1810.16,1794.86,1806.04,3751.1424
1783384200000,1806.05,1807.79,1798.32,1801.51,2258.8771
1783385100000,1801.5,1806.64,1800.71,1803.74,787.9966
1783386000000,1803.74,1803.74,1787.35,1795.39,5614.0511
1783386900000,1795.39,1796.8,1790.64,1791.75,910.4141
1783387800000,1791.76,1795.24,1788.1,1795.19,2759.3045
1783388700000,1795.19,1797.9,1791.89,1792.64,1656.5108
1783389600000,1792.65,1794.48,1790.39,1791.84,1111.967
1783390500000,1791.84,1793.11,1778.11,1779.92,4702.1758
1783391400000,1779.93,1784.34,1777,1783.88,2567.4438
1783392300000,1783.88,1784.73,1777,1778.57,1320.5636
1783393200000,1778.57,1781.56,1777.2,1778.63,2000.2466
1783394100000,1778.63,1779.97,1773.41,1774.15,2720.6392
1783395000000,1774.15,1775.66,1769,1771.65,2296.5435
1783395900000,1771.64,1772.2,1768.85,1771.56,1505.9187
1783396800000,1771.55,1773.71,1768.6,1771.26,2639.2379
1783397700000,1771.25,1772.72,1769.13,1771.88,1443.9832
1783398600000,1771.88,1772.21,1765.23,1765.44,2165.4515
1783399500000,1765.44,1767.41,1762.66,1766.53,2081.6562
1783400400000,1766.52,1767.31,1757.57,1758.22,3180.1663
1783401300000,1758.21,1763.71,1757.66,1761.41,2357.5612
1783402200000,1761.41,1770,1761.41,1769.01,2732.3955
1783403100000,1769.01,1773.71,1768.57,1770.58,2024.7212
1783404000000,1770.57,1774.05,1764.84,1766.62,4243.8039
1783404900000,1766.62,1771.28,1766.62,1770.89,2788.4651
1783405800000,1770.89,1776.19,1769.82,1775.42,2379.8975
1783406700000,1775.42,1782.39,1774.58,1779.11,3505.7858
1783407600000,1779.11,1782.59,1778.05,1781.86,1188.248
1783408500000,1781.85,1781.97,1777.23,1778.12,1179.1606
1783409400000,1778.11,1778.94,1771.1,1773.14,1962.2253
1783410300000,1773.15,1775.67,1771.08,1771.24,1080.938
1783411200000,1771.23,1775.8,1768.6,1772.88,3018.7471
1783412100000,1772.88,1774.97,1770.14,1772.14,1220.7275
1783413000000,1772.14,1772.61,1768.37,1770.74,2126.2428
1783413900000,1770.75,1772.83,1768.97,1770.78,1668.7102
1783414800000,1770.77,1774.49,1768.81,1774.48,1975.5932
1783415700000,1774.48,1775,1772.1,1773.29,1815.1178
1783416600000,1773.29,1779.49,1773.03,1779.08,2582.9174
1783417500000,1779.08,1783.04,1775.48,1778.16,2052.1271
1783418400000,1778.16,1784.66,1778,1779.96,2018.413
1783419300000,1779.96,1783.63,1779.18,1779.18,1055.8172
1783420200000,1779.17,1779.17,1775.37,1776.68,1551.0902
1783421100000,1776.68,1777.4,1774.35,1775.8,2115.52
1783422000000,1775.8,1775.81,1772,1773.19,1333.3823
1783422900000,1773.19,1779.6,1772.8,1777.14,733.3416
1783423800000,1777.13,1780.64,1775.26,1780.63,703.6784
1783424700000,1780.64,1785,1778.43,1780.77,1748.4422
1783425600000,1780.77,1792.55,1780.27,1791.08,4781.9092
1783426500000,1791.09,1794.57,1788,1791.13,3133.3279
1783427400000,1791.13,1791.18,1784.09,1785.8,1527.654
1783428300000,1785.79,1785.79,1781.33,1781.97,1045.5747
1783429200000,1781.97,1783.28,1774.78,1777.05,2090.2641
1783430100000,1777.05,1778.26,1770,1771.85,2178.7229
1783431000000,1771.86,1776.22,1766.06,1772.47,5781.1839
1783431900000,1772.46,1781.97,1766.24,1769.01,5962.5731
1783432800000,1769.02,1778.57,1763.43,1767.22,4865.7527
1783433700000,1767.23,1772.48,1765.18,1772.2,4562.1421
1783434600000,1772.2,1777.3,1761.19,1770.36,6237.1247
1783435500000,1770.36,1792.93,1770.36,1789.46,6321.7818
1783436400000,1789.45,1791.63,1783,1785.95,3566.3977
1783437300000,1785.94,1795.68,1785.5,1792.73,3517.8258
1783438200000,1792.74,1799.36,1790.83,1795.39,5220.3783
1783439100000,1795.38,1803.03,1795.31,1797.45,4339.1715
1783440000000,1797.45,1800.33,1793,1795.18,3059.4808
1783440900000,1795.19,1805.05,1792.44,1802.52,3970.3105
1783441800000,1802.52,1806.27,1798.98,1805.32,2142.2213
1783442700000,1805.32,1813.16,1801.29,1802.23,4854.2041
1783443600000,1802.23,1807.24,1800.77,1804.5,2613.5642
1783444500000,1804.5,1806.31,1798.54,1806.26,1827.3111
1783445400000,1806.27,1808.41,1803.87,1808.35,1687.6484
1783446300000,1808.36,1810.39,1805.05,1810.39,2203.7623
1783447200000,1810.39,1810.39,1802.65,1803.91,1636.6151
1783448100000,1803.91,1806.9,1800.29,1800.76,2650.4965
1783449000000,1800.77,1804.57,1799.02,1804.57,1371.4537
1783449900000,1804.57,1804.94,1785.88,1786.6,4573.8747
1783450800000,1786.6,1789.36,1778.2,1779.63,5978.5843
1783451700000,1779.62,1784.8,1773.5,1783.14,3922.9783
1783452600000,1783.14,1791.16,1783.14,1789.56,1852.184
1783453500000,1789.56,1792.39,1788.73,1790.45,2253.9054
1783454400000,1790.46,1793.12,1786.01,1789.18,1935.5124
1783455300000,1789.17,1790.04,1785.72,1787.46,722.7371
1783456200000,1787.47,1787.67,1783.69,1783.72,793.1374
1783457100000,1783.72,1784.13,1781.39,1784.12,1597.9694
1783458000000,1784.12,1789.4,1784.12,1786.3,1604.8448
1783458900000,1786.3,1786.3,1775.04,1778.49,3786.0903
1783459800000,1778.48,1778.48,1771.05,1775.28,3528.2871
1783460700000,1775.28,1778.18,1772,1773.84,2330.1957
1783461600000,1773.83,1777.46,1765.35,1775.44,4084.5872
1783462500000,1775.44,1777.19,1770.36,1772.73,1118.24
1783463400000,1772.72,1778.57,1771.83,1777.54,1084.0291
1783464300000,1777.54,1777.54,1775.05,1775.55,788.3538
1783465200000,1775.55,1780.06,1774.52,1778.59,1104.0426
1783466100000,1778.59,1780.94,1778,1779.99,568.5458
1783467000000,1779.99,1780.77,1772.25,1772.44,1107.5452
1783467900000,1772.43,1773.16,1768,1771.45,1554.0189
1783468800000,1771.45,1775.61,1770.02,1774.58,1062.7315
1783469700000,1774.59,1782.01,1771.94,1779.7,2551.5411
1783470600000,1779.71,1785,1777.3,1783.05,1785.881
1783471500000,1783.05,1783.35,1779.04,1780.29,2405.0929
1783472400000,1780.29,1780.75,1775.99,1779.75,1956.5767
1783473300000,1779.75,1779.75,1772.93,1772.93,1127.343
1783474200000,1772.94,1773.35,1750,1759.31,9632.3049
1783475100000,1759.3,1762.47,1752.61,1755.94,3056.9463
1783476000000,1755.93,1757.17,1750,1751.25,3560.1066
1783476900000,1751.26,1755.54,1749.38,1752.21,3139.3831
1783477800000,1752.21,1755.34,1741.21,1755.33,5237.0142
1783478700000,1755.34,1759.67,1754.9,1757.62,2236.1523
1783479600000,1757.63,1763.54,1757.63,1762.33,1769.1625
1783480500000,1762.33,1763.87,1760.48,1763.28,1756.6606
1783481400000,1763.27,1763.28,1756.52,1757.59,1606.3422
1783482300000,1757.59,1757.63,1749.21,1751.78,2777.1741
1783483200000,1751.74,1755.91,1749.49,1753.9,1738.336
1783484100000,1753.91,1758,1753.91,1757.29,1272.3055
1783485000000,1757.3,1758,1751.73,1754.12,1505.2445
1783485900000,1754.13,1756.51,1752.01,1756.5,1089.3155
1783486800000,1756.5,1759.69,1755.33,1756.4,1345.5554
1783487700000,1756.41,1757.93,1754.11,1755.78,884.1063
1783488600000,1755.77,1756.1,1751.82,1752.41,1215.0452
1783489500000,1752.41,1755.17,1750.65,1754.14,1558.2494
1783490400000,1754.15,1754.29,1750.63,1752.29,1467.1511
1783491300000,1752.29,1754.28,1748.47,1751.58,2147.3898
1783492200000,1751.57,1752.24,1746.34,1747.93,1820.2424
1783493100000,1747.93,1755,1747.25,1751.81,1858.7198
1783494000000,1751.81,1752.4,1745.01,1751.21,2161.8579
1783494900000,1751.21,1753.45,1747.87,1753.06,1146.4261
1783495800000,1753.07,1757.05,1752.48,1754.94,2566.5589
1783496700000,1754.94,1757.4,1754.51,1756.7,1605.6909
1783497600000,1756.7,1758.7,1754.79,1757.38,1961.908
1783498500000,1757.39,1757.98,1731.07,1731.15,11458.5487
1783499400000,1731.14,1736.85,1725.18,1733.2,14405.5619
1783500300000,1733.21,1743.11,1732.92,1735.32,4730.3847
1783501200000,1735.32,1737.55,1732.33,1733.27,2486.1112
1783502100000,1733.27,1735.29,1729.7,1735.04,3131.8453
1783503000000,1735.04,1740.77,1734.88,1740.61,3278.7001
1783503900000,1740.62,1740.7,1735.74,1736.05,1562.4245
1783504800000,1736.06,1737.99,1732.6,1735.98,1492.8501
1783505700000,1735.97,1740.35,1735.06,1739.89,1354.7222
1783506600000,1739.89,1742.3,1738.49,1740.83,1397.6049
1783507500000,1740.83,1740.83,1738.13,1739.34,1172.9575
1783508400000,1739.34,1740.38,1736.02,1737.75,1238.1779
1783509300000,1737.75,1740.5,1737.13,1738.57,793.1918
1783510200000,1738.58,1748.05,1736.21,1746.24,3318.4094
1783511100000,1746.23,1750.96,1744,1747.95,3012.9762
1783512000000,1747.95,1751.25,1745.23,1747.73,2460.3727
1783512900000,1747.74,1749.66,1746,1747.49,1255.6546
1783513800000,1747.48,1747.8,1743.4,1744,1572.6943
1783514700000,1744,1747.1,1738.2,1738.58,2773.4625
1783515600000,1738.58,1742.93,1737.42,1740.03,2739.4595
1783516500000,1740.03,1741,1733.89,1736.57,2356.6706
1783517400000,1736.59,1744.25,1736.59,1739.36,3963.5735
1783518300000,1739.35,1739.82,1731.22,1737.72,3488.8713
1783519200000,1737.71,1740.62,1734.9,1735.6,2834.3227
1783520100000,1735.6,1740.95,1726.06,1732.82,4732.0838
1783521000000,1732.81,1733.87,1728,1729.77,2265.0668
1783521900000,1729.77,1733.23,1722.13,1729.62,4453.3088
1783522800000,1729.62,1730.53,1716.73,1717.53,6107.519
1783523700000,1717.54,1720.45,1713.44,1717.47,5345.4874
1783524600000,1717.46,1723.54,1716.35,1719.56,2292.1941
1783525500000,1719.55,1723.94,1718.33,1722.96,3592.8555
1783526400000,1722.96,1728.95,1722.78,1726.58,2410.5938
1783527300000,1726.58,1733.52,1725.19,1731.23,1974.8758
1783528200000,1731.22,1737.5,1726.82,1735.89,3062.4372
1783529100000,1735.89,1738.18,1733.18,1736.38,1783.5222
1783530000000,1736.39,1738.08,1732.81,1734.01,3218.3692
1783530900000,1734.01,1743,1734,1743,1962.7147
1783531800000,1742.99,1746.52,1740.68,1740.86,2230.2066
1783532700000,1740.85,1740.88,1730.96,1733.15,3239.5621
1783533600000,1733.16,1740.32,1732.34,1740.06,1952.7775
1783534500000,1740.05,1740.36,1735.75,1737,1526.2295
1783535400000,1737,1737,1730.03,1732.35,1472.8829
1783536300000,1732.34,1741.2,1732,1737.46,1650.6086
1783537200000,1737.46,1740.39,1733.81,1734.16,1062.784
1783538100000,1734.17,1738.74,1733.61,1738.17,771.0947
1783539000000,1738.16,1740.48,1738.06,1740.47,1072.2924
1783539900000,1740.47,1741.52,1734.22,1740.98,1993.7619
1783540800000,1740.99,1741.31,1735.57,1738.13,1497.7505
1783541700000,1738.12,1739.36,1734.62,1739.35,1100.8777
1783542600000,1739.35,1739.41,1734.93,1737.68,880.0664
1783543500000,1737.68,1738.67,1735.67,1736.42,756.7476
1783544400000,1736.42,1737.53,1731.41,1733.07,1027.3869
1783545300000,1733.07,1735.34,1732.02,1735.33,584.8586
1783546200000,1735.33,1737,1733.04,1735.23,743.6757
1783547100000,1735.23,1740,1734.81,1738.06,615.699
1783548000000,1738.07,1743.43,1737.9,1738.35,1167.5742
1783548900000,1738.34,1740.18,1736.83,1739.64,534.3154
1783549800000,1739.65,1741,1738.28,1740.23,523.8684
1783550700000,1740.22,1741.6,1738.95,1741.4,507.9055
1783551600000,1741.39,1744,1739.93,1741.77,786.0134
1783552500000,1741.78,1742.35,1739.58,1740.65,782.716
1783553400000,1740.64,1742.73,1738.82,1742.14,1027.8688
1783554300000,1742.13,1744.81,1740.46,1743.54,1236.609
1783555200000,1743.55,1744.25,1740.14,1742.96,1774.5195
1783556100000,1742.96,1743.25,1738.89,1741.9,993.5286
1783557000000,1741.91,1744.68,1737.79,1740.29,894.2743
1783557900000,1740.29,1741.92,1736.98,1738.22,897.1317
1783558800000,1738.22,1756.79,1737.77,1747.94,5854.5946
1783559700000,1747.94,1751.86,1744.86,1746.66,2238.4364
1783560600000,1746.66,1747.33,1734.25,1736.6,2076.1229
1783561500000,1736.61,1736.91,1730.29,1731.79,2382.1766
1783562400000,1731.8,1739.47,1728.67,1737.96,1865.9229
1783563300000,1737.96,1738.76,1734,1735.44,928.9464
1783564200000,1735.44,1735.49,1726.69,1726.71,1672.9393
1783565100000,1726.71,1728.98,1723.6,1727.3,1763.0374
1783566000000,1727.3,1728.14,1723.59,1728.01,1320.7404
1783566900000,1728.02,1730.07,1721.93,1729.3,1202.6012
1783567800000,1729.31,1734.61,1727.63,1730.68,1144.7848
1783568700000,1730.68,1731.26,1728.56,1730.7,780.8494
1783569600000,1730.7,1733.73,1730.35,1731.33,1080.036
1783570500000,1731.34,1734,1730.84,1733.66,613.7551
1783571400000,1733.65,1741.36,1733.51,1740.17,1915.3674
1783572300000,1740.18,1743.94,1738.33,1742.51,2142.9708
1783573200000,1742.51,1748.46,1739.75,1744.39,2425.9376
1783574100000,1744.39,1745.46,1738.51,1739.33,1872.3976
1783575000000,1739.34,1743.16,1737.46,1742.76,990.5345
1783575900000,1742.76,1749.48,1742.15,1749.39,2074.9251
1783576800000,1749.38,1753.7,1745.91,1747.74,3507.6955
1783577700000,1747.73,1755.6,1746.32,1752.94,3112.5065
1783578600000,1752.94,1755.27,1751.63,1755.26,1939.0037
1783579500000,1755.26,1755.69,1752.86,1755.26,1684.0303
1783580400000,1755.27,1762.36,1752.14,1753.81,3750.8547
1783581300000,1753.82,1757.29,1749.83,1752.48,5497.1532
1783582200000,1752.48,1756.04,1750.97,1756,2464.1914
1783583100000,1756,1761.71,1752.18,1753.31,2555.7865
1783584000000,1753.3,1754.71,1750.92,1754.24,1400.8983
1783584900000,1754.23,1758.06,1753.88,1758.06,1348.5242
1783585800000,1758.05,1758.68,1756.48,1757.77,1301.8611
1783586700000,1757.77,1757.78,1752.59,1754.45,910.6109
1783587600000,1754.45,1755.03,1751.4,1752.59,1518.3568
1783588500000,1752.58,1754.19,1751.21,1753.65,1425.9811
1783589400000,1753.65,1755.41,1749.47,1750.08,1159.9813
1783590300000,1750.09,1756.52,1749.49,1755.78,996.1274
1783591200000,1755.77,1757.34,1754.83,1755.68,896.2785
1783592100000,1755.67,1756.56,1752.3,1752.7,753.0095
1783593000000,1752.69,1754.48,1751.87,1752.65,690.3052
1783593900000,1752.65,1752.66,1744.1,1746.31,2042.4463
1783594800000,1746.31,1748.49,1745.77,1748.39,1363.2532
1783595700000,1748.39,1748.39,1741.26,1742.44,1542.8294
1783596600000,1742.45,1744.3,1741.54,1742.46,1293.4118
1783597500000,1742.46,1745.7,1741.4,1744.02,1576.1199
1783598400000,1744.02,1745.51,1739.16,1740.69,2304.5166
1783599300000,1740.69,1743.44,1738.47,1741.05,6113.0884
1783600200000,1741.06,1747.2,1737.35,1738.7,5165.4509
1783601100000,1738.71,1743.4,1734.7,1741.8,5720.889
1783602000000,1741.8,1750.55,1741.7,1748.99,2409.6964
1783602900000,1748.99,1749,1742.43,1743.86,1555.0727
1783603800000,1743.86,1745.98,1735.94,1745.98,6195.0521
1783604700000,1745.97,1752,1740.39,1746.99,2731.8441
1783605600000,1746.99,1749.83,1740.94,1742.35,1426.75
1783606500000,1742.35,1742.35,1733.36,1740.37,7546.7189
1783607400000,1740.38,1744.04,1736.34,1741.13,1744.4401
1783608300000,1741.13,1744.01,1737,1743.14,1903.7225
1783609200000,1743.14,1747.76,1740,1745.43,2050.388
1783610100000,1745.42,1749.37,1741.53,1742.63,1451.923
1783611000000,1742.63,1745.43,1738.71,1741.05,1354.5454
1783611900000,1741.05,1742.95,1737.52,1739.51,1084.6154
1783612800000,1739.51,1743.84,1737.78,1738.66,1142.9196
1783613700000,1738.66,1739.45,1731.99,1736.16,1453.4326
1783614600000,1736.16,1740.25,1735.14,1738.66,1101.6321
1783615500000,1738.66,1739.8,1735.17,1739.25,1869.8535
1783616400000,1739.25,1742.25,1738.46,1739.57,867.3742
1783617300000,1739.58,1744.41,1739.58,1742.71,1055.1708
1783618200000,1742.71,1752.5,1740.47,1749.57,3052.7467
1783619100000,1749.58,1750.47,1746.32,1748.52,927.4748
1783620000000,1748.53,1757.59,1747.47,1756.24,2680.1506
1783620900000,1756.25,1759.82,1751.51,1754.74,2548.1409
1783621800000,1754.73,1754.82,1752.1,1754.34,2354.4911
1783622700000,1754.33,1754.68,1749.49,1751.55,782.9008
1783623600000,1751.56,1751.8,1748.58,1748.97,955.3325
1783624500000,1748.98,1750.19,1747.12,1749.86,942.6152
1783625400000,1749.86,1752.95,1748.81,1752.19,843.4924
1783626300000,1752.18,1752.38,1747.63,1748.51,1357.327
1783627200000,1748.51,1749.69,1745.66,1746.34,1132.1812
1783628100000,1746.34,1749,1745.27,1748.07,1038.3791
1783629000000,1748.07,1750.36,1747.17,1749.94,730.2185
1783629900000,1749.95,1750.11,1747.65,1748.76,389.3724
1783630800000,1748.77,1750.97,1746.74,1748.37,839.6454
1783631700000,1748.37,1749.7,1745.94,1746.42,768.4852
1783632600000,1746.42,1747.43,1745.27,1745.84,792.1063
1783633500000,1745.83,1748.76,1745.01,1748.17,991.7344
1783634400000,1748.17,1750.77,1747.08,1748.2,992.7369
1783635300000,1748.21,1751.08,1747.92,1749.1,656.5756
1783636200000,1749.11,1750.98,1746.33,1750.08,815.0636
1783637100000,1750.08,1751.04,1747.5,1747.52,518.1661
1783638000000,1747.53,1749.07,1746.27,1746.27,581.3891
1783638900000,1746.28,1748.56,1741.56,1746.43,1879.5144
1783639800000,1746.44,1747,1744.25,1746.9,665.3248
1783640700000,1746.91,1747.61,1745.16,1745.16,582.8487
1783641600000,1745.17,1745.41,1741.45,1745.06,910.3029
1783642500000,1745.06,1746.42,1740.26,1742.07,874.5111
1783643400000,1742.08,1744.13,1737.68,1740.98,1676.1956
1783644300000,1740.97,1743.15,1738.09,1743.09,1023.7032
1783645200000,1743.09,1744.43,1738.25,1742.88,1205.3634
1783646100000,1742.88,1751.77,1742.7,1750.54,1752.5117
1783647000000,1750.54,1752.88,1748.13,1749.4,1631.4519
1783647900000,1749.4,1777.47,1749.38,1767.62,17360.357
1783648800000,1767.62,1770.31,1764.56,1768.61,3257.7529
1783649700000,1768.62,1770.54,1765.5,1766.7,1218.3489
1783650600000,1766.68,1770,1765.69,1769,1935.0139
1783651500000,1769,1775,1767.53,1772.86,3553.4177
1783652400000,1772.87,1773.42,1769.6,1772.23,1621.967
1783653300000,1772.23,1773,1770.2,1770.52,1588.3284
1783654200000,1770.52,1776.12,1769.22,1775.89,3219.5962
1783655100000,1775.88,1779.68,1774.7,1776.12,2521.7095
1783656000000,1776.13,1779.65,1775.73,1779.32,1867.1998
1783656900000,1779.32,1780.33,1773.9,1773.9,1513.4265
1783657800000,1773.91,1777.72,1771.94,1775.79,2008.0156
1783658700000,1775.79,1777.95,1773.93,1774.75,1547.0406
1783659600000,1774.74,1775,1772.58,1772.64,1175.3633
1783660500000,1772.64,1774.69,1772.54,1773.77,1170.5638
1783661400000,1773.78,1779.32,1773.09,1779.15,2213.6683
1783662300000,1779.14,1780,1777.28,1779.04,1369.3988
1783663200000,1779.04,1779.88,1776.51,1777.95,1877.0666
1783664100000,1777.95,1777.95,1769.23,1770.48,2302.7492
1783665000000,1770.47,1773.58,1770.27,1773.11,1268.9596
1783665900000,1773.1,1774.18,1770.53,1771.17,919.4728
1783666800000,1771.17,1773.89,1768.57,1773.89,1283.4469
1783667700000,1773.88,1777.45,1772.6,1776.02,1065.9557
1783668600000,1776.02,1776.03,1772.13,1772.2,1105.6514
1783669500000,1772.21,1773.56,1771.49,1773.2,1165.3204
1783670400000,1773.2,1776.1,1772.63,1776.1,846.5425
1783671300000,1776.09,1789.59,1776.09,1785.64,5814.126
1783672200000,1785.65,1789.48,1784.55,1785.52,2030.569
1783673100000,1785.52,1785.6,1783.22,1783.99,1489.3167
1783674000000,1783.99,1785.7,1781.27,1783.1,1796.3329
1783674900000,1783.09,1788.61,1782.98,1788.53,2165.7297
1783675800000,1788.52,1794.46,1788.12,1792.95,4641.6032
1783676700000,1792.95,1794.94,1791.28,1792.56,2028.3252
1783677600000,1792.55,1794.16,1789.45,1790.51,1799.6653
1783678500000,1790.51,1802.99,1790.51,1800.35,6916.6615
1783679400000,1800.34,1802.41,1796.25,1799.81,3107.0813
1783680300000,1799.82,1799.99,1796.96,1797.01,1591.743
1783681200000,1797.01,1800,1797.01,1799.92,3270.0838
1783682100000,1799.93,1802,1796.13,1797.46,2663.9455
1783683000000,1797.45,1797.8,1794.25,1797.51,2299.1482
1783683900000,1797.5,1802.41,1797.09,1801.22,3766.8548
1783684800000,1801.22,1807.18,1798.31,1804.56,5658.0868
1783685700000,1804.57,1805,1799.98,1800.83,3128.5019
1783686600000,1800.83,1801,1794.4,1794.6,3636.861
1783687500000,1794.6,1795.74,1792.98,1793.95,2399.1328
1783688400000,1793.95,1796.96,1793.65,1794.54,2374.0159
1783689300000,1794.55,1798.75,1794.14,1795.51,2196.2754
1783690200000,1795.51,1803.74,1794.78,1801.52,4032.0849
1783691100000,1801.53,1812,1801.41,1803.82,6094.3429
1783692000000,1803.82,1804.49,1792.28,1793.43,2852.4182
1783692900000,1793.44,1794.22,1780,1788.97,5713.473
1783693800000,1788.98,1794.67,1775,1788,7815.7937
1783694700000,1787.99,1789.19,1784.07,1785.06,2399.7409
1783695600000,1785.06,1791.29,1784.03,1788.15,2805.4677
1783696500000,1788.15,1796.88,1788.15,1793.81,2775.5287
1783697400000,1793.81,1794.82,1786.4,1788.03,1802.2594
1783698300000,1788.04,1791.23,1787.13,1791.11,1515.9602
1783699200000,1791.11,1794.05,1788.08,1793.41,1766.734
1783700100000,1793.41,1796.26,1789.75,1791.35,1686.3819
1783701000000,1791.34,1793.2,1785.86,1790.12,2344.5799
1783701900000,1790.12,1799.53,1789.45,1797.49,1982.5229
1783702800000,1797.48,1799,1791.75,1791.93,2991.1086
1783703700000,1791.93,1795,1789.22,1793.49,1043.384
1783704600000,1793.49,1793.5,1788.57,1789.33,1135.561
1783705500000,1789.33,1791.67,1788.02,1788.03,878.9783
1783706400000,1788.03,1794,1788.03,1789.25,1579.793
1783707300000,1789.26,1792.73,1787.7,1790.14,1221.2024
1783708200000,1790.14,1790.14,1787.74,1788.56,806.3947
1783709100000,1788.57,1788.57,1781.2,1784.94,2466.5815
1783710000000,1784.94,1788.27,1784.1,1787.86,1197.726
1783710900000,1787.85,1789.58,1785.2,1788.26,861.0176
1783711800000,1788.26,1797.31,1788.09,1796,3012.049
1783712700000,1796,1796.49,1791.91,1792.68,1471.6338
1783713600000,1792.68,1793.11,1790.23,1792.95,1447.3551
1783714500000,1792.96,1794.36,1789.65,1791.4,2015.9215
1783715400000,1791.4,1794.46,1791.28,1791.99,647.6288
1783716300000,1791.99,1794.15,1790.13,1790.14,1090.1385
1783717200000,1790.13,1793.14,1789.6,1792.18,1555.7161
1783718100000,1792.17,1793.98,1791.38,1793.37,907.6467
1783719000000,1793.37,1796.99,1793.37,1795.71,1263.1208
1783719900000,1795.71,1795.74,1793.78,1794.37,1279.0194
1783720800000,1794.37,1796.23,1793.71,1795.94,964.204
1783721700000,1795.94,1796.51,1792.95,1795.2,923.9358
1783722600000,1795.21,1795.96,1793.55,1793.62,834.8405
1783723500000,1793.62,1796.62,1793.35,1795.2,698.9071
1783724400000,1795.2,1796.49,1792.57,1796.33,684.9364
1783725300000,1796.34,1798,1794.91,1796.1,944.7866
1783726200000,1796.09,1796.83,1795.4,1796.27,633.2829
1783727100000,1796.27,1797.43,1795.47,1796.85,637.2131
1783728000000,1796.85,1797.2,1793.05,1793.58,1420.3095
1783728900000,1793.58,1795.14,1790.28,1793.65,1002.7351
1783729800000,1793.64,1794.23,1790.1,1793.65,859.0665
1783730700000,1793.65,1793.65,1791.56,1793.36,336.8416
1783731600000,1793.35,1794.99,1791.98,1793.72,595.2182
1783732500000,1793.72,1799.29,1793.71,1795.76,831.332
1783733400000,1795.77,1797.33,1789.17,1789.43,1550.011
1783734300000,1789.43,1793.59,1788.25,1789.09,2026.5992
1783735200000,1789.09,1791.59,1786.77,1790.18,1133.4731
1783736100000,1790.19,1792.14,1790.17,1791.73,801.7041
1783737000000,1791.74,1795.59,1791.28,1794.67,677.5216
1783737900000,1794.67,1796.14,1794.25,1795.59,1538.4055
1783738800000,1795.59,1797.31,1794.46,1796.87,955.4353
1783739700000,1796.87,1797.42,1792.03,1795.16,1416.9162
1783740600000,1795.17,1798.2,1794.85,1797.05,641.647
1783741500000,1797.06,1798.24,1796.36,1796.5,663.8457
1783742400000,1796.5,1797.21,1795.75,1797.03,618.7009
1783743300000,1797.03,1798.23,1795.98,1796.84,529.7448
1783744200000,1796.85,1800.18,1796.66,1797.76,2288.7825
1783745100000,1797.76,1798.35,1795.88,1796.53,517.1925
1783746000000,1796.52,1798.47,1795.07,1797.89,967.9269
1783746900000,1797.9,1800.18,1797.18,1799.21,687.9845
1783747800000,1799.22,1802.27,1797.69,1798.33,1299.7756
1783748700000,1798.33,1799.82,1797.81,1799.45,1344.943
1783749600000,1799.44,1799.45,1794.6,1798.22,1741.8831
1783750500000,1798.22,1803.29,1798.22,1799.95,4908.5185
1783751400000,1799.96,1802.4,1799.93,1799.94,943.0682
1783752300000,1799.94,1801,1798.74,1799.32,1246.1967
1783753200000,1799.31,1800.33,1797.93,1800.22,1607.4693
1783754100000,1800.22,1802,1799.46,1801,3121.3728
1783755000000,1801,1801.88,1799.98,1800.56,728.2994
1783755900000,1800.57,1800.71,1799.34,1800,451.2529
1783756800000,1799.99,1802,1799.58,1801.65,733.1002
1783757700000,1801.65,1801.74,1800.78,1801.32,485.2159
1783758600000,1801.32,1803.52,1800.99,1802.59,751.8198
1783759500000,1802.6,1802.6,1800.51,1801.47,540.1614
1783760400000,1801.47,1802.59,1798.65,1798.66,708.2178
1783761300000,1798.66,1799.86,1798.14,1799.79,631.2761
1783762200000,1799.79,1800.85,1797.52,1799.22,783.4699
1783763100000,1799.23,1799.26,1795.15,1795.5,1578.7911
1783764000000,1795.51,1797.51,1795.23,1797.5,700.3652
1783764900000,1797.51,1798.92,1795.59,1798.92,855.5763
1783765800000,1798.92,1798.92,1796.75,1797.81,736.4953
1783766700000,1797.8,1799.28,1797.8,1798.3,666.4391
1783767600000,1798.3,1799.37,1797.2,1798.91,630.4019
1783768500000,1798.92,1799.63,1797.72,1799.04,1259.8514
1783769400000,1799.04,1801.02,1798.87,1799.97,1191.1131
1783770300000,1799.97,1801.02,1799.26,1800.48,911.3564
1783771200000,1800.47,1801.66,1799.4,1800.45,478.7479
1783772100000,1800.45,1800.86,1798.65,1800.05,810.2938
1783773000000,1800.04,1800.25,1798.42,1799.13,726.135
1783773900000,1799.14,1801.36,1799.13,1800.1,787.8354
1783774800000,1800.1,1800.54,1799.15,1800.35,818.7589
1783775700000,1800.36,1802.59,1800,1801.66,943.5671
1783776600000,1801.65,1808.37,1801.5,1803.49,2155.6128
1783777500000,1803.48,1804.99,1802.28,1802.61,970.9988
1783778400000,1802.61,1804.56,1802.61,1802.64,1129.9804
1783779300000,1802.64,1807.38,1802.48,1805.99,1607.8574
1783780200000,1806,1817.62,1806,1814.41,8310.5809
1783781100000,1814.4,1815.23,1810.64,1810.73,2610.9283
1783782000000,1810.73,1826.69,1810.73,1821.49,13030.7425
1783782900000,1821.54,1828,1818.94,1824.26,4368.2392
1783783800000,1824.25,1824.48,1811.51,1812.16,6197.7747
1783784700000,1812.16,1815.5,1808.73,1814.83,4014.502
1783785600000,1814.82,1816.13,1810.62,1814.98,2018.9536
1783786500000,1814.97,1820.4,1813.24,1820.01,6777.8612
1783787400000,1820,1824.43,1817.09,1818.18,6598.1449
1783788300000,1818.19,1823.58,1816.3,1823.34,2535.4497
1783789200000,1823.34,1823.9,1820.49,1820.5,869.282
1783790100000,1820.5,1822.8,1818.42,1822.62,807.2064
1783791000000,1822.62,1830,1822.5,1826.56,4206.2201
1783791900000,1826.56,1828.56,1824.08,1824.73,1270.5729
1783792800000,1824.72,1825.98,1823.7,1824.32,1316.0542
1783793700000,1824.32,1830,1824.07,1825.98,2190.5313
1783794600000,1825.97,1829.82,1825.37,1828.58,2080.6516
1783795500000,1828.58,1828.72,1824.21,1826.39,1256.8091
1783796400000,1826.39,1827.21,1823.63,1824.99,5273.8694
1783797300000,1825,1825.55,1818.96,1819.92,4370.2264
1783798200000,1819.92,1822.06,1819.09,1821.22,1503.5378
1783799100000,1821.22,1824.43,1821.22,1824.38,1031.2201
1783800000000,1824.38,1825.55,1823.21,1824.95,1033.4912
1783800900000,1824.96,1826.05,1824.9,1826.01,461.6878
1783801800000,1826.02,1828.57,1825.46,1827.57,1198.3025
1783802700000,1827.56,1828.37,1825.4,1825.97,902.2739
1783803600000,1825.97,1829.17,1825.97,1826.51,571.376
1783804500000,1826.52,1828.73,1825.44,1825.72,1319.8735
1783805400000,1825.72,1826.97,1822.65,1823.27,829.4906
1783806300000,1823.26,1825.57,1823.1,1823.97,685.7464
1783807200000,1823.96,1824.21,1821.61,1822.47,1182.3943
1783808100000,1822.47,1822.49,1809.26,1813.84,3778.6448
1783809000000,1813.84,1817.35,1812.7,1815.62,1780.8128
1783809900000,1815.62,1815.62,1812,1813.73,1239.5969
1783810800000,1813.73,1815.86,1806.62,1808.44,2312.3455
1783811700000,1808.44,1810.61,1792.03,1795.71,7895.7838
1783812600000,1795.71,1796.49,1786.58,1791.31,5422.4355
1783813500000,1791.31,1794.51,1787.76,1787.76,2402.1929
1783814400000,1787.76,1791.18,1783.09,1784.14,3825.5387
1783815300000,1784.14,1790.4,1783.09,1787.92,2473.0879
1783816200000,1787.93,1788.27,1779.46,1786.65,4228.2678
1783817100000,1786.65,1790.9,1784.97,1788.98,1410.5968
1783818000000,1788.98,1796.63,1788.16,1793.48,2060.9663
1783818900000,1793.48,1802.13,1792.61,1800.85,2963.8515
1783819800000,1800.84,1808.29,1800.01,1806.75,2560.5086
1783820700000,1806.75,1808.3,1804.96,1806.7,881.0416
1783821600000,1806.7,1806.7,1802.97,1803.78,1016.2774
1783822500000,1803.78,1807.54,1803.47,1805.5,969.7497
1783823400000,1805.51,1807.13,1804,1805.51,738.4077
1783824300000,1805.51,1807.6,1804.42,1805.12,778.7251
1783825200000,1805.11,1806.9,1802.66,1805.96,1263.1252
1783826100000,1805.97,1808.44,1805.73,1807.46,1118.649
1783827000000,1807.46,1813.67,1807.1,1810.32,2185.4992
1783827900000,1810.32,1812.17,1809,1811.53,2016.6403
1783828800000,1811.53,1811.78,1809.57,1810.3,533.5226
1783829700000,1810.29,1812.63,1808.04,1809.77,1001.2692
1783830600000,1809.76,1810.39,1805.37,1808.37,983.644
1783831500000,1808.36,1808.37,1804.15,1805.92,713.6395
1783832400000,1805.92,1807.15,1804.42,1804.61,435.2249
1783833300000,1804.62,1804.85,1801.3,1801.61,892.2689
1783834200000,1801.6,1805.79,1801.31,1805.16,676.1897
1783835100000,1805.17,1805.67,1803.25,1803.25,318.6663
1783836000000,1803.25,1803.25,1792.86,1793.31,2565.2883
1783836900000,1793.31,1794.66,1789.44,1790.89,2152.3494
1783837800000,1790.89,1795.11,1789.76,1794.24,944.7868
1783838700000,1794.25,1795.91,1792.79,1795.13,689.0015
1783839600000,1795.14,1798,1794.2,1798,786.6028
1783840500000,1798,1799,1796.56,1796.91,671.7805
1783841400000,1796.92,1797.63,1796.41,1797.3,509.9579
1783842300000,1797.3,1799.1,1796.69,1798.78,607.3896
1783843200000,1798.78,1808.85,1798.73,1807.71,1545.933
1783844100000,1807.71,1808.94,1803.86,1804,997.0782
1783845000000,1804.01,1805.71,1803.63,1805,423.0855
1783845900000,1804.99,1805.58,1803.22,1805.22,482.3207
1783846800000,1805.22,1805.99,1801.02,1801.02,782.8088
1783847700000,1801.03,1801.06,1796.69,1799.61,1686.4731
1783848600000,1799.62,1804.7,1799.6,1803.79,987.1056
1783849500000,1803.79,1804.1,1802.28,1802.39,438.6992
1783850400000,1802.4,1802.58,1800,1800.98,427.319
1783851300000,1800.99,1802.41,1799.4,1800.77,639.7569
1783852200000,1800.77,1801.64,1798.99,1799.93,690.5955
1783853100000,1799.93,1801.28,1799,1799.4,644.8113
1783854000000,1799.41,1800.99,1796.48,1798.35,1172.0958
1783854900000,1798.35,1801.12,1798.29,1801.12,690.7325
1783855800000,1801.13,1806.57,1801.13,1806.05,1515.3131
1783856700000,1806.06,1806.84,1803.43,1803.77,539.2509
1783857600000,1803.77,1807.59,1803,1806.79,840.8806
1783858500000,1806.8,1808,1805.4,1807.47,511.8787
1783859400000,1807.46,1807.54,1804.85,1805.99,616.8614
1783860300000,1805.99,1809.42,1805.56,1807.01,554.8132
1783861200000,1807.02,1808.76,1805.33,1807.99,570.2255
1783862100000,1808,1809.78,1806.59,1807.67,607.2977
1783863000000,1807.67,1808.97,1806.59,1807.45,612.9106
1783863900000,1807.45,1807.95,1805.5,1805.95,694.2424
1783864800000,1805.95,1807,1804.2,1804.42,868.0042
1783865700000,1804.42,1805.92,1804.32,1805.59,931.2171
1783866600000,1805.58,1810.23,1805.58,1809.59,1208.2452
1783867500000,1809.58,1822,1809.08,1819.51,8530.8763
1783868400000,1819.5,1824.99,1816.54,1821.84,5553.9623
1783869300000,1821.84,1826.44,1818,1826.15,5674.9006
1783870200000,1826.15,1826.92,1818.87,1821.81,2472.2464
1783871100000,1821.8,1825,1820.65,1820.93,2426.2687
1783872000000,1820.94,1824.39,1817.6,1818.1,3991.0766
1783872900000,1818.11,1824.01,1817.91,1822.66,5305.4939
1783873800000,1822.67,1822.77,1818.89,1819.76,1373.5806
1783874700000,1819.77,1822.58,1819.42,1822,1673.3684
1783875600000,1821.99,1822.54,1819.93,1819.98,905.2253
1783876500000,1819.99,1821.23,1818.69,1818.73,1502.2214
1783877400000,1818.72,1822.31,1818.49,1821.57,718.7187
1783878300000,1821.57,1821.57,1814.85,1818.5,2200.9306
1783879200000,1818.51,1821,1815.73,1817.25,1539.7405
1783880100000,1817.24,1820,1815.12,1818.7,1525.3541
1783881000000,1818.7,1822.33,1818.7,1821.16,1374.4513
1783881900000,1821.16,1822.38,1821.15,1821.42,630.9063
1783882800000,1821.42,1822.95,1820.75,1820.75,1141.3628
1783883700000,1820.76,1821.77,1820.17,1821.69,831.6995
1783884600000,1821.7,1821.7,1818.92,1818.93,590.9162
1783885500000,1818.93,1823,1818.71,1821.4,1928.9844
1783886400000,1821.4,1822.36,1819.72,1819.72,542.1424
1783887300000,1819.73,1820.58,1818.81,1819.89,536.2876
1783888200000,1819.9,1824,1818.8,1823.09,1571.4152
1783889100000,1823.09,1823.57,1820.79,1821.26,900.9007
1783890000000,1821.26,1823.63,1820.07,1820.12,816.0594
1783890900000,1820.13,1820.13,1813.19,1815.09,2003.011
1783891800000,1815.08,1815.09,1812.32,1813.24,899.0916
1783892700000,1813.25,1814.73,1810.78,1812.28,1281.5661
1783893600000,1812.27,1812.27,1797.67,1802.46,6225.6763
1783894500000,1802.46,1804.86,1797.67,1802.39,1538.069
1783895400000,1802.39,1804.44,1800.48,1801.19,658.3419
1783896300000,1801.18,1806.76,1797.63,1805.06,1591.0537
1783897200000,1805.05,1805.59,1801,1803.43,1009.0263
1783898100000,1803.43,1804.86,1802.22,1804.68,580.5568
1783899000000,1804.68,1808.94,1804.45,1807.58,1412.776
1783899900000,1807.58,1808.64,1804.34,1806.8,962.2542
1783900800000,1806.8,1846,1804.41,1840.05,20792.3008
1783901700000,1840.06,1843.94,1831.33,1831.76,9242.3447
1783902600000,1831.77,1833.42,1807.07,1814.42,10040.9956
1783903500000,1814.42,1828.76,1814.13,1826.59,5505.8524
1783904400000,1826.6,1829.99,1815.36,1822.52,4420.9163
1783905300000,1822.51,1828.73,1814.99,1816.75,2776.5242
1783906200000,1816.74,1820.48,1812.09,1818.29,2359.2983
1783907100000,1818.28,1818.38,1805.32,1806.83,3911.0317
1783908000000,1806.84,1807.95,1798.99,1805.01,5244.7523
1783908900000,1805.02,1811.76,1805.01,1810.14,3070.6581
1783909800000,1810.13,1814.82,1808,1811.61,2389.4343
1783910700000,1811.61,1811.69,1806.51,1806.99,1320.7091
1783911600000,1806.99,1806.99,1785,1789.66,9770.4873
1783912500000,1789.66,1795.61,1786.2,1795.21,5386.8657
1783913400000,1795.21,1795.21,1775,1779.15,11155.9273
1783914300000,1779.15,1782.18,1778.08,1780.55,2101.2251
1783915200000,1780.54,1781.15,1776.42,1779.99,3265.6159
1783916100000,1780,1785.16,1779.49,1784.86,1636.9343
1783917000000,1784.85,1784.86,1778.27,1780.75,1896.747
1783917900000,1780.75,1782.5,1778.37,1779.03,1080.5237
1783918800000,1779.03,1786.61,1773.99,1784.54,3409.903
1783919700000,1784.54,1786.5,1778.39,1779.41,2016.1778
1783920600000,1779.41,1785.29,1774.29,1782.84,3392.9667
1783921500000,1782.83,1782.84,1780.29,1781.64,1230.7709
1783922400000,1781.64,1783.42,1776.69,1777.79,1971.0073
1783923300000,1777.8,1779.84,1776.08,1779.57,2147.6525
1783924200000,1779.58,1780.69,1775.96,1778.77,1390.48
1783925100000,1778.76,1779.52,1777.17,1777.85,1505.5567
1783926000000,1777.85,1781.18,1776.44,1778.58,2157.2984
1783926900000,1778.58,1788.47,1778.58,1787.41,3505.7147
1783927800000,1787.41,1791.39,1786.45,1787.57,2183.0955
1783928700000,1787.57,1788.55,1785.71,1787.57,1383.281
1783929600000,1787.58,1789.4,1783.86,1786.78,2010.3792
1783930500000,1786.79,1787.86,1785,1786.47,1556.2893
1783931400000,1786.47,1788.79,1784.47,1788.66,1193.3341
1783932300000,1788.66,1793.56,1788.41,1790.17,2342.9662
1783933200000,1790.18,1790.55,1788.21,1788.89,1065.4933
1783934100000,1788.88,1788.89,1785.46,1787.49,1498.1267
1783935000000,1787.49,1787.85,1786.18,1786.69,1246.4902
1783935900000,1786.7,1786.77,1784.92,1785.81,631.7352
1783936800000,1785.81,1786.89,1781.14,1782.51,1652.2635
1783937700000,1782.51,1785.58,1781.34,1782.22,2128.9291
1783938600000,1782.22,1784.19,1778.49,1779.51,2430.0739
1783939500000,1779.51,1780.97,1777.1,1779.43,2393.5673
1783940400000,1779.43,1784.98,1779.43,1782.53,1325.19
1783941300000,1782.52,1783.17,1779.75,1782.16,983.422
1783942200000,1782.16,1783.71,1780.65,1782.26,1435.5011
1783943100000,1782.27,1783.7,1780.7,1780.74,1077.2396
1783944000000,1780.74,1783.54,1778.81,1780.33,2394.3426
1783944900000,1780.34,1781.69,1776.06,1777.05,2334.5811
1783945800000,1777.05,1778.29,1767.73,1770.66,7316.154
1783946700000,1770.66,1772.55,1770,1772.33,1872.2775
1783947600000,1772.33,1773.6,1768.46,1768.46,1573.2632
1783948500000,1768.46,1771.05,1764.81,1769.47,3264.3299
1783949400000,1769.47,1776.54,1763.46,1768.16,5085.5561
1783950300000,1768.16,1772.17,1764.15,1771.3,6627.5872
1783951200000,1771.3,1774.44,1767.56,1773.87,6606.3991
1783952100000,1773.86,1776.12,1762.44,1771.85,7456.6876
1783953000000,1771.84,1778.14,1768.8,1776.45,3171.6018
1783953900000,1776.44,1782,1774.71,1781.74,2689.7555
1783954800000,1781.74,1782.73,1777.58,1778.12,2252.6034
1783955700000,1778.12,1786.53,1777.99,1782.73,1963.1606
1783956600000,1782.73,1783.18,1775.62,1778.05,1635.4476
1783957500000,1778.04,1778.59,1775.5,1777.01,1362.4501
1783958400000,1777,1780.73,1776.02,1778.32,1288.5573
1783959300000,1778.32,1778.32,1771,1772.2,3078.5881
1783960200000,1772.2,1774.99,1767.38,1774.16,2644.0234
1783961100000,1774.16,1776.36,1770.07,1772.05,1551.818
1783962000000,1772.05,1776.33,1769.96,1774.57,1846.9873
1783962900000,1774.56,1774.76,1770.39,1771.53,1212.9642
1783963800000,1771.52,1772.61,1763.33,1767.71,4698.7687
1783964700000,1767.71,1769.4,1753.25,1753.62,8623.3007
1783965600000,1753.62,1760.8,1752.31,1757.01,8878.8309
1783966500000,1757,1759.54,1750.2,1758.52,4766.4328
1783967400000,1758.53,1762.59,1757.14,1761.55,1533.9127
1783968300000,1761.56,1767.39,1761.04,1764.9,1554.2132
1783969200000,1764.9,1767.05,1764.51,1766.62,1192.2456
1783970100000,1766.63,1768.74,1764.54,1765.16,1633.1084
1783971000000,1765.16,1771.85,1765.16,1771.85,1868.2208
1783971900000,1771.84,1775.26,1769.4,1774.92,2985.0049
1783972800000,1774.93,1776.99,1771.48,1771.48,1722.3745
1783973700000,1771.48,1771.49,1765.13,1769.9,2064.679
1783974600000,1769.89,1770.41,1767.81,1768.2,645.1069
1783975500000,1768.2,1768.2,1761.72,1767.33,1290.1695
1783976400000,1767.34,1767.34,1761.64,1763.06,941.3906
1783977300000,1763.06,1763.75,1760.53,1760.53,1114.6085
1783978200000,1760.53,1760.54,1752.59,1756.52,4430.1857
1783979100000,1756.52,1762.48,1755.2,1761.68,2473.7859
1783980000000,1761.68,1768.13,1761.4,1766.26,1876.1069
1783980900000,1766.26,1768.45,1765.53,1766.09,1009.3113
1783981800000,1766.1,1766.82,1762.29,1764.04,940.4059
1783982700000,1764.04,1764.77,1756.41,1758.5,1663.9369
1783983600000,1758.51,1762.2,1756.49,1761.6,1696.1752
1783984500000,1761.6,1770.91,1761.51,1767.51,1811.6703
1783985400000,1767.51,1768.89,1765.66,1767.23,1331.4355
1783986300000,1767.24,1778.05,1766.77,1776.72,4423.0536
1783987200000,1776.71,1781.99,1773.41,1780,2568.247
1783988100000,1780,1780.99,1776.31,1778.84,1285.483
1783989000000,1778.85,1783.6,1778.85,1779.35,2223.1639
1783989900000,1779.35,1788.64,1779.35,1786.02,2376.6831
1783990800000,1786.02,1786.67,1783.96,1785.73,2340.4251
1783991700000,1785.74,1794.47,1784.42,1787.65,4294.8883
1783992600000,1787.65,1788.41,1783.27,1784.36,1244.5985
1783993500000,1784.37,1786.08,1783.74,1784.84,917.2109
1783994400000,1784.83,1789.02,1782.8,1783.94,1443.8557
1783995300000,1783.93,1784.82,1775.07,1778.05,1788.6982
1783996200000,1778.04,1785.55,1778.04,1785.11,1055.9967
1783997100000,1785.11,1786.29,1781.63,1782.66,640.5773
1783998000000,1782.67,1783.96,1776.08,1776.55,882.9061
1783998900000,1776.55,1780.09,1774.75,1780.04,976.2019
1783999800000,1780.05,1783.58,1778.95,1781.01,912.9247
1784000700000,1781.01,1783.88,1780.68,1783.65,883.9811
1784001600000,1783.64,1787.72,1782.26,1783.9,1453.9408
1784002500000,1783.89,1788.88,1782.36,1787.54,940.6853
1784003400000,1787.53,1789.99,1786.13,1786.13,1509.7809
1784004300000,1786.14,1786.74,1784.62,1785.93,1786.8342
1784005200000,1785.92,1793.26,1784.53,1790.02,1688.1828
1784006100000,1790.02,1792.24,1788.23,1790.7,1993.252
1784007000000,1790.71,1791.99,1785.44,1787.41,1521.1058
1784007900000,1787.42,1787.88,1786.47,1787.04,813.3291
1784008800000,1787.03,1787.4,1784.65,1785.15,1281.1752
1784009700000,1785.16,1787.34,1784.9,1785.62,972.9413
1784010600000,1785.62,1787.3,1783.12,1784.52,1291.2659
1784011500000,1784.52,1784.7,1781.92,1783.19,881.1411
1784012400000,1783.19,1783.85,1781.27,1782.85,1973.5049
1784013300000,1782.85,1786.55,1781.78,1785.76,2184.0364
1784014200000,1785.76,1785.76,1779.52,1781,1708.0253
1784015100000,1780.99,1782.48,1779.41,1781.21,1133.6974
1784016000000,1781.21,1782.69,1779,1781.34,1616.1976
1784016900000,1781.34,1787.66,1781.34,1786.55,2466.2206
1784017800000,1786.54,1789.61,1784.89,1787.84,1076.7947
1784018700000,1787.84,1788.14,1784.57,1785.93,1177.6932
1784019600000,1785.94,1788.63,1785.27,1788.47,1034.1145
1784020500000,1788.47,1789.56,1787.2,1787.92,1635.7475
1784021400000,1787.92,1788.22,1782.9,1785.11,1453.3911
1784022300000,1785.11,1788.58,1784.39,1786.19,1274.436
1784023200000,1786.19,1791.66,1786.11,1789.89,1383.9571
1784024100000,1789.89,1790.91,1788.09,1788.39,1490.9427
1784025000000,1788.39,1795,1786.11,1794.38,2976.5006
1784025900000,1794.38,1805,1793.79,1800.12,22101.3183
1784026800000,1800.13,1800.57,1795.82,1798.72,2907.0988
1784027700000,1798.71,1802.95,1796.98,1800.78,2434.2137
1784028600000,1800.78,1801,1797.58,1799.21,1541.8543
1784029500000,1799.21,1800.16,1797.43,1798.09,946.6102
1784030400000,1798.09,1799.05,1794.37,1795.8,2241.1308
1784031300000,1795.79,1808.48,1794.98,1801.4,4375.6894
1784032200000,1801.4,1831.75,1800.88,1825.38,35599.6546
1784033100000,1825.39,1867.71,1825.39,1861.04,36009.6064
1784034000000,1861.04,1866.9,1854.41,1858.38,13432.6135
1784034900000,1858.38,1882.85,1856.7,1880.01,24405.8861
1784035800000,1880.01,1880.91,1867.49,1870.68,11572.0363
1784036700000,1870.68,1874.99,1864.84,1871.31,9663.7066
1784037600000,1871.3,1871.84,1861.51,1868.69,8451.2973
1784038500000,1868.69,1869.14,1859.46,1865.55,6464.3942
1784039400000,1865.55,1874.05,1863.64,1870.91,5378.0124
1784040300000,1870.91,1884.56,1869.58,1881.16,6721.3516
1784041200000,1881.17,1882.37,1875.5,1878.81,7755.7301
1784042100000,1878.8,1884.56,1876.04,1883.24,6980.7894
1784043000000,1883.25,1888.8,1876.83,1880.49,8683.4719
1784043900000,1880.5,1882.63,1872.85,1875.22,5276.3899
1784044800000,1875.22,1877,1868.76,1872.32,5473.1384
1784045700000,1872.31,1877.07,1870.38,1874.91,2890.2653
1784046600000,1874.9,1876.82,1873.31,1873.31,2451.4515
1784047500000,1873.32,1876.23,1872.53,1873.79,1929.2862
1784048400000,1873.8,1873.8,1860.56,1867.71,4567.0242
1784049300000,1867.7,1870.58,1863.87,1869.58,4456.2651
1784050200000,1869.59,1870.31,1865.52,1868.83,1936.4752
1784051100000,1868.83,1873.14,1866.71,1871.54,1620.9909
1784052000000,1871.55,1872.5,1869.37,1869.86,1493.4338
1784052900000,1869.86,1871.47,1868.18,1870.4,1142.8334
1784053800000,1870.4,1875.62,1868.67,1873.12,2513.7743
1784054700000,1873.13,1876.83,1873.08,1874.79,1568.4892
1784055600000,1874.79,1878.33,1874.43,1877.24,1563.0936
1784056500000,1877.25,1881.56,1874.5,1876.64,1879.5633
1784057400000,1876.63,1880,1874.6,1879.54,1599.236
1784058300000,1879.55,1880.95,1875.84,1876.74,1874.6027
1784059200000,1876.74,1878.55,1874.81,1874.82,1248.1272
1784060100000,1874.82,1876.98,1874.53,1875.8,543.5443
1784061000000,1875.81,1877.27,1873.63,1875.06,690.0139
1784061900000,1875.08,1876.8,1874.31,1875.42,1058.4911
1784062800000,1875.41,1878.67,1874.4,1878.15,1178.3473
1784063700000,1878.14,1879.57,1876.46,1878.29,979.6443
1784064600000,1878.3,1879.74,1876.07,1877.32,1005.5156
1784065500000,1877.33,1878.6,1875.14,1876.46,1161.9337
1784066400000,1876.46,1876.97,1872.06,1872.75,1595.5644
1784067300000,1872.75,1885.7,1872.42,1881.61,5925.3402
1784068200000,1881.62,1896.14,1881.3,1887.14,12593.1158
1784069100000,1887.14,1888.97,1882.04,1882.04,1351.3943
1784070000000,1882.04,1888.18,1878.69,1886.56,2849.0042
1784070900000,1886.56,1886.56,1884.2,1885.81,3970.7415
1784071800000,1885.81,1889.66,1884.73,1888.88,1605.9319
1784072700000,1888.88,1893.32,1888.88,1891.87,2699.5479
1784073600000,1891.87,1893.32,1887.08,1887.44,3007.6378
1784074500000,1887.43,1888.11,1878.88,1880.86,3635.7812
1784075400000,1880.86,1880.87,1878.13,1879.41,1964.5454
1784076300000,1879.41,1883.04,1879.41,1881.58,942.6764
1784077200000,1881.58,1881.98,1874.4,1875.95,1836.8402
1784078100000,1875.95,1879.57,1874.2,1879.17,2403.2905
1784079000000,1879.17,1879.17,1867.91,1869.95,4065.8374
1784079900000,1869.94,1870.52,1867.23,1870.2,2339.0053
1784080800000,1870.19,1873.04,1867.34,1871.19,1916.6661
1784081700000,1871.2,1871.28,1864.83,1864.84,1804.187
1784082600000,1864.84,1867.59,1864.83,1867.02,1778.0324
1784083500000,1867.02,1867.58,1864.38,1864.6,2597.762
1784084400000,1864.6,1871.19,1864.46,1870.61,2076.9863
1784085300000,1870.61,1870.66,1868.06,1868.79,1262.966
1784086200000,1868.79,1874.71,1868.78,1872.77,1730.2727
1784087100000,1872.77,1878.96,1871.84,1876.08,1786.3356
1784088000000,1876.08,1879.77,1875.53,1876.79,1530.1418
1784088900000,1876.8,1878.38,1875.43,1875.43,1349.4784
1784089800000,1875.44,1878.77,1873.31,1877.82,1061.0233
1784090700000,1877.82,1880.59,1875.23,1876.49,1517.461
1784091600000,1876.5,1878.56,1871.84,1872.54,2230.3407
1784092500000,1872.53,1874.57,1871.64,1872.57,1109.1483
1784093400000,1872.56,1876.08,1872.44,1874.11,927.6819
1784094300000,1874.11,1883.54,1874.04,1882.68,1644.5888
1784095200000,1882.69,1889.92,1881.7,1888.9,4109.2282
1784096100000,1888.91,1888.91,1885.23,1885.87,1590.4865
1784097000000,1885.87,1891.89,1883.82,1885.21,3267.3415
1784097900000,1885.21,1885.5,1875.52,1875.87,2854.127
1784098800000,1875.87,1876.87,1873.36,1876.68,1883.4124
1784099700000,1876.67,1877.16,1864.7,1866.17,5616.7401
1784100600000,1866.16,1869.99,1865.64,1869.85,3084.2392
1784101500000,1869.85,1871.26,1868.63,1870.04,2563.8889
1784102400000,1870.04,1875.08,1870.03,1873.9,2839.1771
1784103300000,1873.9,1875.27,1872.67,1874.57,1613.8207
1784104200000,1874.57,1877.82,1873.6,1877.82,1401.643
1784105100000,1877.82,1879.64,1876.52,1879.22,1771.7146
1784106000000,1879.22,1886.24,1879.18,1882.8,2662.2928
1784106900000,1882.85,1886.59,1882.84,1883.07,2605.4017
1784107800000,1883.08,1883.09,1879.19,1880.32,3716.0554
1784108700000,1880.31,1882.98,1879.25,1879.86,2054.038
1784109600000,1879.86,1886.55,1879.37,1884.01,2939.2902
1784110500000,1884.01,1884.57,1875.27,1876.42,3136.935
1784111400000,1876.43,1878.85,1874.98,1877.83,2262.8507
1784112300000,1877.83,1879.92,1877.12,1878.11,1755.5547
1784113200000,1878.12,1882.11,1877.48,1881.94,1685.2487
1784114100000,1881.93,1882.37,1877.74,1878.42,1101.6045
1784115000000,1878.42,1882.18,1878.42,1881.45,1461.7814
1784115900000,1881.46,1885.71,1880.87,1884.62,2078.485
1784116800000,1884.62,1885.04,1879.25,1883.77,2153.4856
1784117700000,1883.78,1885.7,1880.29,1885.59,1818.4234
1784118600000,1885.59,1896.48,1884.82,1892.46,8533.9292
1784119500000,1892.46,1929.94,1891.66,1927.16,28451.0272
1784120400000,1927.17,1945.3,1927.16,1938.77,22937.2787
1784121300000,1938.77,1946.52,1932,1936.83,13328.4513
1784122200000,1936.82,1942.76,1931.07,1933.31,8139.2428
1784123100000,1933.32,1933.32,1917.16,1925.76,11087.8309
1784124000000,1925.77,1935.51,1925.27,1929.29,7963.1348
1784124900000,1929.28,1932,1919.12,1929.03,7482.5071
1784125800000,1929.04,1934.54,1925.87,1927.79,5597.895
1784126700000,1927.79,1934.31,1924.62,1933.23,4748.4713
1784127600000,1933.24,1937.6,1928.89,1930.41,4593.3327
1784128500000,1930.41,1932.44,1925.95,1931.66,3382.653
1784129400000,1931.65,1936,1928.37,1934.2,3626.389
1784130300000,1934.2,1936.36,1930.55,1931.95,3440.7633
1784131200000,1931.96,1932.95,1918.2,1918.26,7027.0157
1784132100000,1918.26,1922.28,1914.68,1922.27,3947.4618
1784133000000,1922.28,1922.78,1904.36,1911.98,6426.7369
1784133900000,1911.99,1920.78,1910.57,1919.62,3804.0514
1784134800000,1919.62,1924.74,1919.44,1920.28,2497.7949
1784135700000,1920.28,1924.67,1920.27,1923.21,1897.7502
1784136600000,1923.22,1926.16,1921.96,1925.21,2322.9445
1784137500000,1925.21,1931.22,1922.06,1927.94,3945.5536
1784138400000,1927.93,1937,1927.47,1935.3,6034.1325
1784139300000,1935.3,1935.42,1929.3,1931.24,2980.4709
1784140200000,1931.24,1935.34,1928.09,1928.51,2073.8438
1784141100000,1928.5,1929.51,1922.62,1924.47,3505.3609
1784142000000,1924.47,1929.06,1923.94,1926.4,2149.2704
1784142900000,1926.4,1926.47,1918.92,1924.14,2211.7079
1784143800000,1924.14,1927.67,1922.9,1927.65,1920.5135
1784144700000,1927.64,1927.88,1922.66,1924.15,2527.1661
1784145600000,1924.15,1924.57,1919.71,1922.84,1859.3717
1784146500000,1922.85,1927,1922.79,1926.25,450.1565
1784147400000,1926.26,1930.71,1925.43,1925.43,1421.8611
1784148300000,1925.43,1925.61,1923.75,1923.75,750.3255
1784149200000,1923.75,1925.73,1921.29,1923.52,1051.6987
1784150100000,1923.52,1925.4,1922.35,1923.75,1352.3982
1784151000000,1923.76,1923.76,1919.8,1920.52,1345.9265
1784151900000,1920.53,1922.28,1919.95,1922,939.2457
1784152800000,1922,1925,1918.3,1920.42,1724.8841
1784153700000,1920.41,1924.26,1919,1924.26,925.1809
1784154600000,1924.26,1926.26,1922.97,1923.44,1554.3665
1784155500000,1923.44,1928.58,1921.93,1923.43,1801.9454
1784156400000,1923.43,1927.28,1923.28,1925.3,916.7058
1784157300000,1925.29,1925.45,1920.93,1921.84,839.4105
1784158200000,1921.84,1923.51,1915.37,1915.63,2395.7339
1784159100000,1915.63,1920,1914.89,1917.86,1341.1242
1784160000000,1917.86,1924.31,1917.35,1924.3,2222.9038
1784160900000,1924.31,1924.98,1913.95,1915.64,2792.3604
1784161800000,1915.65,1917.12,1911.69,1912.62,1793.7352
1784162700000,1912.63,1918.47,1911.61,1914.86,1449.6054
1784163600000,1914.85,1918.2,1913.55,1914.21,1510.4423
1784164500000,1914.22,1916.74,1908.12,1914.39,2272.433
1784165400000,1914.38,1921.42,1914.35,1916.87,1420.079
1784166300000,1916.87,1926,1916.84,1922.7,1573.8628
1784167200000,1922.69,1922.74,1919.87,1920.65,1251.0395
1784168100000,1920.64,1923.86,1918.97,1922.23,1403.5436
1784169000000,1922.23,1923.2,1920.48,1921.96,1030.4747
1784169900000,1921.97,1926.23,1921.95,1925.37,1449.8124
1784170800000,1925.36,1929,1923.69,1926.8,2964.6321
1784171700000,1926.8,1926.86,1922.91,1925.59,2408.9025
1784172600000,1925.58,1926.9,1922.09,1922.79,1080.3069
1784173500000,1922.79,1922.79,1917.08,1918.7,1544.0681
1784174400000,1918.7,1920.98,1916.02,1919.72,1292.6141
1784175300000,1919.72,1919.72,1914.13,1919.05,1442.2862
1784176200000,1919.05,1920.4,1917.84,1919.37,1157.9627
1784177100000,1919.38,1919.92,1917.62,1918.31,1254.3434
1784178000000,1918.3,1921.57,1917.12,1921.52,1388.3984
1784178900000,1921.51,1926.24,1921.1,1925.34,1618.9843
1784179800000,1925.35,1927.63,1921.85,1925.24,1415.9301
1784180700000,1925.23,1926.1,1924.3,1925.66,549.9978
1784181600000,1925.65,1929.48,1923.04,1924.43,2186.6734
1784182500000,1924.43,1926.25,1921.66,1922.58,999.672
1784183400000,1922.57,1922.58,1915.56,1919.37,1310.9691
1784184300000,1919.36,1922.73,1918.58,1922.53,611.9394
1784185200000,1922.54,1922.54,1919.02,1920.66,1029.8026
1784186100000,1920.66,1920.94,1916.86,1917.14,1683.3635
1784187000000,1917.13,1917.69,1905,1907.08,7327.6439
1784187900000,1907.07,1910.81,1905,1910.63,3886.8327
1784188800000,1910.64,1912.85,1884.11,1885.78,18303.8916
1784189700000,1885.78,1892.15,1875.56,1892.14,16425.5553
1784190600000,1892.14,1896.51,1888.6,1889.63,5151.6957
1784191500000,1889.64,1892.25,1881.42,1886.09,8965.2027
1784192400000,1886.09,1889.28,1884.84,1886.11,4597.7828
1784193300000,1886.1,1887.67,1882.12,1882.97,2697.3998
1784194200000,1882.97,1886.07,1880.41,1884,3964.8468
1784195100000,1884,1885.89,1882.7,1884.67,2898.6083
1784196000000,1884.68,1888.53,1883.77,1886.59,1937.1879
1784196900000,1886.58,1889.45,1886.13,1888.9,2006.9815
1784197800000,1888.9,1891.78,1888.13,1888.46,3417.638
1784198700000,1888.45,1888.99,1886.35,1888.58,1387.2735
1784199600000,1888.58,1888.58,1885,1886.67,3703.9778
1784200500000,1886.67,1888.28,1882.7,1883.21,4528.3267
1784201400000,1883.22,1887.92,1882.71,1887.32,2220.6577
1784202300000,1887.31,1887.31,1879.32,1885.26,3243.7078
1784203200000,1885.26,1885.26,1878.14,1880.74,2434.9158
1784204100000,1880.74,1882.59,1877.36,1882.55,3381.0356
1784205000000,1882.55,1883.6,1867.68,1870.18,7356.913
1784205900000,1870.18,1875.9,1869.55,1872.55,2625.3447
1784206800000,1872.55,1876.16,1871.05,1875.73,2836.5082
1784207700000,1875.72,1884.31,1875.11,1883.87,2778.524
1784208600000,1883.87,1890.23,1877.38,1877.38,7163.0694
1784209500000,1877.39,1883.91,1875.54,1882.81,2945.911
1784210400000,1882.8,1893,1881.61,1888.61,4735.4316
1784211300000,1888.61,1891.58,1884.02,1887.58,4819.0671
1784212200000,1887.59,1891.04,1885.07,1888.54,2041.6384
1784213100000,1888.53,1889.04,1874.98,1883.52,5262.7989
1784214000000,1883.52,1884.32,1871.12,1873.71,4976.9493
1784214900000,1873.7,1894.38,1872.45,1891.29,5727.5376
1784215800000,1891.3,1891.31,1881.94,1882.37,2679.7923
1784216700000,1882.36,1886.02,1878.36,1881.88,2228.1207
1784217600000,1881.89,1882.33,1875.51,1877.06,4664.223
1784218500000,1877.05,1881.02,1874.67,1879.91,2384.6857
1784219400000,1879.92,1883,1875.81,1875.94,1644.2026
1784220300000,1875.93,1881.05,1874.98,1878.9,1478.424
1784221200000,1878.9,1879.25,1868.79,1869.02,2832.1684
1784222100000,1869.02,1874.53,1862.57,1871.97,5166.4774
1784223000000,1871.96,1875.44,1869.56,1870.49,2056.1104
1784223900000,1870.49,1871.15,1863.94,1868.91,2273.5998
1784224800000,1868.92,1875.63,1868.1,1874.4,2534.1269
1784225700000,1874.4,1879.69,1874.01,1875.53,2293.1249
1784226600000,1875.54,1876.86,1871.45,1873.68,1129.7182
1784227500000,1873.68,1878.17,1873.11,1875.85,852.2203
1784228400000,1875.85,1877.75,1873.48,1873.9,753.2953
1784229300000,1873.9,1876.14,1871.47,1874.68,791.6909
1784230200000,1874.69,1876.46,1872.92,1873.42,1349.3883
1784231100000,1873.41,1876.22,1871.09,1875.59,1120.118
1784232000000,1875.59,1875.7,1872.59,1872.63,1087.7463
1784232900000,1872.63,1875.47,1871.66,1873.45,537.3126
1784233800000,1873.44,1874.77,1871.82,1872.93,1234.5684
1784234700000,1872.93,1874.36,1871.8,1871.89,720.3254
1784235600000,1871.9,1877.96,1871.77,1875.84,2101.7872
1784236500000,1875.85,1879.59,1875.63,1877.62,831.1631
1784237400000,1877.62,1881.36,1876.91,1879.31,1015.531
1784238300000,1879.31,1879.59,1877.18,1878.66,902.8937
1784239200000,1878.67,1881.59,1878.67,1880.3,1762.1173
1784240100000,1880.29,1880.29,1873.48,1874.56,1074.9973
1784241000000,1874.56,1877.36,1869.75,1871.76,1778.9993
1784241900000,1871.77,1872.98,1868.04,1868.89,4663.7887
1784242800000,1868.89,1870.66,1865.26,1866.98,2455.259
1784243700000,1866.98,1866.98,1857.54,1861.3,6041.6615
1784244600000,1861.29,1863.73,1858.74,1863.2,3407.5042
1784245500000,1863.2,1866.41,1861.11,1864.71,1979.9504
1784246400000,1864.71,1866.59,1860.66,1862.64,3300.1795
1784247300000,1862.64,1866.71,1859.46,1860.96,1614.065
1784248200000,1860.96,1861.25,1848.32,1858.38,7581.5925
1784249100000,1858.38,1865.79,1858.36,1865.77,2467.8856
1784250000000,1865.77,1871.08,1864.95,1867.97,2447.7087
1784250900000,1867.98,1869.26,1860.01,1864.37,2053.3185
1784251800000,1864.38,1864.57,1855.09,1855.32,2177.1252
1784252700000,1855.32,1855.98,1848.07,1851.21,3322.0678
1784253600000,1851.22,1854.51,1844.31,1853.96,2909.3706
1784254500000,1853.97,1855.61,1849.07,1850.79,2535.1482
1784255400000,1850.78,1852.13,1843.2,1846.53,3240.3847
1784256300000,1846.53,1849,1843.47,1848.1,3788.1403
1784257200000,1848.09,1854.89,1847.32,1854.08,1786.0081
1784258100000,1854.08,1859.64,1852.91,1857.96,2443.9379
1784259000000,1857.95,1858.74,1854.3,1855.11,1442.2062
1784259900000,1855.12,1855.32,1851.28,1852.53,1377.678
1784260800000,1852.53,1852.83,1849.57,1850,1669.2961
1784261700000,1850.01,1851.39,1844,1847.28,2388.7208
1784262600000,1847.27,1850.22,1844.01,1848.65,1691.1797
1784263500000,1848.66,1853.08,1848.65,1850.07,966.3992
1784264400000,1850.06,1850.06,1844.65,1847.91,1132.0858
1784265300000,1847.91,1848.49,1837,1837.81,3568.8251
1784266200000,1837.81,1839.82,1831.73,1832.44,5749.4964
1784267100000,1832.44,1832.64,1821.36,1823.94,7330.9503
1784268000000,1823.94,1830.1,1820.74,1827.28,4193.1553
1784268900000,1827.29,1834.75,1825.81,1834.4,2324.7797
1784269800000,1834.39,1836.55,1832.2,1832.48,1886.6887
1784270700000,1832.49,1832.84,1830.26,1832.31,1163.8434
1784271600000,1832.31,1832.66,1829.08,1830.06,1073.8329
1784272500000,1830.05,1832.09,1827.18,1831.69,1528.4618
1784273400000,1831.69,1833.56,1826.29,1829.96,3621.4241
1784274300000,1829.95,1831.26,1827.56,1828.52,5244.5833
1784275200000,1828.52,1830.94,1827.69,1830.38,4034.8261
1784276100000,1830.38,1830.38,1824.01,1825.57,4715.5192
1784277000000,1825.56,1828,1821.41,1827.99,2725.2344
1784277900000,1827.99,1832.51,1827.83,1830.15,2274.7618
1784278800000,1830.16,1833.04,1829.29,1832.9,1308.017
1784279700000,1832.89,1832.9,1829.81,1831.71,1074.2964
1784280600000,1831.72,1835.48,1830.96,1835.36,1337.2917
1784281500000,1835.35,1836.27,1832.77,1835.1,1323.9852
1784282400000,1835.1,1839.29,1834.3,1838.8,3765.4356
1784283300000,1838.81,1840.4,1836.72,1837.68,3658.5694
1784284200000,1837.67,1839.53,1836.84,1838.76,873.528
1784285100000,1838.76,1839.07,1836.83,1836.97,1412.127
1784286000000,1836.98,1838.35,1834.74,1834.75,1266.0423
1784286900000,1834.74,1837.08,1833.3,1836.61,1973.5401
1784287800000,1836.61,1842.5,1835.81,1841.94,2279.0456
1784288700000,1841.94,1843.26,1838.95,1839.04,2848.2771
1784289600000,1839.05,1840.58,1835.73,1836.26,1808.9138
1784290500000,1836.26,1837.43,1832.77,1834,2564.4467
1784291400000,1834,1835.07,1828.3,1829.64,3611.9578
1784292300000,1829.64,1831.05,1827.73,1828.54,1866.1692
1784293200000,1828.54,1829.23,1808.1,1814.59,15354.3193
1784294100000,1814.59,1819.11,1812.58,1816.21,4051.8541
1784295000000,1816.2,1818.79,1803.05,1807.02,9205.3606
1784295900000,1807.01,1827.18,1805.36,1825.5,5569.8388
1784296800000,1825.5,1834,1823.23,1829.51,4460.6013
1784297700000,1829.52,1833.21,1822.12,1823.56,3057.129
1784298600000,1823.56,1827.28,1817.34,1822.08,4470.8446
1784299500000,1822.08,1824.63,1817.18,1822.16,3202.9362
1784300400000,1822.16,1822.5,1810.77,1813.74,3716.8025
1784301300000,1813.75,1821.88,1812.41,1821.74,2427.599
1784302200000,1821.73,1826.64,1816.55,1823.83,5448.4102
1784303100000,1823.82,1831.26,1822.4,1830.88,2153.1424
1784304000000,1830.89,1835.1,1825.32,1831.77,4339.4732
1784304900000,1831.78,1836.95,1830.48,1835.56,4044.6595
1784305800000,1835.55,1838.23,1832.42,1837.99,2784.6428
1784306700000,1837.99,1840.51,1835.59,1835.91,2661.6176
1784307600000,1835.91,1856.17,1835.91,1846.51,6308.6856
1784308500000,1846.51,1849.47,1843,1846.69,3059.9257
1784309400000,1846.69,1848.05,1842.95,1844.57,2371.8272
1784310300000,1844.56,1848,1842.07,1843.71,2650
1784311200000,1843.72,1844.44,1840.62,1842.92,1387.4705
1784312100000,1842.92,1842.92,1835.18,1837.39,1997.6062
1784313000000,1837.39,1843.14,1837.09,1843.13,1544.7409
1784313900000,1843.13,1849.67,1843.11,1846.99,2251.2084
1784314800000,1846.98,1846.99,1840.06,1840.16,1115.2106
1784315700000,1840.15,1841.05,1835.65,1841.05,1463.6662
1784316600000,1841.06,1845.24,1840.25,1845.11,1281.9889
1784317500000,1845.1,1846.26,1842.78,1843.76,1715.978
1784318400000,1843.76,1843.76,1837.15,1838.91,1058.347
1784319300000,1838.91,1841.55,1838.44,1840.59,778.3002
1784320200000,1840.58,1842.09,1838.27,1842.09,648.8726
1784321100000,1842.09,1846.2,1841.44,1842.93,972.5114
1784322000000,1842.93,1845.71,1842.77,1844.75,504.2601
1784322900000,1844.75,1846.65,1844.17,1844.91,414.8122
1784323800000,1844.91,1844.91,1841.13,1842.13,935.5333
1784324700000,1842.13,1842.92,1840.5,1841.54,760.5864
1784325600000,1841.55,1843.89,1840.28,1842.04,504.563
1784326500000,1842.03,1842.03,1838.78,1839.32,903.3993
1784327400000,1839.32,1840.24,1838.16,1838.2,617.3875
1784328300000,1838.21,1840.21,1837.62,1839.95,576.8766
1784329200000,1839.94,1839.95,1835.27,1836.83,1043.0392
1784330100000,1836.84,1841.17,1836.84,1841.17,591.9229
1784331000000,1841.17,1844.47,1841.17,1842.9,771.3733
1784331900000,1842.9,1843.64,1841.76,1841.93,1105.9075
1784332800000,1841.94,1843.81,1839.86,1843.34,899.6031
1784333700000,1843.34,1845,1842.2,1842.87,492.3891
1784334600000,1842.87,1842.87,1839.97,1841.15,902.0856
1784335500000,1841.15,1843.38,1840.31,1840.84,517.4031
1784336400000,1840.84,1841.12,1839.38,1840.58,692.3332
1784337300000,1840.59,1843.38,1839.47,1843.14,754.6018
1784338200000,1843.15,1843.15,1839.61,1841.47,628.2466
1784339100000,1841.47,1843.39,1841.47,1842.48,495.544
1784340000000,1842.49,1844.39,1840.73,1843.64,1379.2969
1784340900000,1843.64,1845.3,1843.01,1843.97,1041.0716
1784341800000,1843.97,1846.74,1842.4,1842.58,1237.8456
1784342700000,1842.58,1843.32,1841.63,1841.91,1207.7275
1784343600000,1841.91,1844.18,1841.46,1843.16,958.0357
1784344500000,1843.17,1844.58,1842.8,1843.55,1146.6608
1784345400000,1843.56,1844.59,1842.78,1843.16,411.1527
1784346300000,1843.16,1846.49,1842.68,1845.96,863.6398
1784347200000,1845.96,1846.19,1844.35,1844.66,499.9372
1784348100000,1844.65,1844.87,1842.57,1844.43,574.477
1784349000000,1844.43,1844.53,1842.56,1843.64,372.7416
1784349900000,1843.64,1845,1843.45,1844.7,384.618
1784350800000,1844.7,1845.01,1843.42,1843.43,344.0324
1784351700000,1843.42,1846.68,1843.19,1845.74,687.95
1784352600000,1845.74,1848.76,1845.74,1846.09,785.3516
1784353500000,1846.1,1849.68,1844.7,1845.86,1607.6515
1784354400000,1845.85,1846.56,1844.71,1844.74,950.0262
1784355300000,1844.74,1848,1844.54,1846,986.6137
1784356200000,1846,1846.11,1843.11,1844.82,668.9226
1784357100000,1844.82,1845.49,1844.36,1844.97,372.6139
1784358000000,1844.98,1846.04,1843.04,1843.26,519.4424
1784358900000,1843.25,1845.65,1843.25,1845.19,304.8713
1784359800000,1845.19,1845.49,1845,1845.34,520.3647
1784360700000,1845.35,1845.45,1843.5,1844.2,613.7578
1784361600000,1844.2,1845.33,1842.3,1844.51,924.5104
1784362500000,1844.5,1846.95,1844.38,1846.7,651.0313
1784363400000,1846.7,1849.44,1846.69,1846.8,991.3867
1784364300000,1846.8,1848.03,1846.7,1847.43,621.3587
1784365200000,1847.44,1848.03,1846.07,1846.39,401.2821
1784366100000,1846.38,1846.39,1842.93,1843.62,919.2908
1784367000000,1843.62,1845.33,1843.45,1845.05,723.8095
1784367900000,1845.05,1845.44,1844.87,1844.87,516.1568
1784368800000,1844.87,1845.67,1844.45,1844.76,309.3385
1784369700000,1844.75,1846.67,1844.37,1846.61,1057.781
1784370600000,1846.61,1846.72,1844.01,1844.69,1432.7408
1784371500000,1844.7,1845.74,1844.69,1845.57,222.6283
1784372400000,1845.57,1845.91,1845,1845.11,259.1017
1784373300000,1845.11,1845.89,1845.02,1845.53,323.98
1784374200000,1845.54,1845.54,1844.37,1844.99,455.8999
1784375100000,1844.99,1846.85,1844.75,1845.56,352.1667
1784376000000,1845.56,1850.64,1845.56,1846.55,1171.032
1784376900000,1846.54,1846.78,1841.24,1841.34,1732.8678
1784377800000,1841.34,1845.01,1840.17,1844.53,1298.3845
1784378700000,1844.53,1848.16,1844.36,1844.98,1720.2278
1784379600000,1844.97,1844.97,1837.67,1839.25,1763.9516
1784380500000,1839.26,1841.6,1837.58,1841.36,747.6483
1784381400000,1841.35,1842.47,1840.06,1841.57,1035.1497
1784382300000,1841.57,1842.41,1840.51,1841.61,560.9458
1784383200000,1841.61,1843.92,1840.64,1843.21,996.3085
1784384100000,1843.21,1845.53,1842.13,1845.53,650.0975
1784385000000,1845.52,1846.27,1844.06,1845.96,1015.2841
1784385900000,1845.97,1846.21,1844.63,1845.95,1131.8906
1784386800000,1845.95,1846.35,1843.62,1844.57,1190.8126
1784387700000,1844.58,1846,1843.63,1843.64,898.366
1784388600000,1843.64,1844.59,1843.22,1843.53,740.1465
1784389500000,1843.53,1845.84,1842.12,1844.15,973.262
1784390400000,1844.15,1844.35,1841.99,1844.22,758.5376
1784391300000,1844.21,1844.63,1842.63,1843.6,330.5829
1784392200000,1843.6,1845.3,1842.65,1843.5,596.5284
1784393100000,1843.49,1847.14,1841.51,1846.11,1721.9144
1784394000000,1846.11,1846.36,1845,1846.09,700.8127
1784394900000,1846.09,1848.75,1843.54,1844.04,1062.2296
1784395800000,1844.03,1850.29,1844.03,1849.51,1305.141
1784396700000,1849.51,1853.48,1849.01,1852.82,1977.2143
1784397600000,1852.83,1853.12,1850.22,1850.23,988.5553
1784398500000,1850.23,1867.58,1850.01,1859.16,8651.5354
1784399400000,1859.16,1859.68,1854.39,1855.13,2313.4128
1784400300000,1855.13,1859.21,1854.93,1857.54,2168.5471
1784401200000,1857.53,1860.76,1856.99,1858.94,1194.6649
1784402100000,1858.94,1861.4,1856.22,1856.91,1698.8894
1784403000000,1856.91,1859.06,1855.92,1858.02,902.3119
1784403900000,1858.03,1859,1857.09,1858.45,940.904
1784404800000,1858.45,1860.3,1857.15,1859.81,1066.0981
1784405700000,1859.8,1863.37,1859.14,1859.47,1279.4117
1784406600000,1859.47,1859.47,1856.53,1857.92,814.308
1784407500000,1857.93,1858.03,1855.47,1857.34,974.4686
1784408400000,1857.35,1862.3,1855.96,1862.3,1119.0601
1784409300000,1862.31,1863.18,1859.28,1859.77,858.8724
1784410200000,1859.78,1859.97,1857.92,1858.24,857.3982
1784411100000,1858.24,1863.07,1857,1860.97,1319.6101
1784412000000,1860.97,1865.86,1859.9,1863.18,1223.1603
1784412900000,1863.18,1864.59,1861.31,1861.31,723.3518
1784413800000,1861.3,1863.03,1860.5,1862.68,585.6163
1784414700000,1862.68,1864.77,1861.57,1863.7,846.1293
1784415600000,1863.7,1864.45,1860.1,1860.71,668.9942
1784416500000,1860.72,1863.46,1860.21,1863.18,504.0817
1784417400000,1863.18,1863.18,1861.23,1861.92,390.5543
1784418300000,1861.92,1863,1861.11,1862.61,445.1789
1784419200000,1862.61,1863.25,1862.09,1862.4,588.3969
1784420100000,1862.4,1863.88,1859.35,1859.5,1149.4615
1784421000000,1859.49,1861.29,1859.2,1859.89,795.3788
1784421900000,1859.9,1863.15,1859.56,1861.45,621.2672
1784422800000,1861.45,1861.53,1859.82,1860.49,505.002
1784423700000,1860.5,1861.44,1859.47,1859.78,3644.7428
1784424600000,1859.77,1860.6,1858.3,1859.06,2306.8461
1784425500000,1859.06,1860.12,1858.64,1859.18,1513.7627
1784426400000,1859.19,1872.79,1858.17,1870.65,4429.8092
1784427300000,1870.66,1873,1867.31,1868.09,2029.7659
1784428200000,1868.1,1877.33,1868.1,1872.86,3142.5548
1784429100000,1872.86,1874.37,1871.17,1871.44,1439.7081
1784430000000,1871.45,1872.99,1867.99,1868,1690.5966
1784430900000,1868,1868,1863.84,1865.39,1518.5897
1784431800000,1865.39,1867.11,1864.85,1865.54,1368.9261
1784432700000,1865.55,1867.08,1864.49,1867.08,642.6867
1784433600000,1867.08,1868.51,1864.21,1865.49,1320.2481
1784434500000,1865.5,1867.09,1865.5,1866.83,1007.0831
1784435400000,1866.84,1870.2,1866.14,1868.42,456.498
1784436300000,1868.42,1870.2,1866.62,1867.33,695.2745
1784437200000,1867.32,1870.15,1867.32,1870.15,688.8384
1784438100000,1870.15,1870.2,1867.96,1868.31,770.409
1784439000000,1868.31,1868.31,1865.61,1867.66,641.641
1784439900000,1867.65,1870.12,1867.65,1868.56,671.6373
1784440800000,1868.55,1870.07,1868.2,1869.58,662.5194
1784441700000,1869.57,1870.8,1868.65,1869.4,673.3037
1784442600000,1869.39,1871.43,1868.7,1870.38,878.0446
1784443500000,1870.37,1870.61,1868.71,1869.39,664.6234
1784444400000,1869.39,1869.39,1867.14,1868.04,938.2718
1784445300000,1868.03,1869.69,1867.52,1869.55,2030.6756
1784446200000,1869.55,1871.99,1868.68,1871,1917.306
1784447100000,1871.01,1871.12,1868.81,1870.25,3124.3685
1784448000000,1870.26,1871.19,1868.22,1870.69,793.6852
1784448900000,1870.69,1870.69,1867.81,1869.03,681.086
1784449800000,1869.03,1871.11,1867.76,1870.6,1050.6708
1784450700000,1870.61,1875.33,1870.6,1873.88,2368.4564
1784451600000,1873.89,1874.17,1871,1871.21,822.4038
1784452500000,1871.21,1871.21,1866.37,1868.85,1169.5075
1784453400000,1868.84,1870.39,1865.82,1866.47,1241.6787
1784454300000,1866.48,1868.26,1864.55,1866.16,1770.4363
1784455200000,1866.15,1867.57,1863.46,1866.26,1480.1884
1784456100000,1866.26,1868.56,1866.02,1868.34,758.0207
1784457000000,1868.33,1872.62,1867.3,1871.91,875.888
1784457900000,1871.92,1879.38,1871.91,1872.25,2514.5546
1784458800000,1872.25,1877.05,1870,1875.26,1978.4926
1784459700000,1875.26,1878.86,1874.13,1875.94,1712.8162
1784460600000,1875.93,1877.5,1874.43,1875.46,1361.9461
1784461500000,1875.46,1875.97,1870.41,1871.41,1243.6254
1784462400000,1871.4,1871.71,1864.77,1865.03,2518.9871
1784463300000,1865.03,1874.34,1864.47,1868.6,2445.8554
1784464200000,1868.61,1874.16,1868.61,1871.01,1160.6118
1784465100000,1871,1871.73,1868.68,1870.38,658.5018
1784466000000,1870.39,1870.78,1866.1,1867.36,1158.6485
1784466900000,1867.36,1869.37,1865.89,1869.01,1005.3363
1784467800000,1869.01,1872.59,1868.26,1869.31,1348.2598
1784468700000,1869.31,1873.77,1869.13,1871.83,948.2023
1784469600000,1871.83,1874.39,1870.88,1873.49,1495.165
1784470500000,1873.49,1874.22,1868.89,1871.61,1023.7225
1784471400000,1871.62,1876.42,1871.2,1873.83,1414.9527
1784472300000,1873.83,1879.26,1873.49,1874.69,2018.9097
1784473200000,1874.69,1876,1872.91,1874.4,1547.8175
1784474100000,1874.41,1875.27,1868.93,1869.61,1582.8311
1784475000000,1869.61,1873.91,1869.6,1872.08,2694.7486
1784475900000,1872.08,1872.51,1870.24,1870.91,720.5325
1784476800000,1870.91,1873.59,1868.28,1870.47,1341.7555
1784477700000,1870.47,1872.24,1869.05,1870.45,1365.8893
1784478600000,1870.45,1870.46,1867.11,1868.61,1327.4866
1784479500000,1868.61,1869.15,1866,1866.8,1185.6751
1784480400000,1866.8,1872,1857.77,1871.57,4704.9696
1784481300000,1871.56,1873.85,1867.89,1870.07,1789.046
1784482200000,1870.06,1873.54,1868.87,1869.58,1282.4455
1784483100000,1869.59,1869.96,1867.23,1867.23,796.5263
1784484000000,1867.23,1867.7,1851.71,1862.71,5557.3714
1784484900000,1862.72,1863.32,1857.95,1857.96,1691.8074
1784485800000,1857.96,1861.19,1856.59,1859.65,959.0154
1784486700000,1859.65,1861.12,1857.64,1861.12,1341.2836
1784487600000,1861.12,1861.62,1854.84,1860.25,1049.2275
1784488500000,1860.25,1860.92,1859.01,1860.24,459.5499
1784489400000,1860.24,1861.24,1858.64,1859.25,1243.5122
1784490300000,1859.24,1862.77,1858.7,1862.37,1208.438
1784491200000,1862.37,1866.42,1862.37,1863.94,2096.7964
1784492100000,1863.95,1864.99,1862.2,1864.4,1127.6712
1784493000000,1864.4,1866.5,1863.91,1865.54,577.6861
1784493900000,1865.54,1867.15,1864.13,1867.14,733.9205
1784494800000,1867.15,1868.23,1865.09,1866.98,859.6217
1784495700000,1866.99,1867.3,1862.58,1864.33,686.3505
1784496600000,1864.32,1864.41,1857.49,1859.16,1882.0066
1784497500000,1859.17,1862.14,1858.76,1862.12,909.6109
1784498400000,1862.12,1872,1857,1869.02,5065.7998
1784499300000,1869.01,1877.03,1869.01,1871.43,4431.0614
1784500200000,1871.43,1875.2,1867.6,1874.37,1921.2504
1784501100000,1874.36,1874.36,1869.89,1870.44,936.0045
1784502000000,1870.44,1871.64,1865,1870.68,1614.257
1784502900000,1870.68,1871.72,1868.14,1868.97,679.9045
1784503800000,1868.98,1874.25,1867.84,1874.05,2061.0686
1784504700000,1874.06,1874.94,1869.58,1872.23,940.88
1784505600000,1872.24,1890.29,1866.33,1887.68,6194.0984
1784506500000,1887.68,1891.71,1877.18,1879.84,3455.8301
1784507400000,1879.84,1885.55,1876.34,1880.83,2011.8722
1784508300000,1880.83,1880.83,1862.08,1872.14,4200.1489
1784509200000,1872.14,1889.94,1870.29,1879.65,3666.0483
1784510100000,1879.66,1884.75,1872.69,1880.72,2121.1163
1784511000000,1880.73,1881.47,1870.56,1873.94,2315.4006
1784511900000,1873.94,1875.09,1865.84,1869.56,1769.8181
1784512800000,1869.57,1882.63,1868.97,1877.58,2311.1744
1784513700000,1877.59,1878.48,1867.71,1871.77,1798.5457
1784514600000,1871.76,1880.63,1871.06,1877.45,1903.8591
1784515500000,1877.46,1883.33,1877.33,1879.06,2533.9502
1784516400000,1879.06,1881.35,1876.72,1880.15,1882.731
1784517300000,1880.14,1882.24,1870.91,1872.99,1843.2837
1784518200000,1872.98,1880.09,1871.97,1880.09,1231.441
1784519100000,1880.09,1880.77,1876.5,1879.94,1088.2531
1784520000000,1879.94,1879.99,1872,1872.51,1114.4381
1784520900000,1872.51,1874.74,1868.46,1873.98,1923.0628
1784521800000,1873.97,1878.85,1872.45,1875.89,1233.6564
1784522700000,1875.9,1877.3,1868.56,1868.94,1302.1279
1784523600000,1868.95,1869.94,1851.5,1859.42,4561.5891
1784524500000,1859.42,1864.3,1855.3,1859.27,2481.2634
1784525400000,1859.27,1860.8,1856.58,1858.81,3625.9697
1784526300000,1858.81,1859.07,1854.13,1855.45,1667.4822
1784527200000,1855.46,1857.93,1852.35,1857.28,2075.0029
1784528100000,1857.28,1860.23,1854.65,1856.79,3164.6176
1784529000000,1856.78,1857.63,1843.14,1848.46,6384.047
1784529900000,1848.46,1851,1846.11,1849.73,2106.1303
1784530800000,1849.73,1854.52,1849.73,1853.18,2587.4097
1784531700000,1853.18,1859.49,1849.26,1857.97,2799.33
1784532600000,1857.97,1862.65,1857.11,1862.63,2128.1658
1784533500000,1862.63,1865.54,1861.36,1863.95,2212.3228
1784534400000,1863.95,1866.8,1861.43,1864.76,2037.7177
1784535300000,1864.76,1868.53,1863.96,1864.5,3600.663
1784536200000,1864.51,1865.2,1854.31,1854.95,6240.332
1784537100000,1854.94,1863.65,1854.94,1861.01,2071.7242
1784538000000,1861,1862.02,1857.95,1860.05,1401.335
1784538900000,1860.06,1864.35,1860.06,1863.74,2156.6912
1784539800000,1863.75,1865.87,1862.93,1865.51,2048.2454
1784540700000,1865.52,1867.55,1864,1864.16,1399.9929
1784541600000,1864.15,1866.8,1862.71,1865.99,960.9072
1784542500000,1865.98,1872.35,1864.37,1870.19,1900.0473
1784543400000,1870.19,1870.53,1867.2,1870.49,720.9939
1784544300000,1870.49,1870.49,1868.58,1868.85,1454.7436
1784545200000,1868.86,1876.94,1868.06,1874.95,2654.3176
1784546100000,1874.95,1875.81,1872.44,1874.34,738.0064
1784547000000,1874.33,1894.88,1873.92,1887.6,9803.7778
1784547900000,1887.6,1896.5,1887.18,1893.2,4902.8313
1784548800000,1893.21,1893.62,1878.61,1880.45,5449.8014
1784549700000,1880.44,1881.74,1876.1,1877.33,2210.5236
1784550600000,1877.33,1878.75,1872.5,1873.41,2455.0429
1784551500000,1873.41,1875.82,1871.88,1873.33,2001.765
1784552400000,1873.34,1875.53,1872.13,1872.91,1893.3772
1784553300000,1872.92,1875.58,1866.69,1870.28,2838.9729
1784554200000,1870.28,1880.61,1868.98,1876.1,4344.5659
1784555100000,1876.1,1877.33,1857.63,1862.68,7387.3495
1784556000000,1862.68,1865.94,1859.43,1861.37,2693.6817
1784556900000,1861.38,1867.28,1853.65,1867.28,4691.4645
1784557800000,1867.28,1869.76,1863.17,1866.36,2395.8217
1784558700000,1866.36,1871.96,1863.13,1868.01,2140.9284
1784559600000,1868.01,1886.41,1867.65,1885.4,5562.6749
1784560500000,1885.4,1887.48,1882.09,1885.11,3939.3045
1784561400000,1885.11,1893.67,1881.6,1891.26,3981.7795
1784562300000,1891.27,1904.92,1891.26,1902.34,11151.6634
1784563200000,1902.34,1904.49,1893.8,1903.79,5190.3605
1784564100000,1903.79,1906.76,1896.97,1900.39,3865.6476
1784565000000,1900.39,1904.18,1895.94,1896.9,4964.4789
1784565900000,1896.89,1902.37,1895.42,1899.41,2471.8856
1784566800000,1899.41,1903.46,1896.99,1898.92,5834.5274
1784567700000,1898.92,1900.84,1895.68,1900.15,1781.7346
1784568600000,1900.16,1900.44,1896.19,1897.41,1534.4502
1784569500000,1897.41,1909.74,1897.41,1907.78,4884.5359
1784570400000,1907.78,1918,1906.89,1914.82,7483.8685
1784571300000,1914.82,1918.16,1906.88,1908.16,4120.7268
1784572200000,1908.16,1908.39,1901.87,1902.14,2574.5571
1784573100000,1902.14,1902.92,1897.52,1899.52,3603.4492
1784574000000,1899.52,1900.1,1891.59,1891.64,2404.1016
1784574900000,1891.64,1897.77,1890.07,1896.7,4015.7
1784575800000,1896.69,1898.41,1893.33,1897.36,1401.3313
1784576700000,1897.37,1901.07,1896.2,1898.46,2178.5407
1784577600000,1898.46,1901.67,1896.2,1901.34,1251.4924
1784578500000,1901.34,1903.17,1900,1901.45,1079.6145
1784579400000,1901.46,1906.55,1901.29,1903.7,2094.8444
1784580300000,1903.69,1905.1,1902.46,1904.84,931.51
1784581200000,1904.83,1907.58,1904.02,1905.19,1399.6878
1784582100000,1905.19,1906.99,1904.59,1904.87,761.9749
1784583000000,1904.87,1906.89,1904.58,1904.94,1555.946
1784583900000,1904.94,1905.79,1902,1902.45,1110.035
1784584800000,1902.46,1902.58,1898.64,1899.98,1417.3331
1784585700000,1899.99,1899.99,1896.4,1896.45,1396.5933
1784586600000,1896.44,1897.94,1894.4,1895.15,1745.7129
1784587500000,1895.16,1895.99,1894.88,1895.72,853.204
1784588400000,1895.72,1901.11,1895.33,1899.07,1512.9858
1784589300000,1899.06,1903.5,1899.06,1903.49,970.1539
1784590200000,1903.49,1904.65,1900.83,1901.62,1213.0779
1784591100000,1901.61,1905.26,1899.81,1904.77,2666.3409
1784592000000,1904.77,1905.26,1900.74,1902.62,2748.7674
1784592900000,1902.63,1910.22,1901.57,1907.37,2070.1957
1784593800000,1907.36,1916.62,1907.1,1914.46,3029.8715
1784594700000,1914.45,1917.79,1914.45,1914.8,2362.3916
1784595600000,1914.8,1918.18,1912.6,1913.82,2251.8758
1784596500000,1913.82,1913.95,1909.61,1910.23,1806.5926
1784597400000,1910.22,1915.28,1908.38,1909.89,1616.336
1784598300000,1909.88,1910.96,1907,1907.49,1117.9829
1784599200000,1907.49,1913.84,1907.04,1909.65,1477.8913
1784600100000,1909.66,1909.66,1904.6,1907.7,921.0361
1784601000000,1907.69,1913.68,1907.57,1912.16,1190.3665
1784601900000,1912.16,1924,1910.84,1917.3,5254.4792
1784602800000,1917.3,1928.57,1916.94,1925,4935.7157
1784603700000,1924.99,1927.97,1922.06,1924.89,3092.3399
1784604600000,1924.89,1927.9,1922.84,1926.34,2825.101
1784605500000,1926.34,1928.49,1924.29,1926.75,2689.3859
1784606400000,1926.74,1931.2,1925.13,1925.92,3248.0353
1784607300000,1925.93,1926.5,1922.99,1923.23,2069.3213
1784608200000,1923.22,1925.6,1922.59,1924.56,1709.8361
1784609100000,1924.55,1926,1923.64,1924.59,1606.0013
1784610000000,1924.59,1926.46,1922.47,1923.54,1987.5536
1784610900000,1923.54,1926.4,1921.81,1925.1,1583.2202
1784611800000,1925.11,1927.26,1923.34,1926.59,1237.787
1784612700000,1926.59,1936,1925.48,1930.56,4275.6844
1784613600000,1930.56,1934.09,1927.8,1931.84,2023.3405
1784614500000,1931.84,1933.95,1929.63,1932.42,1865.2688
1784615400000,1932.41,1939.99,1932.12,1937.94,4300.5278
1784616300000,1937.94,1938.31,1933.71,1935.03,2700.0842
1784617200000,1935.03,1936.51,1933.94,1936.05,2470.0063
1784618100000,1936.05,1938.61,1933.94,1935.51,2605.8208
1784619000000,1935.52,1940.25,1934.01,1934.2,3716.4299
1784619900000,1934.2,1936.98,1933.42,1934.08,3157.2239
1784620800000,1934.07,1938.25,1931.63,1938.22,2652.061
1784621700000,1938.22,1953,1936.88,1940.28,17532.5104
1784622600000,1940.29,1942.67,1938.33,1942.13,5099.7457
1784623500000,1942.13,1943.12,1938.87,1939.8,4708.7305
1784624400000,1939.79,1940.48,1936.75,1940.32,14158.8677
1784625300000,1940.32,1941.31,1937.93,1938.63,7213.381
1784626200000,1938.63,1942.01,1938.4,1940,5823.7693
1784627100000,1940,1944.17,1940,1942.22,7117.1239
1784628000000,1942.22,1947.09,1941.89,1944.92,4705.764
1784628900000,1944.92,1945.67,1942.12,1942.36,3794.8426
1784629800000,1942.37,1943.72,1939.29,1939.8,3665.9294
1784630700000,1939.8,1941.07,1932.1,1934.18,4085.1709
1784631600000,1934.19,1934.47,1929,1929.71,11703.3537
1784632500000,1929.72,1932.05,1925.98,1929.45,12952.4834
1784633400000,1929.46,1934.99,1929.45,1934.74,5814.1319
1784634300000,1934.74,1937.34,1934.44,1935.69,2937.8743
1784635200000,1935.69,1939.39,1932.38,1936.1,3248.236
1784636100000,1936.1,1943.52,1933.54,1940.29,4230.4919
1784637000000,1940.29,1945.23,1939.52,1941.89,4863.9817
1784637900000,1941.9,1944.1,1939.98,1942.79,2937.1977
1784638800000,1942.8,1943.77,1940.49,1942.22,3087.2372
1784639700000,1942.23,1942.82,1935.49,1937.17,3356.2786
1784640600000,1937.17,1937.98,1927.53,1929.1,7088.9193
1784641500000,1929.1,1941.44,1928.4,1940.3,6382.1671
1784642400000,1940.31,1944,1936.25,1941.67,5179.3555
1784643300000,1941.68,1941.68,1928,1932.69,4396.1133
1784644200000,1932.7,1937.6,1930.9,1936.31,3198.561
1784645100000,1936.32,1938.43,1931.52,1931.87,1931.5882
1784646000000,1931.88,1931.88,1925.42,1927.3,4903.5587
1784646900000,1927.3,1930.97,1924.19,1926.06,2578.8566
1784647800000,1926.06,1929.86,1923.36,1927.3,2967.018
1784648700000,1927.3,1932.51,1926.19,1931.81,2061.5728
1784649600000,1931.81,1935.36,1929.39,1930.33,1897.3009
1784650500000,1930.34,1930.34,1924.34,1924.68,1657.848
1784651400000,1924.68,1927.92,1923.2,1924.68,1412.5477
1784652300000,1924.68,1928.38,1921.63,1926.37,2920.1154
1784653200000,1926.37,1928.38,1925.4,1926.08,2428.6206
1784654100000,1926.09,1926.84,1922.11,1925.13,2747.1374
1784655000000,1925.14,1927.5,1923.47,1927.28,2907.4498
1784655900000,1927.28,1927.47,1915,1918.71,6425.3368
1784656800000,1918.7,1923,1915.53,1920.87,3846.3409
1784657700000,1920.87,1921.9,1916.79,1920.5,2645.7099
1784658600000,1920.5,1922.54,1915.11,1921.61,3079.2188
1784659500000,1921.6,1922,1919.16,1919.93,3094.3819
1784660400000,1919.93,1923.28,1918.2,1919.72,6627.7737
1784661300000,1919.72,1924.6,1919.04,1924.21,2341.9717
1784662200000,1924.22,1926.16,1922.83,1923.88,2589.8592
1784663100000,1923.88,1925.93,1922.65,1923.39,3326.1729
1784664000000,1923.38,1924.24,1921.68,1922.61,2016.6776
1784664900000,1922.61,1923.21,1921.69,1923.16,1212.36
1784665800000,1923.16,1926.44,1923.16,1925.08,1714.7118
1784666700000,1925.08,1925.34,1923.19,1923.24,1074.5
1784667600000,1923.25,1923.25,1919.85,1923,1013.3291
1784668500000,1923,1924.98,1922.11,1924.07,1671.9575
1784669400000,1924.08,1926.54,1924.07,1926.47,982.5242
1784670300000,1926.47,1926.48,1923.55,1924.32,1344.7749
1784671200000,1924.31,1924.31,1921,1922.44,1245.2116
1784672100000,1922.43,1922.69,1919.85,1921.67,927.0528
1784673000000,1921.67,1923.58,1920.48,1921.35,635.6737
1784673900000,1921.34,1921.34,1918.1,1920.86,798.8364
1784674800000,1920.86,1920.86,1916.67,1917.72,1443.7749
1784675700000,1917.72,1922.48,1917.71,1922.47,745.7701
1784676600000,1922.47,1925,1921,1923.99,880.2144
1784677500000,1923.99,1932,1922.18,1930.09,2987.1795
1784678400000,1930.09,1938.56,1929.02,1938.06,3575.9348
1784679300000,1938.06,1944.68,1935.98,1937.09,4126.1487
1784680200000,1937.1,1942.64,1934.52,1939.85,2559.2404
1784681100000,1939.84,1941.76,1935.98,1939.46,2018.8913
1784682000000,1939.45,1940.56,1934.6,1934.62,1851.5064
1784682900000,1934.62,1935.27,1928,1931.05,2063.8878
1784683800000,1931.04,1935.52,1929.06,1933.19,1735.2928
1784684700000,1933.18,1937.54,1931.89,1933.61,2049.7046
1784685600000,1933.62,1934.76,1929.31,1933.34,1860.1562
1784686500000,1933.34,1936.39,1931.59,1932.35,2515.696
1784687400000,1932.34,1932.34,1926.91,1930.41,2531.1566
1784688300000,1930.4,1931.75,1928.36,1930.43,2097.786
1784689200000,1930.42,1933.63,1926.76,1927.03,2509.2918
1784690100000,1927.03,1932.78,1927.03,1932.12,1931.7224
1784691000000,1932.12,1933,1928.91,1931.86,2070.1679
1784691900000,1931.85,1936.05,1927.45,1928.77,2699.981
1784692800000,1928.76,1934.29,1928.11,1933.99,2122.9774
1784693700000,1933.99,1937.4,1933.6,1935.27,4352.0173
1784694600000,1935.27,1939.17,1933.88,1938.88,2196.9217
1784695500000,1938.88,1939.4,1935.98,1936.82,3372.3031
1784696400000,1936.83,1936.98,1931.97,1932.53,2009.5139
1784697300000,1932.53,1932.57,1921.77,1923.12,4220.9096
1784698200000,1923.11,1926.24,1919.64,1920.62,5634.4148
1784699100000,1920.61,1922.31,1918.27,1919.35,2216.1714
1784700000000,1919.36,1921.1,1916.46,1919.98,2171.1904
1784700900000,1919.98,1919.98,1913.68,1914.73,2359.7199
1784701800000,1914.74,1919.52,1913.34,1917.93,1923.0482
1784702700000,1917.92,1919.13,1916.03,1917.4,1396.8979
1784703600000,1917.41,1919,1915.98,1916.33,2200.962
1784704500000,1916.34,1918.27,1912.83,1918.26,2908.9042
1784705400000,1918.27,1918.78,1911.1,1912.97,3665.9282
1784706300000,1912.97,1914.63,1910.68,1914.44,5213.2574
1784707200000,1914.43,1923.48,1914.08,1920.9,4138.0119
1784708100000,1920.9,1925.15,1919.95,1921.74,3773.8599
1784709000000,1921.74,1923.59,1918.92,1919.23,2217.8588
1784709900000,1919.23,1921.78,1919.23,1921.32,2228.4012
1784710800000,1921.33,1926.5,1920.89,1924.14,2608.4099
1784711700000,1924.14,1925.89,1923.97,1925.07,2087.2663
1784712600000,1925.08,1925.08,1919.41,1921.37,2603.5202
1784713500000,1921.38,1924.79,1919.62,1924.49,1910.7841
1784714400000,1924.49,1925.45,1923.25,1924.4,1200.1982
1784715300000,1924.41,1928.62,1923.38,1928.44,4438.6566
1784716200000,1928.44,1931.73,1927.11,1930.89,2074.1465
1784717100000,1930.89,1933.62,1930.24,1930.82,2591.892
1784718000000,1930.82,1931.5,1928.72,1929.03,1076.751
1784718900000,1929.02,1930.08,1926.97,1928.34,868.1302
1784719800000,1928.34,1929.17,1922.66,1922.85,1977.197
1784720700000,1922.84,1927.96,1922.36,1927.27,649.3524
1784721600000,1927.26,1927.4,1922.64,1926.34,926.14
1784722500000,1926.34,1927.45,1922.77,1923.69,501.9422
1784723400000,1923.7,1925.32,1920.55,1921.21,1469.1713
1784724300000,1921.2,1922.9,1913.26,1917.17,4034.0823
1784725200000,1917.17,1921.36,1917,1920.11,1420.6473
1784726100000,1920.12,1922.6,1918.81,1921.44,1324.1206
1784727000000,1921.45,1939.17,1921.45,1937.15,7238.6802
1784727900000,1937.16,1942.43,1935.15,1939.93,5783.0166
1784728800000,1939.92,1955.92,1938.13,1941.51,13769.0524
1784729700000,1941.5,1941.5,1923.01,1925.06,6104.0328
1784730600000,1925.05,1935.36,1923.58,1927.52,2506.8763
1784731500000,1927.52,1933.2,1926.94,1933.2,1515.4687
1784732400000,1933.2,1943.37,1933,1942.04,2591.2593
1784733300000,1942.04,1952.36,1940.78,1948.63,7473.0793
1784734200000,1948.64,1950.31,1940.9,1944.33,2893.0926
1784735100000,1944.33,1946.9,1941.41,1943.03,2302.3724
1784736000000,1943.04,1947.24,1939.32,1944.39,2110.3934
1784736900000,1944.39,1944.39,1935.42,1939.72,2600.8991
1784737800000,1939.72,1956.45,1939.29,1951.25,8789.4352
1784738700000,1951.25,1952.2,1946.87,1949.84,1398.7401
1784739600000,1949.84,1950.3,1945.58,1946.03,1597.953
1784740500000,1946.03,1946.14,1934.97,1936.76,3953.8885
1784741400000,1936.77,1944.79,1936.41,1944.2,2001.4352
1784742300000,1944.2,1946.44,1938.33,1938.53,2261.509
1784743200000,1938.53,1940,1932.9,1935.75,2495.5426
1784744100000,1935.76,1939.38,1932.41,1933.42,1630.2158
1784745000000,1933.42,1933.42,1923.2,1925.89,5432.3541
1784745900000,1925.9,1932.67,1924.95,1930.69,1762.2914
1784746800000,1930.69,1931.88,1921,1924.52,1846.2437
1784747700000,1924.52,1928.8,1924.27,1927.28,1080.0276
1784748600000,1927.29,1928.96,1924.84,1924.98,1036.6891
1784749500000,1924.98,1927.72,1924.01,1925.13,1323.835
1784750400000,1925.14,1929.15,1922.95,1929.1,2956.3878
1784751300000,1929.1,1930.4,1927.18,1927.78,1046.85
1784752200000,1927.77,1929.17,1926.43,1928.1,676.1231
1784753100000,1928.1,1928.39,1926.23,1926.76,768.7488
1784754000000,1926.76,1930.01,1926.76,1927.64,890.1739
1784754900000,1927.64,1929.5,1926.93,1928.09,573.069
1784755800000,1928.08,1935.99,1927.81,1935.62,1800.5039
1784756700000,1935.62,1939.7,1933.7,1938.76,1598.6791
1784757600000,1938.76,1939.23,1934.26,1936.21,1753.9273
1784758500000,1936.21,1936.66,1932.89,1936.16,790.2162
1784759400000,1936.16,1936.17,1930.91,1933.35,1856.2691
1784760300000,1933.35,1938.77,1933.35,1938.42,3030.3345
1784761200000,1938.43,1938.43,1923.6,1925.64,4682.6522
1784762100000,1925.64,1930.72,1923.71,1928.91,1302.7027
1784763000000,1928.91,1930.67,1928.47,1929.96,590.4076
1784763900000,1929.96,1934.71,1929.16,1934.25,1043.1547
1784764800000,1934.26,1938.5,1933.27,1935.13,2257.4824
1784765700000,1935.14,1941.5,1932.41,1938.55,2964.8629
1784766600000,1938.54,1940.07,1935.69,1935.69,1258.7064
1784767500000,1935.69,1937.63,1932.37,1932.37,1325.1414
1784768400000,1932.36,1936.7,1931.22,1933.08,909.9686
1784769300000,1933.09,1935.01,1928.38,1933.68,1959.1318
1784770200000,1933.67,1934.54,1926.61,1928.11,1859.8658
1784771100000,1928.1,1930.25,1927.6,1928.39,871.2923
1784772000000,1928.38,1929.7,1925.31,1925.32,1205.9647
1784772900000,1925.32,1926.73,1921.81,1924.44,1372.4764
1784773800000,1924.45,1928,1924.02,1926.02,991.8527
1784774700000,1926.03,1928.35,1925.77,1927.6,949.8364
1784775600000,1927.6,1928.03,1920.39,1921.92,1502.0655
1784776500000,1921.93,1924.84,1920.5,1922.67,1444.142
1784777400000,1922.67,1925.06,1921.56,1922.79,953.5568
1784778300000,1922.79,1922.83,1917.57,1920.55,3167.3892
1784779200000,1920.56,1922.7,1918.63,1922.7,1733.0159
1784780100000,1922.7,1926.02,1921.4,1925.21,992.6917
1784781000000,1925.21,1925.21,1921.95,1922.59,1184.8442
1784781900000,1922.59,1923.62,1918.79,1919.74,1808.1789
1784782800000,1919.74,1921.19,1918.31,1919.9,991.5872
1784783700000,1919.9,1925.77,1918.67,1925.77,1126.8643
1784784600000,1925.77,1928.69,1924.89,1925.4,841.8884
1784785500000,1925.39,1925.76,1921.21,1922.77,836.6728
1784786400000,1922.78,1923.44,1921.07,1923.04,1125.8571
1784787300000,1923.05,1926.2,1921.6,1926.2,1162.8685
1784788200000,1926.19,1926.59,1923.98,1925.95,938.0766
1784789100000,1925.95,1926.83,1924.6,1925.39,534.3793
1784790000000,1925.39,1925.39,1913.68,1917.77,4322.1299
1784790900000,1917.77,1917.77,1914.3,1916.19,3010.8155
1784791800000,1916.18,1916.79,1913.51,1913.52,2005.0961
1784792700000,1913.52,1916.1,1912.6,1915.65,5736.1393
1784793600000,1915.65,1920.43,1914.44,1919.53,2644.3273
1784794500000,1919.53,1922.71,1918.29,1921.99,1106.0345
1784795400000,1922,1926.76,1921.99,1925.75,1289.6941
1784796300000,1925.75,1927.41,1924.32,1926.54,1130.3242
1784797200000,1926.54,1930.59,1924.53,1929.31,4822.2764
1784798100000,1929.31,1931.66,1927.95,1929.5,1862.3045
1784799000000,1929.51,1929.86,1927.61,1929.21,1570.7481
1784799900000,1929.2,1929.74,1923.4,1924.36,1726.0797
1784800800000,1924.36,1926.53,1922.13,1926.52,1030.3632
1784801700000,1926.52,1928.56,1925.43,1928.13,1058.519
1784802600000,1928.14,1929.73,1927.96,1929.73,1486.5644
1784803500000,1929.72,1930.43,1927.93,1928.14,663.9473
1784804400000,1928.15,1928.5,1925.46,1928.5,907.5317
1784805300000,1928.49,1929.08,1925.36,1926.21,936.5966
1784806200000,1926.2,1927.06,1924.63,1925.97,1273.0673
1784807100000,1925.97,1928.56,1925.23,1926.04,1886.0586
1784808000000,1926.03,1927.99,1922.25,1923.66,1443.286
1784808900000,1923.66,1924.29,1918.32,1919.1,3036.2221
1784809800000,1919.1,1919.1,1903.38,1904.63,11792.8429
1784810700000,1904.63,1905.69,1894,1904.64,10397.1075
1784811600000,1904.67,1907.36,1897.53,1898.37,3559.4538
1784812500000,1898.38,1901.4,1895.47,1898.06,3433.9194
1784813400000,1898.06,1908.41,1897.76,1907.73,4701.3965
1784814300000,1907.73,1909.19,1898.66,1898.72,4640.2002
1784815200000,1898.73,1904.74,1895.81,1902.28,3693.1059
1784816100000,1902.28,1907.26,1900.23,1903.93,5285.9264
1784817000000,1903.93,1907.09,1899.21,1899.66,2053.0362
1784817900000,1899.66,1901.7,1892.5,1896.43,4394.2392
1784818800000,1896.44,1896.56,1882.98,1884.4,8628.1192
1784819700000,1884.39,1897.1,1883.88,1892.85,7267.8173
1784820600000,1892.85,1893.95,1888.7,1890.91,2568.2814
1784821500000,1890.9,1897.88,1890.09,1895.23,2949.2681
1784822400000,1895.23,1895.41,1885.41,1890.18,5532.6007
1784823300000,1890.19,1890.58,1884.69,1889.93,2411.1419
1784824200000,1889.92,1890,1886.45,1888.37,1652.9148
1784825100000,1888.37,1891.52,1887.7,1887.95,2158.9362
1784826000000,1887.94,1889.88,1885.96,1888.17,1878.0148
1784826900000,1888.16,1892,1887.66,1891.4,2190.283
1784827800000,1891.4,1892.18,1888,1888.96,1740.1099
1784828700000,1888.96,1890.13,1875.01,1878.31,5150.5143
1784829600000,1878.31,1880.83,1876.05,1879.34,2999.3433
1784830500000,1879.35,1881.07,1876.25,1880.76,1968.0816
1784831400000,1880.77,1884.52,1877.32,1879.36,2126.5684
1784832300000,1879.35,1883.73,1879.35,1881.19,1116.3905
1784833200000,1881.19,1883.63,1875.1,1876.6,1437.1857
1784834100000,1876.59,1881.79,1876.59,1881.51,905.6352
1784835000000,1881.51,1883.01,1875.26,1876.16,1768.8566
1784835900000,1876.16,1876.48,1869.44,1875.65,5312.9143
1784836800000,1875.64,1885.15,1874.81,1884.07,2693.6121
1784837700000,1884.06,1889.09,1883.48,1887.86,2759.5913
1784838600000,1887.85,1887.9,1884.67,1884.86,1226.3149
1784839500000,1884.86,1886.99,1884.42,1885.98,672.0258
1784840400000,1885.97,1888.93,1881.95,1882.82,1891.0299
1784841300000,1882.82,1884.31,1880.86,1882.81,893.8772
1784842200000,1882.8,1884.25,1880.94,1882.05,846.7253
1784843100000,1882.06,1883.7,1881,1882.72,1151.2013
1784844000000,1882.73,1884.13,1877.84,1878.4,1551.2262
1784844900000,1878.4,1882.44,1874.23,1880.24,2319.996
1784845800000,1880.24,1883.77,1880.23,1883.39,756.1361
1784846700000,1883.39,1883.61,1881.19,1883.42,506.4666
1784847600000,1883.41,1884.63,1882.32,1883.09,855.4905
1784848500000,1883.1,1884.8,1882.51,1883.17,460.0923
1784849400000,1883.17,1884.08,1881.16,1881.87,441.4124
1784850300000,1881.87,1882.76,1875.56,1878.38,1830.8842
1784851200000,1878.38,1879.18,1872.12,1874.7,1997.2772
1784852100000,1874.7,1877.69,1870.5,1871.51,2106.5939
1784853000000,1871.5,1872.35,1859.67,1866.03,7073.3362
1784853900000,1866.03,1871.47,1866.02,1871.47,2229.5536
1784854800000,1871.47,1876.53,1870.32,1873.88,2814.2556
1784855700000,1873.86,1877.46,1871.8,1873.32,1568.7947
1784856600000,1873.31,1877.6,1872.5,1876.04,1134.6601
1784857500000,1876.04,1876.8,1872.71,1872.76,1131.9641
1784858400000,1872.76,1878.5,1872.12,1877.2,1285.322
1784859300000,1877.21,1877.21,1872.1,1875.97,907.6844
1784860200000,1875.96,1875.97,1867.1,1870.47,1693.2455
1784861100000,1870.46,1871.02,1864.82,1869.58,2442.6562
1784862000000,1869.57,1877.5,1868.31,1876.15,2142.7092
1784862900000,1876.14,1881.2,1876.06,1878.99,2625.7943
1784863800000,1878.99,1881.06,1878,1881.06,987.7122
1784864700000,1881.06,1881.14,1879.48,1880.67,1412.8063
1784865600000,1880.67,1881.14,1878.95,1878.96,832.2293
1784866500000,1878.95,1882,1877.57,1880.21,1107.6797
1784867400000,1880.2,1880.98,1875.09,1876.84,904.1306
1784868300000,1876.84,1877.38,1875,1876.12,805.6668
1784869200000,1876.13,1881.37,1873.48,1879.88,2755.8426
1784870100000,1879.87,1881.54,1879.72,1880.07,832.2109
1784871000000,1880.08,1881.26,1877.62,1880.89,864.6178
1784871900000,1880.89,1882.14,1879.07,1880.97,1188.4772
1784872800000,1880.97,1882.72,1878.9,1881.87,2034.6648
1784873700000,1881.87,1886.75,1881.14,1884.42,2103.4286
1784874600000,1884.41,1887.98,1882.56,1886.39,1269.5774
1784875500000,1886.39,1888.49,1885.56,1888.13,1395.0503
1784876400000,1888.14,1909.8,1888.14,1908.73,6612.4155
1784877300000,1908.72,1908.72,1896.52,1897.88,3994.3057
1784878200000,1897.87,1901.78,1888.47,1891.08,4880.4901
1784879100000,1891.09,1896.94,1891.04,1895.98,2912.6948
1784880000000,1895.98,1896.04,1892.3,1893.63,1941.8972
1784880900000,1893.63,1894.33,1886.35,1890.11,1539.9012
1784881800000,1890.11,1892.77,1889.99,1892.74,605.5191
1784882700000,1892.74,1892.75,1887.94,1888.07,1122.0607
1784883600000,1888.07,1889.11,1882.22,1882.51,2086.0975
1784884500000,1882.51,1884.01,1878.39,1882.65,2365.0172
1784885400000,1882.64,1886.81,1881.76,1885.8,1482.378
1784886300000,1885.8,1888.7,1885.06,1888.07,1073.0327
1784887200000,1888.08,1888.64,1882.71,1883.29,956.9395
1784888100000,1883.29,1885.97,1882,1885.18,1267.0022
1784889000000,1885.18,1886.62,1884.23,1884.36,830.0529
1784889900000,1884.35,1885.09,1880.39,1883.82,1030.0403
1784890800000,1883.81,1884.31,1880.02,1881.22,1379.6588
1784891700000,1881.23,1884.1,1881.2,1881.5,1190.3119
1784892600000,1881.51,1882.27,1878.65,1878.9,1756.383
1784893500000,1878.9,1884.71,1876.71,1883.93,2472.7843
1784894400000,1883.93,1884.98,1881.58,1883.8,1067.9703
1784895300000,1883.8,1886.09,1882.42,1882.98,2117.0312
1784896200000,1882.99,1884.4,1877.96,1878,991.4758
1784897100000,1878,1879.3,1872,1872.65,3608.6535
1784898000000,1872.65,1875.4,1856.25,1862.49,8321.9649
1784898900000,1862.49,1870.4,1862.1,1866.77,3408.2723
1784899800000,1866.77,1868.36,1858.67,1865.65,5114.1314
1784900700000,1865.64,1867.42,1848.11,1857.6,8592.7079
1784901600000,1857.61,1863,1854.43,1857.01,3864.2355
1784902500000,1857,1858.5,1850.17,1857.79,4038.4393
1784903400000,1857.79,1858.16,1852.04,1852.31,3825.0946
1784904300000,1852.3,1863.18,1848.09,1862.9,4426.3928
1784905200000,1862.9,1865.08,1854.15,1865.07,2748.9646
1784906100000,1865.07,1867.87,1859.95,1865.3,2781.7556
1784907000000,1865.3,1869.43,1863.86,1864.72,3498.7638
1784907900000,1864.71,1866.34,1859.49,1861.81,9618.1471
1784908800000,1861.82,1866.07,1858.71,1862.21,7136.099
1784909700000,1862.21,1863.86,1860.41,1860.94,1238.0429
1784910600000,1860.95,1860.95,1856.1,1856.95,2607.4812
1784911500000,1856.95,1859.36,1853.5,1857.47,1766.398
1784912400000,1857.47,1858.68,1855.03,1857.51,1813.2797
1784913300000,1857.52,1864.44,1857.19,1862.87,3169.0247
1784914200000,1862.87,1866,1862.42,1863.31,1708.1359
1784915100000,1863.3,1866.61,1862.2,1866.53,1873.8638
1784916000000,1866.53,1866.76,1864.11,1865.28,818.5703
1784916900000,1865.29,1865.29,1860.89,1861.55,1241.7417
1784917800000,1861.55,1862.5,1858.48,1860.01,1193.8103
1784918700000,1860.01,1864.18,1859.48,1862.72,646.6044
1784919600000,1862.73,1863.93,1858,1858.06,986.0259
1784920500000,1858.05,1861.73,1858,1861.26,918.8588
1784921400000,1861.26,1864.58,1860.94,1863.48,1470.7245
1784922300000,1863.49,1864.37,1862.03,1863.83,1224.504
1784923200000,1863.84,1865.82,1862.23,1863.44,1165.2461
1784924100000,1863.44,1865.34,1863.04,1863.45,697.4932
1784925000000,1863.45,1863.45,1860.21,1861.83,555.6057
1784925900000,1861.83,1862.3,1858.42,1860.9,1285.2637
1784926800000,1860.91,1862.01,1859.07,1859.45,965.004
1784927700000,1859.45,1861,1858.63,1859.95,753.6808
1784928600000,1859.95,1860.99,1858.94,1859.83,1010.5942
1784929500000,1859.83,1860.03,1857.05,1857.51,853.2574
1784930400000,1857.51,1859.99,1856.97,1859.31,984.8032
1784931300000,1859.32,1859.82,1858.62,1859.39,409.8088
1784932200000,1859.38,1861.91,1859.38,1860.93,576.1654
1784933100000,1860.92,1860.95,1859.32,1859.49,422.2462
1784934000000,1859.49,1860.82,1858.98,1860.12,410.9597
1784934900000,1860.11,1861.28,1859.43,1860.89,376.129
1784935800000,1860.9,1861.53,1859.39,1861.03,591.828
1784936700000,1861.02,1861.85,1860.43,1861.44,753.2609
1784937600000,1861.44,1863.64,1860.92,1862.94,909.808
1784938500000,1862.93,1864.24,1862.15,1863.87,543.188
1784939400000,1863.86,1864.69,1859.79,1860.12,1210.8204
1784940300000,1860.12,1860.86,1856.85,1860.34,1328.1831
1784941200000,1860.34,1863.63,1857.77,1859.28,1363.0313
1784942100000,1859.28,1860.41,1858.17,1859.88,501.1552
1784943000000,1859.89,1862.06,1859.16,1861.61,799.9772
1784943900000,1861.61,1862.29,1859.67,1860,442.9102
1784944800000,1859.99,1861.71,1859.73,1860.09,577.9654
1784945700000,1860.09,1860.73,1858.37,1860.72,425.4896
1784946600000,1860.72,1861.03,1858.86,1860.5,548.1398
1784947500000,1860.5,1860.81,1858.35,1859.45,589.6139
1784948400000,1859.45,1860.17,1858,1859.47,560.4432
1784949300000,1859.46,1860.52,1858.73,1859.32,354.2032
1784950200000,1859.31,1860.17,1858.55,1859.47,1335.6201
1784951100000,1859.47,1859.59,1855.93,1858.74,2508.6003
1784952000000,1858.74,1860.86,1858.61,1860.86,433.3673
1784952900000,1860.86,1861.48,1859.56,1859.88,316.634
1784953800000,1859.88,1861.83,1858.57,1861.51,495.732
1784954700000,1861.51,1862.65,1860.9,1861.28,676.7996
1784955600000,1861.28,1862.96,1860.69,1860.69,577.1554
1784956500000,1860.69,1861.57,1860.46,1860.88,2511.9545
1784957400000,1860.87,1860.94,1857.22,1858.15,3359.0908
1784958300000,1858.14,1858.78,1856.9,1858.42,451.8049
1784959200000,1858.42,1859.5,1857.91,1859.49,276.6375
1784960100000,1859.5,1860,1856.42,1856.72,748.2723
1784961000000,1856.73,1857.14,1855.04,1855.59,563.3802
1784961900000,1855.59,1858.69,1854.61,1858.55,594.9125
1784962800000,1858.55,1858.79,1857.54,1857.66,422.9619
1784963700000,1857.66,1858.43,1856.73,1857.12,454.4268
1784964600000,1857.11,1857.97,1856.19,1856.99,382.1969
1784965500000,1856.99,1857.95,1856.02,1856.02,714.8692
1784966400000,1856.03,1856.03,1852.72,1854.26,2290.4905
1784967300000,1854.26,1856.1,1854.26,1855.8,593.4045
1784968200000,1855.79,1855.99,1854.17,1855.03,935.5802
1784969100000,1855.04,1855.19,1851.22,1853.8,1006.7259
1784970000000,1853.8,1854.81,1851.75,1854.25,526.779
1784970900000,1854.25,1855.8,1853.35,1855.8,1425.7915
1784971800000,1855.8,1856.69,1855.45,1856.4,529.338
1784972700000,1856.39,1859.06,1856.39,1858.34,1224.9266
1784973600000,1858.35,1859.06,1857.99,1858.6,1353.1743
1784974500000,1858.59,1859.29,1857.37,1857.9,628.1246
1784975400000,1857.89,1858.57,1856.75,1857.14,2123.5699
1784976300000,1857.14,1858.95,1856.86,1858.62,665.1443
1784977200000,1858.63,1860.09,1857.81,1859.4,846.8123
1784978100000,1859.41,1859.76,1858.5,1858.51,702.8652
1784979000000,1858.5,1859.79,1857.5,1858.28,913.3661
1784979900000,1858.29,1859.17,1857.63,1857.75,261.3653
1784980800000,1857.75,1858.43,1857,1858.34,1046.5753
1784981700000,1858.33,1858.91,1856.96,1857.99,1100.4681
1784982600000,1857.99,1858.44,1857.15,1858.25,1293.8404
1784983500000,1858.24,1860.48,1857.8,1860.32,669.6989
1784984400000,1860.32,1863.73,1859.78,1862.89,1426.1833
1784985300000,1862.89,1865.64,1862.47,1864.18,1520.9837
1784986200000,1864.18,1868.3,1863.08,1868.3,1746.7654
1784987100000,1868.29,1872.35,1865.36,1867.24,3606.0961
1784988000000,1867.25,1867.43,1865.56,1867.22,1080.5408
1784988900000,1867.22,1868.09,1865.06,1866.49,800.2255
1784989800000,1866.49,1869.22,1866.48,1868.37,1280.7086
1784990700000,1868.37,1869.32,1867.08,1868.68,1648.7785
1784991600000,1868.67,1870.14,1867.05,1868.74,881.8125
1784992500000,1868.74,1871.43,1868.32,1868.54,909.0865
1784993400000,1868.53,1871.03,1867.03,1870.13,1258.8045
1784994300000,1870.12,1870.67,1867.33,1867.88,574.7843
1784995200000,1867.88,1869.35,1865.7,1868.58,1110.6267
1784996100000,1868.58,1868.59,1864.65,1865.97,630.7237
1784997000000,1865.97,1869,1865.61,1868.99,462.3173
1784997900000,1869,1870.91,1866.62,1867.99,982.3583
1784998800000,1867.99,1869.79,1867.99,1869.09,616.0905
1784999700000,1869.09,1872.62,1868.93,1871.71,1794.9045
1785000600000,1871.71,1874.88,1870.88,1873.84,2706.8883
1785001500000,1873.84,1875.15,1872.36,1873.06,1412.0115
1785002400000,1873.07,1877.07,1872.45,1873.76,1594.5197
1785003300000,1873.76,1875.46,1872.85,1875.45,965.9507
1785004200000,1875.45,1876.49,1873.75,1874.17,1072.7712
1785005100000,1874.16,1876.11,1873.98,1875.48,860.483
1785006000000,1875.48,1876.45,1874.69,1876.2,624.4416
1785006900000,1876.21,1876.21,1874.4,1875.35,584.8088
1785007800000,1875.36,1876.28,1875.08,1875.84,351.3671
1785008700000,1875.85,1876.64,1874.46,1874.76,457.4913
1785009600000,1874.77,1875.03,1873.08,1874.1,353.7578
1785010500000,1874.1,1874.11,1871.01,1872.43,688.0697
1785011400000,1872.44,1872.44,1870.43,1871.35,554.2787
1785012300000,1871.35,1872.31,1871.27,1872.23,312.0885
1785013200000,1872.23,1872.39,1867.92,1870.37,713.2687
1785014100000,1870.36,1870.8,1869.28,1870.78,355.6755
1785015000000,1870.78,1873.38,1870.49,1871.93,745.752
1785015900000,1871.94,1875.6,1871.54,1872.65,969.4711
1785016800000,1872.66,1874.81,1872.38,1874.16,638.7008
1785017700000,1874.17,1875.59,1873.94,1875.09,549.0675
1785018600000,1875.09,1875.86,1873.91,1875.77,440.9324
1785019500000,1875.78,1876.92,1874.46,1875.82,375.1827
1785020400000,1875.83,1876.2,1874.7,1874.88,450.5418
1785021300000,1874.88,1875.22,1873.2,1874.26,494.8846
1785022200000,1874.25,1875.52,1874.25,1874.56,364.0318
1785023100000,1874.56,1875.55,1874.11,1874.89,348.8749
1785024000000,1874.88,1878.45,1873.85,1877.49,1139.9949
1785024900000,1877.49,1881.08,1876.97,1879.35,1239.2274
1785025800000,1879.34,1879.44,1876.57,1877.02,660.7951
1785026700000,1877.02,1881.8,1876.71,1881.05,858.2499
1785027600000,1881.05,1881.9,1878.73,1880.36,648.7855
1785028500000,1880.36,1880.83,1878.87,1879.4,422.3599
1785029400000,1879.39,1880.38,1878.9,1879.46,552.082
1785030300000,1879.45,1880,1877.81,1878.68,411.7178
1785031200000,1878.67,1879.49,1877.06,1879.49,398.5738
1785032100000,1879.49,1880.39,1878.01,1879.29,399.8625
1785033000000,1879.29,1879.69,1877.43,1878.23,354.7895
1785033900000,1878.23,1881.65,1878.23,1880.97,381.8614
1785034800000,1880.98,1883.98,1878.98,1883.41,980.4138
1785035700000,1883.41,1883.41,1880.86,1881.5,845.9066
1785036600000,1881.5,1883.98,1881.04,1882.58,519.146
1785037500000,1882.58,1882.94,1881.66,1882.21,546.2509
1785038400000,1882.21,1883.16,1880.26,1881.01,814.2726
1785039300000,1881.01,1885.17,1880.49,1884.14,647.1705
1785040200000,1884.15,1887.53,1883.41,1887.52,668.4091
1785041100000,1887.52,1889.36,1885.43,1886.26,1410.9226
1785042000000,1886.25,1887.41,1884.93,1887.4,505.3015
1785042900000,1887.4,1887.43,1884.89,1884.89,419.265
1785043800000,1884.89,1886.4,1883.38,1886.05,539.4707
1785044700000,1886.05,1886.18,1882.72,1883.4,919.2982
1785045600000,1883.4,1884.95,1880.74,1881.09,805.8956
1785046500000,1881.08,1881.97,1878.46,1878.88,854.5313
1785047400000,1878.87,1882.98,1878.83,1882.35,586.6006
1785048300000,1882.34,1885.39,1882.28,1884.95,929.6465
1785049200000,1884.95,1886.29,1883.72,1884.77,484.8951
1785050100000,1884.78,1885,1883.09,1883.18,335.595
1785051000000,1883.18,1883.19,1880.51,1880.51,792.1214
1785051900000,1880.51,1881.73,1880.51,1881.56,527.3396
1785052800000,1881.57,1881.57,1879.88,1880.33,519.7187
1785053700000,1880.34,1881.2,1878.74,1880.77,791.9955
1785054600000,1880.78,1881.85,1879.98,1881.84,435.9599
1785055500000,1881.85,1882.49,1881.16,1881.42,471.2183
1785056400000,1881.42,1883.99,1881.22,1881.96,500.9496
1785057300000,1881.97,1884.8,1881.96,1884.16,439.8686
1785058200000,1884.16,1885.76,1883.26,1884.71,875.0583
1785059100000,1884.71,1885.35,1883.39,1883.8,675.6582
1785060000000,1883.8,1885.27,1882.01,1885.07,669.11
1785060900000,1885.07,1886.5,1884.1,1885.59,527.7587
1785061800000,1885.59,1887.55,1885.24,1886.96,971.8409
1785062700000,1886.96,1887.7,1885.25,1886.22,647.383
1785063600000,1886.21,1887.89,1885.52,1886.86,527.8144
1785064500000,1886.85,1887.73,1886.53,1887.2,358.2172
1785065400000,1887.19,1887.73,1886.53,1886.6,557.7263
1785066300000,1886.59,1886.89,1884.78,1885.87,631.6543
1785067200000,1885.87,1893.89,1885.68,1890.81,2370.408
1785068100000,1890.8,1891.77,1887.17,1889.95,1338.2913
1785069000000,1889.95,1890.52,1887.51,1887.95,965.8946
1785069900000,1887.94,1887.94,1886.01,1886.57,639.6133
1785070800000,1886.57,1887.21,1881.61,1883.08,1210.3299
1785071700000,1883.07,1888.1,1883.07,1885.97,1296.601
1785072600000,1885.97,1888.25,1884.72,1888.07,2432.675
1785073500000,1888.08,1888.86,1886,1886.62,679.4734
1785074400000,1886.62,1897.77,1886.61,1895.37,3527.1689
1785075300000,1895.37,1895.43,1892.05,1892.68,1086.5336
1785076200000,1892.67,1897.89,1891.3,1896.11,1606.1891
1785077100000,1896.11,1900.31,1896.11,1898.59,2487.4614
1785078000000,1898.58,1903.7,1898.06,1899.2,2679.9992
1785078900000,1899.19,1909.95,1899.19,1906.89,3725.51
1785079800000,1906.89,1917.82,1906.61,1914.45,4567.6796
1785080700000,1914.45,1916.01,1910.82,1914.63,3704.169
1785081600000,1914.63,1916,1908.75,1910.06,2850.8851
1785082500000,1910.05,1921,1910.05,1919.88,3117.0853
1785083400000,1919.88,1928.08,1917.81,1919.59,6580.2586
1785084300000,1919.59,1921.8,1915.5,1916.2,3340.715
1785085200000,1916.19,1917.77,1912.07,1917.21,1843.7728
1785086100000,1917.2,1917.44,1913.74,1914.32,759.0356
1785087000000,1914.31,1915.79,1911.28,1912.12,873.7464
1785087900000,1912.11,1913.27,1910.8,1911.23,643.0263
1785088800000,1911.23,1913.2,1911.05,1912.46,762.6214
1785089700000,1912.47,1915.65,1912.11,1913.2,770.401
1785090600000,1913.19,1914.29,1911.78,1914.02,1196.4376
1785091500000,1914.01,1916.53,1913.24,1914.49,985.7035
1785092400000,1914.49,1915.86,1912.09,1912.09,525.9077
1785093300000,1912.1,1914.63,1912.1,1913.9,2977.5348
1785094200000,1913.91,1915.67,1913.48,1914.82,628.5007
1785095100000,1914.81,1914.82,1913.59,1914.2,550.4728
1785096000000,1914.21,1914.56,1912.43,1913.08,480.6172
1785096900000,1913.08,1913.53,1911.8,1913.29,633.5556
1785097800000,1913.3,1913.91,1912.53,1912.86,300.4873
1785098700000,1912.86,1913.96,1911.14,1913.8,913.4283
1785099600000,1913.79,1916.81,1913.79,1915.28,978.2384
1785100500000,1915.28,1924.83,1914.81,1921.45,2468.2029
1785101400000,1921.45,1923.68,1920.1,1921.45,1638.4182
1785102300000,1921.46,1930,1921.42,1925.91,3309.1767
1785103200000,1925.91,1941.31,1925.91,1938.01,9184.5671
1785104100000,1938.02,1939.27,1935.16,1938.55,1849.5087
1785105000000,1938.55,1947.38,1938.03,1947.36,5471.0627
1785105900000,1947.37,1953.03,1944.73,1949.81,6839.7908
1785106800000,1949.81,1967.36,1949.81,1957.24,12737.0767
1785107700000,1957.23,1962.19,1952.73,1953.79,3825.2114
1785108600000,1953.8,1954.06,1945.99,1953.62,5622.783
1785109500000,1953.62,1957.11,1952.35,1954.72,3054.7838
1785110400000,1954.72,1955.42,1948.35,1949.42,3052.5204
1785111300000,1949.43,1949.43,1942.26,1945.01,2985.5824
1785112200000,1945.01,1945.12,1940.29,1941.69,2932.1442
1785113100000,1941.7,1945.43,1939.67,1942.54,1845.4894
1785114000000,1942.54,1948,1942.31,1943.08,2088.6393
1785114900000,1943.07,1945.01,1940.89,1941.52,1615.935
1785115800000,1941.52,1945,1936.51,1942.12,2612.6276
1785116700000,1942.12,1948.46,1941.86,1948.2,2333.8701
1785117600000,1948.2,1949.15,1946,1946.31,1293.9925
1785118500000,1946.32,1949.02,1944.31,1945.69,3006.7835
1785119400000,1945.7,1948.85,1943.79,1946.43,2377.1274
1785120300000,1946.44,1947.73,1941.48,1943.1,1655.1635
1785121200000,1943.09,1946.73,1942.42,1945.29,1765.4431
1785122100000,1945.29,1946.75,1944.49,1946.12,1114.596
1785123000000,1946.12,1947.13,1944.06,1947.13,1064.7943
1785123900000,1947.12,1950.78,1946.33,1949.64,2513.4969
1785124800000,1949.65,1957.14,1948.54,1953.12,5631.617
1785125700000,1953.11,1962.77,1951.96,1954.23,3850.585
1785126600000,1954.24,1959.09,1950.48,1957.94,2345.0887
1785127500000,1957.94,1957.94,1953.32,1953.43,1234.4183
1785128400000,1953.43,1957.73,1952.63,1956.73,1444.7458
1785129300000,1956.73,1960.98,1953.61,1959.53,2998.6054
1785130200000,1959.53,1961.96,1958.16,1960.19,1894.6948
1785131100000,1960.19,1970.43,1958.66,1965.65,8741.5546
1785132000000,1965.65,1981.24,1963.64,1970.36,15944.047
1785132900000,1970.36,1971.86,1964.37,1966.27,3334.1529
1785133800000,1966.26,1972.78,1964.88,1972.66,2995.0425
1785134700000,1972.67,1973.39,1968.17,1968.45,2730.4816
1785135600000,1968.45,1971.58,1965.47,1971.57,2972.6729
1785136500000,1971.57,1971.7,1969.01,1969.61,1696.1257
1785137400000,1969.62,1969.62,1960.86,1966.51,6312.6155
1785138300000,1966.5,1969.99,1964.06,1964.36,5598.6293
1785139200000,1964.37,1967.28,1961.81,1964.68,2677.2687
1785140100000,1964.68,1968.02,1962.53,1968.01,1917.6751
1785141000000,1968.01,1968.21,1964.76,1965.14,1426.9346
1785141900000,1965.15,1968.75,1964.24,1964.25,2585.0653
1785142800000,1964.25,1964.25,1957,1957.5,3058.4033
1785143700000,1957.5,1961.11,1956.87,1960.45,2123.2486
1785144600000,1960.45,1967.7,1959.41,1966.4,3462.8715
1785145500000,1966.41,1968.29,1965,1965.19,1577.7144
1785146400000,1965.19,1966.6,1963.85,1964.79,1244.0808
1785147300000,1964.79,1969.34,1963.8,1966.41,1995.0656
1785148200000,1966.41,1971.48,1966.41,1970.28,1632.9805
1785149100000,1970.28,1972,1966.79,1967.43,1261.1507
1785150000000,1967.42,1967.43,1963.85,1965.33,1500.3605
1785150900000,1965.33,1966,1959.6,1959.61,2586.5289
1785151800000,1959.6,1961.78,1958.82,1960.05,1767.1352
1785152700000,1960.04,1961.07,1958.11,1959.67,1499.3298
1785153600000,1959.67,1964.6,1955.09,1955.2,2389.5027
1785154500000,1955.2,1957.38,1947.4,1948.34,4016.1774
1785155400000,1948.34,1954.7,1943,1953.28,5079.2652
1785156300000,1953.28,1958.43,1953.03,1957.59,2652.4733
1785157200000,1957.6,1960.38,1953.94,1954.03,2341.4437
1785158100000,1954.02,1956.99,1951.4,1952.3,1985.014
1785159000000,1952.29,1977.99,1950.95,1975.73,10227.1275
1785159900000,1975.74,1976.75,1957.34,1961.16,16527.5145
1785160800000,1961.18,1966.99,1956.06,1964.18,7353.9197
1785161700000,1964.17,1965.58,1936.51,1937.85,8478.4062
1785162600000,1937.84,1938.79,1919.09,1920.88,15885.3128
1785163500000,1920.9,1934.29,1920.7,1932.3,6478.7396
1785164400000,1932.3,1935.84,1925.49,1933.81,5714.1343
1785165300000,1933.81,1937.87,1928.11,1931.2,4650.248
1785166200000,1931.2,1934,1924.83,1931.21,4372.5334
1785167100000,1931.21,1931.48,1927.74,1927.75,1342.7296
1785168000000,1927.74,1932,1926.01,1927.99,1992.4842
1785168900000,1927.99,1939.13,1922.65,1937.13,4257.3934
1785169800000,1937.14,1946.9,1937.14,1942.76,3310.9497
1785170700000,1942.75,1944.2,1936.65,1940.57,1828.1458
1785171600000,1940.57,1941.27,1935.1,1939.37,1588.8381
1785172500000,1939.37,1946.06,1938.46,1942.28,2118.7367
1785173400000,1942.29,1945.89,1942,1942.61,3360.3055
1785174300000,1942.61,1944.4,1940.01,1943.71,1302.9602
1785175200000,1943.72,1944.66,1941.36,1941.57,857.8053
1785176100000,1941.56,1941.56,1935.82,1938.94,1449.5933
1785177000000,1938.95,1939.54,1929.2,1935.36,3178.604
1785177900000,1935.36,1939.58,1931.41,1939.2,1406.7451
1785178800000,1939.21,1950.97,1937.75,1948.39,3141.5268
1785179700000,1948.39,1952.27,1947.48,1950.68,2376.8748
1785180600000,1950.69,1955.41,1947.49,1950.67,2256.0653
1785181500000,1950.67,1950.67,1947.48,1948.31,2993.9084
1785182400000,1948.32,1950.54,1945.69,1946.02,1448.4392
1785183300000,1946.02,1947.87,1943.69,1947.7,844.9378
1785184200000,1947.7,1948.83,1944.64,1945.18,1589.2457
1785185100000,1945.18,1947.13,1944.87,1946.87,857.5506
1785186000000,1946.88,1950.1,1946,1948.5,3827.0033
1785186900000,1948.49,1948.64,1944.34,1944.46,3672.5487
1785187800000,1944.47,1945.6,1941.66,1942.43,4566.8141
1785188700000,1942.43,1943.87,1940.58,1941.9,1464.7916
1785189600000,1941.89,1941.9,1935.03,1938.39,2543.6827
1785190500000,1938.39,1939.46,1928.35,1929.57,3572.7219
1785191400000,1929.57,1931.25,1912.09,1914.72,7802.2373
1785192300000,1914.72,1914.72,1892.33,1893.6,12624.4071
1785193200000,1893.61,1894.83,1882.49,1890.88,13173.3419
1785194100000,1890.87,1895.96,1886.53,1893.21,3320.3475
1785195000000,1893.2,1896.19,1886.53,1887.52,4088.0074
1785195900000,1887.52,1893.23,1885.41,1892.53,3840.8286
1785196800000,1892.53,1894.45,1880.13,1886.76,5610.8397
1785197700000,1886.77,1891.62,1878.68,1883.36,4738.3418
1785198600000,1883.35,1886.94,1879.08,1884.17,4432.038
1785199500000,1884.17,1884.53,1877.02,1878.86,6010.5535
1785200400000,1878.86,1880.8,1866.31,1875.91,7899.4471
1785201300000,1875.92,1879.13,1870.43,1878.49,2710.1815
1785202200000,1878.49,1882.77,1874.65,1875.87,2355.0987
1785203100000,1875.88,1879.75,1874.13,1875.9,1859.4677
1785204000000,1875.9,1878.45,1872.35,1877.42,1323.0524
1785204900000,1877.42,1880.46,1876.43,1877.97,1569.8223
1785205800000,1877.96,1879.08,1874.79,1875.35,1391.9844
1785206700000,1875.36,1877.33,1872.99,1876,1610.1992
1785207600000,1876.01,1877.69,1873.11,1877.47,1613.6936
1785208500000,1877.48,1881.39,1876.09,1878.21,2074.759
1785209400000,1878.22,1882.71,1875.3,1882.6,1964.9026
1785210300000,1882.6,1883.26,1879.21,1881.38,2830.3897
1785211200000,1881.37,1882.84,1880,1880.44,1534.7865
1785212100000,1880.45,1881.39,1878.82,1879.56,2390.6118
1785213000000,1879.55,1879.66,1876.48,1879.21,1241.6009
1785213900000,1879.22,1881.35,1877.5,1879.18,1576.7136
1785214800000,1879.18,1885.01,1878.46,1882.5,1495.2227
1785215700000,1882.5,1889.66,1882.49,1886.3,3294.3521
1785216600000,1886.31,1888.11,1882.32,1888.11,1920.8192
1785217500000,1888.11,1888.9,1883.16,1883.16,1581.9755
1785218400000,1883.16,1883.2,1878.54,1879.9,2255.3447
1785219300000,1879.89,1883.43,1879.43,1883.18,2493.1442
1785220200000,1883.18,1886.5,1882.74,1886.02,2681.6043
1785221100000,1886.01,1888.82,1885.05,1888.62,3085.6018
1785222000000,1888.62,1888.97,1886.01,1887.2,1397.655
1785222900000,1887.2,1888.15,1885.2,1885.37,1118.2076
1785223800000,1885.37,1886.15,1882.86,1883.62,2233.1103
1785224700000,1883.63,1884.98,1880.92,1883.83,2958.2349
1785225600000,1883.84,1884.84,1880.72,1880.77,2490.6402
1785226500000,1880.77,1885.5,1880.4,1884.65,2866.6622
1785227400000,1884.65,1885.62,1881.09,1885.04,1928.8987
1785228300000,1885.04,1885.85,1882.51,1884.5,1261.6807
1785229200000,1884.5,1885.12,1880.5,1882.83,1733.3319
1785230100000,1882.83,1884.89,1882.4,1884,1240.4913
1785231000000,1884.01,1884.93,1881.35,1882.56,1280.5832
1785231900000,1882.57,1883.81,1874.81,1876.44,2351.5914
1785232800000,1876.43,1878.6,1873.75,1876.03,1310.8044
1785233700000,1876.03,1880.54,1873.8,1877.4,1905.7038
1785234600000,1877.4,1879.97,1876.34,1879.97,1436.6947
1785235500000,1879.99,1881,1878.62,1878.79,1057.7931
1785236400000,1878.8,1879.87,1872.47,1873.01,2354.0186
1785237300000,1873.01,1882.02,1872,1874.61,3954.3965
1785238200000,1874.6,1879.78,1872,1873.8,1773.3582
1785239100000,1873.91,1878.92,1873.91,1876.68,1393.9397
1785240000000,1876.69,1878.72,1874.63,1877.61,1957.0224
1785240900000,1877.62,1880,1876.82,1878.97,1469.3014
1785241800000,1878.98,1883.36,1877.65,1883.34,2856.1033
1785242700000,1883.34,1893.34,1881.89,1892.48,6221.4482
1785243600000,1892.48,1896.28,1890.29,1891.49,3182.3829
1785244500000,1891.49,1892.59,1883.83,1883.92,2789.405
1785245400000,1883.92,1887.18,1860.37,1869.36,10833.4188
1785246300000,1869.36,1876.22,1856.88,1874.08,10112.7442
1785247200000,1874.08,1881.61,1874,1875.28,4905.6782
1785248100000,1875.29,1879.57,1867.74,1876.81,4877.6422
1785249000000,1876.82,1888.37,1876.82,1886.53,4695.171
1785249900000,1886.53,1893.46,1884.51,1888.95,5539.1748
1785250800000,1888.96,1892.99,1884.56,1891.25,6166.3318
1785251700000,1891.24,1924.41,1887.52,1912.17,16697.5385
1785252600000,1912.16,1918.41,1909,1916.24,5751.2256
1785253500000,1916.23,1922.22,1912.7,1920.02,6696.3708
1785254400000,1920.02,1920.02,1914.81,1915.42,3102.2362
1785255300000,1915.42,1924.05,1915,1918.04,3753.6315
1785256200000,1918.03,1924.15,1914.52,1922.46,3376.6423
1785257100000,1922.45,1928.95,1919.72,1925.92,4809.5052
1785258000000,1925.92,1925.92,1911.81,1912.08,4717.3531
1785258900000,1912.07,1913.99,1906.14,1908.29,4147.8875
1785259800000,1908.3,1908.75,1892.71,1896.51,7473.7214
1785260700000,1896.52,1903.12,1896.5,1901.89,2968.1405
1785261600000,1901.9,1913.61,1901.6,1908.41,4533.8418
1785262500000,1908.4,1910.88,1908.08,1909.2,1137.7051
1785263400000,1909.21,1913.93,1908.47,1912.79,2013.5945
1785264300000,1912.79,1914.93,1909.76,1911.22,1233.4473
1785265200000,1911.22,1915.65,1911.22,1913.92,1793.7758
1785266100000,1913.93,1916.76,1912.4,1915.78,1189.7448
1785267000000,1915.79,1921.71,1915.54,1916.16,3227.1549
1785267900000,1916.15,1922.23,1915.84,1922.23,2285.8522
1785268800000,1922.24,1923.84,1918.73,1921.49,2232.7418
1785269700000,1921.49,1923.17,1917.51,1918.51,1512.8957
1785270600000,1918.51,1920.28,1916.16,1918.71,1679.4992
1785271500000,1918.71,1918.86,1917.12,1918.57,588.6154
1785272400000,1918.57,1923.22,1918.47,1920.21,1467.5094
1785273300000,1920.21,1920.93,1919.75,1920.15,734.0396
1785274200000,1920.15,1923.5,1919.08,1923.49,1401.907
1785275100000,1923.5,1929.67,1923.5,1923.95,2767.5581
1785276000000,1923.96,1927.1,1922,1923.01,1437.7009
1785276900000,1923.01,1924.28,1919.41,1919.8,1343.9255
1785277800000,1919.8,1919.8,1916.52,1916.92,1273.8647
1785278700000,1916.92,1916.92,1910.1,1911.9,3428.4224
1785279600000,1911.9,1912.34,1904.41,1908.39,3120.1728
1785280500000,1908.39,1909.18,1904.06,1908.6,1276.439
1785281400000,1908.61,1918.88,1908.55,1918.09,2036.3305
1785282300000,1918.09,1923.1,1916.62,1922.23,2814.0028
1785283200000,1922.22,1928.51,1921.88,1922.52,3922.8587
1785284100000,1922.51,1925.85,1918.99,1920.33,2609.7601
1785285000000,1920.33,1923.33,1916.34,1921.35,1469.6207
1785285900000,1921.36,1925.3,1916.89,1917.27,1535.9749
1785286800000,1917.27,1918.16,1910.08,1910.58,1525.5167
1785287700000,1910.58,1916.73,1908.63,1915.12,1533.0941
1785288600000,1915.12,1915.92,1909.42,1910.36,1662.0665
1785289500000,1910.35,1910.99,1905,1905.7,2411.4675
1785290400000,1905.69,1910.4,1901.17,1908.64,2616.5801
1785291300000,1908.64,1916.05,1903.12,1915.8,1500.2393
1785292200000,1915.79,1919.67,1913.44,1914.2,1990.0885
1785293100000,1914.2,1914.33,1908.87,1911.1,1011.8913
1785294000000,1911.11,1913.04,1906.73,1909.62,2538.463
1785294900000,1909.63,1910.16,1901.81,1901.91,1787.3723
1785295800000,1901.91,1902.69,1895.31,1897.68,2989.5333
1785296700000,1897.68,1898.69,1891.17,1892.7,2609.835
1785297600000,1892.7,1895.9,1884.51,1892.15,4933.8529
1785298500000,1892.14,1896.5,1886.26,1895.41,3683.6562
1785299400000,1895.41,1906.43,1894.5,1900.69,3730.2339
1785300300000,1900.7,1905.72,1900.12,1905.52,1691.5455
1785301200000,1905.52,1909.18,1904.71,1909.05,2109.5379
1785302100000,1909.05,1910.51,1903.53,1908.44,1544.754
1785303000000,1908.45,1914.99,1907.21,1912.54,2061.1048
1785303900000,1912.55,1914.81,1911.68,1912.54,1051.747
1785304800000,1912.53,1913.99,1908.89,1912.79,1228.056
1785305700000,1912.8,1919.6,1911.12,1918.8,2960.3724
1785306600000,1918.79,1920.93,1917.57,1919.66,2044.3359
1785307500000,1919.66,1921.71,1917.8,1920.18,1854.0992
1785308400000,1920.19,1922,1918.71,1919.36,2449.9104
1785309300000,1919.35,1919.69,1916.06,1918.56,1468.0436
1785310200000,1918.57,1918.57,1914.81,1915.9,1496.971
1785311100000,1915.9,1925.68,1914.1,1924.71,4678.113
1785312000000,1924.71,1925.35,1914.16,1914.93,2535.0158
1785312900000,1914.93,1916.95,1912.18,1913.29,1827.4693
1785313800000,1913.29,1916.71,1912.11,1916.71,1270.0086
1785314700000,1916.71,1919.39,1914.87,1915.08,1230.9463
1785315600000,1915.08,1919.75,1914.94,1918.88,1974.2849
1785316500000,1918.88,1921.03,1917.97,1920.14,1851.1963
1785317400000,1920.14,1924.73,1920,1922.02,2313.2893
1785318300000,1922.02,1924.05,1918.85,1922.31,1889.2271
1785319200000,1922.31,1922.58,1919.44,1920.63,2112.3106
1785320100000,1920.64,1920.82,1918.94,1919.45,3621.3356
1785321000000,1919.46,1921.16,1917,1920.41,965.3293
1785321900000,1920.42,1920.42,1910,1912.16,2806.4555
1785322800000,1912.16,1917,1911.16,1916.45,1457.4453
1785323700000,1916.45,1917.07,1911.94,1913.79,1831.8575
1785324600000,1913.78,1914.14,1910.35,1911.75,1267.4339
1785325500000,1911.75,1916,1911.53,1915.26,572.174
1785326400000,1915.26,1915.27,1911.71,1911.71,1775.1664
1785327300000,1911.7,1911.7,1902.3,1906.23,2821.0011
1785328200000,1906.22,1908.74,1903.86,1906.48,2427.7609
1785329100000,1906.49,1908.12,1903.89,1905.23,3411.579
1785330000000,1905.23,1906.81,1903.78,1905.94,2814.4417
1785330900000,1905.95,1905.96,1900.81,1904.48,3625.6705
1785331800000,1904.47,1911.11,1901.3,1909.36,4930.6046
1785332700000,1909.36,1911.67,1895.59,1909.24,5482.6317
1785333600000,1909.24,1911.46,1897,1898.09,4848.0993
1785334500000,1898.1,1902.97,1892.71,1897.77,6081.7766
1785335400000,1897.77,1903.71,1891.39,1893.52,4232.8413
1785336300000,1893.51,1900.31,1892.95,1895.23,3932.2922
1785337200000,1895.23,1898.84,1893.82,1896.88,4363.8248
1785338100000,1896.87,1898.42,1888.88,1895.11,6307.9286
1785339000000,1895.1,1898.65,1891.05,1891.68,3063.6019
1785339900000,1891.68,1894.06,1887.31,1892.11,3085.0602
1785340800000,1892.11,1893.79,1889.57,1892.41,3106.8891
1785341700000,1892.4,1899.5,1890.57,1895.83,3213.7345
1785342600000,1895.82,1897.71,1887.75,1889.52,1848.8368
1785343500000,1889.51,1895.69,1889.28,1895.4,2165.5423
1785344400000,1895.4,1901.62,1895.23,1901.48,2569.7065
1785345300000,1901.48,1901.48,1895.46,1895.9,1947.072
1785346200000,1895.9,1903.36,1894.51,1902.18,2408.5844
1785347100000,1902.17,1917.29,1900.43,1916.16,5385.5113
1785348000000,1916.15,1935.68,1915.19,1917.08,16340.3122
1785348900000,1917.07,1919.7,1903,1908.03,5883.4991
1785349800000,1908.04,1922.34,1894.22,1920.7,9149.7964
1785350700000,1920.69,1928.51,1917.9,1920.55,6198.7857
1785351600000,1920.56,1922.74,1909.14,1913.33,5128.6193
1785352500000,1913.33,1914.46,1898.21,1904.36,6381.4184
1785353400000,1904.37,1907.29,1897.01,1900.19,4002.2589
1785354300000,1900.2,1901.42,1883.7,1888.56,9227.1327
1785355200000,1888.57,1889.89,1880,1887.79,6901.7959
1785356100000,1887.78,1891.51,1878.14,1884.1,4555.8764
1785357000000,1884.11,1891.99,1882.53,1889.21,3375.8957
1785357900000,1889.21,1890.6,1882.92,1884.15,1894.3409
1785358800000,1884.16,1885.15,1872,1885.07,5297.3518
1785359700000,1885.07,1890.01,1881.77,1890,2879.7336
1785360600000,1890,1892.99,1888.99,1891.39,2912.2829
1785361500000,1891.39,1898.39,1889.89,1898.38,2693.0213
1785362400000,1898.39,1910.14,1898.28,1907.59,4559.5763
1785363300000,1907.59,1911.61,1906.03,1908.57,2459.4578
1785364200000,1908.56,1909.3,1904.52,1908.32,1869.9592
1785365100000,1908.32,1908.91,1905.15,1907.18,834.7563
1785366000000,1907.18,1907.35,1902.68,1903.51,2947.9177
1785366900000,1903.51,1911.01,1903.3,1908.4,1892.6199
1785367800000,1908.41,1911.29,1905.95,1911.29,1338.6476
1785368700000,1911.28,1913.17,1909.48,1910.72,1760.6553
1785369600000,1910.72,1914.81,1908.52,1912.2,1837.9253
1785370500000,1912.19,1914.8,1908.33,1911.21,1665.5469
1785371400000,1911.21,1911.77,1896.43,1896.86,2684.536
1785372300000,1896.86,1899.21,1893.99,1898.22,1551.5655
1785373200000,1898.22,1911.21,1897.49,1900.67,3243.0356
1785374100000,1900.68,1907.76,1900.46,1907.27,1256.9975
1785375000000,1907.27,1919,1907.08,1915.25,5117.7494
1785375900000,1915.24,1921.92,1913.52,1916.77,3102.8681
1785376800000,1916.77,1919.9,1914.03,1916.84,3044.8619
1785377700000,1916.83,1920,1915,1915.47,1932.6326
1785378600000,1915.46,1915.47,1910.29,1914.53,1819.9488
1785379500000,1914.53,1915.35,1910.61,1911.11,796.8397
1785380400000,1911.12,1913.73,1907.65,1911.48,971.1067
1785381300000,1911.5,1915.3,1910.77,1914.12,1200.7076
1785382200000,1914.12,1914.13,1909.21,1910.78,1469.3961
1785383100000,1910.78,1912.6,1909.94,1909.99,1105.8878
1785384000000,1910,1910.93,1906.99,1907.43,1952.5303
1785384900000,1907.43,1908.65,1905.44,1906.38,1082.7284
1785385800000,1906.37,1908.36,1903.91,1905.18,3670.744
1785386700000,1905.18,1906.89,1901.87,1901.99,3083.7429
1785387600000,1902,1903.86,1900.44,1903.13,2462.6679
1785388500000,1903.13,1904.55,1900.18,1903.2,1641.6198
1785389400000,1903.2,1909.67,1903.04,1907.87,1407.277
1785390300000,1907.87,1909.39,1904.3,1906.34,988.3538
1785391200000,1906.34,1906.95,1902.78,1903.72,1004.8706
1785392100000,1903.73,1906.35,1901.98,1905.88,1333.6839
1785393000000,1905.88,1905.94,1902.59,1903.03,852.8382
1785393900000,1903.02,1903.89,1899.59,1901.32,1786.756
1785394800000,1901.33,1907.97,1900.93,1905.25,2095.3579
1785395700000,1905.26,1908.12,1902.71,1905.42,2647.5195
1785396600000,1905.42,1906.15,1900.43,1904.91,1836.7411
1785397500000,1904.91,1906.21,1902.97,1903.25,1273.6335
1785398400000,1903.26,1907.02,1900.51,1904.76,1725.7486
1785399300000,1904.76,1917.95,1903.59,1914.37,2959.0235
1785400200000,1914.37,1916.82,1912.99,1915.95,2582.2489
1785401100000,1915.94,1916.54,1913.98,1914.99,1801.4499
1785402000000,1914.99,1918.4,1914.06,1918.05,2517.3658
1785402900000,1918.05,1920.56,1916.76,1920.3,2257.6788
1785403800000,1920.3,1924.25,1917.98,1918.82,2995.3764
1785404700000,1918.81,1920.64,1917.56,1918.16,2186.4987
1785405600000,1918.15,1920.52,1917.7,1918.36,1421.2771
1785406500000,1918.36,1920.52,1918.35,1920.24,1627.8413
1785407400000,1920.25,1921.78,1919.02,1921.37,1011.4267
1785408300000,1921.37,1921.9,1916.7,1918.26,938.6382
1785409200000,1918.27,1920,1916.7,1919.35,934.4563
1785410100000,1919.36,1921.33,1918.4,1920.49,847.6308
1785411000000,1920.5,1924,1918.98,1921.29,1305.6661
1785411900000,1921.29,1926.44,1920.92,1923.22,1758.9034
1785412800000,1923.25,1928,1922.19,1926.51,2405.8163
1785413700000,1926.52,1926.96,1919.79,1922.4,1272.0041
1785414600000,1922.39,1925.6,1919.84,1920.61,1537.529
1785415500000,1920.62,1926.43,1920.62,1925.23,1686.5764
1785416400000,1925.24,1928.46,1924.15,1925.65,1526.9684
1785417300000,1925.66,1927.52,1922.87,1925.17,1047.4717
1785418200000,1925.16,1931.41,1917.15,1930.42,4360.0051
1785419100000,1930.42,1936.99,1929.25,1929.86,5302.2852
1785420000000,1929.86,1930.2,1918.02,1918.64,5421.6014
1785420900000,1918.65,1925.15,1913.49,1921.08,5434.5545
1785421800000,1921.07,1924.84,1918.43,1920.57,2258.6259
1785422700000,1920.57,1921.65,1914.71,1917.4,2402.6316
1785423600000,1917.41,1921.2,1914.67,1916.92,2199.7854
1785424500000,1916.92,1924.16,1915.84,1917.04,1978.4146
1785425400000,1917.03,1919.67,1914.7,1918.89,1454.3364
1785426300000,1918.89,1920.57,1916.67,1918.9,1509.1352
1785427200000,1918.9,1925.98,1918.85,1923.46,1943.564
1785428100000,1923.45,1925,1920.54,1922.75,1162.0031
1785429000000,1922.76,1923.27,1915.98,1915.98,1505.2618
1785429900000,1915.97,1919.74,1915.97,1919.38,938.0253
1785430800000,1919.37,1920.77,1916.28,1917.5,1196.6125
1785431700000,1917.5,1923,1916.84,1922.15,1427.2824
1785432600000,1922.15,1925.4,1918.85,1923.51,2657.0841
1785433500000,1923.51,1924.91,1920.4,1920.88,1000.4908
1785434400000,1920.88,1922.73,1919.8,1920.29,1013.235
1785435300000,1920.29,1920.62,1918.23,1920.32,935.7492
1785436200000,1920.31,1920.8,1917.4,1918.56,872.2568
1785437100000,1918.56,1918.86,1914.81,1916.29,1133.9413
1785438000000,1916.3,1922.89,1916,1921.97,1247.8964
1785438900000,1921.98,1929.34,1920.92,1926.49,1954.7752
1785439800000,1926.49,1927.48,1924.32,1925.65,1222.6728
1785440700000,1925.65,1926.01,1922.98,1923.68,1875.1109
1785441600000,1923.69,1927.4,1921.03,1922.01,1873.6816
1785442500000,1922,1924.96,1920.73,1922.35,535.5372
1785443400000,1922.35,1925.6,1920,1923.89,943.7346
1785444300000,1923.89,1925.2,1921.41,1921.68,725.0318
1785445200000,1921.69,1923.35,1921.42,1923,502.2783
1785446100000,1923,1924.56,1921.78,1922.19,669.8272
1785447000000,1922.2,1923.19,1920.56,1921.74,599.8562
1785447900000,1921.75,1922.13,1917.23,1918.67,1183.0162
1785448800000,1918.66,1928.2,1916,1925.66,1874.4368
1785449700000,1925.67,1932.91,1924.91,1931.98,1907.8974
1785450600000,1931.99,1933.41,1928.38,1930.13,1372.8879
1785451500000,1930.13,1930.73,1924.73,1925.63,950.2007
1785452400000,1925.62,1928.92,1924.78,1928.77,438.0883
1785453300000,1928.77,1928.92,1926.19,1927.5,428.2284
1785454200000,1927.49,1936.79,1922.11,1924.71,4678.6025
1785455100000,1924.71,1926.58,1918.07,1918.31,3170.7731
1785456000000,1918.32,1922.09,1917.06,1919.49,1779.2896
1785456900000,1919.49,1919.97,1916.2,1917.84,1614.945
1785457800000,1917.84,1919.68,1915.64,1917.8,1050.9021
1785458700000,1917.8,1918.84,1915.02,1917.15,3120.1842
1785459600000,1917.15,1936.15,1917.15,1930.98,6804.5115
1785460500000,1930.98,1932.99,1925.22,1929.71,1891.9275
1785461400000,1929.7,1930.2,1919.09,1919.38,2379.8859
1785462300000,1919.38,1920.53,1906.79,1910.36,5005.863
1785463200000,1910.35,1912,1906.5,1908.73,1387.7233
1785464100000,1908.73,1908.73,1904.04,1904.49,2103.68
1785465000000,1904.49,1907.1,1901.6,1902.15,1912.6477
1785465900000,1902.15,1906.44,1902.15,1904.15,1319.6422
1785466800000,1904.15,1904.26,1899.09,1901.86,2212.5421
1785467700000,1901.87,1909.99,1900.96,1908.02,2709.8824
1785468600000,1908.01,1909.5,1905.61,1908.05,1000.8925
1785469500000,1908.05,1911.6,1906.79,1908.9,2662.5656
1785470400000,1908.9,1909.49,1905,1905.28,954.9271
1785471300000,1905.28,1906.53,1903.24,1906.15,914.2995
1785472200000,1906.15,1907.04,1904.47,1905.68,655.7886
1785473100000,1905.69,1906.91,1905.26,1905.96,1037.028
1785474000000,1905.97,1908.75,1905.96,1908.53,1006.403
1785474900000,1908.53,1909.1,1904.61,1904.82,1011.4646
1785475800000,1904.82,1906.07,1901.65,1901.65,987.8105
1785476700000,1901.65,1906.26,1901.49,1906.13,825.2853
1785477600000,1906.14,1907.99,1904.77,1907.3,619.3773
1785478500000,1907.3,1911.16,1905.51,1910.86,1096.029
1785479400000,1910.86,1911.15,1901.17,1902.18,1485.1474
1785480300000,1902.18,1904.75,1900.3,1902.61,1143.8808
1785481200000,1902.6,1902.78,1890.1,1892.06,4694.3435
1785482100000,1892.06,1892.16,1885.08,1885.09,3518.767
1785483000000,1885.09,1889.03,1884.53,1887.68,5250.3841
1785483900000,1887.68,1892.44,1887.67,1890.2,3368.0168
1785484800000,1890.2,1893.08,1888.22,1891.83,3214.4749
1785485700000,1891.83,1893.33,1888.54,1892.12,2679.5702
1785486600000,1892.12,1892.8,1889.01,1889.72,1963.1344
1785487500000,1889.73,1891.9,1889.3,1890.45,1306.5813
1785488400000,1890.45,1891.26,1889.01,1890.09,1685.2179
1785489300000,1890.1,1890.1,1883.26,1884.52,5412.817
1785490200000,1884.51,1885.59,1881.42,1883.38,2365.6843
1785491100000,1883.37,1885.37,1882.13,1883.74,895.5285
1785492000000,1883.73,1884.77,1877.93,1883.5,3026.1681
1785492900000,1883.5,1887.83,1882.63,1886.94,1079.9551
1785493800000,1886.93,1889.61,1886.36,1889.44,1182.6107
1785494700000,1889.45,1890.16,1885.9,1887.12,1671.396
1785495600000,1887.12,1889.83,1884.42,1885.41,4526.7276
1785496500000,1885.41,1887.3,1882.49,1884.46,2928.8907
1785497400000,1884.46,1885.01,1882.6,1883.61,935.636
1785498300000,1883.6,1885.16,1882.96,1884.26,729.1593
1785499200000,1884.27,1884.82,1875,1876.81,5510.2755
1785500100000,1876.8,1879.79,1875.46,1879,2465.8338
1785501000000,1879,1879,1873.61,1877.65,2522.9501
1785501900000,1877.64,1883.66,1877.24,1882.92,1495.9101
1785502800000,1882.93,1886.05,1882.61,1886.04,1349.8544
1785503700000,1886.05,1890.61,1886.05,1889.19,2911.8917
1785504600000,1889.2,1889.2,1876.14,1876.38,4715.123
1785505500000,1876.39,1878.71,1865,1867.12,8406.431
1785506400000,1867.13,1868.84,1848.7,1864.8,18456.3759
1785507300000,1864.8,1870.29,1858.18,1862.13,9997.0355
1785508200000,1862.14,1868.29,1858.82,1860.59,8334.8313
1785509100000,1860.6,1865.7,1856,1860.19,8804.155
1785510000000,1860.2,1861.2,1856.1,1859.17,4771.0042
1785510900000,1859.18,1862.52,1854.77,1857.83,4754.1972
1785511800000,1857.83,1866.53,1856.76,1864.98,3502.0202
1785512700000,1864.99,1865.13,1859.39,1862.94,2386.2247
1785513600000,1862.93,1866.27,1861.85,1864.69,2082.0833
1785514500000,1864.7,1867.32,1860.83,1866.38,1997.127
1785515400000,1866.38,1866.76,1861.38,1863.08,4729.9058
1785516300000,1863.08,1865.44,1862.25,1864.57,2091.923
1785517200000,1864.57,1868.98,1863.26,1867.42,3482.0753
1785518100000,1867.42,1871.69,1865.8,1871.53,1921.2963
1785519000000,1871.53,1875.99,1870.51,1873.57,1832.3261
1785519900000,1873.57,1878.14,1873.56,1875.01,2083.9437
1785520800000,1875.01,1876.74,1871.1,1871.52,1322.1106
1785521700000,1871.51,1873.43,1869.24,1869.26,979.4667
1785522600000,1869.26,1870.32,1864.95,1869.17,948.9519
1785523500000,1869.16,1873.79,1869.16,1871.83,751.1335
1785524400000,1871.82,1874.04,1869.12,1870.21,907.7486
1785525300000,1870.2,1870.36,1868.04,1868.74,777.4953
1785526200000,1868.73,1869.09,1865.38,1868.24,3492.4956
1785527100000,1868.24,1870.66,1867.46,1868.19,1389.8702
1785528000000,1868.19,1869.78,1867.07,1869.09,1158.6597
1785528900000,1869.08,1870.73,1868,1868.7,748.5357
1785529800000,1868.69,1868.7,1864.55,1866.78,1124.0345
1785530700000,1866.79,1867.45,1861.6,1862.25,2008.7245
1785531600000,1862.25,1863.76,1859.64,1862.87,1134.8881
1785532500000,1862.86,1863.4,1862.43,1863.07,641.7686
1785533400000,1863.07,1863.28,1861.61,1862.66,1683.2675
1785534300000,1862.67,1864.83,1859.69,1861.81,944.2405
1785535200000,1861.81,1863.22,1858.8,1862.71,1299.2805
1785536100000,1862.71,1864.29,1862.64,1863.98,953.8711
1785537000000,1863.98,1865.56,1862.6,1863.28,3079.2609
1785537900000,1863.28,1863.72,1861.05,1861.49,886.4827
1785538800000,1861.49,1863.76,1861.49,1862.45,1365.023
1785539700000,1862.45,1864.65,1862.19,1864.04,545.4144
1785540600000,1864.05,1864.77,1863.27,1863.61,342.2569
1785541500000,1863.61,1863.74,1860.95,1862.6,685.4223
1785542400000,1862.6,1865.45,1862.38,1864.88,2015.4126
1785543300000,1864.88,1867.19,1864.05,1866,664.8073
1785544200000,1866.01,1867.11,1864.8,1867.11,472.6089
1785545100000,1867.11,1867.64,1864.22,1864.7,1167.7634
1785546000000,1864.69,1867.32,1864.69,1866.5,493.7654
1785546900000,1866.5,1867.45,1865,1866.33,800.9393
1785547800000,1866.33,1867.05,1865.8,1866.7,364.5484
1785548700000,1866.7,1867.51,1865.64,1867.03,1215.3227
1785549600000,1867.03,1868.4,1866.74,1867.95,548.4686
1785550500000,1867.96,1870,1867.84,1868.92,400.2953
1785551400000,1868.93,1869.3,1867.46,1868.09,267.7311
1785552300000,1868.09,1869.52,1868.02,1868.25,413.4456
1785553200000,1868.25,1868.67,1866.47,1867.23,378.6196
1785554100000,1867.23,1868.99,1866.89,1867.97,329.7663
1785555000000,1867.98,1868.99,1867.17,1868.62,539.557
1785555900000,1868.63,1869.89,1868.22,1869.88,549.9977
1785556800000,1869.88,1870.2,1867.13,1869.97,841.822
1785557700000,1869.96,1870.53,1869.5,1869.51,428.3175
1785558600000,1869.51,1870.37,1869.44,1870.37,277.8359
1785559500000,1870.37,1870.52,1869.05,1869.76,342.5734
1785560400000,1869.76,1871.05,1869.57,1871.05,512.0422
1785561300000,1871.05,1871.05,1868.24,1868.66,830.2513
1785562200000,1868.66,1869.17,1865.34,1865.9,881.8953
1785563100000,1865.91,1867.62,1865.36,1867.59,457.0008
1785564000000,1867.58,1867.7,1866.46,1867.59,360.9891
1785564900000,1867.59,1870.47,1867.05,1870.04,482.2988
1785565800000,1870.04,1870.56,1869.07,1870.13,634.982
1785566700000,1870.13,1871.21,1869.42,1870.5,897.3341
1785567600000,1870.5,1871.98,1870.3,1871.61,451.9512
1785568500000,1871.62,1871.62,1869.43,1869.72,512.4758
1785569400000,1869.71,1869.97,1868.49,1869.96,616.3489
1785570300000,1869.97,1870.15,1869.18,1869.8,532.014
1785571200000,1869.81,1870.09,1868.4,1869.15,385.6938
1785572100000,1869.14,1870.28,1868.66,1869,609.7783
1785573000000,1869,1869,1867.6,1868.03,440.5474
1785573900000,1868.04,1869.67,1867.83,1869.49,447.9285
1785574800000,1869.5,1870.28,1868.42,1870.1,646.9342
1785575700000,1870.1,1870.74,1869.66,1869.88,580.1676
1785576600000,1869.87,1870.71,1869.87,1870.02,439.7278
1785577500000,1870.02,1870.03,1867.59,1867.93,744.9993
1785578400000,1867.94,1869.11,1863.1,1864.57,2016.8334
1785579300000,1864.56,1866.03,1863.86,1865.27,2526.2251
1785580200000,1865.28,1868.13,1864.1,1868.02,1662.563
1785581100000,1868.02,1868.48,1866.6,1867.35,1117.9932
1785582000000,1867.36,1867.57,1865.79,1866.81,1500.8977
1785582900000,1866.8,1867.77,1865.95,1867.01,2900.5997
1785583800000,1867.02,1867.39,1866.42,1866.8,334.6864
1785584700000,1866.79,1866.9,1866.42,1866.9,299.4513
1785585600000,1866.9,1868.63,1866.89,1867.84,570.7122
1785586500000,1867.84,1868.06,1867.34,1867.65,390.7505
1785587400000,1867.65,1869.31,1867.3,1867.73,421.1402
1785588300000,1867.74,1870,1867.73,1869.06,630.7753
1785589200000,1869.07,1869.6,1868.7,1869.45,388.6841
1785590100000,1869.46,1869.46,1868.2,1868.4,453.6325
1785591000000,1868.4,1869.46,1868.4,1869.02,491.5372
1785591900000,1869.03,1869.53,1867.54,1869.28,549.6274
1785592800000,1869.29,1873.6,1869.25,1869.75,1615.5976
1785593700000,1869.76,1873.36,1869.76,1873.18,480.3546
1785594600000,1873.17,1874.41,1871.82,1872.72,1198.2042
1785595500000,1872.72,1875.33,1872.13,1875.18,845.025
1785596400000,1875.18,1875.19,1873.55,1874.7,539.4536
1785597300000,1874.71,1875.45,1871.17,1871.9,884.5225
1785598200000,1871.91,1872.67,1870.76,1870.82,1111.4146
1785599100000,1870.81,1871.19,1870.07,1870.09,494.4898
1785600000000,1870.1,1871.25,1868.75,1868.76,538.0705
1785600900000,1868.75,1870.96,1868.67,1870.35,703.4487
1785601800000,1870.36,1873.6,1870.32,1870.32,626.8237
1785602700000,1870.32,1870.33,1866.47,1868.79,642.263
1785603600000,1868.79,1870.25,1865.21,1866.5,1020.4625
1785604500000,1866.5,1866.51,1861.47,1863.73,1460.1051
1785605400000,1863.73,1863.89,1857.41,1863.33,1620.4681
1785606300000,1863.32,1863.32,1858.94,1862.07,849.8028
1785607200000,1862.06,1863.03,1859.71,1861.05,1192.335
1785608100000,1861.04,1861.04,1851.32,1853.69,3700.9907
1785609000000,1853.69,1853.69,1832,1833.1,18146.2751
1785609900000,1833.1,1837.15,1822.06,1836.81,7629.1801
1785610800000,1836.8,1840.09,1834.2,1837.54,3768.8794
1785611700000,1837.53,1840.58,1835.26,1838.17,1059.8636
1785612600000,1838.17,1839.72,1835.39,1835.74,587.3501
1785613500000,1835.74,1839.59,1835.66,1837.3,636.3323
1785614400000,1837.29,1838.79,1835.68,1837.76,1131.5803
1785615300000,1837.77,1840.48,1837.1,1837.88,1164.3914
1785616200000,1837.87,1837.87,1833.07,1834.64,1716.5204
1785617100000,1834.64,1838.5,1834.15,1838.41,1508.7997
1785618000000,1838.41,1843.07,1836.61,1838.17,2017.2751
1785618900000,1838.16,1843.07,1838.07,1843.01,1828.8279
1785619800000,1843,1845.12,1842.25,1844.7,1134.6515
1785620700000,1844.69,1845.96,1844.07,1845.78,914.1532
1785621600000,1845.79,1848.03,1844.76,1847.79,879.5714
1785622500000,1847.79,1849.26,1846,1849.26,858.8141
1785623400000,1849.25,1849.26,1846.1,1847.86,539.9816
1785624300000,1847.86,1848.36,1846.94,1847.28,577.8115
1785625200000,1847.28,1849.1,1846.26,1846.52,661.0211
1785626100000,1846.52,1846.53,1843.39,1843.68,925.1324
1785627000000,1843.69,1846.68,1843.69,1845.53,794.2004
1785627900000,1845.53,1845.94,1844.51,1844.94,647.4756
1785628800000,1844.95,1849.7,1844.94,1847.72,1484.4637
1785629700000,1847.72,1848.18,1844.91,1845.35,904.0709
1785630600000,1845.36,1846.64,1844.26,1845.56,710.1894
1785631500000,1845.56,1846.88,1843.67,1846.69,932.4847
1785632400000,1846.69,1856.34,1846.69,1856.03,2184.4678
1785633300000,1856.04,1859.41,1854.16,1854.71,2175.2778
1785634200000,1854.72,1858.11,1853.96,1857.43,1914.5227
1785635100000,1857.43,1858.01,1856.27,1857.09,1117.8348
1785636000000,1857.09,1882.98,1856.51,1874.86,8961.4709
1785636900000,1874.87,1884.69,1873.22,1875.7,5415.9431
1785637800000,1875.7,1876.6,1871.93,1874.28,1649.6006
1785638700000,1874.28,1878,1872.92,1876.9,1666.745
1785639600000,1876.9,1878,1874.72,1875.63,954.5155
1785640500000,1875.63,1879.13,1874.32,1875.69,1692.5257
1785641400000,1875.7,1880.54,1875.55,1878.49,1731.0063
1785642300000,1878.49,1879.54,1876.1,1877.43,598.2953
1785643200000,1877.44,1881,1877.44,1880.16,1495.6388
1785644100000,1880.16,1881.31,1878.87,1879.3,1543.1293
1785645000000,1879.3,1880.6,1878.09,1878.09,445.2925
1785645900000,1878.09,1882.67,1878,1881.22,1194.0711
1785646800000,1881.21,1882.68,1877.5,1878.3,1627.8468
1785647700000,1878.3,1878.42,1876.8,1877.87,862.9798
1785648600000,1877.87,1878,1875.28,1875.4,1187.6648
1785649500000,1875.39,1876.68,1875.26,1876.33,520.2763
1785650400000,1876.32,1877.98,1875.09,1875.85,746.6837
1785651300000,1875.85,1878.01,1875,1877.68,885.7247
1785652200000,1877.68,1879.33,1876.27,1877.97,967.3159
1785653100000,1877.96,1878,1876.36,1877.54,548.7341
1785654000000,1877.54,1878.4,1876.82,1878.2,1306.6185
1785654900000,1878.19,1878.78,1877.4,1877.65,680.3228
1785655800000,1877.64,1878.04,1876.7,1877.63,349.0696
1785656700000,1877.63,1877.64,1875.67,1876.1,378.3858
1785657600000,1876.1,1879,1875.58,1876.66,972.8248
1785658500000,1876.67,1877.18,1873.18,1873.35,873.4926
1785659400000,1873.35,1873.35,1867.04,1869.47,1586.676
1785660300000,1869.46,1870.37,1867.42,1868.2,1611.7378
1785661200000,1868.19,1870.61,1862.3,1870.33,1491.2858
1785662100000,1870.33,1872.85,1869.48,1870.37,701.8665
1785663000000,1870.38,1872.97,1870.27,1870.58,529.4201
1785663900000,1870.58,1871.64,1870.51,1870.95,292.0814
1785664800000,1870.94,1871.13,1868.59,1869.12,334.8467
1785665700000,1869.11,1870.76,1865.63,1866.43,664.2853
1785666600000,1866.44,1869.69,1866.44,1869.11,459.2947
1785667500000,1869.1,1869.42,1868.75,1868.75,294.6005
1785668400000,1868.76,1869.74,1866.45,1867.84,529.9537
1785669300000,1867.83,1869.6,1864.64,1864.73,634.4377
1785670200000,1864.73,1865.64,1854.18,1856.38,2467.7305
1785671100000,1856.39,1859.44,1849.5,1852.58,4563.7422
1785672000000,1852.65,1857.38,1852.46,1857.21,1721.4655
1785672900000,1857.21,1860.58,1855.81,1858.31,1098.6657
1785673800000,1858.3,1859.72,1856.28,1858.05,574.4463
1785674700000,1858.05,1858.48,1856.32,1857.06,369.8389
1785675600000,1857.07,1858.05,1855.57,1856.49,542.3379
1785676500000,1856.49,1857.16,1853.67,1856.03,593.81
1785677400000,1856.03,1857.68,1852.41,1855.42,634.2502
1785678300000,1855.42,1856.66,1854.6,1854.89,460.2694
1785679200000,1854.88,1855.69,1852.42,1855.69,714.0554
1785680100000,1855.69,1858.4,1855.32,1857.21,1079.6501
1785681000000,1857.21,1858.89,1855.9,1858.65,377.1014
1785681900000,1858.64,1859.27,1854.45,1854.94,582.0098
1785682800000,1854.95,1859.18,1853.81,1859.13,577.1343
1785683700000,1859.13,1859.52,1857.73,1858.74,539.5952
1785684600000,1858.74,1863.05,1858.5,1860.28,1001.7883
1785685500000,1860.28,1861,1858.01,1858.82,712.5319
1785686400000,1858.82,1859.19,1856.03,1857.83,453.7737
1785687300000,1857.83,1859.96,1857.51,1859.15,361.0991
1785688200000,1859.16,1865.7,1858.42,1864.9,1219.8386
1785689100000,1864.89,1865.14,1863.09,1863.13,815.5396
1785690000000,1863.13,1866.12,1862.4,1865.89,579.5731
1785690900000,1865.89,1870.57,1864.63,1866.4,1889.8478
1785691800000,1866.39,1868.7,1866.39,1868.44,450.9254
1785692700000,1868.44,1869.99,1868.44,1868.65,379.1278
1785693600000,1868.64,1871.21,1868.64,1870.31,383.5444
1785694500000,1870.31,1870.31,1868.49,1869.12,261.3683
1785695400000,1869.13,1887.2,1868.99,1881.56,6999.3138
1785696300000,1881.47,1882.34,1874.68,1875.86,3053.0278
1785697200000,1875.86,1878.7,1874.8,1876.71,1138.0802
1785698100000,1876.71,1878.66,1876.08,1876.09,680.8222
1785699000000,1876.09,1878.85,1875.62,1878.85,921.858
1785699900000,1878.85,1883.93,1878.85,1882.2,1300.0515
1785700800000,1882.2,1883.4,1880.21,1883.1,796.7651
1785701700000,1883.09,1884.31,1879.61,1880.19,662.5416
1785702600000,1880.19,1882.61,1879.93,1881.17,511.6162
1785703500000,1881.18,1885.71,1880.86,1883.78,1089.506
1785704400000,1883.79,1887.08,1882.15,1885.72,1537.4351
1785705300000,1885.72,1887.39,1884.73,1887.1,823.3424
1785706200000,1887.09,1898.5,1885.89,1894.22,3887.7471
1785707100000,1894.23,1898.5,1888.57,1890.43,2161.9572
1785708000000,1890.44,1897.8,1890.44,1893.75,3616.2893
1785708900000,1893.75,1897.59,1888.54,1890,2579.3859
1785709800000,1889.99,1890.64,1880.5,1885.38,2693.8725
1785710700000,1885.38,1886.12,1881.37,1882.11,620.7896
1785711600000,1882.1,1882.75,1876.39,1878.07,1023.4416
1785712500000,1878.08,1884.27,1877.18,1883.97,1348.7297
1785713400000,1883.97,1884.99,1882.25,1884.32,507.3314
1785714300000,1884.31,1885.68,1882.83,1885.36,486.1259
1785715200000,1885.36,1885.95,1878,1879.07,1677.4304
1785716100000,1879.06,1880.55,1873.12,1874.16,1193.9418
1785717000000,1874.16,1878.85,1871.68,1874.85,888.1087
1785717900000,1874.84,1875.39,1871.75,1873.87,912.0098
1785718800000,1873.86,1875.52,1869.13,1871.55,1329.5122
1785719700000,1871.56,1873.01,1868.69,1870.6,849.9082
1785720600000,1870.6,1872.72,1868.31,1869.22,1038.5718
1785721500000,1869.22,1869.83,1866,1867.19,902.4762
1785722400000,1867.19,1868.13,1864.65,1866.29,1167.8047
1785723300000,1866.29,1872,1864.48,1865.82,1569.5195
1785724200000,1865.81,1868.88,1864.95,1867.12,525.1984
1785725100000,1867.13,1867.78,1862.9,1864.51,795.5379
1785726000000,1864.51,1865.71,1862.26,1863.77,706.6272
1785726900000,1863.77,1865.21,1861.59,1862.64,708.4135
1785727800000,1862.64,1863.08,1861.13,1861.57,704.0875
1785728700000,1861.56,1861.56,1851.05,1857.22,3178.7122
1785729600000,1857.21,1860.74,1856.1,1857.73,1202.1704
1785730500000,1857.72,1861.89,1857.72,1861.7,754.8607
1785731400000,1861.7,1863.14,1860.7,1862.01,701.8766
1785732300000,1862.02,1862.02,1854.81,1854.97,1057.7122
1785733200000,1854.97,1858.82,1853.55,1858.41,1134.2967
1785734100000,1858.41,1858.41,1856.25,1856.98,724.5185
1785735000000,1856.98,1860.14,1855.6,1857.73,1212.2361
1785735900000,1857.73,1860.91,1857.51,1859.88,1040.3439
1785736800000,1859.88,1861.11,1858.81,1859.47,490.0368
1785737700000,1859.47,1860.05,1857,1857.03,899.5219
1785738600000,1857.02,1858.15,1847.67,1848.11,3352.625
1785739500000,1848.12,1852.29,1846.38,1849.28,2307.8783
1785740400000,1849.29,1849.94,1844.5,1844.77,2859.7109
1785741300000,1844.78,1845.67,1840,1845.26,4136.6436
1785742200000,1845.26,1847.62,1843.02,1843.63,2460.0551
1785743100000,1843.64,1846.34,1842.74,1843.97,3155.8224
1785744000000,1843.96,1845.57,1841.22,1843.46,1940.3725
1785744900000,1843.47,1843.47,1830.93,1832.31,7797.7887
1785745800000,1832.31,1837.01,1828.62,1836.67,3727.9166
1785746700000,1836.68,1840.79,1836.26,1840.32,1863.0314
1785747600000,1840.32,1841.06,1839.35,1840.01,1659.7012
1785748500000,1840.01,1843.48,1839.9,1842.82,2801.6419
1785749400000,1842.81,1845.9,1842.3,1845.57,1772.9805
1785750300000,1845.56,1853.91,1845.56,1852.63,2278.536
1785751200000,1852.62,1854.46,1850.28,1850.7,1383.0317
1785752100000,1850.7,1852.23,1848.44,1848.67,2474.033
1785753000000,1848.67,1848.68,1846.31,1847.12,2462.6772
1785753900000,1847.12,1847.46,1841.55,1846.24,1389.0507
1785754800000,1846.24,1846.79,1840,1842.44,1259.0872
1785755700000,1842.43,1847.88,1841.76,1843.99,892.6369
1785756600000,1843.98,1847.51,1843.31,1844.21,867.5069
1785757500000,1844.21,1844.34,1838.48,1839.89,1304.1785
1785758400000,1839.88,1841.27,1836.75,1841.08,1416.2334
1785759300000,1841.08,1843.72,1840.37,1842.48,1460.9812
1785760200000,1842.48,1844.69,1841.46,1844.69,1056.6924
1785761100000,1844.7,1845.38,1842.15,1843.7,1078.6425
1785762000000,1843.69,1845.51,1843.18,1844.56,1238.8409
1785762900000,1844.57,1853.74,1842.46,1844.14,2515.9985
1785763800000,1844.15,1851.55,1838.42,1849.45,4446.2565
1785764700000,1849.44,1860.24,1844.52,1859.18,5129.1078
1785765600000,1859.18,1860.14,1852.45,1855.11,3293.6779
1785766500000,1855.1,1869.2,1851.34,1867.08,7410.7677
1785767400000,1867.08,1870.44,1862.27,1865.94,5338.9687
1785768300000,1865.94,1874.35,1862.14,1873.79,4963.1103
1785769200000,1873.79,1874.08,1863.46,1865.31,3573.9236
1785770100000,1865.31,1868.55,1862.14,1863.4,3478.3255
1785771000000,1863.41,1866.85,1861.71,1863.79,2106.0007
1785771900000,1863.79,1866.45,1860.43,1863.34,1681.5684
1785772800000,1863.34,1869.23,1861.68,1865.31,2079.4469
1785773700000,1865.3,1872.22,1865.24,1870.2,2434.1971
1785774600000,1870.19,1870.19,1863.31,1865.63,1456.9942
1785775500000,1865.64,1869.7,1865.41,1866.22,800.6075
1785776400000,1866.22,1870,1863.64,1869.33,1124.9283
1785777300000,1869.34,1874.93,1867.17,1867.95,2040.8065
1785778200000,1867.95,1871.72,1867.18,1870.18,1296.4967
1785779100000,1870.18,1871.17,1867.47,1868.84,1333.1247
1785780000000,1868.85,1873.41,1868.58,1872.73,1379.5426
1785780900000,1872.72,1874,1867.75,1868.89,1233.2489
1785781800000,1868.89,1871.09,1867.38,1869.03,969.9976
1785782700000,1869.04,1870.64,1866.72,1868.96,883.4929
1785783600000,1868.96,1871.59,1868.2,1870.89,1096.6494
1785784500000,1870.9,1874.06,1870.02,1872.51,1582.5238
1785785400000,1872.51,1876.5,1869.6,1871.67,1747.3937
1785786300000,1871.67,1873,1869.8,1870.2,1404.6736
1785787200000,1870.2,1872.75,1868.48,1871.51,859.0917
1785788100000,1871.51,1875.99,1871.51,1872.23,869.2515
1785789000000,1872.23,1872.99,1871.35,1872.49,511.4303
1785789900000,1872.48,1872.62,1866.61,1868.97,5107.5956
1785790800000,1868.97,1868.98,1865.48,1866.43,861.3395
1785791700000,1866.43,1867.2,1864.78,1866.65,1571.7106
1785792600000,1866.64,1869.15,1866.64,1868.67,882.4277
1785793500000,1868.67,1868.8,1863.57,1863.6,1409.6873
1785794400000,1863.6,1864.75,1852.45,1859.47,3150.2588
1785795300000,1859.46,1866.12,1858.85,1859.55,1673.7532
1785796200000,1859.55,1859.55,1856.01,1856.89,938.3637
1785797100000,1856.89,1860.9,1856.73,1860.4,638.932
1785798000000,1860.39,1860.39,1856.22,1856.74,701.5309
1785798900000,1856.74,1859.59,1856.74,1859.47,680.8259
1785799800000,1859.48,1859.97,1857.15,1858.65,746.7964
1785800700000,1858.64,1860.5,1857.73,1860.5,438.4544
1785801600000,1860.5,1863.12,1857.97,1859.53,1829.9756
1785802500000,1859.54,1859.74,1855.59,1856.87,1206.4959
1785803400000,1856.86,1856.86,1848.38,1852.26,5654.5743
1785804300000,1852.26,1856.19,1849.64,1851.3,1396.3912
1785805200000,1851.3,1854.46,1849.12,1852.94,1745.6305
1785806100000,1852.94,1857.64,1851.3,1855.7,1258.0724
1785807000000,1855.71,1869.72,1855.45,1865.96,3890.0579
1785807900000,1865.96,1869.21,1863.69,1867.64,2149.8421
1785808800000,1867.64,1868.83,1864.48,1865.5,1488.488
1785809700000,1865.49,1866.47,1862.52,1862.83,1517.0555
1785810600000,1862.83,1872.5,1862.09,1868.69,1599.2784
1785811500000,1868.7,1869.78,1865.36,1866.17,739.9915
1785812400000,1866.17,1866.82,1860,1860.01,1487.6148
1785813300000,1860.01,1862.62,1858.38,1862.26,1533.7268
1785814200000,1862.25,1866.96,1862.25,1865.05,630.4316
1785815100000,1865.06,1866.8,1864.19,1864.19,730.6937
1785816000000,1864.2,1864.85,1862.09,1863.23,1101.5606
1785816900000,1863.24,1867.52,1863.01,1866.19,1053.3658
1785817800000,1866.19,1871.22,1866.18,1871.09,1620.1639
1785818700000,1871.08,1874.71,1868,1868.01,2355.967
1785819600000,1868,1870.54,1864.43,1864.79,1367.927
1785820500000,1864.79,1866.83,1864.64,1864.83,675.3262
1785821400000,1864.83,1866,1864.43,1865.66,503.7483
1785822300000,1865.65,1865.81,1864.28,1864.42,751.8056
1785823200000,1864.42,1865.16,1862.97,1863.86,852.1122
1785824100000,1863.87,1882.44,1862.21,1862.72,10448.3741
1785825000000,1862.72,1863.65,1855.69,1856.65,2339.3057
1785825900000,1856.64,1856.96,1854.65,1856.96,2038.2138
1785826800000,1856.96,1858.79,1855.03,1855.51,1299.4911
1785827700000,1855.51,1857.93,1853.54,1857.93,1834.8059
1785828600000,1857.93,1864.13,1857.93,1859.8,2273.9738
1785829500000,1859.81,1864.98,1859.8,1863.87,2302.7493
1785830400000,1863.88,1865.88,1861.82,1862.89,1350.0985
1785831300000,1862.9,1862.9,1859.83,1860.45,929.9598
1785832200000,1860.44,1860.62,1856.96,1860.46,1139.7216
1785833100000,1860.45,1860.46,1857.76,1857.89,761.1295
1785834000000,1857.88,1858.76,1855.36,1856.4,1935.4991
1785834900000,1856.4,1856.8,1853.48,1856.73,1436.8234
1785835800000,1856.72,1857.24,1853.71,1856.29,1038.5337
1785836700000,1856.29,1858.83,1855.01,1858.71,1077.971
1785837600000,1858.71,1859.22,1854.85,1854.85,1056.1683
1785838500000,1854.84,1860.36,1854.11,1855.93,1923.693
1785839400000,1855.92,1863.81,1855.44,1863.35,1485.7105
1785840300000,1863.35,1873.03,1862.65,1866.94,4393.0848
1785841200000,1866.95,1869.65,1866.38,1867.06,1594.8622
1785842100000,1867.07,1871.58,1866.18,1868.98,1514.5795
1785843000000,1868.98,1873.23,1866.71,1872.52,1578.0232
1785843900000,1872.52,1874.78,1870.32,1872.89,2293.4748
1785844800000,1872.88,1873,1869.2,1869.2,1198.0726
1785845700000,1869.21,1872.22,1868.09,1872.12,1438.7925
1785846600000,1872.13,1882,1871.1,1878.31,4206.9463
1785847500000,1878.31,1879.05,1874.88,1875.11,1311.5086
1785848400000,1875.11,1877.63,1873.98,1875.27,1376.0402
1785849300000,1875.26,1876.38,1870,1870.17,3473.2552
1785850200000,1870.17,1876,1867.72,1873.39,5293.4714
1785851100000,1873.38,1873.8,1860.01,1862.06,4531.3379
1785852000000,1862.06,1869.81,1858.72,1864.65,4202.7995
1785852900000,1864.68,1867.5,1858.72,1867.33,2829.415
1785853800000,1867.32,1875.71,1866,1874.24,3857.6416
1785854700000,1874.23,1875.04,1871.32,1873.03,1735.1893
1785855600000,1873.02,1875.39,1866.86,1870.11,2215.8569
1785856500000,1870.11,1870.22,1865.43,1866.68,2707.6324
1785857400000,1866.67,1872.26,1862.05,1872.05,2047.8715
1785858300000,1872.05,1877.85,1870.48,1873.07,2757.9354
1785859200000,1873.08,1874.09,1869.65,1870.53,3888.3284
1785860100000,1870.54,1873.4,1869.55,1869.55,1845.8211
1785861000000,1869.55,1871.42,1865.65,1867.21,1342.1325
1785861900000,1867.22,1869.98,1866.81,1869.68,909.0588
1785862800000,1869.69,1877.88,1869.69,1874.13,3050.1366
1785863700000,1874.12,1875.65,1867.11,1875.18,4993.8984
1785864600000,1875.17,1877.51,1873.68,1875.73,1473.1433
1785865500000,1875.73,1876.49,1867.01,1869.53,2495.3157
1785866400000,1869.54,1877.07,1869.3,1876.99,1545.4542
1785867300000,1876.99,1880.94,1874.91,1879.04,3187.085
1785868200000,1879.03,1879.31,1873.4,1875.39,1188.786
1785869100000,1875.39,1876.42,1874.32,1875.29,1607.605
1785870000000,1875.29,1878.01,1873.86,1877.99,4104.4266
1785870900000,1878,1878.57,1874.08,1875.19,801.3282
1785871800000,1875.19,1881.81,1874.29,1880.67,1792.0377
1785872700000,1880.68,1880.68,1874.58,1875.26,1486.6728
1785873600000,1875.26,1875.65,1872.41,1874.14,1679.9615
1785874500000,1874.13,1874.13,1866.17,1871.63,1912.8589
1785875400000,1871.63,1879.84,1871.63,1879.15,1273.0297
1785876300000,1879.15,1879.15,1874.94,1876.65,1019.1076
1785877200000,1876.65,1876.65,1872.61,1872.78,805.359
1785878100000,1872.78,1875.91,1872.27,1873.88,419.6486
1785879000000,1873.88,1874.08,1872.43,1873.4,681.8029
1785879900000,1873.4,1873.98,1871.85,1872.32,505.5137
1785880800000,1872.32,1873.31,1868.48,1873.31,1563.1406
1785881700000,1873.3,1876.92,1872.8,1876.07,940.9055
1785882600000,1876.07,1876.9,1874.6,1874.73,443.3608
1785883500000,1874.73,1875.76,1872.98,1875.64,356.1226
1785884400000,1875.64,1878.78,1873.15,1878.02,1321.6434
1785885300000,1878.01,1881.28,1870.12,1870.14,1784.7904
1785886200000,1870.14,1873.25,1869.07,1871.64,1735.1497
1785887100000,1871.64,1872.07,1869.43,1869.75,730.6103
1785888000000,1869.74,1870.32,1867.4,1867.4,1544.3081
1785888900000,1867.41,1868.35,1866.03,1868.1,2111.7333
1785889800000,1868.11,1873.87,1865,1867.84,2002.7026
1785890700000,1867.85,1867.91,1863.33,1863.93,1381.6388
1785891600000,1863.94,1865.85,1861.34,1865.25,1221.2775
1785892500000,1865.25,1867.76,1863.36,1867.56,670.8091
1785893400000,1867.57,1874.4,1867.56,1870.5,1078.8318
1785894300000,1870.49,1874.31,1870.31,1873.37,1013.2365
1785895200000,1873.37,1878,1873.37,1876.78,1654.5804
1785896100000,1876.77,1876.82,1872.5,1874.29,1783.5299
1785897000000,1874.28,1876.5,1873.01,1875.8,1450.498
1785897900000,1875.85,1876.18,1874.23,1874.49,962.314
1785898800000,1874.49,1876.23,1870.64,1871,2344.3917
1785899700000,1871.01,1871.01,1863.91,1865.17,2881.2872
1785900600000,1865.17,1867.86,1864.58,1866.74,1387.8093
1785901500000,1866.74,1868.39,1866.73,1867.75,1225.2958
1785902400000,1867.75,1867.9,1865.94,1866.11,959.5201
1785903300000,1866.11,1868.54,1865,1867.8,936.4386
1785904200000,1867.8,1869.79,1867.36,1867.62,807.0809
1785905100000,1867.62,1867.95,1865.83,1867.5,784.1325
1785906000000,1867.5,1873.29,1867.21,1872.01,1568.3866
1785906900000,1872,1877.69,1871.49,1874.47,1556.4208
1785907800000,1874.47,1874.48,1872.12,1873.22,822.3438
1785908700000,1873.22,1873.99,1872.42,1873.46,868.8527
1785909600000,1873.46,1873.69,1871.6,1872.09,548.3363
1785910500000,1872.09,1872.09,1869.57,1869.87,787.6117
1785911400000,1869.86,1872.79,1869.86,1870.67,1504.0778
1785912300000,1870.66,1871,1868.26,1869.88,6498.4928
1785913200000,1869.88,1870.39,1866.6,1867.95,4234.4938
1785914100000,1867.95,1867.96,1863.53,1863.92,2130.2769
1785915000000,1863.93,1865,1863.74,1864.07,1916.0888
1785915900000,1864.08,1872.2,1864.05,1872.2,4907.793
1785916800000,1872.2,1874.48,1869.52,1869.53,6527.5811
1785917700000,1869.53,1872.3,1868.98,1871.95,837.7298
1785918600000,1871.95,1872.28,1869.11,1869.36,1732.7262
1785919500000,1869.36,1871.31,1868,1869.99,1287.8083
1785920400000,1869.99,1871.88,1868.89,1871.6,621.8913
1785921300000,1871.6,1874.66,1871.36,1872.5,1946.4745
1785922200000,1872.5,1874.46,1872.5,1873.24,1543.0721
1785923100000,1873.24,1873.8,1871.62,1871.94,754.7624
1785924000000,1871.94,1873.24,1870.75,1871.63,1301.0067
1785924900000,1871.62,1874.4,1869.05,1873.62,1077.0393
1785925800000,1873.62,1876.06,1872.4,1873.76,942.9323
1785926700000,1873.77,1874.36,1866.16,1868.33,2069.4022
1785927600000,1868.32,1871.15,1868.28,1869.85,878.7724
1785928500000,1869.86,1869.97,1868.21,1868.57,863.5828
1785929400000,1868.56,1870.7,1867.97,1868.49,1756.7635
1785930300000,1868.48,1869.6,1867.27,1868.92,1383.4015
1785931200000,1868.92,1873.4,1867.47,1872.1,1200.634
1785932100000,1872.09,1884.53,1871.64,1882.87,7752.9082
1785933000000,1882.87,1885.29,1878.19,1880.08,2870.5785
1785933900000,1880.07,1880.08,1875.04,1876.25,1893.2455
1785934800000,1876.26,1877.57,1867.21,1868.65,3934.273
1785935700000,1868.64,1872,1867.73,1869.62,2096.8127
1785936600000,1869.63,1872.6,1855.5,1870.07,11497.8868
1785937500000,1870.07,1879.51,1866.26,1878.53,4442.7574
1785938400000,1878.52,1882.84,1873.41,1878.97,4991.0974
1785939300000,1878.98,1881.28,1871.12,1871.86,4856.9154
1785940200000,1871.85,1875.34,1869.24,1874.95,2818.0717
1785941100000,1874.94,1878.86,1871,1875.89,3279.9336
1785942000000,1875.89,1882.76,1875,1877.44,2865.0495
1785942900000,1877.44,1878.71,1872.95,1877.04,2288.6868
1785943800000,1877.05,1882.4,1877.05,1877.86,1604.5286
1785944700000,1877.87,1878.93,1873.1,1873.91,1397.8812
1785945600000,1873.91,1882.68,1873.4,1882.68,1948.9504
1785946500000,1882.68,1897,1880.72,1896.14,10511.8605
1785947400000,1896.14,1897.32,1890.47,1892.53,3130.0263
1785948300000,1892.52,1895.74,1888.46,1895.56,4753.8989
1785949200000,1895.55,1898.49,1893.34,1894.01,4583.2712
1785950100000,1894,1894,1891.07,1892.52,1787.9525
1785951000000,1892.52,1911.56,1892.17,1908.34,8939.3519
1785951900000,1908.35,1917.72,1907.04,1916.75,9529.6582
1785952800000,1916.75,1921.1,1913.9,1920.34,8185.92
1785953700000,1920.34,1928,1918.42,1919.53,6143.7861
1785954600000,1919.54,1921.2,1915.14,1921.06,2788.4891
1785955500000,1921.06,1921.46,1915.8,1918.06,2761.4215
1785956400000,1918.05,1920.08,1915.6,1918.66,2710.7446
1785957300000,1918.66,1921,1917.24,1919.27,2467.4459
1785958200000,1919.26,1920.25,1915.83,1920.16,2175.861
1785959100000,1920.16,1921,1916.71,1917.03,2079.0376
1785960000000,1917.02,1921.45,1916.71,1921.1,2572.7148
1785960900000,1921.1,1922.47,1918.74,1920.12,1541.8738
1785961800000,1920.11,1924.01,1918.53,1924.01,1315.872
1785962700000,1924,1924.56,1916.71,1917.1,1534.58
1785963600000,1917.1,1917.47,1907.83,1913.83,3699.0983
1785964500000,1913.84,1914.33,1910,1910.54,1233.6371
1785965400000,1910.54,1912.04,1907.07,1908.9,1950.4352
1785966300000,1908.89,1910.8,1907.59,1908.75,1296.8311
1785967200000,1908.75,1913.19,1906.59,1911.69,1258.4623
1785968100000,1911.7,1913.43,1909.5,1912.12,1001.1953
1785969000000,1912.11,1912.86,1909.22,1909.41,855.9314
1785969900000,1909.41,1911.52,1906.59,1906.86,1097.8519
1785970800000,1906.85,1910.51,1904.34,1909.4,1441.5698
1785971700000,1909.4,1912.31,1908.4,1910.06,621.779
1785972600000,1910.06,1911.44,1909.22,1910.52,645.2321
1785973500000,1910.52,1910.78,1908.08,1908.9,904.7893
1785974400000,1908.91,1911.94,1907.29,1910.5,2066.0981
1785975300000,1910.5,1914.02,1909.54,1911.67,1032.477
1785976200000,1911.67,1912.46,1909.35,1909.36,727.3415
1785977100000,1909.36,1912.25,1908.6,1910.4,1050.6759
1785978000000,1910.4,1911.21,1908.18,1909.37,1458.2971
1785978900000,1909.37,1910.35,1905.01,1905.01,1349.6569
1785979800000,1905.01,1908.87,1903.36,1906.28,1530.9354
1785980700000,1906.28,1909.82,1906.2,1906.75,1298.6901
1785981600000,1906.74,1910.82,1903.34,1903.77,1950.3567
1785982500000,1903.77,1905.74,1895.34,1898.56,4663.0803
1785983400000,1898.56,1900.47,1895.1,1900.43,1763.4182
1785984300000,1900.44,1901.54,1898.18,1899.21,1254.2956
1785985200000,1899.21,1899.33,1896.69,1898.11,849.1695
1785986100000,1898.11,1898.16,1895.37,1896.93,1352.3437
1785987000000,1896.93,1899.04,1895.95,1897.39,1164.73
1785987900000,1897.4,1899.7,1896.25,1899.03,1509.1997
1785988800000,1899.04,1900,1895.73,1899.74,1406.7544
1785989700000,1899.74,1906.54,1899.73,1906.19,3272.1855
1785990600000,1906.2,1908.05,1904.78,1905.62,1246.1649
1785991500000,1905.63,1908.05,1904.67,1907.7,845.0731
1785992400000,1907.7,1917.7,1907.29,1914.93,3387.1795
1785993300000,1914.93,1918.7,1911.28,1911.77,2401.7903
1785994200000,1911.77,1913.5,1910.62,1913.04,1029.9722
1785995100000,1913.04,1914.34,1911.32,1914.34,1590.6731
1785996000000,1914.35,1914.77,1909.95,1910.29,1150.9218
1785996900000,1910.28,1914.15,1909.6,1913.2,939.8094
1785997800000,1913.2,1914.23,1911.95,1913.79,632.2526
1785998700000,1913.78,1914.35,1912.65,1913.66,651.436
1785999600000,1913.67,1914.58,1911.73,1914.58,1064.8823
1786000500000,1914.58,1915.33,1912.65,1912.66,1109
1786001400000,1912.65,1912.72,1907.65,1908.61,1850.3396
1786002300000,1908.61,1911.4,1908.02,1909.33,2319.8102
1786003200000,1909.33,1911.24,1908.41,1909.73,2144.4187
1786004100000,1909.73,1913.77,1909.05,1913.59,1674.2694
1786005000000,1913.58,1914.82,1911.7,1913.38,1639.8481
1786005900000,1913.38,1920.51,1913.38,1916.26,3630.9877
1786006800000,1916.26,1917.03,1905.9,1907.54,4559.7688
1786007700000,1907.54,1911.63,1906.61,1908.77,2851.5147
1786008600000,1908.76,1908.99,1906.36,1906.37,955.7768
1786009500000,1906.36,1908.5,1904.83,1907.67,1425.2808
1786010400000,1907.67,1907.67,1902.88,1903.01,1692.7613
1786011300000,1903.01,1906.26,1901.62,1905.42,1338.3017
1786012200000,1905.42,1905.76,1903.87,1904.3,964.9675
1786013100000,1904.29,1904.91,1901.62,1902.58,1169.3977
1786014000000,1902.59,1902.95,1897,1902.33,2533.5021
1786014900000,1902.34,1907,1902.33,1905.38,1252.6519
1786015800000,1905.38,1909.2,1905.38,1908.88,1064.4617
1786016700000,1908.87,1908.88,1905.84,1907.77,1069.8231
1786017600000,1907.77,1908.02,1901.29,1901.72,1845.0936
1786018500000,1901.72,1906.14,1901.42,1904.81,963.0037
1786019400000,1904.8,1906.26,1903.1,1903.89,1155.0826
1786020300000,1903.89,1904.69,1899.02,1899.09,1888.0307
1786021200000,1899.1,1900.56,1892.38,1896.25,4664.5576
1786022100000,1896.26,1898.01,1894.75,1897.71,2381.537
1786023000000,1897.71,1908.06,1893.34,1906.75,5995.9655
1786023900000,1906.74,1911.11,1905.1,1907.43,3497.5928
1786024800000,1907.44,1911.84,1905.15,1908.26,3253.0366
1786025700000,1908.25,1912.83,1892.04,1906.86,6066.251
1786026600000,1906.86,1918.72,1903.28,1915.44,6839.5064
1786027500000,1915.45,1916.19,1910.6,1915.01,2636.3252
1786028400000,1915.01,1919.68,1912.81,1915.15,2903.9512
1786029300000,1915.16,1917.69,1912.5,1917.25,3195.0287
1786030200000,1917.25,1919.44,1912.96,1913.45,3036.5037
1786031100000,1913.44,1918.78,1910.38,1910.69,2667.191
1786032000000,1910.7,1911.8,1908.46,1909.88,2279.572
1786032900000,1909.88,1913.63,1909.26,1911.64,1940.4717
1786033800000,1911.63,1916.8,1910.38,1915,2164.4699
1786034700000,1915,1916.52,1912.77,1915.77,1376.4769
1786035600000,1915.78,1918.47,1914.52,1914.53,1894.2766
1786036500000,1914.52,1916.45,1913.62,1914.31,1152.1261
1786037400000,1914.32,1917.06,1910.38,1912.63,1633.2559
1786038300000,1912.63,1915.29,1911.11,1914.08,1016.6768
1786039200000,1914.08,1914.1,1908.89,1911.58,1180.9111
1786040100000,1911.58,1914.01,1910,1911.39,821.0173
1786041000000,1911.4,1911.53,1905.34,1905.84,1543.9558
1786041900000,1905.84,1907.61,1903.08,1905.95,4412.4452
1786042800000,1905.95,1909.29,1905.95,1908.49,2277.3611
1786043700000,1908.49,1909.84,1906.63,1907.04,2545.0252
1786044600000,1907.04,1909.07,1906.36,1908.6,2223.832
1786045500000,1908.6,1911.29,1907.33,1910.06,2958.5582
1786046400000,1910.07,1910.85,1909.08,1909.58,721.5497
1786047300000,1909.59,1909.95,1906.2,1906.9,875.5835
1786048200000,1906.89,1908.97,1906,1907.93,537.5084
1786049100000,1907.93,1907.93,1906.67,1907.14,735.1162
1786050000000,1907.15,1909.14,1906.55,1908.25,1105.8988
1786050900000,1908.26,1909.45,1906.96,1907.37,787.2275
1786051800000,1907.37,1908.81,1905.88,1907.51,848.6265
1786052700000,1907.5,1907.5,1905.9,1906.28,568.0707
1786053600000,1906.28,1907.44,1903.74,1907.11,1187.5631
1786054500000,1907.11,1907.35,1902.77,1904.08,878.2723
1786055400000,1904.07,1904.84,1902.27,1903.3,904.8197
1786056300000,1903.3,1905.6,1903.3,1905.25,509.2892
1786057200000,1905.24,1905.79,1904.06,1905.04,456.4957
1786058100000,1905.03,1905.2,1900.22,1901.68,1440.7352
1786059000000,1901.69,1902.16,1898.94,1900.16,978.826
1786059900000,1900.17,1904.27,1899.52,1904.1,698.2993
1786060800000,1904.1,1905.47,1900.61,1901.2,970.1295
1786061700000,1901.2,1902.82,1899.84,1901.76,1103.4408
1786062600000,1901.76,1904.22,1900.12,1903.5,794.0868
1786063500000,1903.5,1904.48,1901.81,1903.88,648.5582
1786064400000,1903.89,1907.55,1903.11,1903.64,998.5408
1786065300000,1903.64,1905.87,1902.49,1905.52,968.2789
1786066200000,1905.51,1906.33,1899.04,1902.14,1695.6592
1786067100000,1902.14,1904.85,1901.95,1903.36,1160.9909
1786068000000,1903.36,1903.86,1897.52,1902.69,1810.9515
1786068900000,1902.69,1908.61,1900.47,1900.65,2306.9552
1786069800000,1900.65,1902.97,1899.65,1902.67,1059.0274
1786070700000,1902.68,1905,1902.46,1902.73,525.7949
1786071600000,1902.72,1903.95,1900.63,1901.07,899.8198
1786072500000,1901.07,1901.67,1899.05,1900.19,1275.0353
1786073400000,1900.19,1902.24,1899.23,1899.9,1194.4551
1786074300000,1899.91,1900.66,1896.16,1897.43,900.0657
1786075200000,1897.43,1900,1895.99,1898.76,1508.9219
1786076100000,1898.76,1900.76,1897.67,1899.19,2755.6116
1786077000000,1899.19,1900.74,1897.87,1898.36,1185.7886
1786077900000,1898.36,1898.54,1894.35,1897.44,1303.8819
1786078800000,1897.44,1898.74,1896.24,1897.79,652.9289
1786079700000,1897.78,1898.08,1896.02,1896.38,603.4969
1786080600000,1896.38,1898.83,1895.41,1898.03,1102.535
1786081500000,1898.02,1902.4,1897.9,1901.58,1665.0946
1786082400000,1901.59,1904,1900,1904,1168.4463
1786083300000,1903.99,1907.58,1903.48,1905.76,1226.3604
1786084200000,1905.76,1906.56,1903.93,1904.66,776.6855
1786085100000,1904.67,1905.6,1902.98,1904.53,1692.8283
1786086000000,1904.54,1907.3,1902.65,1906.31,1056.5556
1786086900000,1906.32,1907.44,1905.37,1905.58,1753.9986
1786087800000,1905.57,1905.58,1903.01,1903.34,1261.5827
1786088700000,1903.33,1903.86,1902.35,1902.36,1094.0781
1786089600000,1902.35,1906.7,1901.91,1906.57,1617.2154
1786090500000,1906.56,1907.22,1905,1906.25,1120.7691
1786091400000,1906.25,1914.9,1906.05,1913.23,5851.0139
1786092300000,1913.24,1913.25,1909.69,1910.7,2073.3729
1786093200000,1910.7,1914.99,1910.7,1912.62,3856.546
1786094100000,1912.62,1913.85,1910.54,1911.02,6728.9379
1786095000000,1911.02,1917.67,1910.3,1916.12,11258.5065
1786095900000,1916.12,1916.37,1912.79,1913.04,6758.9638
1786096800000,1913.04,1916,1912.67,1915.17,2094.3916
1786097700000,1915.17,1915.17,1913,1914.58,694.8549
1786098600000,1914.58,1914.87,1912.64,1913.54,774.9873
1786099500000,1913.53,1914.7,1912.69,1912.85,944.8242
1786100400000,1912.85,1916.7,1912.62,1915.8,1079.7224
1786101300000,1915.79,1921,1914.04,1916.72,4739.9772
1786102200000,1916.72,1917.6,1915.24,1916.22,1302.9896
1786103100000,1916.22,1916.59,1914.85,1916.33,1634.0672
1786104000000,1916.33,1937.75,1916.33,1933.85,11473.364
1786104900000,1933.85,1934.46,1927.66,1932.93,5036.8584
1786105800000,1932.93,1943.02,1922,1929.11,11326.2448
1786106700000,1929.1,1936,1929.07,1932.13,3167.7611
1786107600000,1932.14,1934.06,1928.28,1929.1,3020.8307
1786108500000,1929.11,1931.68,1925.99,1928.09,2986.1793
1786109400000,1928.1,1935.05,1926.44,1932.47,4864.2062
1786110300000,1932.47,1932.67,1921.53,1923.5,4739.242
1786111200000,1923.5,1923.54,1910.79,1912.63,7806.5433
1786112100000,1912.62,1925.31,1910.53,1923.87,4099.668
1786113000000,1923.87,1926.5,1917.55,1918.11,4094.7407
1786113900000,1918.11,1921.06,1911.76,1913.57,2779.5759
1786114800000,1913.57,1919.75,1913.02,1915.53,2091.9543
1786115700000,1915.52,1918.73,1914.04,1916.84,1146.6081
1786116600000,1916.85,1921,1916.09,1920.28,1769.5867
1786117500000,1920.29,1920.65,1917.26,1917.88,1332.4227
1786118400000,1917.87,1925,1917.87,1923.4,1753.7875
1786119300000,1923.39,1924.02,1913.75,1914.97,2442.3924
1786120200000,1914.98,1916.31,1912.03,1915.39,1569.0402
1786121100000,1915.39,1916.6,1909.34,1909.51,2203.39
1786122000000,1909.5,1911.49,1905.45,1907.16,3300.6693
1786122900000,1907.15,1910.69,1906.14,1908.22,1861.7524
1786123800000,1908.22,1912.41,1905.4,1912,2131.7189
1786124700000,1912,1912.99,1907.28,1912.45,2096.6482
1786125600000,1912.45,1915.29,1912.06,1913.94,1547.2993
1786126500000,1913.94,1915.21,1912.46,1912.65,876.1548
1786127400000,1912.64,1913.98,1908,1908.01,989.3116
1786128300000,1908.01,1910.55,1906.28,1909.86,924.6263
1786129200000,1909.87,1914.76,1909.87,1913.39,2830.1282
1786130100000,1913.38,1918.46,1913.38,1916.8,3497.3778
1786131000000,1916.8,1919.45,1916.66,1918.46,2462.6052
1786131900000,1918.45,1920.24,1917.42,1918.85,1388.3884
1786132800000,1918.84,1920.36,1917.46,1918.74,1100.3488
1786133700000,1918.73,1918.74,1916.47,1916.91,550.1723
1786134600000,1916.9,1916.9,1915.35,1915.42,726.3812
1786135500000,1915.43,1915.78,1914.38,1914.81,1373.2176
1786136400000,1914.82,1915.64,1913.93,1914.74,1005.2306
1786137300000,1914.75,1916.12,1912.72,1914,638.7064
1786138200000,1913.99,1922.81,1913.53,1918.22,3649.3728
1786139100000,1918.21,1918.28,1916.16,1916.55,1007.4055
1786140000000,1916.55,1916.56,1914.83,1915.49,1472.4602
1786140900000,1915.5,1916.44,1915,1915.26,1052.9343
1786141800000,1915.26,1915.59,1913.92,1914.59,581.439
1786142700000,1914.58,1914.84,1914.33,1914.84,340.7719
1786143600000,1914.84,1916.07,1914.83,1916,201.1254
1786144500000,1915.99,1916.04,1914.88,1915.07,331.5961
1786145400000,1915.06,1915.89,1914.99,1915.82,285.5277
1786146300000,1915.83,1916.41,1913.92,1914.18,697.0377
1786147200000,1914.19,1915.1,1912.72,1914.34,1147.7098
1786148100000,1914.34,1914.34,1912.5,1914.21,369.7724
1786149000000,1914.2,1914.72,1914.2,1914.72,394.6926
1786149900000,1914.71,1914.72,1914.11,1914.35,473.4618
1786150800000,1914.36,1915.33,1914.04,1914.81,1619.2175
1786151700000,1914.82,1916.62,1914.26,1914.67,956.9705
1786152600000,1914.68,1915.36,1914.67,1915.3,314.0928
1786153500000,1915.29,1915.29,1914.3,1914.65,287.5689
1786154400000,1914.66,1914.66,1913.34,1913.35,280.618
1786155300000,1913.34,1913.5,1912.27,1913.5,370.5879
1786156200000,1913.5,1914.25,1913.13,1913.13,265.5223
1786157100000,1913.14,1913.18,1912.73,1913.18,453.7791
1786158000000,1913.18,1914.42,1913.17,1914.3,366.0828
1786158900000,1914.3,1916.5,1914.29,1916.5,586.7658
1786159800000,1916.5,1919.02,1916.5,1917.37,673.666
1786160700000,1917.38,1918.47,1916.79,1918.08,471.1103
1786161600000,1918.09,1919.58,1916.42,1916.91,893.3446
1786162500000,1916.91,1917.46,1916.4,1917.39,333.7854
1786163400000,1917.38,1918.96,1916.91,1918.1,622.6882
1786164300000,1918.1,1918.18,1916.64,1917,396.168
1786165200000,1917,1917.32,1916.66,1916.81,319.0849
1786166100000,1916.81,1917.51,1916.13,1916.99,177.2959
1786167000000,1917,1918.78,1916.89,1917.93,295.4382
1786167900000,1917.93,1917.97,1915.81,1917.56,384.6752
1786168800000,1917.55,1917.89,1916.87,1917.28,354.381
1786169700000,1917.28,1917.28,1916.48,1916.61,263.8536
1786170600000,1916.6,1917.27,1916.17,1916.87,524.5706
1786171500000,1916.88,1917.83,1916.2,1916.44,266.9038
1786172400000,1916.45,1916.75,1915.69,1916.02,416.5547
1786173300000,1916.01,1916.23,1915.54,1915.67,335.4791
1786174200000,1915.66,1915.67,1914,1914.52,376.9349
1786175100000,1914.52,1915.27,1914.52,1915.11,670.6848
1786176000000,1915.11,1915.57,1914.58,1915.57,485.8614
1786176900000,1915.56,1915.91,1915.21,1915.9,218.913
1786177800000,1915.9,1917.73,1915.9,1917.73,364.8789
1786178700000,1917.73,1917.73,1916.81,1916.85,411.8173
1786179600000,1916.85,1917.47,1916.66,1916.87,554.0097
1786180500000,1916.87,1917.06,1916.25,1916.67,460.2533
1786181400000,1916.66,1923.22,1916.66,1919.32,1973.6589
1786182300000,1919.32,1920.09,1918.83,1918.95,526.3345
1786183200000,1918.94,1920.94,1918.94,1920.29,586.7993
1786184100000,1920.28,1922.72,1920.28,1922.61,692.1241
1786185000000,1922.61,1922.61,1921.07,1921.14,308.5993
1786185900000,1921.15,1921.35,1920.54,1921.17,579.5852
1786186800000,1921.18,1923.57,1921.17,1921.95,984.321
1786187700000,1921.94,1921.95,1919.76,1919.98,717.5119
1786188600000,1919.98,1920.09,1919.53,1919.73,463.3865
1786189500000,1919.73,1921.14,1919.6,1920.99,390.3366
1786190400000,1920.99,1921,1918.7,1920.99,1207.5999
1786191300000,1920.99,1922.47,1919.93,1919.93,417.3401
1786192200000,1919.94,1920.9,1919.88,1920.06,435.6956
1786193100000,1920.06,1920.8,1919.08,1919.19,315.6841
1786194000000,1919.2,1920.55,1919.2,1919.48,508.7418
1786194900000,1919.49,1919.89,1919.12,1919.19,351.5742
1786195800000,1919.18,1919.3,1918.61,1919.25,622.4659
1786196700000,1919.26,1920,1918.68,1920,498.4367
1786197600000,1920,1921.69,1919.99,1921.46,992.0295
1786198500000,1921.47,1924,1921.04,1923.74,1225.3879
1786199400000,1923.74,1926.72,1922.03,1922.22,1758.964
1786200300000,1922.21,1925.21,1922.21,1923.77,1083.0797
1786201200000,1923.78,1924.56,1922.29,1923.69,786.7547
1786202100000,1923.69,1924.17,1922.49,1922.73,845.2132
1786203000000,1922.72,1922.73,1921.35,1922.12,517.0285
1786203900000,1922.12,1923.7,1921.6,1922.62,796.9004
1786204800000,1922.63,1925,1922.62,1922.81,724.2814
1786205700000,1922.81,1923.43,1922.34,1922.51,682.2133
1786206600000,1922.51,1922.52,1921.65,1921.96,447.1947
1786207500000,1921.96,1922.46,1921.94,1922.46,385.6191
1786208400000,1922.45,1923.31,1922.25,1923.1,861.648
1786209300000,1923.1,1924.1,1922.88,1924.05,1078.6889
1786210200000,1924.04,1926.45,1923.84,1924.99,1119.4459
1786211100000,1925,1925.3,1923.84,1923.85,867.7585
1786212000000,1923.84,1923.84,1922.88,1922.88,492.0673
1786212900000,1922.88,1922.89,1919.77,1920.71,1271.7334
1786213800000,1920.71,1921.55,1920.36,1921.33,660.6916
1786214700000,1921.32,1921.33,1921.02,1921.1,356.6997
1786215600000,1921.1,1921.54,1921.09,1921.23,306.9703
1786216500000,1921.23,1921.31,1919.9,1919.9,453.1977
1786217400000,1919.9,1920.53,1919.67,1920.16,409.484
1786218300000,1920.15,1921.51,1919.7,1920.41,609.859
1786219200000,1920.41,1920.41,1920,1920.16,323.2151
1786220100000,1920.17,1920.67,1919.95,1919.95,368.3367
1786221000000,1919.96,1921.21,1919.95,1920.93,338.6874
1786221900000,1920.92,1921.2,1920.33,1920.39,314.1564
1786222800000,1920.39,1920.85,1920.27,1920.55,306.9499
1786223700000,1920.55,1921.7,1920.54,1921.02,383.689
1786224600000,1921.02,1922.73,1920.67,1922.62,613.9292
1786225500000,1922.61,1922.61,1920.28,1920.82,538.0314
1786226400000,1920.82,1921.59,1919.53,1919.54,647.0817
1786227300000,1919.53,1920.63,1919.43,1920.63,562.9284
1786228200000,1920.63,1920.63,1919.24,1919.68,532.8117
1786229100000,1919.68,1919.68,1916.66,1916.75,690.425
1786230000000,1916.74,1916.93,1915.09,1915.8,598.9561
1786230900000,1915.81,1917.51,1914.69,1916.91,660.9192
1786231800000,1916.91,1919,1916.9,1918.62,559.3071
1786232700000,1918.62,1918.62,1916.69,1916.74,960.6675
1786233600000,1916.75,1918.46,1916.34,1918.4,1796.1296
1786234500000,1918.4,1918.4,1917.54,1917.6,288.0728
1786235400000,1917.6,1918.53,1917.6,1917.94,259.0933
1786236300000,1917.94,1918.66,1916.47,1918.09,449.1655
1786237200000,1918.08,1920.21,1917.49,1918.95,640.0974
1786238100000,1918.95,1919.04,1914.38,1914.38,522.7133
1786239000000,1914.38,1916.18,1913.37,1916.07,593.7345
1786239900000,1916.08,1916.47,1914.64,1916.14,419.4854
1786240800000,1916.15,1916.71,1915.17,1916.7,380.1868
1786241700000,1916.71,1916.71,1915.06,1916.26,243.8414
1786242600000,1916.25,1916.26,1914.54,1914.54,300.369
1786243500000,1914.55,1915.25,1913.64,1914.8,417.5777
1786244400000,1914.79,1914.79,1912.36,1912.94,862.9133
1786245300000,1912.94,1913.85,1912.75,1913.85,600.3013
1786246200000,1913.85,1914.43,1913.84,1913.96,314.2541
1786247100000,1913.96,1914.3,1913.95,1914.04,257.5176
1786248000000,1914.04,1915.6,1913.87,1915.13,387.2852
1786248900000,1915.13,1915.63,1913.75,1914.28,385.6023
1786249800000,1914.28,1914.32,1913.4,1913.4,187.003
1786250700000,1913.41,1913.7,1912.99,1913.16,434.3293
1786251600000,1913.17,1914.79,1913.11,1913.85,366.5608
1786252500000,1913.85,1915.04,1913.82,1914.09,264.7619
1786253400000,1914.08,1914.59,1914.02,1914.04,310.357
1786254300000,1914.03,1914.46,1913.86,1914.46,513.8117
1786255200000,1914.45,1915.56,1912.83,1915.5,2019.9362
1786256100000,1915.49,1917.16,1915.48,1916.98,1303.0598
1786257000000,1916.98,1918.01,1916.97,1917.91,318.5983
1786257900000,1917.91,1919.51,1917.91,1919.33,673.3955
1786258800000,1919.34,1919.79,1918.29,1918.3,2229.6594
1786259700000,1918.29,1918.32,1917.14,1918,1033.1832
1786260600000,1917.99,1918,1917.19,1917.71,1191.1454
1786261500000,1917.7,1918.97,1917.47,1918.97,496.8236
1786262400000,1918.97,1925,1918.97,1922.56,1478.0465
1786263300000,1922.56,1922.69,1920.92,1921.49,472.9748
1786264200000,1921.49,1921.57,1914,1914.62,1269.0919
1786265100000,1914.62,1916.12,1914.19,1915.94,799.127
1786266000000,1915.94,1916.48,1915.19,1915.31,515.118
1786266900000,1915.3,1915.6,1913.39,1914.21,1643.7592
1786267800000,1914.2,1916.98,1914.2,1916.55,826.1751
1786268700000,1916.56,1921.45,1916.55,1921.45,1417.5182
1786269600000,1921.45,1922.96,1921.31,1921.75,1238.8749
1786270500000,1921.75,1922.02,1920.32,1920.6,1266.4139
1786271400000,1920.6,1920.61,1919.64,1920.03,543.71
1786272300000,1920.04,1920.79,1919.94,1920.1,739.5944
1786273200000,1920.09,1920.7,1920.09,1920.7,254.9542
1786274100000,1920.69,1921.51,1920.53,1920.79,340.3311
1786275000000,1920.79,1921.3,1920.43,1920.64,511.607
1786275900000,1920.64,1920.7,1918.37,1919.23,478.8945
1786276800000,1919.23,1919.23,1916.51,1918.01,799.5777
1786277700000,1918.02,1918.24,1917.59,1918.08,238.1222
1786278600000,1918.08,1918.51,1917.44,1917.45,507.0529
1786279500000,1917.45,1917.89,1917.37,1917.5,772.3027
1786280400000,1917.5,1920,1917.5,1920,315.8688
1786281300000,1920,1926.31,1919.99,1925.29,3186.925
1786282200000,1925.28,1925.58,1922.22,1922.79,1774.8371
1786283100000,1922.79,1923.58,1922.79,1923.36,809.9818
1786284000000,1923.36,1926.58,1922.61,1925.63,1644.3732
1786284900000,1925.62,1925.62,1922.97,1923.63,657.7645
1786285800000,1923.64,1925.45,1923.3,1923.71,831.4772
1786286700000,1923.7,1926.41,1923.7,1925.07,649.4827
1786287600000,1925.08,1927.27,1924.16,1926.84,1143.7
1786288500000,1926.85,1927.12,1926.38,1926.39,867.3984
1786289400000,1926.39,1926.66,1926.03,1926.28,520.3521
1786290300000,1926.27,1927.36,1926.27,1926.56,761.8898
1786291200000,1926.57,1926.95,1924.73,1924.96,801.4776
1786292100000,1924.97,1925.42,1921.6,1922.4,864.6005
1786293000000,1922.4,1925.33,1922.4,1925.06,519.7218
1786293900000,1925.06,1925.25,1924.1,1924.11,341.8687
1786294800000,1924.1,1924.84,1923.39,1924.75,554.3501
1786295700000,1924.74,1924.74,1923.67,1924.56,719.9951
1786296600000,1924.56,1924.68,1924.11,1924.28,441.3116
1786297500000,1924.28,1924.28,1923.11,1923.11,446.1571
1786298400000,1923.1,1923.8,1922.71,1922.71,441.9662
1786299300000,1922.72,1922.72,1920.15,1922.16,669.2091
1786300200000,1922.15,1922.37,1921.23,1921.23,331.2279
1786301100000,1921.23,1921.69,1921.22,1921.52,451.5645
1786302000000,1921.51,1922.08,1921.35,1921.39,414.1548
1786302900000,1921.39,1922.37,1921.38,1922.16,321.9946
1786303800000,1922.17,1922.47,1922.15,1922.44,351.9833
1786304700000,1922.43,1922.44,1921.58,1922.04,258.4595
1786305600000,1922.04,1922.27,1919.07,1919.11,1647.3083
1786306500000,1919.11,1920.82,1918,1920.2,846.8482
1786307400000,1920.2,1921.28,1920.2,1920.3,667.3196
1786308300000,1920.3,1920.82,1920.16,1920.73,555.5235
1786309200000,1920.72,1921.45,1919.84,1921.45,569.3335
1786310100000,1921.44,1924.36,1921.33,1924.27,386.8824
1786311000000,1924.26,1926.84,1923.83,1925.57,1118.2856
1786311900000,1925.58,1926.91,1924.46,1924.73,1058.5857
1786312800000,1924.73,1936.73,1924.73,1933.34,4068.9334
1786313700000,1933.33,1938.22,1929.17,1929.61,3471.6958
1786314600000,1929.62,1930.46,1916.34,1919.29,3432.3783
1786315500000,1919.28,1920.42,1915,1919.55,1528.3645
1786316400000,1919.54,1920.61,1916.74,1917.69,1471.9035
1786317300000,1917.68,1918.38,1913.2,1914.4,3401.7101
1786318200000,1914.4,1914.4,1908.49,1910.71,4210.0931
1786319100000,1910.71,1912.4,1907.56,1910.65,1751.855
1786320000000,1910.65,1928.28,1908.67,1921.68,3959.0307
1786320900000,1921.69,1922.57,1913.57,1914.16,1643.4875
1786321800000,1914.16,1916.33,1906.17,1907.08,2865.4177
1786322700000,1907.08,1917.19,1906.77,1912.78,1741.7797
1786323600000,1912.79,1915.53,1908.01,1914.28,1697.3273
1786324500000,1914.27,1918.4,1914.27,1915.17,1153.3382
1786325400000,1915.17,1916.7,1912.6,1915.33,1382.2739
1786326300000,1915.33,1931.57,1914.9,1925.23,3867.9714
1786327200000,1925.23,1926.1,1920.75,1921.61,1820.8216
1786328100000,1921.61,1921.73,1912.86,1915.48,2105.241
1786329000000,1915.48,1926.72,1915.47,1925.92,1689.4972
1786329900000,1925.92,1925.92,1922.52,1923.52,1243.1405
1786330800000,1923.51,1924.51,1915.04,1915.92,1377.5348
1786331700000,1915.92,1924.66,1913.66,1918.13,2077.6622
1786332600000,1918.13,1920.97,1917.3,1919.72,1836.9533
1786333500000,1919.72,1920.68,1916.24,1917.44,1052.9025
1786334400000,1917.44,1920.24,1916.51,1920.09,2314.2641
1786335300000,1920.08,1921.01,1918.76,1919.58,1449.2512
1786336200000,1919.59,1920.49,1912.6,1916.77,2452.7836
1786337100000,1916.76,1918.52,1914.51,1915.79,1650.4899
1786338000000,1915.79,1918.74,1915.33,1916.16,1068.3134
1786338900000,1916.16,1920.52,1916.16,1920.25,840.6326
1786339800000,1920.24,1922.28,1919.58,1921.41,1222.3583
1786340700000,1921.4,1925.02,1920.76,1923.17,1189.1046
1786341600000,1923.18,1927.61,1923.01,1925.61,1946.6629
1786342500000,1925.62,1929.43,1924.21,1925.47,3562.3773
1786343400000,1925.48,1927.52,1925,1927.5,1035.4966
1786344300000,1927.5,1929.12,1926.49,1928.03,1360.4805
1786345200000,1928.03,1928.76,1926.19,1926.83,647.9334
1786346100000,1926.82,1929.89,1925.9,1929.54,949.8129
1786347000000,1929.53,1930.84,1927.53,1927.53,3139.8755
1786347900000,1927.53,1928.03,1924.8,1925.26,1191.4043
1786348800000,1925.26,1928.35,1925.26,1927.32,982.2127
1786349700000,1927.32,1929.74,1926.4,1928.2,1305.8537
1786350600000,1928.2,1928.49,1923.21,1925.23,1504.6834
1786351500000,1925.23,1927.36,1924.32,1926.8,629.0622
1786352400000,1926.8,1927.09,1925.06,1926.52,629.205
1786353300000,1926.51,1926.6,1922.9,1922.9,1080.6542
1786354200000,1922.91,1922.91,1917.99,1918.27,2452.2705
1786355100000,1918.27,1918.27,1916.21,1916.39,2751.3456
1786356000000,1916.38,1919.66,1916.12,1919.18,1501.8702
1786356900000,1919.18,1920.7,1918.93,1919.3,1638.2603
1786357800000,1919.3,1919.46,1916.7,1917.72,1024.9679
1786358700000,1917.71,1918.97,1917.24,1917.75,730.1976
1786359600000,1917.75,1917.89,1914.68,1916.55,1263.2952
1786360500000,1916.55,1919.8,1916.54,1919.26,1219.8723
1786361400000,1919.25,1920.44,1918.37,1918.39,937.3673
1786362300000,1918.4,1921.11,1918.17,1920.42,923.0388
1786363200000,1920.42,1923.34,1919.85,1920.72,1628.0477
1786364100000,1920.73,1920.73,1916.58,1916.96,1577.919
1786365000000,1916.96,1916.96,1912.01,1915.59,3731.0967
1786365900000,1915.59,1915.6,1905,1906,6126.2931
1786366800000,1905.99,1909.72,1905.06,1908.97,3187.4109
1786367700000,1908.96,1910.46,1906.65,1908.38,1988.2731
1786368600000,1908.39,1908.93,1898.37,1901.12,7907.8269
1786369500000,1901.11,1902.98,1894.56,1897.6,7101.1761
1786370400000,1897.61,1902.84,1896.94,1901.31,3261.6658
1786371300000,1901.32,1902.55,1897.03,1899.5,1540.1435
1786372200000,1899.49,1902.33,1897.38,1900.07,1460.2705
1786373100000,1900.06,1901.23,1891.6,1893.59,3786.1639
1786374000000,1893.58,1893.58,1875.26,1876.39,13197.4594
1786374900000,1876.38,1881.07,1871.37,1876.98,8055.482
1786375800000,1876.99,1880.37,1874.38,1878.43,4793.7488
1786376700000,1878.42,1880.33,1876.37,1877,3384.1215
1786377600000,1876.99,1878.71,1875,1875.95,4312.0053
1786378500000,1875.94,1877.17,1867.96,1875.05,5989.8307
1786379400000,1875.04,1878,1872.5,1872.88,3972.1306
1786380300000,1872.88,1873.38,1868.84,1872.36,3493.9853
1786381200000,1872.38,1876.02,1868.71,1874.84,2844.8937
1786382100000,1874.83,1876.84,1873.01,1874.28,1795.3586
1786383000000,1874.28,1877.39,1873.9,1875.67,2325.0625
1786383900000,1875.66,1875.76,1872.86,1873.7,1257.3553
1786384800000,1873.7,1875.24,1871.66,1871.67,2678.767
1786385700000,1871.67,1874.54,1870.92,1872.07,1966.657
1786386600000,1872.07,1873.07,1869.57,1873.06,1893.9033
1786387500000,1873.06,1873.43,1868,1872.95,2063.3222
1786388400000,1872.95,1875.48,1871.86,1875.26,2119.0949
1786389300000,1875.26,1878.5,1875.26,1878.49,1636.6337
1786390200000,1878.5,1880.47,1876.36,1878.92,1615.2795
1786391100000,1878.92,1879.72,1876.69,1878.51,1557.2022
1786392000000,1878.52,1879.39,1877.74,1878.59,1005.6439
1786392900000,1878.59,1879.46,1878,1879.46,858.4996
1786393800000,1879.45,1881.31,1879,1880.55,1102.2502
1786394700000,1880.54,1880.54,1878.8,1879.73,684.1812
1786395600000,1879.72,1879.72,1875.79,1876.04,946.1032
1786396500000,1876.03,1877.07,1874.58,1877.07,558.8072
1786397400000,1877.07,1877.88,1875.13,1876.17,1255.5956
1786398300000,1876.18,1876.42,1873.54,1874.45,1383.6651
1786399200000,1874.45,1877.77,1872.55,1877.15,1845.318
1786400100000,1877.16,1878.13,1875.35,1876.86,578.591
1786401000000,1876.87,1876.94,1872.13,1874.47,1478.0264
1786401900000,1874.47,1876.15,1874.27,1876.14,1062.4844
1786402800000,1876.15,1876.15,1874.13,1874.5,1537.5296
1786403700000,1874.5,1875.24,1872.4,1873.84,805.0928
1786404600000,1873.85,1873.85,1870.12,1872.95,1367.9847
1786405500000,1872.95,1873.94,1871.56,1873.16,980.891
1786406400000,1873.16,1874.03,1871,1873.61,1941.1912
1786407300000,1873.62,1875.99,1871.78,1875.99,1251.8079
1786408200000,1875.99,1876.04,1872.45,1874.1,1509.1894
1786409100000,1874.11,1875.77,1873.44,1875.32,658.6236
1786410000000,1875.31,1877.85,1873.49,1877.23,1076.2811
1786410900000,1877.24,1878.57,1873.9,1878.06,1170.2868
1786411800000,1878.06,1878.06,1874.25,1875.77,1545.4386
1786412700000,1875.76,1878.6,1875.52,1878.14,812.8152
1786413600000,1878.13,1881.78,1877.7,1878.04,3070.8379
1786414500000,1878.04,1878.55,1877.41,1877.48,917.4619
1786415400000,1877.48,1878.66,1877.36,1878.65,658.5528
1786416300000,1878.66,1878.82,1877.97,1878.6,798.194
1786417200000,1878.61,1880.44,1878.6,1880.13,879.7643
1786418100000,1880.13,1881.29,1879.61,1880.33,1027.729
1786419000000,1880.33,1881.78,1880.22,1880.62,626.6467
1786419900000,1880.63,1881.22,1880.3,1881.03,1232.2488
1786420800000,1881.02,1882.18,1879.85,1879.86,804.1797
1786421700000,1879.85,1880.42,1879.78,1879.96,1144.8293
1786422600000,1879.97,1880.05,1877.7,1877.94,933.5641
1786423500000,1877.94,1878.2,1876.22,1876.25,857.4318
1786424400000,1876.25,1876.81,1875.73,1876.76,660.2369
1786425300000,1876.76,1876.76,1872.19,1873.8,1459.1374
1786426200000,1873.8,1876.79,1873.34,1876.5,1522.3705
1786427100000,1876.51,1876.67,1874.02,1874.03,1539.6565
1786428000000,1874.03,1875.02,1872.12,1874.16,2239.4265
1786428900000,1874.16,1874.76,1871.91,1872.52,1596.4277
1786429800000,1872.53,1874.73,1871.62,1873.31,3731.4839
1786430700000,1873.32,1874.27,1870.86,1874.24,1848.2085
1786431600000,1874.25,1875.71,1873.68,1873.69,876.4157
1786432500000,1873.69,1873.69,1870.29,1871.76,1847.2081
1786433400000,1871.77,1879.27,1871.77,1877.96,4276.0901
1786434300000,1877.96,1879.34,1876.36,1877.95,3253.8459
1786435200000,1877.95,1879.22,1875.85,1876,1409.3283
1786436100000,1876.01,1877.69,1875.75,1876.92,2164.2144
1786437000000,1876.92,1879.17,1876.5,1878.38,2375.5141
1786437900000,1878.38,1880.39,1877.28,1879.21,2493.6831
1786438800000,1879.2,1879.48,1877.32,1877.56,2354.341
1786439700000,1877.56,1880.41,1877.34,1879.55,2008.6224
1786440600000,1879.56,1880.47,1878.64,1880.31,1200.4198
1786441500000,1880.31,1885.41,1879.96,1885.41,2679.0386
1786442400000,1885.41,1889,1884.2,1885.16,2829.6582
1786443300000,1885.16,1887.96,1882.66,1887.41,1899.6028
1786444200000,1887.41,1888.08,1885.74,1886.45,1240.6039
1786445100000,1886.46,1888.08,1885.83,1886.16,1439.3031
1786446000000,1886.17,1895.6,1886.17,1893.66,4951.6871
1786446900000,1893.67,1894.03,1891,1891.7,1836.3702
1786447800000,1891.7,1892.87,1891.54,1891.99,1111.9094
1786448700000,1892,1894,1892,1892.97,1287.1978
1786449600000,1892.96,1897.8,1892.96,1895.33,3179.0032
1786450500000,1895.33,1895.42,1889.24,1890.13,3325.6376
1786451400000,1890.13,1892.32,1888.48,1888.67,2688.2892
1786452300000,1888.67,1889.45,1887.34,1888,1204.2425
1786453200000,1888,1891.85,1887.12,1889.67,1701.6806
1786454100000,1889.68,1889.68,1884.79,1886.96,1304.8583
1786455000000,1886.96,1892.69,1883.63,1890.37,4021.266
1786455900000,1890.36,1892.14,1887.75,1890.03,2042.5012
1786456800000,1890.02,1890.66,1886.27,1889.56,1293.1439
1786457700000,1889.56,1891.61,1876.55,1880.76,3971.4938
1786458600000,1880.76,1881.25,1874.34,1877.33,2922.1474
1786459500000,1877.34,1878.6,1870.33,1873.69,6290.4677
1786460400000,1873.68,1877.63,1872.87,1873.66,3283.3348
1786461300000,1873.65,1877.71,1869.43,1877.36,3522.8131
1786462200000,1877.35,1877.4,1853.62,1859.67,11105.2825
1786463100000,1859.66,1864.08,1856.73,1862.74,4142.7538
1786464000000,1862.75,1866.26,1859.78,1864.96,3255.481
1786464900000,1864.97,1867.06,1863.02,1864.15,1867.4606
1786465800000,1864.14,1866.42,1862.7,1863.59,2716.4503
1786466700000,1863.59,1865.57,1862.94,1864.82,1102.9958
1786467600000,1864.83,1866.57,1863,1864.12,1344.7059
1786468500000,1864.13,1867.95,1862.88,1865.49,1618.8765
1786469400000,1865.49,1866.31,1863.01,1864.97,1306.4513
1786470300000,1864.97,1866.89,1863.18,1864.69,2222.2584
1786471200000,1864.69,1865.37,1863.41,1864.26,1399.8494
1786472100000,1864.25,1866.02,1861.85,1862,1553.2126
1786473000000,1861.99,1867.09,1860,1863.88,3591.8289
1786473900000,1863.88,1866.03,1863.46,1866.03,800.4537
1786474800000,1866.03,1866.27,1862.9,1863.01,1208.9227
1786475700000,1863.01,1869.97,1863,1869.8,1269.0954
1786476600000,1869.8,1872.5,1868.52,1871.63,1701.6365
1786477500000,1871.64,1884.83,1870.97,1881.9,5785.6352
1786478400000,1881.9,1885.38,1881.12,1882.58,2711.0345
1786479300000,1882.59,1882.59,1879.09,1881.13,1766.2375
1786480200000,1881.13,1884.1,1879.42,1879.43,1292.9987
1786481100000,1879.43,1882.47,1879.42,1882.22,1530.3566
1786482000000,1882.22,1885.32,1881.58,1884.13,1106.8173
1786482900000,1884.12,1884.58,1880.67,1881.15,1474.2153
1786483800000,1881.15,1882.77,1880.43,1882.63,2724.1713
1786484700000,1882.64,1885.19,1881.9,1884.68,1631.188
1786485600000,1884.68,1887.64,1882.83,1883.99,3038.7565
1786486500000,1884,1885.68,1882.97,1883.8,888.458
1786487400000,1883.8,1884.77,1880.61,1880.62,962.6466
1786488300000,1880.61,1883.16,1879.61,1882.16,1014.6851
1786489200000,1882.17,1882.17,1879,1879.52,746.8739
1786490100000,1879.53,1880.92,1878.92,1880.92,718.1606
1786491000000,1880.92,1884.41,1880.55,1884.18,1182.1717
1786491900000,1884.17,1884.41,1882.58,1882.59,718.4392
1786492800000,1882.58,1882.58,1880.78,1882.2,1313.2809
1786493700000,1882.2,1883.48,1880.65,1882.03,1014.68
1786494600000,1882.03,1883.72,1881.34,1881.72,1015.2343
1786495500000,1881.72,1883.35,1881.72,1882.35,707.6727
1786496400000,1882.36,1885.83,1882.35,1885.67,1161.7621
1786497300000,1885.67,1886.53,1882.22,1883.01,1199.5525
1786498200000,1883.01,1885.95,1881.11,1885.43,630.2123
1786499100000,1885.43,1886.48,1883.35,1884.77,1170.5704
1786500000000,1884.77,1887.91,1884.77,1885.67,1354.6965
1786500900000,1885.66,1886.77,1883.96,1886.76,958.4907
1786501800000,1886.77,1887.27,1883.97,1884.81,630.5683
1786502700000,1884.81,1885.59,1883.59,1884.47,510.9398
1786503600000,1884.48,1885.7,1882.9,1883.11,558.0754
1786504500000,1883.11,1884.37,1882.66,1883.74,774.6606
1786505400000,1883.75,1887.33,1883.22,1886.26,891.4499
1786506300000,1886.25,1887.17,1885.9,1886.62,718.6649
1786507200000,1886.63,1887.66,1885.47,1887.26,797.542
1786508100000,1887.27,1893.37,1887.11,1889.71,3600.2513
1786509000000,1889.71,1889.71,1887.37,1888.58,911.5353
1786509900000,1888.58,1891.16,1888.43,1889.42,937.5772
1786510800000,1889.41,1890.89,1886.77,1890.13,702.0848
1786511700000,1890.12,1890.9,1889.82,1890,586.1911
1786512600000,1890,1891.88,1890,1891.81,892.2744
1786513500000,1891.81,1892.44,1891.06,1891.71,1025.1588
1786514400000,1891.7,1891.71,1887.65,1887.65,824.1698
1786515300000,1887.65,1889.72,1885.78,1886.44,2361.8244
1786516200000,1886.43,1886.85,1885.38,1885.69,1026.0672
1786517100000,1885.69,1887.74,1885.69,1887.73,676.3861
1786518000000,1887.74,1891.16,1887.64,1889.75,888.1073
1786518900000,1889.75,1890.59,1889.49,1889.5,740.0089
1786519800000,1889.5,1891.62,1888.25,1888.82,1347.6415
1786520700000,1888.83,1891.82,1886.34,1891.69,1148.5166
1786521600000,1891.7,1896.11,1890.63,1892.4,2572.4576
1786522500000,1892.4,1894.86,1892.4,1892.88,841.662
1786523400000,1892.87,1892.87,1891.12,1891.12,585.3213
1786524300000,1891.13,1892.37,1890.76,1890.95,725.9045
1786525200000,1890.94,1893.23,1890,1892.87,993.9804
1786526100000,1892.88,1905.31,1892.87,1903.7,5878.857
1786527000000,1903.69,1909.63,1902.84,1905.03,4182.2123
1786527900000,1905.03,1906,1902.88,1905.84,2372.1052
1786528800000,1905.84,1915.54,1905.84,1911.68,4875.1196
1786529700000,1911.68,1914.78,1910.84,1910.85,2969.8629
1786530600000,1910.85,1913.2,1910.12,1911.69,1996.9563
1786531500000,1911.69,1912.16,1907.66,1909.17,3132.7776
1786532400000,1909.18,1911.38,1907.41,1908.87,1444.2247
1786533300000,1908.88,1913.63,1908.87,1913.53,1323.761
1786534200000,1913.54,1915.42,1911.83,1913.33,1770.9933
1786535100000,1913.34,1915.99,1913.22,1915.57,2244.1697
1786536000000,1915.58,1918.14,1914.5,1914.5,2535.4563
1786536900000,1914.51,1925,1914.03,1922.34,5641.9744
1786537800000,1922.38,1925,1907.56,1909.46,9515.6084
1786538700000,1909.46,1913.58,1905.52,1911.32,4874.1693
1786539600000,1911.31,1912.6,1905.28,1908.61,2556.7061
1786540500000,1908.61,1910.67,1906.03,1907.42,1601.2099
1786541400000,1907.43,1908.11,1901.51,1904.72,4088.7286
1786542300000,1904.72,1908.32,1900.04,1901.32,3237.7889
1786543200000,1901.31,1903.71,1889.24,1899.83,5949.3475
1786544100000,1899.82,1899.83,1891.89,1892.19,1934.8691
1786545000000,1892.2,1894.06,1887.3,1892.18,3948.0725
1786545900000,1892.18,1895.31,1885,1887.79,3886.3329
1786546800000,1887.78,1893.86,1884.54,1892.78,2236.4943
1786547700000,1892.79,1895.8,1891.22,1894.47,1909.1176
1786548600000,1894.47,1896.29,1891.36,1894.52,1699.8015
1786549500000,1894.52,1895.76,1892.52,1892.75,1834.3424
1786550400000,1892.75,1893.55,1889.24,1892.96,1578.374
1786551300000,1892.96,1895.77,1892.42,1894.92,1501.4031
1786552200000,1894.92,1895.35,1892.36,1892.52,1330.4846
1786553100000,1892.52,1892.62,1890.41,1890.7,813.3054
1786554000000,1890.7,1891.89,1889.5,1889.77,1375.0089
1786554900000,1889.77,1890.2,1885.12,1886.92,2559.3432
1786555800000,1886.92,1890.46,1885.21,1888.1,1220.919
1786556700000,1888.09,1890.13,1887.26,1888.14,889.9785
1786557600000,1888.13,1890.45,1887,1889.63,868.5742
1786558500000,1889.62,1889.62,1886.01,1887.15,775.3399
1786559400000,1887.15,1891.33,1886.83,1887.8,1144.2113
1786560300000,1887.8,1887.81,1885.5,1885.55,883.4218
1786561200000,1885.54,1886.67,1883.92,1884.11,1059.2376
1786562100000,1884.1,1886.8,1882.06,1884.55,1367.9838
1786563000000,1884.55,1885.38,1879.14,1880.12,2262.8247
1786563900000,1880.11,1880.65,1877.98,1879.38,1977.3213
1786564800000,1879.37,1882.53,1877.81,1880.49,1525.5844
1786565700000,1880.49,1884.26,1879.39,1884.26,839.4552
1786566600000,1884.25,1887.4,1884.25,1886.47,1241.9479
1786567500000,1886.48,1887.68,1885.65,1886.6,625.1638
1786568400000,1886.6,1889.47,1885.86,1886.06,1059.8041
1786569300000,1886.06,1886.98,1873.29,1878.41,2926.4134
1786570200000,1878.4,1883.23,1875.52,1883.18,1786.2518
1786571100000,1883.19,1884.32,1877.17,1877.95,2085.4856
1786572000000,1877.94,1881.37,1875.63,1879.11,2604.4554
1786572900000,1879.12,1881.15,1878.76,1879.91,787.1248
1786573800000,1879.91,1879.97,1876.72,1878.02,1003.4565
1786574700000,1878.03,1878.91,1877.04,1878.45,839.3506
1786575600000,1878.46,1878.94,1875.3,1876.54,1574.3641
1786576500000,1876.54,1878.28,1874.81,1876.98,896.8289
1786577400000,1876.98,1879.25,1876.98,1878.2,634.0596
1786578300000,1878.2,1880.11,1878,1879.81,782.287
1786579200000,1879.8,1883.73,1878.9,1882.85,2412.7888
1786580100000,1882.85,1885.55,1881.44,1882.34,1330.1543
1786581000000,1882.34,1882.35,1877.26,1879.07,2120.0511
1786581900000,1879.08,1883.51,1878.18,1880.29,1013.0983
1786582800000,1880.28,1882.83,1878.78,1882.83,1288.6136
1786583700000,1882.83,1882.83,1875.25,1876.37,1855.0555
1786584600000,1876.37,1880.43,1876.11,1876.16,1026.7549
1786585500000,1876.15,1880.04,1875.01,1878.09,2008.6067
1786586400000,1878.09,1879.09,1876.85,1877.82,1599.9319
1786587300000,1877.82,1878.23,1876.35,1877.26,956.3041
1786588200000,1877.25,1877.26,1873.17,1876.89,1542.4417
1786589100000,1876.89,1883.28,1876.02,1881.93,1577.3055
1786590000000,1881.94,1884.78,1881.68,1883.45,1932.2195
1786590900000,1883.45,1884.99,1882.8,1883.01,1066.4498
1786591800000,1883.01,1886.32,1883.01,1883.96,1519.9642
1786592700000,1883.97,1888.89,1883.96,1887.52,1785.6271
1786593600000,1887.52,1887.93,1886.09,1887.3,573.0694
1786594500000,1887.3,1887.3,1885.46,1886.03,745.9246
1786595400000,1886.03,1891.1,1886.03,1891.09,1369.2818
1786596300000,1891.09,1894.99,1891.09,1892.37,1796.1607
1786597200000,1892.37,1898.56,1891.77,1898.35,3315.6787
1786598100000,1898.35,1900,1896.55,1898.63,2317.6622
1786599000000,1898.64,1899.41,1896.43,1897.38,1307.5315
1786599900000,1897.39,1898.13,1895.81,1895.81,677.4635
1786600800000,1895.8,1896.07,1892.54,1894.17,897.461
1786601700000,1894.17,1895.71,1893.85,1894.6,688.4133
1786602600000,1894.61,1894.61,1892.17,1892.91,798.5285
1786603500000,1892.92,1898.62,1892.91,1898.62,1076.7051
1786604400000,1898.62,1898.93,1896.12,1897.08,794.0766
1786605300000,1897.08,1898,1896.45,1897.99,721.0966
1786606200000,1898,1898.13,1896.84,1896.85,1374.2135
1786607100000,1896.85,1896.88,1895.31,1895.57,1323.0878
1786608000000,1895.57,1897,1892.73,1892.91,1294.0129
1786608900000,1892.92,1893.33,1892.23,1892.64,826.2328
1786609800000,1892.64,1893.15,1891.75,1892.07,2408.326
1786610700000,1892.07,1892.07,1888.38,1890.05,3056.3174
1786611600000,1890.05,1890.05,1882.11,1883.04,1766.4023
1786612500000,1883.04,1886.83,1881.39,1885.75,1283.2431
1786613400000,1885.75,1888.02,1885.74,1887.9,988.5843
1786614300000,1887.89,1890.59,1887.56,1889.78,1818.2555
1786615200000,1889.78,1890.24,1882.45,1884.9,4888.9117
1786616100000,1884.9,1886.97,1884.69,1885.05,1365.4283
1786617000000,1885.05,1885.13,1882.08,1883.69,1701.0021
1786617900000,1883.7,1884.11,1882.95,1883.17,1010.5155
1786618800000,1883.18,1883.72,1881.04,1881.47,1135.0687
1786619700000,1881.47,1881.47,1876.71,1876.92,2504.9884
1786620600000,1876.92,1879.99,1875.49,1879.87,2199.5024
1786621500000,1879.86,1881.19,1878.69,1880.39,1161.143
1786622400000,1880.4,1883.7,1879.17,1883.61,1057.947
1786623300000,1883.62,1885.12,1882.52,1884.77,1038.7599
1786624200000,1884.77,1890.18,1882.43,1887.38,2728.0593
1786625100000,1887.39,1889.5,1886.83,1889.04,1911.0387
1786626000000,1889.04,1895.71,1889.04,1892.23,4430.4798
1786626900000,1892.24,1892.47,1887.15,1888.35,2184.8502
1786627800000,1888.33,1895.44,1887.06,1893.54,2903.3105
1786628700000,1893.54,1894.37,1889.71,1890.39,2097.277
1786629600000,1890.39,1894.92,1888.64,1892.82,1736.0255
1786630500000,1892.83,1894.29,1890.01,1891.17,1609.5679
1786631400000,1891.16,1897.36,1890.09,1896.39,2726.5905
1786632300000,1896.39,1896.62,1892.98,1893.43,1175.8679
1786633200000,1893.44,1896.04,1891.02,1892,1340.205
1786634100000,1891.99,1894.32,1882.82,1885.7,2351.5985
1786635000000,1885.69,1892,1884.57,1890.83,1726.1576
1786635900000,1890.82,1890.83,1880,1880.01,1914.8034
1786636800000,1880.01,1884.05,1878.24,1880.77,3720.4163
1786637700000,1880.77,1884.94,1878.34,1879.18,2472.7934
1786638600000,1879.18,1881.54,1863.67,1871.16,10987.7408
1786639500000,1871.15,1877.24,1869.12,1874.85,3607.649
1786640400000,1874.86,1877.46,1873.73,1876.11,1523.9281
1786641300000,1876.11,1879.76,1874.64,1877.15,1446.4785
1786642200000,1877.16,1880.09,1875.8,1879.62,1245.6046
1786643100000,1879.62,1881.01,1876.88,1876.98,1076.3497
1786644000000,1876.98,1881.83,1876.86,1879.38,771.4203
1786644900000,1879.39,1881.26,1876.9,1877.28,836.8057
1786645800000,1877.28,1879.81,1876.63,1879.79,679.9837
1786646700000,1879.79,1887.3,1879.37,1885.52,1568.9566
1786647600000,1885.52,1892.73,1885.16,1888.31,2726.9324
1786648500000,1888.31,1889.7,1886.8,1887.95,1554.6108
1786649400000,1887.95,1888.53,1885.41,1887.6,1363.6482
1786650300000,1887.6,1889.48,1886.72,1887.41,1101.469
1786651200000,1887.41,1889.34,1886.16,1887.27,945.9581
1786652100000,1887.28,1888.51,1887,1887.65,635.5246
1786653000000,1887.64,1889.56,1886.78,1887.05,385.876
1786653900000,1887.04,1887.06,1885.32,1886.43,607.8902
1786654800000,1886.43,1888.79,1886.01,1887.18,430.6214
1786655700000,1887.18,1888.46,1886.6,1888.45,302.8472
1786656600000,1888.46,1889.47,1887.85,1888.37,579.0496
1786657500000,1888.37,1888.91,1887.45,1888.76,594.2194
1786658400000,1888.77,1893.03,1888.6,1891.81,1095.3425
1786659300000,1891.8,1892.77,1890.6,1890.99,608.4964
1786660200000,1891,1891.21,1889.55,1890.84,461.5834
1786661100000,1890.83,1890.98,1889.07,1889.4,470.9537
1786662000000,1889.41,1889.41,1886.55,1886.71,521.6488
1786662900000,1886.71,1887.16,1885.6,1886,567.8592
1786663800000,1886.01,1887.36,1886,1886.66,1115.4752
1786664700000,1886.66,1886.66,1884.6,1886.15,980.3031
1786665600000,1886.16,1887.5,1885.79,1886.25,687.0065
1786666500000,1886.24,1888.83,1884.91,1886.11,845.282
1786667400000,1886.12,1889.49,1883.53,1889.1,871.6776
1786668300000,1889.1,1889.4,1886.78,1889.4,712.9429
1786669200000,1889.4,1889.45,1885.92,1886.25,1113.5147
1786670100000,1886.25,1889.45,1884.85,1886.35,895.8946
1786671000000,1886.34,1889.65,1885.78,1889.62,618.6909
1786671900000,1889.62,1890.23,1888.04,1889.41,473.0846
1786672800000,1889.41,1891.3,1887.76,1888.38,1177.5488
1786673700000,1888.38,1889.09,1886.05,1886.65,749.8903
1786674600000,1886.66,1888.79,1886.66,1888.33,486.9685
1786675500000,1888.32,1889.24,1886.62,1886.62,383.3344
1786676400000,1886.63,1886.73,1883.35,1885.72,1034.0571
1786677300000,1885.72,1889.07,1885.66,1887.09,510.4139
1786678200000,1887.1,1887.1,1883.82,1884.98,613.4663
1786679100000,1884.97,1884.98,1882.44,1883,788.7749
1786680000000,1883,1885.18,1882.16,1885.12,596.4287
1786680900000,1885.12,1887.87,1885.08,1886.16,1120.5936
1786681800000,1886.17,1886.7,1885.83,1885.84,248.8428
1786682700000,1885.83,1885.97,1884.09,1884.77,316.6596
1786683600000,1884.78,1885.54,1882.53,1882.95,598.7749
1786684500000,1882.96,1883.14,1880.55,1882.77,861.3448
1786685400000,1882.76,1884.48,1882.24,1883.81,528.0973
1786686300000,1883.81,1884.58,1883.39,1884.07,582.3868
1786687200000,1884.07,1884.08,1880.21,1880.44,1057.3872
1786688100000,1880.44,1880.55,1877.51,1877.52,1186.9471
1786689000000,1877.51,1879.33,1875.97,1877.44,1633.7452
1786689900000,1877.43,1878.45,1872.83,1872.85,2739.5162
1786690800000,1872.86,1876.52,1872.28,1875.36,1718.9602
1786691700000,1875.37,1878.29,1875.36,1877.9,1308.688
1786692600000,1877.89,1877.93,1873.82,1875.29,1266.0917
1786693500000,1875.29,1876.09,1873.27,1873.4,1361.7068
1786694400000,1873.4,1875.32,1873.39,1873.71,1592.1209
1786695300000,1873.71,1875.51,1869.32,1871.78,3049.7058
1786696200000,1871.79,1875.91,1870.14,1873.6,1737.4901
1786697100000,1873.6,1878.71,1873.28,1878.71,1140.921
1786698000000,1878.72,1878.91,1875.51,1876.48,917.7978
1786698900000,1876.48,1877.8,1874.96,1875.1,668.371
1786699800000,1875.09,1875.09,1871.34,1872.69,1777.0248
1786700700000,1872.69,1875.28,1872.69,1873.22,597.536
1786701600000,1873.21,1876,1872.51,1875.61,708.4243
1786702500000,1875.6,1877.91,1875.42,1877.2,2366.2225
1786703400000,1877.2,1878.43,1876.18,1876.39,869.5724
1786704300000,1876.38,1877.64,1875,1876.19,1079.4438
1786705200000,1876.18,1878.6,1875.07,1876.38,1330.0458
1786706100000,1876.39,1878.67,1875.93,1877.75,980.3302
1786707000000,1877.75,1881.19,1877.24,1879.56,929.2172
1786707900000,1879.56,1880.73,1877.84,1878.2,758.4684
1786708800000,1878.2,1878.89,1873.67,1875.73,1714.8934
1786709700000,1875.73,1878.63,1875.14,1878.62,993.1099
1786710600000,1878.62,1879.59,1874.95,1874.96,1369.3441
1786711500000,1874.96,1876.8,1873,1873.51,1188.1588
1786712400000,1873.51,1873.94,1867.37,1870.31,2396.4687
1786713300000,1870.31,1872.65,1867.08,1871.73,1842.498
1786714200000,1871.73,1872.66,1866.43,1869.84,2773.362
1786715100000,1869.84,1870.7,1866.9,1869.97,2101.4617
1786716000000,1869.98,1872.12,1866.7,1867.06,1926.6677
1786716900000,1867.06,1869.75,1864.28,1868.55,2209.4325
1786717800000,1868.56,1873.54,1867.86,1870.69,1478.6405
1786718700000,1870.7,1872.25,1864.52,1866.93,1504.0235
1786719600000,1866.94,1869.25,1866.28,1868.75,869.7764
1786720500000,1868.76,1879.84,1868.29,1879.72,2716.3248
1786721400000,1879.72,1884.71,1876.2,1884.12,3673.409
1786722300000,1884.12,1884.5,1881.56,1881.56,2268.4196
1786723200000,1881.56,1883.41,1879.32,1881.1,1738.5515
1786724100000,1881.11,1885.14,1880.58,1884.2,1760.7924
1786725000000,1884.21,1888.42,1883.76,1886.22,1751.3512
1786725900000,1886.22,1886.23,1884.21,1885.41,1051.104
1786726800000,1885.41,1886.15,1883.31,1885.23,836.4843
1786727700000,1885.24,1887.66,1884.4,1885.68,984.4007
1786728600000,1885.68,1886.94,1882.38,1883.15,784.7378
1786729500000,1883.15,1883.83,1876.71,1878.57,2038.9185
1786730400000,1878.57,1878.87,1874.8,1876.44,1915.4583
1786731300000,1876.43,1879,1875.61,1875.9,1070.2689
1786732200000,1875.89,1878.29,1874.51,1877.48,988.2212
1786733100000,1877.49,1877.8,1873.7,1875.76,827.0068
1786734000000,1875.75,1875.75,1873.86,1874.01,954.5385
1786734900000,1874,1878.34,1873.9,1877.87,818.2854
1786735800000,1877.88,1880.24,1876.8,1879.91,835.6053
1786736700000,1879.91,1881.96,1879.3,1880.89,1096.6228
1786737600000,1880.89,1881.9,1879.86,1880.18,422.8023
1786738500000,1880.18,1880.95,1879.25,1880.25,672.2148
1786739400000,1880.25,1880.43,1878.95,1879.67,398.2361
1786740300000,1879.67,1880.54,1879.38,1880.42,319.0266
1786741200000,1880.42,1881.25,1877.74,1878.83,477.1461
1786742100000,1878.84,1880.44,1877.7,1879.87,453.7666
1786743000000,1879.86,1880.1,1878,1878,636.2815
1786743900000,1878,1879.75,1877.35,1879.44,566.0983
1786744800000,1879.43,1881.16,1877.34,1877.56,763.1348
1786745700000,1877.56,1878.01,1876.1,1876.5,707.8447
1786746600000,1876.51,1879.85,1876.46,1879.84,336.4736
1786747500000,1879.85,1880.09,1879.06,1879.77,367.8884
1786748400000,1879.77,1881.17,1879.42,1880.92,376.3142
1786749300000,1880.92,1881.28,1879.56,1880.88,500.44
1786750200000,1880.88,1881.84,1878.74,1880.59,588.3078
1786751100000,1880.59,1882.67,1880.38,1882.2,468.0485
1786752000000,1882.2,1883,1881.71,1882.19,594.6678
1786752900000,1882.2,1883.19,1882.01,1882.68,355.7482
1786753800000,1882.69,1883.48,1882.2,1882.71,391.5898
1786754700000,1882.72,1882.98,1881.91,1882.41,264.5352
1786755600000,1882.41,1882.82,1881.12,1882.81,697.9898
1786756500000,1882.81,1884.37,1882.46,1884.02,601.5484
1786757400000,1884.02,1884.69,1883.36,1883.86,304.9513
1786758300000,1883.86,1884.39,1883.82,1884,232.8817
1786759200000,1884,1885,1883.99,1885,391.8393
1786760100000,1884.99,1885.82,1884.99,1885,471.2179
1786761000000,1885,1885.54,1884.28,1884.56,483.0971
1786761900000,1884.56,1884.94,1884.14,1884.94,348.8245
1786762800000,1884.94,1886.35,1884.93,1886.02,545.4547
1786763700000,1886.02,1886.59,1884.7,1884.75,683.816
1786764600000,1884.76,1884.9,1883.08,1883.09,568.7195
1786765500000,1883.09,1883.45,1882.68,1882.68,206.6811
1786766400000,1882.69,1883.8,1882.69,1883.8,262.1734
1786767300000,1883.79,1884.42,1883.46,1884.41,190.0673
1786768200000,1884.41,1885.69,1884.21,1885.69,484.3428
1786769100000,1885.69,1885.69,1884.37,1884.37,415.8714
1786770000000,1884.38,1885.36,1883.78,1884.79,498.1221
1786770900000,1884.79,1884.9,1883.27,1883.35,352.0286
1786771800000,1883.34,1883.58,1880.26,1881.43,524.6513
1786772700000,1881.43,1881.6,1880,1880.66,506.0744
1786773600000,1880.67,1881.92,1880.16,1880.17,410.3148
1786774500000,1880.17,1881.32,1880.12,1880.42,902.7982
1786775400000,1880.43,1881.77,1880.02,1881.77,761.4816
1786776300000,1881.76,1883.61,1881.75,1882.16,366.0499
1786777200000,1882.17,1882.59,1880.67,1882.59,582.372
1786778100000,1882.59,1882.59,1881.12,1881.18,334.0116
1786779000000,1881.18,1881.5,1880.86,1881.25,192.993
1786779900000,1881.24,1881.25,1880.19,1880.4,262.1514
1786780800000,1880.4,1880.95,1879.38,1880.79,1125.0583
1786781700000,1880.8,1881.69,1880.79,1881.22,584.1114
1786782600000,1881.23,1881.23,1878.56,1878.7,1063.017
1786783500000,1878.7,1879.2,1876.53,1877.05,675.3911
1786784400000,1877.04,1877.79,1876.01,1877.79,823.6323
1786785300000,1877.79,1878.49,1877.58,1878.49,624.1832
1786786200000,1878.48,1879.88,1878.48,1879.72,454.6686
1786787100000,1879.71,1881.32,1879.71,1880.44,335.9933
1786788000000,1880.45,1880.58,1878.42,1879.26,390.666
1786788900000,1879.26,1879.41,1879.25,1879.41,188.0386
1786789800000,1879.42,1880.99,1878.93,1880.14,608.7368
1786790700000,1880.14,1881.39,1880.14,1881.01,255.1178
1786791600000,1881,1881.3,1880.57,1880.68,219.8968
1786792500000,1880.68,1880.74,1879.83,1879.92,247.6102
1786793400000,1879.93,1880.43,1879.35,1880.31,284.8198
1786794300000,1880.3,1880.4,1879.24,1879.49,228.2499
1786795200000,1879.49,1879.53,1878.6,1878.6,430.6285
1786796100000,1878.6,1879.11,1878.56,1878.76,231.133
1786797000000,1878.75,1879.07,1878.37,1878.74,363.6888
1786797900000,1878.74,1883.97,1878.19,1883.86,1205.665
1786798800000,1883.86,1884.86,1882.33,1884.12,1054.0391
1786799700000,1884.12,1884.36,1882.76,1883.11,592.857
1786800600000,1883.11,1883.99,1883.05,1883.43,1030.7769
1786801500000,1883.43,1884.93,1883.04,1883.86,993.1113
1786802400000,1883.85,1883.86,1882.52,1883.15,681.4889
1786803300000,1883.15,1883.38,1881.47,1882.14,699.9647
1786804200000,1882.14,1883.01,1882.14,1882.8,402.9096
1786805100000,1882.8,1884.61,1882.53,1883.56,332.3785
1786806000000,1883.55,1884.16,1883.12,1883.66,454.9979
1786806900000,1883.67,1885,1883.11,1884.23,559.2268
1786807800000,1884.23,1885.83,1884.15,1885.51,820.5815
1786808700000,1885.52,1885.61,1884.83,1884.91,520.2575
1786809600000,1884.92,1885.36,1883.92,1884.56,1176.02
1786810500000,1884.56,1885.7,1883.95,1885.69,322.331
1786811400000,1885.69,1885.7,1884.45,1884.45,429.3398
1786812300000,1884.45,1885.17,1884.28,1884.98,874.0304
1786813200000,1884.98,1885.7,1884.91,1885.7,752.6989
1786814100000,1885.7,1886.58,1883.03,1883.29,1066.1031
1786815000000,1883.29,1884.29,1883.28,1883.88,918.5447
1786815900000,1883.87,1884.49,1883.78,1884.49,340.4184
1786816800000,1884.49,1885.8,1884.48,1884.54,496.9952
1786817700000,1884.54,1884.83,1882.59,1882.6,299.9055
1786818600000,1882.59,1882.96,1882.59,1882.95,269.8168
1786819500000,1882.95,1883,1882.82,1882.82,169.0903
1786820400000,1882.82,1883.26,1882.82,1883.25,356.3917
1786821300000,1883.26,1884.6,1883.26,1884.02,231.3879
1786822200000,1884.02,1884.97,1884.01,1884.27,313.5621
1786823100000,1884.27,1884.84,1884.27,1884.55,212.9069
1786824000000,1884.55,1884.56,1883.9,1883.9,205.6668
1786824900000,1883.9,1883.91,1883,1883.21,302.3682
1786825800000,1883.21,1883.22,1882.8,1883.03,168.1212
1786826700000,1883.03,1883.42,1883.03,1883.42,171.3961
1786827600000,1883.41,1884.49,1883.41,1884.06,378.2831
1786828500000,1884.06,1884.81,1884.05,1884.62,263.8576
1786829400000,1884.62,1885.3,1884.6,1885.29,562.0105
1786830300000,1885.29,1885.6,1884.63,1885.17,990.317
1786831200000,1885.16,1885.64,1884.46,1884.85,534.7314
1786832100000,1884.86,1885.8,1884.68,1885.79,429.6674
1786833000000,1885.8,1885.8,1884.68,1884.82,539.4306
1786833900000,1884.82,1885.5,1884.48,1884.84,386.0328
1786834800000,1884.84,1884.85,1881.98,1883.6,893.8937
1786835700000,1883.6,1883.61,1882.3,1883.17,524.1382
1786836600000,1883.18,1883.88,1882.89,1883.24,376.085
1786837500000,1883.24,1883.3,1882.61,1882.64,569.5864
1786838400000,1882.64,1883.33,1882.46,1882.72,474.4645
1786839300000,1882.72,1882.75,1882.26,1882.74,529.3469
1786840200000,1882.74,1883.06,1882.22,1882.88,505.6933
1786841100000,1882.88,1883.2,1881.67,1882.57,425.5296
1786842000000,1882.57,1882.57,1880.19,1881.33,688.1584
1786842900000,1881.33,1882.08,1880.42,1880.42,314.8722
1786843800000,1880.41,1880.8,1877.01,1880.61,1180.3989
1786844700000,1880.6,1880.61,1879.34,1880.54,518.3365
1786845600000,1880.54,1881.3,1879.09,1879.18,327.0025
1786846500000,1879.18,1885,1879.17,1884.22,1219.3991
1786847400000,1884.21,1885,1883.32,1884.18,552.5615
1786848300000,1884.17,1884.18,1882.98,1883.71,455.0391
1786849200000,1883.71,1884.24,1883.58,1884.08,487.1591
1786850100000,1884.09,1884.28,1883.24,1883.35,627.9262
1786851000000,1883.35,1883.84,1883.34,1883.67,280.7681
1786851900000,1883.67,1883.68,1883.03,1883.3,310.2076
1786852800000,1883.31,1883.56,1882.79,1882.95,301.4431
1786853700000,1882.94,1884.56,1882.8,1884.23,270.3663
1786854600000,1884.23,1884.24,1882.2,1882.67,458.5973
1786855500000,1882.66,1882.67,1880.6,1881.7,263.2746
1786856400000,1881.7,1881.92,1881.29,1881.71,392.3245
1786857300000,1881.7,1881.71,1879.75,1880.63,468.2074
1786858200000,1880.62,1881.34,1880.4,1880.67,506.3359
1786859100000,1880.66,1880.68,1879.16,1879.81,678.1905
1786860000000,1879.82,1880.58,1879.8,1879.8,317.6847
1786860900000,1879.8,1880.11,1879,1880.11,744.7278
1786861800000,1880.1,1880.82,1879.66,1880.7,496.6595
1786862700000,1880.69,1881.59,1880.57,1880.58,330.8403
1786863600000,1880.58,1880.58,1879.91,1880.55,301.821
1786864500000,1880.56,1881.65,1880.55,1881.41,282.8423
1786865400000,1881.4,1881.41,1881.14,1881.14,184.5295
1786866300000,1881.15,1881.54,1881.14,1881.54,330.508
1786867200000,1881.54,1881.56,1880.8,1880.8,368.2855
1786868100000,1880.8,1880.95,1880.8,1880.8,194.6944
1786869000000,1880.79,1881.24,1880.48,1880.48,329.1521
1786869900000,1880.48,1880.94,1880.48,1880.94,337.2525
1786870800000,1880.94,1882.09,1880.93,1882.09,794.3211
1786871700000,1882.09,1882.52,1881.78,1881.78,1077.2921
1786872600000,1881.78,1882.01,1879.87,1880.05,822.148
1786873500000,1880.05,1881.28,1879.27,1880.43,476.8638
1786874400000,1880.42,1880.78,1879.62,1879.63,845.3004
1786875300000,1879.63,1880.55,1879.62,1880.54,446.3034
1786876200000,1880.55,1880.75,1880.19,1880.74,505.0068
1786877100000,1880.74,1881.17,1880.74,1880.79,248.7622
1786878000000,1880.8,1881.08,1880.71,1880.78,302.7083
1786878900000,1880.78,1880.83,1880.3,1880.64,179.4819
1786879800000,1880.64,1880.82,1880.54,1880.55,277.6992
1786880700000,1880.54,1880.95,1880.16,1880.94,512.3149
1786881600000,1880.94,1880.95,1880.05,1880.05,353.2614
1786882500000,1880.04,1880.62,1880.04,1880.61,151.2073
1786883400000,1880.62,1880.62,1879.32,1879.5,308.9089
1786884300000,1879.51,1880.17,1879.5,1879.83,294.2474
1786885200000,1879.82,1881.11,1879.82,1880.96,274.8579
1786886100000,1880.96,1881.35,1880.81,1880.81,336.5226
1786887000000,1880.81,1881.96,1880.81,1881.53,608.9186
1786887900000,1881.52,1881.97,1881.52,1881.96,403.5471
1786888800000,1881.96,1882.67,1881.96,1882.5,502.3265
1786889700000,1882.5,1884.49,1882.05,1882.06,1392.1761
1786890600000,1882.05,1883.74,1882.05,1882.8,609.2936
1786891500000,1882.81,1883.51,1882.8,1883.5,429.0466
1786892400000,1883.51,1883.73,1883.5,1883.68,360.7518
1786893300000,1883.69,1884,1883.68,1884,632.7935
1786894200000,1884,1885,1882.33,1882.62,1213.3994
1786895100000,1882.63,1884.78,1882.63,1884.06,1260.968
1786896000000,1884.06,1885.7,1884.06,1885.66,861.9763
1786896900000,1885.65,1889.41,1885.4,1888.15,2681.5229
1786897800000,1888.15,1892.31,1888.15,1890.17,2887.2152
1786898700000,1890.18,1890.73,1888.13,1889.58,804.4152
1786899600000,1889.59,1891.03,1887.66,1888.12,748.0735
1786900500000,1888.13,1888.13,1886.51,1887.32,481.8802
1786901400000,1887.31,1887.32,1883.81,1884.76,845.2346
1786902300000,1884.76,1886.41,1884.75,1885.17,441.8633
1786903200000,1885.18,1885.95,1882.63,1884.61,966.9067
1786904100000,1884.62,1886.41,1884.62,1886.05,709.2471
1786905000000,1886.06,1886.33,1884.62,1885.14,664.7163
1786905900000,1885.14,1885.9,1885.14,1885.49,306.1033
1786906800000,1885.49,1886.96,1885.49,1886.48,445.8371
1786907700000,1886.48,1887.76,1886.14,1887.76,388.2317
1786908600000,1887.76,1888.75,1885.26,1885.44,1001.6135
1786909500000,1885.44,1886.39,1884.48,1885.83,677.5495
1786910400000,1885.83,1887.04,1885.6,1887.03,366.4267
1786911300000,1887.03,1887.58,1885.96,1886.29,610.8933
1786912200000,1886.28,1886.29,1882.97,1883.83,914.054
1786913100000,1883.84,1884.27,1881.59,1882,775.621
1786914000000,1881.99,1882.92,1880.36,1882,1033.72
1786914900000,1882,1882.91,1879.16,1880.13,1272.1809
1786915800000,1880.13,1881.19,1869.17,1874.82,3854.0196
1786916700000,1874.81,1876.88,1872,1875.56,1843.7872
1786917600000,1875.55,1877.8,1870.62,1877.7,2847.3014
1786918500000,1877.69,1878.26,1874.68,1875.29,1366.4832
1786919400000,1875.29,1875.3,1869.26,1873.47,2766.3783
1786920300000,1873.47,1876.05,1872.33,1876.05,957.6763
1786921200000,1876.05,1877.48,1873.91,1873.91,1168.1699
1786922100000,1873.91,1876.2,1873.85,1873.9,802.0083
1786923000000,1873.89,1876.23,1873.54,1876.23,600.2605
1786923900000,1876.22,1877.17,1875.35,1876,408.0266
1786924800000,1876.01,1876.8,1874.41,1875.77,744.7705
1786925700000,1875.77,1876.63,1872.46,1876.63,1273.2656
1786926600000,1876.63,1877.95,1873.22,1877.92,1258.2018
1786927500000,1877.92,1880.19,1875.09,1878.93,1354.3049
1786928400000,1878.92,1896.9,1878.21,1889.52,7708.7729
1786929300000,1889.52,1896.53,1888.5,1894.47,3444.4944
1786930200000,1894.48,1897.29,1892.08,1894.72,2557.7655
1786931100000,1894.73,1895.38,1891.65,1891.65,2508.9088
1786932000000,1891.66,1893,1888.72,1890.23,1024.3783
1786932900000,1890.22,1895,1888.97,1893.78,1275.6959
1786933800000,1893.78,1897,1892.4,1895.75,3626.868
1786934700000,1895.74,1908.62,1895.6,1902.36,7170.0129
1786935600000,1902.35,1905,1901.99,1903.03,3430.5417
1786936500000,1903.04,1903.52,1898.33,1898.59,1589.914
1786937400000,1898.59,1900.87,1898.06,1900.1,2048.8713
1786938300000,1900.1,1903.12,1899.62,1900.92,1180.6002
1786939200000,1900.93,1904.62,1900.93,1903.9,1085.904
1786940100000,1903.9,1904.73,1902.6,1902.62,1204.0255
1786941000000,1902.63,1903.2,1901.46,1902.32,1380.2533
1786941900000,1902.33,1904.5,1902.32,1903.34,953.3076
1786942800000,1903.33,1903.5,1900.01,1901.53,1140.8366
1786943700000,1901.54,1904,1901.13,1901.31,871.3766
1786944600000,1901.31,1901.35,1898.25,1898.89,1270.6574
1786945500000,1898.89,1900,1898.59,1899.65,868.3913
1786946400000,1899.66,1901.34,1897.13,1901.02,3551.7088
1786947300000,1901.02,1902.04,1900.01,1901.41,1049.1664
1786948200000,1901.4,1903.31,1900.83,1903.31,1184.2913
1786949100000,1903.31,1912.6,1903,1907.05,7049.4301
1786950000000,1907.06,1907.93,1903.33,1905.26,3224.9783
1786950900000,1905.26,1906,1902.72,1905.39,990.1915
1786951800000,1905.39,1905.39,1902.37,1902.4,1762.8002
1786952700000,1902.4,1902.77,1900.77,1900.93,2569.8679
1786953600000,1900.93,1901.72,1892.9,1895.8,3269.8247
1786954500000,1895.81,1896.63,1891.57,1895.37,2249.768
1786955400000,1895.37,1895.65,1892.94,1893.41,1346.5947
1786956300000,1893.4,1895.34,1891.92,1894.43,1149.7732
1786957200000,1894.44,1897.4,1894.43,1896.88,1202.8176
1786958100000,1896.88,1897.4,1894,1895.78,803.4088
1786959000000,1895.79,1895.79,1893.5,1893.78,697.7414
1786959900000,1893.77,1894.37,1893.15,1894.02,582.3697
1786960800000,1894.02,1894.12,1892.62,1893.78,403.0871
1786961700000,1893.79,1898.77,1892.16,1898.77,1379.6877
1786962600000,1898.76,1907.2,1898.28,1907.2,2794.5669
1786963500000,1907.2,1909.49,1904.78,1907.16,2472.182
1786964400000,1907.15,1907.57,1905.73,1907.08,1431.8478
1786965300000,1907.08,1907.28,1905.4,1905.88,914.2172
1786966200000,1905.88,1906.72,1905.64,1906.03,872.2147
1786967100000,1906.03,1908.55,1904.09,1904.46,1618.1785
1786968000000,1904.46,1906.71,1902.35,1904.45,1231.3459
1786968900000,1904.45,1904.46,1898.4,1899.22,2471.1082
1786969800000,1899.23,1901.11,1896.46,1898.41,1553.6542
1786970700000,1898.41,1900.58,1897.7,1899.22,1091.5133
1786971600000,1899.22,1900.68,1897.65,1899.23,1468.0454
1786972500000,1899.23,1899.23,1896.28,1898.6,1493.4195
1786973400000,1898.59,1909.11,1897.42,1904.52,5089.513
1786974300000,1904.51,1907.7,1902.81,1904.92,2123.4416
1786975200000,1904.92,1904.92,1899.48,1902.11,1799.8453
1786976100000,1902.1,1903.6,1898.37,1899.85,1651.9837
1786977000000,1899.85,1902.62,1898.44,1901.31,1283.4259
1786977900000,1901.3,1911.51,1901,1909.61,3251.0842
1786978800000,1909.61,1909.8,1904.87,1904.87,2725.4427
1786979700000,1904.87,1911,1904.54,1909.43,3142.5088
1786980600000,1909.43,1910.7,1907.12,1909.61,2385.3327
1786981500000,1909.61,1915.5,1909.42,1913.22,7010.1729
1786982400000,1913.22,1913.85,1908.39,1909.11,1948.63
1786983300000,1909.11,1910.74,1908.11,1908.11,919.1561
1786984200000,1908.11,1910.94,1907.41,1907.71,1297.4264
1786985100000,1907.7,1909.07,1905.37,1907.22,1341.2414
1786986000000,1907.21,1907.22,1905.01,1905.21,2222.4698
1786986900000,1905.21,1914.19,1905,1908.64,3999.0022
1786987800000,1908.65,1909.55,1904.59,1907.86,1837.0376
1786988700000,1907.85,1909.77,1907.85,1908.91,868.2582
1786989600000,1908.9,1909.77,1907.33,1908.74,1112.9253
1786990500000,1908.75,1912.91,1908.54,1910.62,1917.215
1786991400000,1910.63,1911.07,1908.54,1910.82,1420.1212
1786992300000,1910.82,1911.52,1909.27,1910.01,1144.5628
1786993200000,1910,1910.2,1906.91,1906.92,1004.6974
1786994100000,1906.91,1910.43,1906.69,1909.84,990.4497
1786995000000,1909.83,1910.92,1907.73,1909.64,970.7343
1786995900000,1909.63,1909.64,1907.1,1907.25,759.5993
1786996800000,1907.24,1907.64,1905.88,1906.62,614.5888
1786997700000,1906.63,1909.18,1905,1908.81,1373.8888
1786998600000,1908.81,1910.6,1907.19,1910.6,1088.038
1786999500000,1910.6,1910.77,1905.32,1906.73,1408.0038
1787000400000,1906.73,1908.82,1906.36,1908.15,1461.1462
1787001300000,1908.15,1908.49,1906.07,1906.24,377.8931
1787002200000,1906.23,1907.62,1905.91,1906.31,638.5215
1787003100000,1906.31,1907.06,1905.99,1906.35,480.4397
1787004000000,1906.35,1908.03,1905.2,1905.23,798.3215
1787004900000,1905.22,1906.06,1903.59,1904.22,526.2197
1787005800000,1904.21,1905.17,1903.59,1904.53,383.6984
1787006700000,1904.53,1904.89,1904.24,1904.55,371.7896
1787007600000,1904.56,1908.36,1904.01,1908.03,933.5411
1787008500000,1908.03,1915.33,1908,1915.33,2058.3008
1787009400000,1915.33,1918.71,1912.54,1912.55,3388.9565
1787010300000,1912.55,1914.48,1912.41,1913.6,755.7421
1787011200000,1913.59,1914.38,1910.21,1910.67,1032.6918
1787012100000,1910.68,1913,1910.67,1911.92,881.9675
1787013000000,1911.92,1911.92,1908.62,1909.88,1039.9589
1787013900000,1909.89,1910.25,1909.01,1910.11,654.1031
1787014800000,1910.12,1910.33,1906.21,1908.24,1000.4741
1787015700000,1908.24,1908.47,1906.87,1907.31,510.6762
1787016600000,1907.31,1907.95,1903.93,1905.14,839.65
1787017500000,1905.15,1905.15,1899.78,1901.54,3035.668
1787018400000,1901.53,1903.6,1899.77,1899.78,1576.3869
1787019300000,1899.77,1900.69,1897.75,1897.76,1477.4483
1787020200000,1897.75,1898.22,1894.06,1894.6,1366.5621
1787021100000,1894.6,1896.64,1889.28,1893.19,4920.7594
1787022000000,1893.19,1895.3,1891.58,1891.66,1427.4911
1787022900000,1891.66,1893.9,1889.25,1891.03,2478.4298
1787023800000,1891.03,1895.46,1885.78,1895.46,3620.9974
1787024700000,1895.45,1895.49,1893.72,1894.69,1906.2281
1787025600000,1894.68,1895.5,1891.53,1895.08,1060.9104
1787026500000,1895.08,1895.08,1893.88,1894.85,899.9176
1787027400000,1894.85,1897.43,1894.85,1896.88,1507.6621
1787028300000,1896.89,1897.7,1895.85,1896.66,543.7288
1787029200000,1896.66,1898.95,1895.16,1897.84,1037.3259
1787030100000,1897.84,1898.59,1895.86,1896.11,1388.6393
1787031000000,1896.1,1896.93,1892.75,1896.9,1345.0247
1787031900000,1896.9,1896.91,1895.11,1895.63,779.5563
1787032800000,1895.62,1897.09,1893.64,1896.33,1298.4134
1787033700000,1896.33,1900.6,1896.32,1900.08,1321.7551
1787034600000,1900.09,1906.94,1900.09,1905.49,1674.8577
1787035500000,1905.49,1906.16,1901.09,1902.83,816.8979
1787036400000,1902.84,1903.27,1901.53,1902.48,895.625
1787037300000,1902.48,1902.84,1899.48,1899.48,703.7528
1787038200000,1899.48,1902.34,1898.92,1900.35,1711.4973
1787039100000,1900.34,1900.35,1897.07,1898.84,2568.181
1787040000000,1898.83,1899.04,1893.8,1897.18,1678.6668
1787040900000,1897.19,1900.4,1897.19,1897.82,2289.6146
1787041800000,1897.82,1901.83,1897.43,1900.01,681.7835
1787042700000,1900,1900.39,1898.1,1900.3,1045.0125
1787043600000,1900.31,1900.31,1898.23,1898.97,726.1422
1787044500000,1898.97,1899.11,1895.58,1896.36,1923.9642
1787045400000,1896.37,1897.75,1895.87,1896.58,2244.1764
1787046300000,1896.57,1897.52,1895.95,1896.93,847.2597
1787047200000,1896.93,1898.38,1895.21,1896.12,780.3073
1787048100000,1896.12,1897,1895.4,1896.77,616.0403
1787049000000,1896.78,1899.56,1896.69,1897.49,1162.8198
1787049900000,1897.49,1898.35,1897.49,1898.02,569.2075
1787050800000,1898.01,1902.01,1897.65,1902,1300.5433
1787051700000,1902.01,1905.65,1902,1904.89,1547.8315
1787052600000,1904.89,1905.32,1903.91,1904.58,731.7028
1787053500000,1904.58,1905.17,1902.77,1903.11,734.4097
1787054400000,1903.12,1904.07,1901.05,1901.6,724.316
1787055300000,1901.6,1902.73,1900.72,1901.59,574.0356
1787056200000,1901.59,1901.82,1899.61,1899.61,788.0297
1787057100000,1899.6,1900.96,1899.11,1899.48,607.6965
1787058000000,1899.48,1899.48,1897.16,1898.11,822.436
1787058900000,1898.11,1898.11,1895.64,1895.8,859.4211
1787059800000,1895.8,1900,1894,1897.28,3366.213
1787060700000,1897.27,1900,1894.72,1897.84,1245.0374
1787061600000,1897.84,1902.32,1897.69,1897.93,1514.1913
1787062500000,1897.92,1919.7,1897.31,1918.23,8128.2902
1787063400000,1918.23,1923.27,1911.22,1912.36,7684.2943
1787064300000,1912.36,1915.76,1909.22,1911.02,2707.029
1787065200000,1911.03,1917.27,1908.44,1912.66,5663.144
1787066100000,1912.66,1917,1912.33,1916.01,2550.6725
1787067000000,1916.01,1919.93,1915.43,1916.97,2879.2233
1787067900000,1916.96,1918.63,1915.7,1917.7,2528.8324
1787068800000,1917.71,1919.4,1914.67,1914.95,1957.8638
1787069700000,1914.95,1915.92,1913.5,1913.68,1220.6595
1787070600000,1913.68,1918.9,1912.78,1918.27,2576.558
1787071500000,1918.27,1922.3,1917.88,1918.47,2302.1589
1787072400000,1918.47,1918.62,1914.78,1915.7,1642.6009
1787073300000,1915.71,1917,1914.53,1916.31,938.7105
1787074200000,1916.31,1916.39,1913,1914.16,2236.5085
1787075100000,1914.15,1914.41,1911.34,1911.38,863.3804
1787076000000,1911.38,1914.32,1910.81,1914.32,691.9354
1787076900000,1914.31,1916.4,1914.14,1916.39,594.5495
1787077800000,1916.39,1917.54,1915.67,1915.99,1316.0819
1787078700000,1915.99,1917.24,1915.59,1916.6,911.8169
1787079600000,1916.6,1916.6,1914.18,1914.19,701.9845
1787080500000,1914.19,1917.58,1913.33,1916.7,1028.2098
1787081400000,1916.7,1916.89,1914.58,1914.72,904.7022
1787082300000,1914.72,1915.26,1913.14,1913.28,749.4505
1787083200000,1913.28,1914.62,1911.98,1914.62,549.1174
1787084100000,1914.61,1914.62,1912.27,1913.05,1059.2547
1787085000000,1913.05,1915.71,1912.84,1913.93,686.502
1787085900000,1913.94,1914.23,1911.81,1913.02,1405.3678
1787086800000,1913.01,1915.01,1913.01,1913.63,747.0222
1787087700000,1913.63,1914.12,1913.01,1913.37,514.5289
1787088600000,1913.37,1913.38,1910.87,1911.82,936.898
1787089500000,1911.81,1912.41,1911.26,1912.22,759.1641
1787090400000,1912.21,1914.92,1911.81,1913.93,1259.4191
1787091300000,1913.92,1915,1913.07,1914.58,1476.421
1787092200000,1914.58,1915.35,1913.71,1913.79,1064.6193
1787093100000,1913.78,1913.86,1912.56,1913.42,891.6014
1787094000000,1913.42,1916.93,1912.97,1916.69,694.2518
1787094900000,1916.7,1919.34,1916.7,1918.66,1119.6638
1787095800000,1918.65,1920,1918.65,1919.41,888.2932
1787096700000,1919.4,1920.1,1917.21,1917.85,902.0301
1787097600000,1917.85,1918.8,1912.14,1913.61,1842.2426
1787098500000,1913.6,1919.15,1912.42,1916.48,1216.5161
1787099400000,1916.47,1918,1914.13,1914.89,1091.3773
1787100300000,1914.88,1915.72,1913.3,1913.62,1014.8879
1787101200000,1913.62,1918.08,1912.76,1916.6,2063.2993
1787102100000,1916.6,1916.63,1912.28,1915.35,1584.2039
1787103000000,1915.35,1915.68,1912.8,1914.02,1335.8777
1787103900000,1914.02,1915.13,1912.98,1913.68,925.9653
1787104800000,1913.68,1913.88,1911.06,1912.73,1351.3658
1787105700000,1912.73,1912.73,1907.43,1910.38,2054.3711
1787106600000,1910.38,1910.51,1908.5,1909.07,1291.3613
1787107500000,1909.07,1910.48,1907.51,1907.7,983.2238
1787108400000,1907.71,1911.81,1906.19,1911.6,2286.3497
1787109300000,1911.6,1915.57,1911.52,1912.8,1579.5927
1787110200000,1912.8,1912.9,1910.72,1912.06,1088.8216
1787111100000,1912.06,1913.88,1911.32,1912.15,586.9685
1787112000000,1912.15,1912.15,1910.38,1910.95,827.2113
1787112900000,1910.96,1913.78,1910.95,1912.35,802.5593
1787113800000,1912.34,1914.56,1911.38,1911.58,1585.649
1787114700000,1911.59,1912.74,1910.17,1910.85,1068.5572
1787115600000,1910.84,1914.14,1910.36,1913.31,941.8565
1787116500000,1913.3,1913.79,1911.05,1913.6,738.4375
1787117400000,1913.6,1914.12,1912.13,1912.65,1191.6257
1787118300000,1912.64,1912.65,1909.97,1910.27,1214.606
1787119200000,1910.28,1911.17,1906,1907.06,2245.0903
1787120100000,1907.07,1912.97,1907.06,1910.91,1314.3584
1787121000000,1910.91,1912.18,1909.82,1912.13,1314.918
1787121900000,1912.13,1917.64,1912.13,1917.63,2330.4864
1787122800000,1917.64,1920.97,1915.4,1920.89,3414.7342
1787123700000,1920.9,1920.91,1917.55,1917.98,1939.1668
1787124600000,1917.98,1921.32,1917.57,1919.65,2598.4931
1787125500000,1919.65,1920.49,1915.71,1916.01,1142.2682
1787126400000,1916.01,1917.98,1915.92,1915.92,887.8999
1787127300000,1915.92,1917.17,1915.32,1917.16,617.403
1787128200000,1917.16,1929.94,1917.16,1924.35,6508.268
1787129100000,1924.35,1926.71,1921.52,1921.52,2342.8648
1787130000000,1921.52,1923.85,1921.38,1922.36,1427.2816
1787130900000,1922.36,1923.55,1921.02,1921.1,1033.5114
1787131800000,1921.11,1921.25,1918.2,1918.49,1026.0144
1787132700000,1918.49,1919.48,1918.25,1919.3,1128.2602
1787133600000,1919.3,1919.3,1917.7,1918.83,1131.6021
1787134500000,1918.83,1919.46,1917.31,1918.37,727.7682
1787135400000,1918.37,1919.23,1917.7,1918.99,392.59
1787136300000,1918.98,1920.24,1918.61,1920.22,1150.4613
1787137200000,1920.23,1926.43,1919.92,1924.75,2194.5805
1787138100000,1924.75,1924.76,1920.27,1922.1,1555.2951
1787139000000,1922.1,1924.15,1922.09,1922.15,832.1487
1787139900000,1922.15,1923.2,1922.14,1923.06,894.6432
1787140800000,1923.06,1924.15,1922.05,1924.14,1666.4415
1787141700000,1924.15,1924.15,1922.82,1923.32,1117.3938
1787142600000,1923.33,1933.51,1922.54,1933.05,7189.2398
1787143500000,1933.05,1943.21,1932.12,1937.21,11671.6581
1787144400000,1937.21,1938.44,1932.74,1935.83,8423.4706
1787145300000,1935.82,1939.21,1935.68,1937.55,5760.0339
1787146200000,1937.56,1941.65,1928.1,1932.86,8176.679
1787147100000,1932.85,1934.89,1928.69,1932.9,3207.1148
1787148000000,1932.91,1939.18,1932.79,1937.05,6145.7615
1787148900000,1937.05,1939.53,1935.56,1936.31,6785.688
1787149800000,1936.3,1941.39,1932.98,1940,4618.995
1787150700000,1939.99,1980,1939.59,1970.6,40951.0168
1787151600000,1970.61,2020,1967.4,2011.73,52688.8832
1787152500000,2011.73,2115,2008.45,2074.79,83979.0894
1787153400000,2074.78,2089.9,2056.99,2087.16,39271.1969
1787154300000,2087.16,2089.39,2076.52,2085.83,19149.8058
1787155200000,2085.83,2108,2082.24,2089.66,26235.8189
1787156100000,2089.66,2103,2089.46,2100.09,17921.6082
1787157000000,2100.1,2101.3,2085.46,2089.02,11967.3031
1787157900000,2089.01,2093.6,2086,2089.55,7426.2567
1787158800000,2089.55,2090.62,2078.52,2079.43,14351.7567
1787159700000,2079.43,2079.97,2067.43,2078.41,8211.126
1787160600000,2078.41,2087,2071.2,2085.77,6614.874
1787161500000,2085.77,2093.11,2085.23,2091.02,5362.7084
1787162400000,2091.03,2092.5,2079.04,2085.42,6675.6947
1787163300000,2085.43,2089.48,2084.81,2087.02,4210.9172
1787164200000,2087.03,2091.31,2085.78,2090.28,2955.6931
1787165100000,2090.29,2092.6,2088.38,2091.93,4129.5641
1787166000000,2091.92,2102.48,2088.92,2090.15,10552.9218
1787166900000,2090.15,2100.97,2090.14,2092.95,5129.1798
1787167800000,2092.95,2101.36,2091.49,2099.45,4773.727
1787168700000,2099.45,2105.4,2097.11,2102.02,4869.772
1787169600000,2102.02,2119.82,2102.02,2113.35,11371.9029
1787170500000,2113.35,2132.95,2108.3,2125.95,9343.5848
1787171400000,2125.95,2129.71,2121.75,2124.55,4074.171
1787172300000,2124.55,2241.56,2122.98,2218.12,53349.2853
1787173200000,2218.13,2333.65,2215.88,2259.69,84886.3631
1787174100000,2259.7,2294.1,2254.3,2283.48,20198.9882
1787175000000,2283.49,2298.78,2268.76,2284.99,17537.4267
1787175900000,2284.99,2305.52,2278.05,2286,15952.7618
1787176800000,2286,2290,2261.36,2267.98,20391.6078
1787177700000,2267.97,2273.72,2256.86,2256.86,11884.8201
1787178600000,2256.86,2266.84,2241.27,2258.74,10308.9184
1787179500000,2258.74,2259.47,2243.9,2249.99,6707.4969
1787180400000,2250,2252.56,2243.36,2246.32,6212.8115
1787181300000,2246.33,2255.17,2243.86,2252.48,4666.7013
1787182200000,2252.48,2261.7,2246.09,2257.53,5535.5463
1787183100000,2257.53,2257.7,2247.84,2252.8,4122.5339
1787184000000,2252.81,2262.59,2251.93,2259.51,9247.4133
1787184900000,2259.5,2269.77,2257.67,2264.16,6364.3194
1787185800000,2264.17,2274.25,2261.66,2268.84,5352.0554
1787186700000,2268.87,2274.12,2255.83,2262.24,12589.7515
1787187600000,2262.24,2268.12,2250,2257.43,9230.3663
1787188500000,2257.44,2260.9,2252.76,2254.68,3508.6967
1787189400000,2254.67,2266.48,2252.35,2265.78,6383.2241
1787190300000,2265.78,2270.94,2265.06,2266.66,3124.6875
1787191200000,2266.66,2270.68,2264.66,2268.37,4088.5547
1787192100000,2268.36,2268.88,2257.46,2258.28,3417.1396
1787193000000,2258.27,2262.51,2254.5,2257.29,2866.5716
1787193900000,2257.29,2258,2250,2251.89,2839.1141
1787194800000,2251.88,2252.36,2221.54,2228.63,21928.2091
1787195700000,2228.63,2243.01,2228.38,2234.52,6953.6353
1787196600000,2234.53,2251.7,2234.52,2250.54,6327.861
1787197500000,2250.54,2257.58,2249.84,2251.21,3927.4218
1787198400000,2251.21,2258.39,2249.59,2255.79,4595.4378
1787199300000,2255.79,2257.21,2253.27,2255.92,3185.9886
1787200200000,2255.92,2256.54,2248.46,2251,3535.7203
1787201100000,2251,2257.33,2250.27,2250.28,2482.5756
1787202000000,2250.27,2254.81,2249.67,2249.67,3142.1964
1787202900000,2249.68,2256.99,2249.67,2252.01,5455.3934
1787203800000,2252.01,2254.37,2250.6,2251.83,2277.6749
1787204700000,2251.83,2251.83,2243.86,2248.36,2968.6626
1787205600000,2248.36,2248.75,2238.97,2243.59,7292.8614
1787206500000,2243.58,2255.67,2242.21,2251.41,6614.8712
1787207400000,2251.41,2263.68,2251.1,2262.19,6582.6042
1787208300000,2262.2,2267.3,2261.6,2262.76,4817.893
1787209200000,2262.77,2264.77,2256.58,2256.59,4595.0152
1787210100000,2256.58,2258,2248.83,2253.17,4876.9778
1787211000000,2253.17,2253.17,2244.94,2245.09,5864.3135
1787211900000,2245.08,2251.81,2244.1,2251.81,5879.0235
1787212800000,2251.81,2287.26,2249.19,2284.03,15455.0842
1787213700000,2284.02,2284.64,2270.24,2278.34,12691.7862
1787214600000,2278.35,2278.44,2266.08,2275.45,6059.5888
1787215500000,2275.44,2286.09,2273.85,2282.25,5706.8811
1787216400000,2282.26,2297.38,2277.52,2294.99,9287.8234
1787217300000,2295,2298.39,2284.55,2284.56,11174.6224
1787218200000,2284.56,2294.13,2278.63,2289.33,7072.6757
1787219100000,2289.32,2290.36,2275.23,2278.56,6264.5633
1787220000000,2278.56,2289.72,2275.54,2288.44,16784.714
1787220900000,2288.45,2295.87,2282.51,2286.08,6244.592
1787221800000,2286.08,2288,2281,2281.72,3049.3071
1787222700000,2281.73,2287,2280.54,2287,2598.3666
1787223600000,2286.99,2295.49,2282.31,2288.83,5488.6411
1787224500000,2288.83,2296.78,2285.15,2295.37,5589.4079
1787225400000,2295.36,2315.81,2294.03,2307.26,21209.3711
1787226300000,2307.26,2320,2294,2296.58,13808.6453
1787227200000,2296.59,2300.97,2268.89,2274.43,16339.6639
1787228100000,2274.42,2282.08,2273.29,2279.05,4387.4941
1787229000000,2279.05,2284.87,2274.28,2281.07,4690.1185
1787229900000,2281.07,2293.19,2268,2290.23,5220.6964
1787230800000,2290.23,2298.19,2286.9,2294.6,5185.5592
1787231700000,2294.61,2295.99,2287.7,2288.36,6207.4606
1787232600000,2288.36,2288.66,2255.68,2274.91,13793.5063
1787233500000,2274.9,2281.74,2266,2276.91,5780.5432
1787234400000,2276.92,2289.33,2275.69,2281.32,5764.054
1787235300000,2281.33,2282.58,2271.83,2274.32,5541.6638
1787236200000,2274.32,2285.96,2273.71,2276.87,5719.3486
1787237100000,2276.88,2281.25,2271.48,2281.24,3604.4902
1787238000000,2281.24,2307.05,2281.24,2297.82,11333.3226
1787238900000,2297.81,2314.2,2292.62,2313.78,14303.6601
1787239800000,2313.78,2323.49,2298.01,2303.46,13700.5254
1787240700000,2303.45,2337.89,2303.01,2326.41,17665.913
1787241600000,2326.4,2331.6,2317.71,2319.71,11757.5399
1787242500000,2319.72,2326.94,2314.44,2326.19,9490.4815
1787243400000,2326.19,2360,2320.4,2348.94,21379.6693
1787244300000,2348.94,2349.64,2336.86,2344.48,10560.384
1787245200000,2344.48,2345,2332.44,2337.73,8702.681
1787246100000,2337.74,2346.33,2335.07,2344.19,6100.5755
1787247000000,2344.2,2348,2339.32,2344.61,5698.9472
1787247900000,2344.61,2351.28,2342.52,2344.26,5935.1118
1787248800000,2344.25,2348.11,2325.56,2331.42,9996.5613
1787249700000,2331.42,2334.4,2320,2326.25,7299.8146
1787250600000,2326.25,2326.87,2310.44,2316.79,10755.5439
1787251500000,2316.79,2323.47,2314.2,2316.38,4637.2492
1787252400000,2316.37,2323.79,2312.14,2321.33,6603.6611
1787253300000,2321.33,2330.46,2321.32,2328.15,6669.9839
1787254200000,2328.14,2332.6,2323.16,2329.95,6810.6847
1787255100000,2329.95,2332.05,2320.52,2323.77,7197.3269
1787256000000,2323.78,2327.47,2319.93,2320.56,2211.563
1787256900000,2320.56,2330,2317.9,2327.28,2543.9578
1787257800000,2327.29,2331.5,2317.71,2320.35,2357.549
1787258700000,2320.35,2320.74,2313.81,2318.58,1512.8201
1787259600000,2318.58,2323.04,2313.32,2321.88,2781.005
1787260500000,2321.88,2325.6,2314.23,2314.83,2541.4632
1787261400000,2314.83,2322.54,2314.36,2319.52,2378.1592
1787262300000,2319.52,2320.73,2316.27,2318.81,1847.7725
1787263200000,2318.81,2319.45,2306.67,2311.92,4668.0201
1787264100000,2311.87,2317.99,2308.23,2314.85,2795.4308
1787265000000,2314.86,2315.79,2310.53,2312.14,1441.2881
1787265900000,2312.14,2318.89,2311.83,2314.42,1722.2244
1787266800000,2314.42,2322.53,2313.1,2322.53,1750.2226
1787267700000,2322.52,2340,2321.83,2331.45,4175.0904
1787268600000,2331.46,2334.85,2324.84,2325.76,1987.7806
1787269500000,2325.77,2329.56,2323.58,2326.82,2269.8393
1787270400000,2326.83,2338.43,2324.99,2337.67,3076.0618
1787271300000,2337.66,2348,2331.59,2337.62,7396.3032
1787272200000,2337.62,2351.15,2332.03,2337.89,4739.9187
1787273100000,2337.86,2350.87,2334.44,2340.82,3714.9223
1787274000000,2340.82,2348.49,2338,2345.75,4081.6725
1787274900000,2345.74,2366.9,2338.6,2353.1,11651.8782
1787275800000,2353.1,2369.5,2348.36,2357.37,9150.2891
1787276700000,2357.37,2380.82,2356.04,2359.37,14567.3778
1787277600000,2359.37,2362.71,2343.17,2354.08,6825.6906
1787278500000,2354.09,2360.51,2340,2359.32,7036.5378
1787279400000,2359.32,2365,2352.97,2355.87,5066.6164
1787280300000,2355.88,2356.17,2344.6,2345.75,3589.7613
1787281200000,2345.75,2349.02,2337.23,2345.38,4892.7071
1787282100000,2345.38,2350.45,2340.88,2349.62,3249.4708
1787283000000,2349.63,2354.5,2346.05,2349.52,2881.0413
1787283900000,2349.51,2354.5,2340.88,2341.04,3869.2708
1787284800000,2341.05,2350.74,2341.05,2346.22,3067.9742
1787285700000,2346.22,2350.36,2344.25,2344.72,2607.1903
1787286600000,2344.72,2351.07,2343.62,2350.38,1856.1356
1787287500000,2350.37,2356,2349.08,2354.42,2144.0591
1787288400000,2354.43,2359.96,2349.84,2359,2465.0817
1787289300000,2359,2362.5,2349.67,2353.89,4014.9242
1787290200000,2353.89,2358.09,2351.52,2354.61,2097.324
1787291100000,2354.62,2368.76,2352.8,2368.42,3746.4057
1787292000000,2368.42,2378.7,2364.09,2365.69,7184.7575
1787292900000,2365.69,2368.78,2355.15,2360.8,3811.6698
1787293800000,2360.81,2374.08,2360.7,2369.66,5183.365
1787294700000,2369.65,2384.17,2364.62,2372.47,6093.4811
1787295600000,2372.48,2387.22,2370.71,2386.47,8623.1561
1787296500000,2386.47,2398.71,2377.94,2381.74,12323.6076
1787297400000,2381.73,2389.32,2372.18,2380.78,13911.9978
1787298300000,2380.78,2383.18,2362.66,2371.66,12177.0466
1787299200000,2371.67,2391.74,2370.24,2383.74,6225.0636
1787300100000,2383.74,2392.42,2378.94,2387.38,6667.2085
1787301000000,2387.38,2415.84,2386.19,2409.71,24437.8073
1787301900000,2409.71,2447.98,2408.06,2444.2,29603.9427
1787302800000,2444.2,2446.23,2376.32,2398.71,27398.391
1787303700000,2398.71,2400,2384.01,2389.47,8771.4457
1787304600000,2389.47,2411.66,2385.95,2407.99,8292.7288
1787305500000,2407.98,2416.25,2391.94,2404,9332.6906
1787306400000,2404,2406.22,2394.22,2401.21,5734.1836
1787307300000,2401.21,2411.84,2390.64,2400.3,5683.78
1787308200000,2400.3,2402.04,2391.31,2397.72,3719.0938
1787309100000,2397.73,2405.54,2393.78,2395.33,3764.6429
1787310000000,2395.32,2399.18,2377.11,2386.34,5673.4437
1787310900000,2386.34,2389,2372.45,2385.78,7816.3788
1787311800000,2385.79,2386.76,2357.18,2374.1,11352.6227
1787312700000,2374.09,2377.49,2362.05,2370.47,9372.5974
1787313600000,2370.48,2380.56,2365.44,2379.01,6042.8294
1787314500000,2379.01,2379.46,2369.47,2375.19,5208.2794
1787315400000,2375.19,2395.76,2373.3,2394.58,9265.1777
1787316300000,2394.57,2397.5,2385.17,2388.62,7991.4065
1787317200000,2388.62,2396.82,2384.22,2390.93,6181.8521
1787318100000,2390.93,2391.18,2381.87,2386.8,4779.3462
1787319000000,2386.8,2399,2368.08,2395.42,11910.4253
1787319900000,2395.41,2406.41,2382.11,2387.65,9370.3204
1787320800000,2387.65,2387.65,2374.08,2379.29,7062.7495
1787321700000,2379.3,2392.31,2369.41,2392.25,8620.6447
1787322600000,2392.26,2397.45,2376.87,2385.85,7416.8477
1787323500000,2385.84,2394.44,2385.84,2393.67,3709.6385
1787324400000,2393.67,2406.31,2391.53,2402.74,5311.5725
1787325300000,2402.73,2408.55,2397.29,2398.81,8810.4767
1787326200000,2398.8,2403.81,2394.64,2400.2,7363.8305
1787327100000,2400.21,2404,2389.02,2393.65,9413.7277
1787328000000,2393.64,2397.81,2384.3,2384.74,9026.4346
1787328900000,2384.73,2403.26,2384,2402.91,8371.1673
1787329800000,2402.91,2403.55,2399.13,2401.6,3649.7244
1787330700000,2401.6,2413.14,2400.51,2405.97,7631.5353
1787331600000,2405.97,2421.47,2404.62,2415.55,8709.0036
1787332500000,2415.56,2416.55,2402.1,2416.55,9647.9378
1787333400000,2416.55,2426.61,2414.76,2419.9,8632.626
1787334300000,2419.91,2428,2416.99,2423.61,6968.7933
1787335200000,2423.61,2427.69,2417.61,2422.52,4622.4589
1787336100000,2422.52,2432.35,2422.52,2424.67,5034.1884
1787337000000,2424.68,2426.55,2406.4,2408.73,5393.2935
1787337900000,2408.73,2422.37,2395.89,2420.71,8103.0158
1787338800000,2420.72,2420.92,2407.56,2415.5,3004.7004
1787339700000,2415.49,2419.99,2408.07,2418.66,3364.9607
1787340600000,2418.66,2420.62,2413.9,2417.49,3406.9474
1787341500000,2417.48,2418.75,2412.99,2413.55,4019.0048
1787342400000,2413.54,2430.66,2408.86,2425.86,4686.6023
1787343300000,2425.86,2447.85,2425.86,2445.24,8354.3097
1787344200000,2445.24,2445.24,2433.14,2437.79,3581.5232
1787345100000,2437.79,2445,2427.45,2441.05,3418.4184
1787346000000,2441.05,2459.9,2434.71,2449.61,8536.7091
1787346900000,2449.61,2489,2444.68,2479.99,17420.3431
1787347800000,2479.99,2497,2474.63,2484.81,12416.4716
1787348700000,2484.89,2520.86,2482.98,2513.27,21330.1189
1787349600000,2513.26,2546.78,2506.88,2541.63,24596.4098
1787350500000,2541.62,2543.12,2528.3,2532.95,8187.1822
1787351400000,2532.96,2534.9,2509.23,2529.6,10695.5619
1787352300000,2529.59,2529.59,2513.68,2521.89,9493.8543
1787353200000,2521.89,2527,2515.44,2524.51,8255.9186
1787354100000,2524.52,2546.42,2521.97,2525.6,9917.5846
1787355000000,2525.61,2531.03,2512.46,2524.05,6186.1812
1787355900000,2524.04,2525.57,2510,2516.3,4597.0916
1787356800000,2516.31,2522.99,2491.11,2501.73,8801.5932
1787357700000,2501.73,2512.09,2499.03,2506.89,6031.3404
1787358600000,2506.89,2516.2,2504.09,2509.19,5657.6427
1787359500000,2509.19,2522.93,2504.17,2522.44,9050.109
1787360400000,2522.44,2528.58,2518.35,2520.27,6543.9499
1787361300000,2520.27,2525.09,2515.5,2518.07,4536.5221
1787362200000,2518.07,2527.94,2511.48,2514.24,5836.089
1787363100000,2514.23,2523.96,2506.97,2506.99,5393.5168
1787364000000,2506.99,2512.5,2504.11,2508.99,3862.6233
1787364900000,2508.99,2523.24,2508.35,2519.5,3371.7077
1787365800000,2519.5,2522.1,2495.65,2510.25,7223.4371
1787366700000,2510.25,2516.02,2504.62,2516.02,3659.0039
1787367600000,2516.02,2521.64,2512.64,2513.07,3408.9102
1787368500000,2513.08,2526.68,2512.88,2520,4646.7681
1787369400000,2519.99,2523.94,2513.49,2517.75,4574.0296
1787370300000,2517.74,2523.01,2514.79,2515.06,3773.9559
1787371200000,2515.06,2520.45,2510,2519.83,4265.6137
1787372100000,2519.82,2519.82,2506.05,2517.19,5994.437
1787373000000,2517.2,2529.99,2514.39,2527.8,9362.3119
1787373900000,2527.8,2527.92,2514.23,2514.43,5829.4954
1787374800000,2514.43,2518.31,2385,2445.19,62089.0511
1787375700000,2445.19,2453.34,2409.48,2438.4,25905.449
1787376600000,2438.41,2449.22,2423.26,2433.23,12425.4301
1787377500000,2433.24,2445.9,2428.12,2439.95,7795.9164
1787378400000,2439.95,2443.68,2427.15,2428.09,5949.9845
1787379300000,2428.09,2437,2427,2430.09,4355.1677
1787380200000,2430.08,2439.99,2412.18,2431.11,14470.5845
1787381100000,2431.11,2439.56,2430.98,2437.78,5860.9822
1787382000000,2437.79,2447.6,2428.07,2434.2,5269.0603
1787382900000,2434.21,2441.99,2426.8,2441.99,3638.2581
1787383800000,2441.99,2442,2431.75,2436.8,4711.5792
1787384700000,2436.8,2438.85,2431.92,2433.31,3679.5589
1787385600000,2433.32,2441.1,2428.76,2439.82,3580.4305
1787386500000,2439.82,2440.16,2423.91,2426.64,4108.8095
1787387400000,2426.64,2426.64,2412.16,2424.87,8563.6678
1787388300000,2424.86,2426.53,2417.97,2425.74,6206.1547
1787389200000,2425.74,2428,2412.84,2427.9,5766.7334
1787390100000,2427.91,2429.41,2422.01,2425.3,3123.0271
1787391000000,2425.29,2426.62,2420.01,2423.1,2736.6339
1787391900000,2423.1,2423.44,2414.66,2421.93,4640.3549
1787392800000,2421.93,2423.11,2397.99,2400.93,10319.6652
1787393700000,2400.93,2408.3,2389.45,2406.95,9100.0781
1787394600000,2406.95,2415.96,2403.03,2415.39,4136.0209
1787395500000,2415.38,2417.39,2408.17,2412.73,6762.2072
1787396400000,2412.73,2415.77,2405.4,2408.02,2801.0019
1787397300000,2408,2415.96,2406.66,2414.48,2101.743
1787398200000,2414.48,2425.41,2413.08,2425,3516.5254
1787399100000,2425.01,2426.73,2420.8,2423.93,3253.6114
1787400000000,2423.92,2435,2419.1,2433,7448.0665
1787400900000,2433,2437.76,2429.7,2435.37,4320.1043
1787401800000,2435.37,2437.43,2427.65,2431.57,3180.6863
1787402700000,2431.57,2432.5,2427.09,2428.12,2295.6488
1787403600000,2428.11,2429.21,2424.6,2426.49,3379.9143
1787404500000,2426.49,2429.98,2422.27,2426.22,2652.5354
1787405400000,2426.23,2428.34,2421.71,2425.27,2050.5696
1787406300000,2425.27,2433.25,2424.43,2430.09,3060.1905
1787407200000,2430.09,2431.48,2414.4,2418.68,4612.4411
1787408100000,2418.68,2421,2414.02,2420.99,2739.4267
1787409000000,2420.99,2424.49,2412.4,2412.41,3632.5577
1787409900000,2412.41,2415.64,2409.36,2413.94,2795.761
1787410800000,2413.93,2416.71,2406.32,2406.32,3390.9317
1787411700000,2406.32,2411.87,2405.62,2410.9,3814.5062
1787412600000,2410.91,2414.78,2410.1,2412.61,1943.4051
1787413500000,2412.61,2413.94,2409.23,2410.9,1658.919
1787414400000,2410.89,2416.19,2409,2414.67,2328.1128
1787415300000,2414.67,2422.55,2414.67,2420.51,1924.3717
1787416200000,2420.51,2429,2419.24,2426.05,3483.1182
1787417100000,2426.05,2429.94,2422.48,2422.63,2869.315
1787418000000,2422.64,2425.51,2421.84,2424.03,1258.2424
1787418900000,2424.04,2428.83,2417.27,2419.19,2491.9418
1787419800000,2419.2,2425.47,2419.2,2424.85,1675.3402
1787420700000,2424.85,2431.55,2423.74,2426.32,1887.6368
1787421600000,2426.33,2430.98,2425.36,2427.04,1221.8827
1787422500000,2427.04,2434.49,2426.82,2431.21,2202.3308
1787423400000,2431.2,2434.12,2426.6,2426.61,1933.8945
1787424300000,2426.6,2428.63,2421.76,2427.13,2371.0239
1787425200000,2427.13,2430.3,2423.98,2429.51,1909.3721
1787426100000,2429.51,2431,2427.06,2428.69,3007.4889
1787427000000,2428.69,2435.02,2428.68,2435.01,1758.2548
1787427900000,2435,2444.71,2433.75,2439.41,5482.1073
1787428800000,2439.41,2443.72,2436.77,2441.3,3330.2715
1787429700000,2441.29,2441.96,2437.56,2437.91,2228.0686
1787430600000,2437.91,2439.6,2435.24,2436.66,1173.3255
1787431500000,2436.66,2437.5,2429.38,2431.84,1680.3331
1787432400000,2431.83,2431.95,2412.35,2412.73,5092.4269
1787433300000,2412.73,2422.14,2412.73,2421.82,2920.5378
1787434200000,2421.83,2422.86,2408.47,2416.44,4521.4943
1787435100000,2416.45,2416.45,2403.47,2407.54,4007.3319
1787436000000,2407.54,2421.42,2404.35,2419.89,5065.1565
1787436900000,2419.88,2425.14,2417.47,2423.16,2074.9099
1787437800000,2423.16,2423.48,2408.51,2414.61,3600.9277
1787438700000,2414.62,2418.36,2411.91,2414.16,1883.8922
1787439600000,2414.17,2417,2410.82,2415.42,1710.8176
1787440500000,2415.42,2420.4,2414.17,2417.67,1686.0018
1787441400000,2417.67,2422.07,2415.57,2421.27,1920.3058
1787442300000,2421.27,2427.9,2420.95,2422.6,2798.2471
1787443200000,2422.6,2425.63,2419.99,2420.98,1879.1628
1787444100000,2420.97,2429.72,2419.67,2426.76,3388.2462
1787445000000,2426.76,2434,2426.16,2427.43,2525.992
1787445900000,2427.43,2435.53,2426.71,2430.96,3330.2292
1787446800000,2430.96,2431.02,2424.63,2430.19,2108.3835
1787447700000,2430.19,2433.34,2425.86,2429.98,1755.2842
1787448600000,2429.98,2433.16,2420.92,2426.51,2932.0503
1787449500000,2426.5,2429.85,2420.35,2423.25,2881.6975
1787450400000,2423.26,2424.49,2413.48,2413.84,1794.6833
1787451300000,2413.84,2419.6,2408,2416.17,2601.2234
1787452200000,2416.16,2420.92,2415.51,2419.07,1065.8426
1787453100000,2419.07,2424.47,2416.26,2416.95,1684.3802
1787454000000,2416.96,2418.34,2413.37,2417.22,1477.6538
1787454900000,2417.21,2419.05,2412.18,2413.26,1535.2321
1787455800000,2413.26,2413.53,2408.4,2409.99,1885.7664
1787456700000,2409.99,2414.57,2409.99,2413.98,1419.2738
1787457600000,2413.98,2417.02,2402,2414.23,4192.9419
1787458500000,2414.24,2416.15,2404.11,2410.59,3375.6943
1787459400000,2410.59,2410.83,2401.81,2402.46,3262.7787
1787460300000,2402.46,2403.02,2372.17,2378.66,14880.6642
1787461200000,2378.67,2384.8,2363.26,2366.41,9840.5766
1787462100000,2366.49,2387,2355.71,2380.27,9380.8325
1787463000000,2380.26,2384.17,2373.18,2376.79,2809.0412
1787463900000,2376.78,2378.62,2372.53,2372.99,1805.2246
1787464800000,2372.99,2380,2369.29,2379.33,4426.5567
1787465700000,2379.33,2392.66,2378.44,2390.11,5244.2263
1787466600000,2390.11,2396.67,2387.55,2392.04,3808.9455
1787467500000,2392.04,2393.31,2386.36,2389.99,3701.2083
1787468400000,2389.99,2396.78,2387.92,2394.73,2907.9176
1787469300000,2394.73,2397.2,2392.08,2393.23,1882.2591
1787470200000,2393.24,2393.27,2388.66,2389.74,2653.2518
1787471100000,2389.75,2393.48,2386.84,2389.02,2682.5562
1787472000000,2389.01,2413.68,2386.96,2407.04,9267.5624
1787472900000,2407.04,2411.15,2405.41,2406.79,2042.7563
1787473800000,2406.79,2426.03,2406.79,2419.71,6775.1175
1787474700000,2419.7,2421.66,2410.86,2412.46,2622.209
1787475600000,2412.45,2416.17,2410.64,2412.97,1630.1328
1787476500000,2412.98,2413.61,2407.26,2410.72,2379.6915
1787477400000,2410.72,2412.41,2404.51,2411.8,2170.6006
1787478300000,2411.8,2415.7,2410,2411.2,3154.7791
1787479200000,2411.2,2417.14,2410.84,2414.02,1985.4644
1787480100000,2414.02,2420.89,2413.22,2413.54,2542.8851
1787481000000,2413.54,2418.12,2412.81,2416.57,1425.8614
1787481900000,2416.57,2417.64,2414.18,2415.15,1103.1668
1787482800000,2415.15,2420.77,2414.82,2420.21,1388.4786
1787483700000,2420.21,2433,2417.72,2427.43,5807.922
1787484600000,2427.43,2438.31,2426,2433.8,4781.1819
1787485500000,2433.8,2434.31,2428.02,2433.68,3078.1575
1787486400000,2433.67,2433.68,2419.15,2422.9,4253.8727
1787487300000,2422.89,2424.85,2420.73,2423.05,1383.1614
1787488200000,2423.05,2429.89,2422.41,2428.21,2231.1536
1787489100000,2428.21,2428.22,2424.26,2427.05,827.055
1787490000000,2427.05,2432.9,2427,2432.23,1526.5234
1787490900000,2432.23,2484.06,2432.04,2454.33,25505.3252
1787491800000,2454.32,2459.09,2449.51,2456.04,7426.2206
1787492700000,2456.04,2460.27,2451.74,2459.75,5525.1904
1787493600000,2459.75,2469.3,2453.44,2464.19,7619.7879
1787494500000,2464.2,2467.65,2455.25,2456.45,4435.1944
1787495400000,2456.45,2457.66,2389.85,2420.6,19696.3726
1787496300000,2420.61,2448.13,2420.53,2438.95,9956.0254
1787497200000,2438.95,2441.07,2426.17,2433.42,5064.057
1787498100000,2433.43,2438.99,2421.87,2437.22,5066.6716
1787499000000,2437.21,2452.86,2435.46,2446.68,4228.5365
1787499900000,2446.68,2449.01,2436.25,2438.62,3116.4698
1787500800000,2438.61,2446.83,2438.61,2444.76,2062.032
1787501700000,2444.76,2446.84,2441.53,2446.83,1656.1565
1787502600000,2446.83,2453.6,2444.98,2446.49,2298.2877
1787503500000,2446.49,2459.22,2445.53,2450.56,3793.2166
1787504400000,2450.56,2454.3,2432.81,2447.57,4278.4175
1787505300000,2447.57,2450,2438.56,2441.26,4007.9499
1787506200000,2441.25,2444.36,2434.24,2438.8,2406.6459
1787507100000,2438.8,2446.59,2438.56,2440.12,2713.9936
1787508000000,2440.11,2449.26,2434.83,2445.16,3023.9535
1787508900000,2445.15,2448.68,2443.99,2446.58,1817.8179
1787509800000,2446.58,2448.52,2444.24,2447.54,1668.5922
1787510700000,2447.54,2449.27,2444.96,2448.68,1476.3315
1787511600000,2448.68,2450.21,2441.22,2443.26,1884.2977
1787512500000,2443.27,2444.95,2441.38,2443.04,1261.7016
1787513400000,2443.04,2448.16,2437.44,2448.13,2137.1949
1787514300000,2448.13,2454.16,2444.95,2444.96,2063.5936
1787515200000,2444.95,2444.95,2436.41,2441.46,2320.3837
1787516100000,2441.45,2449.01,2440.78,2445.62,1364.1933
1787517000000,2445.62,2450,2445.62,2449.69,1143.9862
1787517900000,2449.69,2450.72,2446.6,2450.48,2894.5117
1787518800000,2450.48,2469.52,2450.47,2466.17,8873.5636
1787519700000,2466.18,2479.81,2466.12,2477.04,8217.7688
1787520600000,2477.03,2484.62,2459.49,2461.38,8108.6724
1787521500000,2461.38,2478.96,2461.38,2469.97,3624.6921
1787522400000,2469.96,2474.53,2455.04,2463.58,5650.7131
1787523300000,2463.57,2467.29,2458.24,2460.35,3397.6202
1787524200000,2460.34,2463.12,2456.15,2459.13,2299.2025
1787525100000,2459.12,2461.1,2451.89,2455.05,3829.1052
1787526000000,2455.04,2455.69,2441.78,2448.69,5733.5968
1787526900000,2448.69,2459.48,2447.99,2458.49,3342.5237
1787527800000,2458.49,2471.02,2448.85,2454.07,5767.7422
1787528700000,2454.08,2466.29,2453.72,2463.41,2591.3829
1787529600000,2463.42,2464,2452.85,2458.89,3135.3213
1787530500000,2458.89,2459.7,2443.9,2451.28,4668.3236
1787531400000,2451.29,2460,2444.08,2445.67,2514.2944
1787532300000,2445.68,2465.9,2442.35,2465.11,3607.7752
1787533200000,2465.11,2466.98,2453.88,2453.9,3109.6777
1787534100000,2453.89,2454.1,2442.51,2444.61,4310.5703
1787535000000,2444.61,2449.7,2434.72,2439.31,4627.7626
1787535900000,2439.31,2441.24,2427.27,2429.4,5155.9788
1787536800000,2429.4,2446.13,2424.73,2444.15,4945.7905
1787537700000,2444.16,2450,2444.16,2447.51,2495.6474
1787538600000,2447.52,2451.77,2444.81,2446.1,2483.76
1787539500000,2446.1,2446.1,2435.53,2443.78,2407.5612
1787540400000,2443.78,2445.62,2435.41,2436.39,2005.2254
1787541300000,2436.38,2443.8,2433.59,2434.18,2942.969
1787542200000,2434.17,2438.19,2426.49,2435.61,3589.0941
1787543100000,2435.61,2441.31,2427.95,2430.64,2304.7863
1787544000000,2430.65,2439.16,2430.64,2438.97,2444.0624
1787544900000,2438.97,2446.34,2438.96,2445.92,3562.4963
1787545800000,2445.93,2446.42,2438.08,2442.73,3146.2013
1787546700000,2442.73,2443.78,2428.11,2438.08,4951.0872
1787547600000,2438.07,2458.83,2433.98,2457.91,5719.7094
1787548500000,2457.9,2459.82,2447.72,2450.51,5181.3088
1787549400000,2450.51,2452.38,2437.9,2448.1,3898.8087
1787550300000,2448.1,2449.78,2444.44,2448.92,2409.3338
1787551200000,2448.92,2457.47,2444.22,2456.42,4037.5921
1787552100000,2456.42,2458.54,2451.95,2454.11,2545.6925
1787553000000,2454.11,2455.31,2445.44,2447.55,1531.5797
1787553900000,2447.55,2463.74,2446.84,2456.5,3010.0443
1787554800000,2456.5,2474.09,2455.27,2470.3,4161.333
1787555700000,2470.3,2470.3,2460.03,2462.37,3306.6315
1787556600000,2462.37,2462.37,2452.28,2453.08,5319.1142
1787557500000,2453.07,2459.36,2452.85,2454.64,4519.662
1787558400000,2454.67,2459.33,2448.08,2449.22,3654.7364
1787559300000,2449.21,2449.48,2436.41,2439.79,6487.1232
1787560200000,2439.8,2453.63,2439.44,2453.37,4285.5791
1787561100000,2453.37,2457,2450.42,2454.84,5765.8107
1787562000000,2454.84,2463.21,2453.75,2462.04,6103.5071
1787562900000,2462.03,2463.32,2454.05,2460.09,3629.1048
1787563800000,2460.08,2464.58,2459.21,2462.19,1907.193
1787564700000,2462.19,2465.1,2461.29,2463.08,1454.5483
1787565600000,2463.07,2490.89,2462.28,2483.2,11154.4102
1787566500000,2483.2,2483.85,2470.32,2472.29,4605.0777
1787567400000,2472.29,2477.97,2463.77,2466.52,4274.7487
1787568300000,2466.51,2470.47,2461.73,2465.2,2288.551
1787569200000,2465.2,2470.78,2454.4,2469.01,4953.2989
1787570100000,2469,2473.31,2465.69,2472.26,2211.7923
1787571000000,2472.26,2506.95,2471.33,2506.53,14851.4263
1787571900000,2506.53,2509,2488,2494.18,7392.5897
1787572800000,2494.18,2494.27,2482.85,2484.51,4158.4179
1787573700000,2484.52,2494.52,2474.5,2493.47,6774.9786
1787574600000,2493.46,2506.17,2487.68,2500.1,10255.7954
1787575500000,2500.1,2518.54,2498.95,2512.54,11023.0346
1787576400000,2512.54,2519.88,2502.05,2515.71,8549.8207
1787577300000,2515.71,2517.04,2504.76,2507.2,6459.106
1787578200000,2507.2,2507.43,2483.07,2486.6,12540.8908
1787579100000,2486.58,2495.8,2476.31,2493.83,9509.7279
1787580000000,2493.83,2513,2491.61,2511.36,10539.052
1787580900000,2511.36,2528,2502.62,2516.86,12772.8624
1787581800000,2516.85,2532.12,2515.58,2522.58,15022.2996
1787582700000,2522.57,2524.54,2509.03,2516.16,6944.6159
1787583600000,2516.16,2521.19,2510.83,2515.8,5686.6797
1787584500000,2515.8,2532.95,2514.73,2525.34,9172.9646
1787585400000,2525.28,2525.37,2489,2495.03,12369.5627
1787586300000,2495.02,2502.51,2479.38,2487.99,11626.1342
1787587200000,2487.99,2506,2486.49,2498.75,10511.4497
1787588100000,2498.74,2506,2498.27,2499.48,4612.3417
1787589000000,2499.47,2500.86,2489.27,2489.49,4383.2935
1787589900000,2489.48,2491.34,2469.02,2478.43,8686.9506
1787590800000,2478.43,2484.29,2463.71,2476.75,6897.989
1787591700000,2476.75,2480.05,2455,2458.32,10274.8747
1787592600000,2458.32,2469.7,2456.9,2460.98,4871.3491
1787593500000,2460.98,2470.34,2458.55,2468.97,4256.2208
1787594400000,2468.97,2483.78,2468.97,2482.06,5530.9454
1787595300000,2482.07,2483.21,2474.8,2479.54,4119.8596
1787596200000,2479.55,2482.21,2467.19,2476.48,3227.7695
1787597100000,2476.48,2480.42,2472.93,2473.84,3738.3237
1787598000000,2473.85,2477.69,2464.52,2473.84,6650.0736
1787598900000,2473.83,2475.31,2461.87,2470.48,3685.3909
1787599800000,2470.48,2474.46,2467.94,2471.77,2566.854
1787600700000,2471.78,2472.44,2465,2471.4,3108.3386
1787601600000,2471.48,2475.52,2465.46,2472.39,2016.3493
1787602500000,2472.38,2472.39,2466.19,2468.46,1420.4341
1787603400000,2468.46,2479.21,2466.32,2474.05,2114.1378
1787604300000,2474.04,2475.16,2471.4,2475.16,1018.2628
1787605200000,2475.16,2483.93,2475.16,2483.92,2211.903
1787606100000,2483.93,2484.31,2479.03,2481.58,1717.4323
1787607000000,2481.58,2484.11,2480.03,2483.39,1363.6427
1787607900000,2483.36,2489.67,2481.52,2483.56,1650.8113
1787608800000,2483.56,2485.38,2479.23,2481.22,1637.4825
1787609700000,2481.23,2482.45,2475.79,2477.67,1606.5894
1787610600000,2477.68,2484.89,2476.63,2476.82,2363.0471
1787611500000,2476.82,2480.15,2472.5,2474.26,1388.4052
1787612400000,2474.27,2479.34,2470.7,2477.65,1680.7782
1787613300000,2477.64,2484.99,2477.09,2483.03,1821.8251
1787614200000,2483.04,2487.24,2482,2485.12,2145.0246
1787615100000,2485.13,2486.49,2476.99,2482.31,1682.4016
1787616000000,2482.31,2484.51,2477.61,2479.25,2874.2322
1787616900000,2479.26,2482.64,2472.18,2478.99,2878.6394
1787617800000,2478.98,2494.01,2476.69,2492.67,3760.7649
1787618700000,2492.68,2504.74,2489.85,2493.61,6319.9603
1787619600000,2493.61,2499.99,2487.82,2488.78,2945.089
1787620500000,2488.79,2504.62,2484.88,2498.58,5595.845
1787621400000,2498.59,2502.15,2494.16,2494.36,2404.9839
1787622300000,2494.32,2497.02,2489.24,2495.99,3063.4111
1787623200000,2495.99,2498.74,2492.31,2494.39,1844.3079
1787624100000,2494.4,2532.5,2493.45,2529.61,16928.0221
1787625000000,2529.6,2532.34,2514.38,2517.21,6785.5408
1787625900000,2517.2,2518.87,2501.96,2507.69,6837.7995
1787626800000,2507.7,2514.55,2504.84,2511,2592.3315
1787627700000,2511,2511.81,2504.64,2505.73,3092.1498
1787628600000,2505.73,2509.28,2496.86,2498.77,4058.9746
1787629500000,2498.77,2501.32,2488.99,2499.29,4463.2195
1787630400000,2499.3,2504.09,2492.81,2500.15,2733.858
1787631300000,2500.15,2500.65,2491.94,2494.34,3457.22
1787632200000,2494.35,2497.43,2488.96,2491.77,3300.2568
1787633100000,2491.76,2495.48,2490.34,2494.99,2193.5256
1787634000000,2494.99,2501.95,2493.77,2500.85,2998.8113
1787634900000,2500.85,2511.82,2500.21,2508.71,2839.2477
1787635800000,2508.71,2511.78,2506.79,2506.79,2779.947
1787636700000,2506.8,2510.71,2505.47,2508.73,1693.6604
1787637600000,2508.73,2510.57,2506.73,2510.12,1551.175
1787638500000,2510.11,2515.43,2508.72,2510.54,1632.3837
1787639400000,2510.54,2510.54,2499.28,2504.24,2771.0147
1787640300000,2504.25,2504.66,2496.04,2500.88,1912.1225
1787641200000,2500.89,2513,2500.17,2507.24,2614.761
1787642100000,2507.23,2508.11,2502.82,2504.87,1047.1956
1787643000000,2504.87,2504.87,2496.41,2499.22,3750.9133
1787643900000,2499.21,2499.6,2464.41,2478.94,14205.7696
1787644800000,2478.94,2486.43,2475,2485.5,4393.6971
1787645700000,2485.49,2498,2485.38,2494.06,2945.5187
1787646600000,2494.07,2496.32,2485.69,2490.35,2284.1156
1787647500000,2490.35,2490.95,2480.47,2484.82,3994.3023
1787648400000,2484.82,2489.47,2479.58,2487.48,3275.403
1787649300000,2487.48,2492,2484.14,2487.21,1873.7616
1787650200000,2487.2,2491.41,2486.03,2486.03,1719.0633
1787651100000,2486.03,2486.96,2462.81,2474.67,7696.9592
1787652000000,2474.67,2479.89,2469.87,2478.21,2606.8177
1787652900000,2478.21,2479.85,2475.15,2476.2,1723.0342
1787653800000,2476.19,2479.06,2474.16,2477.97,1874.226
1787654700000,2477.96,2485.83,2477.96,2481.82,2427.6588
1787655600000,2481.82,2484.12,2474.76,2475.3,1642.8909
1787656500000,2475.29,2479.14,2474.92,2478.22,1760.0629
1787657400000,2478.22,2486.16,2478.16,2479.16,2000.3441
1787658300000,2479.16,2483.41,2477.15,2477.91,1843.8908
1787659200000,2477.9,2481.37,2467.14,2477.96,3873.898
1787660100000,2477.97,2477.97,2458.01,2468.23,6127.2897
1787661000000,2468.24,2471.43,2460.48,2469.64,3405.2956
1787661900000,2469.65,2476.95,2468.2,2473.5,3587.4014
1787662800000,2473.51,2476.12,2465.62,2467.67,3435.8993
1787663700000,2467.67,2467.67,2454.62,2457.62,5649.3221
1787664600000,2457.62,2477.08,2455.69,2464.62,8272.3357
1787665500000,2464.63,2465.67,2440,2460.73,10237.0076
1787666400000,2460.73,2472.99,2454.33,2467.19,5976.2368
1787667300000,2467.19,2480.34,2464.68,2475.9,5101.9582
1787668200000,2475.9,2484,2470.42,2474.58,5571.175
1787669100000,2474.57,2479.63,2474.54,2476.91,2630.0726
1787670000000,2476.92,2478.34,2467.57,2467.61,3387.8413
1787670900000,2467.61,2477.72,2466.14,2474.8,3148.5892
1787671800000,2474.8,2480.62,2470.4,2477.72,3585.8936
1787672700000,2477.71,2483.85,2472.53,2482.88,3149.0292
1787673600000,2482.89,2485.6,2472.45,2473.91,3630.1471
1787674500000,2473.9,2476.98,2467.1,2472.03,2769.4987
1787675400000,2472.02,2478.59,2471.51,2475.68,1814.8185
1787676300000,2475.68,2479.47,2469.21,2470.68,1539.4803
1787677200000,2470.68,2471.47,2455.93,2463.06,5104.0302
1787678100000,2463.06,2466.59,2457.56,2458.47,2531.4625
1787679000000,2458.47,2469.22,2458.47,2468.24,2608.0643
1787679900000,2468.23,2471.19,2467.59,2471.03,2837.1672
1787680800000,2471.04,2474.67,2470.32,2473.62,2916.9572
1787681700000,2473.63,2474.8,2471.53,2472.86,1645.0802
1787682600000,2472.86,2472.86,2466.43,2468.3,2369.141
1787683500000,2468.31,2470.25,2464.23,2467.44,1823.2086
1787684400000,2467.44,2469.53,2462.96,2468.27,1919.3572
1787685300000,2468.28,2470.13,2462.38,2462.57,3378.0093
1787686200000,2462.57,2462.67,2455.54,2456.37,2862.9051
1787687100000,2456.38,2463.86,2456.38,2463.42,3065.9538
1787688000000,2463.42,2464.24,2449.85,2457.97,3208.2262
1787688900000,2457.98,2461.74,2456.37,2456.38,1967.9357
1787689800000,2456.38,2456.96,2442.8,2446.29,3029.4668
1787690700000,2446.3,2448.41,2433.62,2436.44,8129.7544
1787691600000,2436.44,2441.21,2414.64,2430.75,11912.3002
1787692500000,2430.76,2434.82,2424.48,2433.9,4018.205
1787693400000,2433.89,2442.84,2432.75,2441.33,2239.9011
1787694300000,2441.33,2443.9,2439.5,2441.79,1973.5097
1787695200000,2441.8,2452.06,2441.8,2451.89,2441.1888
1787696100000,2451.89,2452.98,2442.09,2446.51,1830.3446
1787697000000,2446.51,2450.77,2444.48,2450.32,1286.1106
1787697900000,2450.31,2455.78,2449.67,2453.84,829.8143
1787698800000,2453.85,2456.51,2451.82,2454.92,2161.4392
1787699700000,2454.92,2456.3,2448.62,2452.38,1337.0836
1787700600000,2452.38,2452.38,2443.05,2444.44,1131.115
1787701500000,2444.44,2444.44,2437.07,2442.64,1949.1594
1787702400000,2442.65,2445,2435.81,2437.26,2280.9714
1787703300000,2437.26,2443.81,2436.74,2443.73,961.7068
1787704200000,2443.73,2446.11,2437.04,2440.38,2326.1406
1787705100000,2440.39,2450.51,2439.1,2446.24,2497.7035
1787706000000,2446.24,2459.43,2445,2453.78,2328.8197
1787706900000,2453.78,2457.65,2452.5,2453.3,1342.1459
1787707800000,2453.3,2462.32,2453.3,2457.64,2207.1495
1787708700000,2457.64,2457.7,2454.01,2455.99,663.7054
1787709600000,2455.98,2459.07,2454.05,2455.43,798.7357
1787710500000,2455.42,2468.12,2455.2,2468.08,2097.328
1787711400000,2468.08,2469.82,2464.97,2467.05,1291.0486
1787712300000,2467.06,2468.81,2464.21,2465.21,798.9906
1787713200000,2465.21,2468,2462.17,2463.13,1233.2602
1787714100000,2463.13,2466.32,2460.2,2463.48,944.785
1787715000000,2463.48,2467.64,2458.66,2464.88,1377.2423
1787715900000,2464.89,2467.19,2461.09,2465.57,1202.7411
1787716800000,2465.56,2472.86,2462.03,2466.31,2329.9339
1787717700000,2466.31,2470,2465.15,2466.4,1404.4709
1787718600000,2466.41,2467.2,2462.73,2464.4,1478.3028
1787719500000,2464.41,2464.41,2455.68,2456.9,2251.9346
1787720400000,2456.89,2460.33,2451.49,2457.79,1667.6497
1787721300000,2457.78,2463.99,2453.95,2463.11,1842.074
1787722200000,2463.11,2468,2462.16,2465.24,1463.8548
1787723100000,2465.24,2465.24,2461.22,2464.92,983.4948
1787724000000,2464.91,2467.47,2461.16,2461.8,1883.6172
1787724900000,2461.8,2462.25,2454.61,2456.92,1355.194
1787725800000,2456.91,2460.64,2453.59,2460.27,1863.1016
1787726700000,2460.27,2461.36,2457.6,2460.13,923.8338
1787727600000,2460.14,2468.66,2457.22,2464.72,2728.8599
1787728500000,2464.73,2466.82,2461.47,2463.39,1778.4556
1787729400000,2463.4,2467,2461.55,2465.06,2805.5131
1787730300000,2465.07,2466.99,2461.48,2461.78,2039.1033
1787731200000,2461.78,2470,2459.36,2465.18,4543.9317
1787732100000,2465.19,2466.49,2458.33,2462.83,1609.4245
1787733000000,2462.83,2464.63,2460.21,2464.2,2787.8017
1787733900000,2464.19,2464.19,2453.66,2456.29,2308.7175
1787734800000,2456.29,2461,2454.6,2456.09,1804.0268
1787735700000,2456.1,2456.44,2445.24,2450.61,4090.7589
1787736600000,2450.61,2453.2,2444.25,2444.85,1875.3784
1787737500000,2444.86,2449.57,2442.76,2447.87,1635.7231
1787738400000,2447.86,2450,2444.69,2449.47,1438.6385
1787739300000,2449.47,2454.66,2449.23,2454.39,1586.1703
1787740200000,2454.4,2470.31,2453.65,2465.01,5377.3693
1787741100000,2465.02,2475.61,2464.08,2468.96,3572.4473
1787742000000,2468.97,2473.25,2466.87,2468.22,1816.3647
1787742900000,2468.23,2468.97,2465.06,2466.19,1291.9789
1787743800000,2466.19,2467.65,2456.32,2461.85,2374.5117
1787744700000,2461.85,2468.78,2459.44,2463.09,1238.4908
1787745600000,2463.09,2465.63,2458.58,2460.58,1441.6631
1787746500000,2460.57,2472.05,2457.59,2471.21,2063.5619
1787747400000,2471.21,2471.22,2443.76,2455.01,6815.3003
1787748300000,2455.01,2460.41,2452.58,2455.01,2160.2181
1787749200000,2455.01,2458.29,2442,2446.06,3932.9532
1787750100000,2446.06,2448.09,2437.11,2444.29,4891.1183
1787751000000,2444.29,2459.27,2443.61,2458.82,5049.7455
1787751900000,2458.82,2462.76,2450,2457.3,3797.19
1787752800000,2457.3,2462.14,2453.63,2456.3,3554.7816
1787753700000,2456.31,2461.9,2448.82,2450.76,2931.3978
1787754600000,2450.75,2452.91,2444.5,2445,2777.3563
1787755500000,2445.01,2447.49,2438.41,2439.38,3573.3487
1787756400000,2439.38,2443.39,2432.32,2441.21,5848.3595
1787757300000,2441.21,2455.38,2436.26,2454.4,3692.7299
1787758200000,2454.4,2454.74,2441.81,2448,3499.2173
1787759100000,2448,2453.04,2448,2449.85,3116.7648
1787760000000,2449.85,2455.36,2447.31,2450.4,1674.8045
1787760900000,2450.4,2453.25,2447.41,2449.29,2135.2544
1787761800000,2449.28,2453.76,2438.1,2438.69,2759.1341
1787762700000,2438.7,2451.5,2438.7,2444.64,1980.2477
1787763600000,2444.65,2448.39,2443.8,2447.35,1315.0529
1787764500000,2447.36,2463.45,2447.36,2463.08,3480.6555
1787765400000,2463.09,2467.03,2461.05,2461.44,3838.3933
1787766300000,2461.44,2462.78,2455.72,2460.84,1679.1647
1787767200000,2460.84,2471.28,2458.85,2467.21,2415.1999
1787768100000,2467.22,2469.22,2461.67,2462.9,1982.812
1787769000000,2462.9,2467.11,2462.37,2464.62,1620.7448
1787769900000,2464.63,2474.34,2464.46,2472.69,2838.8605
1787770800000,2472.69,2473.5,2469.21,2470.52,2465.8608
1787771700000,2470.51,2483.52,2470.26,2480.33,5568.2662
1787772600000,2480.33,2480.66,2468,2471.25,3198.9431
1787773500000,2471.26,2473.89,2469.08,2470.79,2539.8341
1787774400000,2470.79,2474.49,2468.83,2469.15,1884.8126
1787775300000,2469.16,2470.78,2460.29,2469.1,2533.0415
1787776200000,2469.1,2469.75,2464.29,2468.76,3235.2337
1787777100000,2468.76,2472.87,2468.41,2472.27,3029.6278
1787778000000,2472.27,2494.68,2470.56,2492.5,5519.296
1787778900000,2492.51,2505,2488.31,2500.81,10828.175
1787779800000,2500.81,2501.13,2493.73,2494.15,2675.4958
1787780700000,2494.16,2498.39,2491.67,2496.82,1567.7123
1787781600000,2496.82,2507,2494.66,2503.42,3952.8682
1787782500000,2503.42,2515.38,2502.78,2506.13,5444.7062
1787783400000,2506.13,2506.6,2494.72,2497.66,2375.623
1787784300000,2497.66,2497.66,2489.49,2493.73,1814.3543
1787785200000,2493.72,2495.72,2488.33,2490.45,1754.3611
1787786100000,2490.44,2500.84,2489.95,2498.92,2506.8053
1787787000000,2498.91,2507.76,2497.96,2507.35,3028.8777
1787787900000,2507.35,2512.69,2501.59,2506.78,5289.743
1787788800000,2506.78,2510.64,2500,2502.61,4208.6719
1787789700000,2502.61,2506.64,2499.01,2500.92,1805.4704
1787790600000,2500.92,2501.68,2494.15,2496.2,1739.7596
1787791500000,2496.2,2497.24,2492,2492.01,2284.5004
1787792400000,2492,2495.04,2487.03,2489.5,2216.7254
1787793300000,2489.49,2505.64,2487.48,2503.04,2012.0422
1787794200000,2503.05,2505.74,2493,2493,2345.8674
1787795100000,2493,2506.15,2492.82,2497.87,3696.6836
1787796000000,2497.87,2504.95,2497.44,2502.12,1931.2425
1787796900000,2502.08,2502.48,2494.31,2495.97,1156.8092
1787797800000,2495.97,2498.16,2493.12,2494,839.4153
1787798700000,2493.99,2495.92,2493.37,2494.73,899.6656
1787799600000,2494.73,2497,2490.61,2491.09,967.4232
1787800500000,2491.09,2499.03,2489.2,2497.91,3017.1156
1787801400000,2497.91,2498.45,2492.41,2492.46,1246.5517
1787802300000,2492.47,2494.73,2489.32,2492.89,2477.3078
1787803200000,2492.89,2494.99,2491.52,2494.17,1302.4062
1787804100000,2494.18,2495.75,2491.92,2491.92,948.9431
1787805000000,2491.92,2491.92,2484.41,2489.15,2796.1317
1787805900000,2489.16,2491.12,2484.24,2487.38,1223.6191
1787806800000,2487.39,2488.61,2483.5,2485.44,1221.7393
1787807700000,2485.44,2491.36,2483.65,2485.28,1143.5969
1787808600000,2485.27,2490.64,2481.74,2488.14,1352.0886
1787809500000,2488.14,2497.94,2487.94,2496.63,2745.6521
1787810400000,2496.63,2496.63,2485.3,2488.5,1231.5602
1787811300000,2488.5,2488.5,2484.2,2485.61,1783.6728
1787812200000,2485.62,2488.71,2485.61,2488.39,744.1338
1787813100000,2488.39,2493.34,2488.39,2493.11,913.9394
1787814000000,2493.11,2495.34,2490.79,2494.24,872.8223
1787814900000,2494.24,2494.34,2488.86,2490.79,831.9822
1787815800000,2490.79,2494.42,2490.41,2491.65,2774.5316
1787816700000,2491.64,2499,2491.29,2497.16,1788.9264
1787817600000,2497.17,2529,2497.05,2520,15246.7656
1787818500000,2520,2535,2512.44,2533.88,9369.2596
1787819400000,2533.88,2546.84,2527.08,2536.42,10883.3676
1787820300000,2536.42,2540.58,2528.79,2531.05,4811.2651
1787821200000,2531.05,2536.91,2525.45,2535.61,5890.6606
1787822100000,2535.62,2566.53,2531.16,2554.44,18067.177
1787823000000,2554.44,2556.58,2538.82,2541.54,5299.3634
1787823900000,2541.54,2545.54,2532.53,2534.94,2180.2392
1787824800000,2534.94,2539.98,2525.57,2529.95,6095.3605
1787825700000,2529.96,2532.03,2486.97,2510.91,15149.6657
1787826600000,2510.91,2513,2496.98,2505.86,5713.7191
1787827500000,2505.85,2506.58,2501.09,2503.6,2770.8681
1787828400000,2503.6,2509.1,2501.81,2508.1,2538.1213
1787829300000,2508.1,2510.18,2499.07,2501.24,3862.6253
1787830200000,2501.23,2505.36,2498.39,2503.38,1850.3254
1787831100000,2503.37,2503.37,2492.56,2501.73,3093.9317
1787832000000,2501.74,2506.8,2500,2505.36,2223.0301
1787832900000,2505.36,2507.55,2502.74,2505.88,2150.3786
1787833800000,2505.89,2506.16,2496.27,2496.3,4724.2211
1787834700000,2496.3,2500,2492.28,2494.9,2240.6285
1787835600000,2494.9,2500,2494.9,2497.94,1095.4461
1787836500000,2497.94,2506.86,2496.87,2503.09,2996.0255
1787837400000,2503.09,2503.15,2484.61,2489.97,6779.6596
1787838300000,2489.96,2498.21,2482.54,2496.68,5384.33
1787839200000,2496.69,2504.68,2489.04,2492.47,5926.0785
1787840100000,2492.47,2508.74,2490.58,2508.4,4829.2416
1787841000000,2508.4,2523.46,2504.45,2520.8,10009.9138
1787841900000,2520.79,2520.79,2511.35,2517.44,3989.8526
1787842800000,2517.44,2530.32,2513.62,2526.38,4950.6686
1787843700000,2526.38,2527.84,2516.46,2523.1,6679.8106
1787844600000,2523.1,2531.84,2515.23,2525.79,6587.6169
1787845500000,2525.79,2526.37,2519.78,2521.68,3402.9383
1787846400000,2521.68,2527,2516.32,2523.95,5176.2841
1787847300000,2523.95,2528.15,2522.02,2522.06,2820.3493
1787848200000,2522.06,2533.24,2518.82,2531.14,3030.4797
1787849100000,2531.13,2531.16,2522.18,2522.31,2272.0973
1787850000000,2522.31,2531.54,2516.12,2529.27,3677.5396
1787850900000,2529.27,2533.78,2523.97,2523.98,5635.7653
1787851800000,2523.98,2526.35,2517.34,2518.31,2948.3404
1787852700000,2518.3,2522.13,2515.36,2518.07,2654.694
1787853600000,2518.07,2518.21,2494.36,2500.12,5786.479
1787854500000,2500.12,2503.36,2488.74,2493.45,9896.621
1787855400000,2493.45,2497.9,2491.39,2496.9,3864.4476
1787856300000,2496.89,2506.98,2495.48,2506.69,4456.2005
1787857200000,2506.69,2512.6,2505.05,2510.12,3376.7049
1787858100000,2510.12,2512.12,2507.58,2511.78,3263.2997
1787859000000,2511.78,2514.34,2507.82,2510.41,3622.8846
1787859900000,2510.4,2511.76,2497.51,2498.21,5199.9551
1787860800000,2498.22,2501.17,2495.06,2496.66,2034.7885
1787861700000,2496.66,2505.5,2496.19,2502.95,1418.4251
1787862600000,2502.95,2506.56,2502.73,2506.32,753.6792
1787863500000,2506.33,2507.91,2501.72,2507.83,1166.0432
1787864400000,2507.84,2508.79,2503.53,2505.87,1984.2679
1787865300000,2505.87,2505.87,2500.43,2502.06,1381.7739
1787866200000,2502.06,2504.87,2499.22,2499.62,1092.8524
1787867100000,2499.63,2504.86,2499.22,2504.12,1428.9775
1787868000000,2504.12,2512.68,2504.12,2509.9,1763.1003
1787868900000,2509.91,2516.98,2509.9,2512.96,4546.5112
1787869800000,2512.96,2514.36,2510.16,2513.05,1233.5342
1787870700000,2513.05,2515.18,2511.23,2515.15,2379.9127
1787871600000,2515.16,2516.81,2510.67,2511.11,2038.0437
1787872500000,2511.11,2515.93,2509.05,2514.17,1321.2481
1787873400000,2514.16,2514.5,2510.69,2510.94,593.6534
1787874300000,2510.93,2512.64,2509.66,2510.94,781.5535
1787875200000,2510.94,2511.4,2506.02,2508.4,1017.4722
1787876100000,2508.4,2514.02,2508.2,2513.29,1305.7761
1787877000000,2513.29,2518.8,2509.99,2515.23,2892.3629
1787877900000,2515.23,2519.91,2512.65,2515.61,1103.6145
1787878800000,2515.61,2525.08,2515.6,2521.82,2745.0553
1787879700000,2521.82,2529.53,2520.1,2528.8,2926.0819
1787880600000,2528.79,2535.05,2518.01,2519.01,5552.3124
1787881500000,2519,2520,2507.83,2512.44,3440.9664
1787882400000,2512.44,2512.44,2502.77,2502.96,3049.7084
1787883300000,2502.95,2504.93,2491,2494.72,5170.1234
1787884200000,2494.72,2499.9,2490.15,2496.56,2166.4797
1787885100000,2496.56,2496.57,2486.09,2492.26,4334.7699
1787886000000,2492.26,2493.39,2486.24,2490.54,1745.2329
1787886900000,2490.54,2495.6,2490.2,2492.57,1163.1086
1787887800000,2492.57,2494.91,2489.01,2489.26,1550.7667
1787888700000,2489.27,2492.72,2488.93,2489.92,1201.2625
1787889600000,2489.91,2492.23,2477.49,2492.23,4333.1647
1787890500000,2492.22,2496.17,2488,2490.69,1603.1071
1787891400000,2490.69,2491,2483.56,2486.9,1345.9753
1787892300000,2486.91,2489,2485.04,2486.18,1029.8647
1787893200000,2486.18,2488.34,2482.23,2485.54,1172.1478
1787894100000,2485.54,2491,2483.28,2490.17,1296.3683
1787895000000,2490.18,2495.65,2489.67,2495.28,1822.9445
1787895900000,2495.29,2497.44,2492,2493.32,2067.4871
1787896800000,2493.32,2503.77,2493.31,2503.57,2506.76
1787897700000,2503.56,2503.56,2500.91,2500.98,1099.133
1787898600000,2500.99,2502.84,2499.17,2501.32,1480.9997
1787899500000,2501.32,2505.37,2501.1,2503,2086.7405
1787900400000,2503.01,2503.42,2494.1,2496.6,2270.1324
1787901300000,2496.59,2498.96,2494.97,2498.61,1616.8061
1787902200000,2498.61,2498.94,2494.86,2494.86,2554.7399
1787903100000,2494.86,2496.87,2494.77,2496.48,2858.9074
1787904000000,2496.47,2503.66,2496.47,2497.02,3126.2654
1787904900000,2497.02,2501.65,2497.02,2497.8,3288.5091
1787905800000,2497.8,2498.36,2494.13,2494.13,1703.3479
1787906700000,2494.13,2495,2486.52,2488.05,2221.2253
1787907600000,2488.05,2493.02,2483.4,2489.59,5400.581
1787908500000,2489.58,2492.98,2489.58,2491.62,1184.871
1787909400000,2491.61,2493.24,2488.36,2489.05,966.2268
1787910300000,2489.04,2491.52,2488.56,2489.58,1180.9662
1787911200000,2489.57,2490.09,2482.17,2487.59,2021.3723
1787912100000,2487.59,2489.29,2484.39,2489.06,762.5243
1787913000000,2489.06,2495.22,2489.06,2494.02,2314.8308
1787913900000,2494.01,2509.08,2493.83,2506.56,3374.4177
1787914800000,2506.57,2511.51,2505.79,2509.68,2924.1151
1787915700000,2509.68,2510.42,2504.3,2505.49,1716.249
1787916600000,2505.49,2508.11,2502.43,2505.61,1633.6189
1787917500000,2505.61,2506.72,2503.01,2505.1,1141.2051
1787918400000,2505.1,2506.54,2500.01,2501.61,1046.1791
1787919300000,2501.61,2508.41,2500.81,2501.18,1455.506
1787920200000,2501.18,2501.28,2495.29,2498.96,1647.2497
1787921100000,2498.97,2499.24,2496.54,2499.11,830.1678
1787922000000,2499.1,2504.12,2497.28,2500.58,2727.5447
1787922900000,2500.58,2501.67,2495.22,2498.89,2354.4362
1787923800000,2498.89,2505.02,2496.24,2497.68,3491.7965
1787924700000,2497.67,2518.26,2496.24,2509.17,9653.3508
1787925600000,2509.17,2525,2468,2477.91,25469.8463
1787926500000,2477.91,2493.35,2472.01,2492.12,6177.1527
1787927400000,2492.11,2526.64,2486.67,2510,12973.4005
1787928300000,2510.01,2515,2500,2513,4590.0254
1787929200000,2513,2519.25,2502.28,2503.6,4779.8376
1787930100000,2503.6,2512.56,2502.64,2507.14,4035.0294
1787931000000,2507.14,2508.1,2487.68,2489.14,10692.3483
1787931900000,2489.14,2495.41,2470,2471.89,13508.6252
1787932800000,2471.89,2473.95,2444.59,2445.35,25181.2201
1787933700000,2445.35,2450.29,2405.97,2430.45,36051.4262
1787934600000,2430.45,2446.71,2429.47,2436.84,11420.9428
1787935500000,2436.85,2445.17,2436.64,2442.29,4386.9009
1787936400000,2442.3,2445.64,2437.5,2445.64,4968.2978
1787937300000,2445.64,2448.22,2438.19,2442.75,3784.9816
1787938200000,2442.75,2445.67,2437.43,2438.79,2234.1371
1787939100000,2438.78,2446.56,2438.78,2443.79,2257.781
1787940000000,2443.79,2445.02,2438.03,2438.26,3188.107
1787940900000,2438.27,2439.71,2430,2431.47,4874.8679
1787941800000,2431.46,2432.85,2419.42,2423.4,7928.5496
1787942700000,2423.4,2429.05,2418.08,2428.68,4805.4562
1787943600000,2428.67,2437.89,2428.62,2435.86,2889.6985
1787944500000,2435.86,2443.1,2434.13,2438.71,2590.4496
1787945400000,2438.7,2439.01,2435.42,2436.25,3804.8352
1787946300000,2436.25,2436.97,2431.07,2435.69,2358.3485
1787947200000,2435.68,2436.12,2430.77,2435.93,1702.2011
1787948100000,2435.93,2435.93,2430.77,2432.4,908.2499
1787949000000,2432.39,2432.39,2424.03,2427.46,1973.9824
1787949900000,2427.45,2431.12,2426.43,2427.61,1138.3124
1787950800000,2427.61,2429.56,2425.62,2428.18,842.3051
1787951700000,2428.17,2430.06,2424.25,2428.21,934.2268
1787952600000,2428.21,2432.14,2426.82,2428.8,1247.7887
1787953500000,2428.8,2428.8,2422.36,2424.9,1698.4549
1787954400000,2424.91,2430.05,2422.68,2430.05,1298.1256
1787955300000,2430.06,2436.57,2426.8,2434.38,1899.234
1787956200000,2434.37,2440,2433.75,2439.92,3095.2726
1787957100000,2439.92,2445,2439.92,2442.01,3043.9256
1787958000000,2442.01,2442.01,2438.61,2441.79,2185.6654
1787958900000,2441.79,2442.1,2436.47,2437.88,1437.7332
1787959800000,2437.88,2439.54,2437.83,2439.45,944.8805
1787960700000,2439.45,2442.83,2437.28,2442.8,1102.9146
1787961600000,2442.79,2445.37,2442.11,2442.19,1242.1321
1787962500000,2442.18,2448.05,2442.18,2445.64,2388.1424
1787963400000,2445.65,2445.65,2442.57,2444.4,937.6507
1787964300000,2444.4,2444.98,2441.02,2442.47,765.5212
1787965200000,2442.47,2442.76,2439.18,2439.78,1131.1874
1787966100000,2439.77,2444.16,2439.49,2444.16,993.772
1787967000000,2444.16,2445.12,2442.21,2444.58,568.3811
1787967900000,2444.58,2445.92,2442.15,2443.78,1150.1222
1787968800000,2443.77,2444.95,2441.81,2441.82,830.7249
1787969700000,2441.82,2441.92,2436.99,2438.4,1277.0211
1787970600000,2438.39,2439.61,2435.59,2437.91,744.352
1787971500000,2437.91,2440.32,2437.16,2438.73,1051.6081
1787972400000,2438.72,2440.02,2438.72,2438.93,851.7691
1787973300000,2438.93,2441.62,2437.19,2440.39,929.8938
1787974200000,2440.39,2441.37,2437.3,2438.44,1144.6573
1787975100000,2438.44,2438.45,2434.56,2435.23,902.4244
1787976000000,2435.24,2437.77,2434.65,2436.84,705.7917
1787976900000,2436.85,2438.35,2436.46,2438.01,229.8136
1787977800000,2438.01,2439.61,2437.74,2438.94,1131.6037
1787978700000,2438.93,2441.13,2438.11,2440.45,1108.189
1787979600000,2440.45,2442.03,2439.18,2441.41,930.7646
1787980500000,2441.41,2441.42,2439.18,2439.76,1122.8238
1787981400000,2439.76,2441.62,2438.72,2440.97,917.4384
1787982300000,2440.97,2441.26,2437.98,2438.62,1001.5478
1787983200000,2438.62,2439.05,2430.45,2431.79,1493.658
1787984100000,2431.78,2434.05,2430.57,2431.58,1004.9094
1787985000000,2431.57,2434.95,2431.57,2433.94,468.4451
1787985900000,2433.94,2435.42,2433.94,2435.16,636.2759
1787986800000,2435.17,2437.68,2434.16,2434.7,883.571
1787987700000,2434.69,2436.6,2434.17,2435.31,613.2829
1787988600000,2435.31,2438,2434.71,2436.94,1049.1114
1787989500000,2436.94,2438,2435.88,2436.41,811.7407
1787990400000,2436.4,2436.4,2431.2,2433.56,1488.9939
1787991300000,2433.57,2435.69,2432.53,2435.67,563.5553
1787992200000,2435.68,2435.68,2432.53,2433.03,820.1638
1787993100000,2433.04,2434.38,2431.26,2434.15,930.4686
1787994000000,2434.14,2436.38,2433.65,2435.58,1148.3905
1787994900000,2435.58,2436.01,2434.1,2434.1,469.1498
1787995800000,2434.11,2437.29,2434.1,2435.83,965.7634
1787996700000,2435.83,2436.68,2435.31,2435.44,1001.8693
1787997600000,2435.43,2435.43,2431.43,2434.2,871.7384
1787998500000,2434.2,2438.41,2434.2,2436.54,1054.5863
1787999400000,2436.53,2436.82,2435.15,2435.35,448.7136
1788000300000,2435.35,2436.59,2434.71,2434.72,465.5296
1788001200000,2434.71,2438.42,2433.63,2438.02,534.3876
1788002100000,2438.03,2438.5,2437.01,2437.48,487.6736
1788003000000,2437.48,2437.49,2435.87,2435.88,659.4584
1788003900000,2435.87,2436.87,2435.19,2435.87,610.27
1788004800000,2435.88,2436.75,2435.29,2436.73,352.1778
1788005700000,2436.72,2438.96,2433.93,2435.72,1193.2377
1788006600000,2435.72,2436.15,2434.15,2434.45,346.7058
1788007500000,2434.46,2435.14,2433.14,2434.33,414.0519
1788008400000,2434.33,2434.9,2433.03,2434,3682.0652
1788009300000,2433.99,2435.78,2432.42,2434.35,946.1417
1788010200000,2434.35,2436,2433.67,2434.55,607.4197
1788011100000,2434.56,2436.51,2434.38,2435.63,526.5219
1788012000000,2435.63,2436.74,2435.05,2436.08,686.07
1788012900000,2436.08,2437.24,2435.48,2435.9,504.1024
1788013800000,2435.9,2448.68,2435.89,2444.69,3498.9349
1788014700000,2444.7,2452.64,2444.7,2448.58,2728.3159
1788015600000,2448.59,2449.35,2441.03,2444.85,1644.7891
1788016500000,2444.84,2447.05,2441.31,2444.78,1068.1143
1788017400000,2444.78,2446.07,2442.28,2443.89,834.5952
1788018300000,2443.88,2446.94,2442.82,2444.76,1047.2826
1788019200000,2444.75,2448.52,2444.52,2448.47,1255.6416
1788020100000,2448.47,2457.77,2445.59,2447.99,3382.3877
1788021000000,2448,2451.66,2445.87,2450.6,1622.1821
1788021900000,2450.6,2454.81,2449.75,2450.98,2545.7545
1788022800000,2450.99,2454.45,2450.99,2453.16,4398.9965
1788023700000,2453.16,2455.44,2448.12,2448.39,1527.0178
1788024600000,2448.38,2450,2445.57,2449.35,967.8933
1788025500000,2449.35,2450.78,2447.53,2450.74,1116.0399
1788026400000,2450.74,2451.92,2448.08,2448.13,522.1935
1788027300000,2448.13,2449.35,2445.97,2447.01,667.7997
1788028200000,2447,2455.01,2445.6,2453.01,5984.2177
1788029100000,2453.02,2455.83,2451.96,2452.45,1364.9021
1788030000000,2452.45,2457.01,2452.44,2457,1069.5358
1788030900000,2457.01,2458.69,2456,2457.64,1289.7737
1788031800000,2457.65,2458.9,2454.25,2455.66,1138.2545
1788032700000,2455.67,2455.67,2451.7,2453.51,399.9809
1788033600000,2453.51,2456.48,2452.22,2456.34,892.3173
1788034500000,2456.35,2458.24,2453.24,2453.24,577.8135
1788035400000,2453.19,2453.78,2451.7,2453.34,578.4596
1788036300000,2453.34,2453.71,2452.41,2452.82,472.4109
1788037200000,2452.82,2454.09,2449.08,2451.64,1436.2661
1788038100000,2451.64,2452.64,2450.26,2450.26,333.6802
1788039000000,2450.27,2451.44,2450.15,2451.44,235.623
1788039900000,2451.44,2452.72,2450.7,2451.47,259.4473
1788040800000,2451.47,2453.12,2450.28,2451.04,680.4715
1788041700000,2451.04,2451.56,2449.37,2450.99,443.5316
1788042600000,2451,2451.6,2450.99,2451.38,321.4642
1788043500000,2451.38,2453.25,2451.38,2452.64,418.3861
1788044400000,2452.63,2456.17,2452.63,2455.65,1542.9601
1788045300000,2455.65,2456.47,2452.74,2455.25,990.5831
1788046200000,2455.25,2457.52,2453.44,2456.55,836.2457
1788047100000,2456.55,2459.76,2456.54,2457.67,632.129
1788048000000,2457.67,2457.68,2454.53,2456.26,547.4719
1788048900000,2456.26,2467.93,2456.25,2462.63,2569.0946
1788049800000,2462.64,2465.32,2460.17,2460.82,1406.0832
1788050700000,2460.83,2463.55,2458.83,2458.95,966.5867
1788051600000,2458.94,2460.62,2456.28,2456.39,601.154
1788052500000,2456.39,2456.71,2453.08,2454.18,1346.0057
1788053400000,2454.18,2458.21,2453.41,2456.29,873.2159
1788054300000,2456.29,2459.41,2455.21,2456.37,1509.592
1788055200000,2456.37,2458.57,2455.05,2458.35,752.7267
1788056100000,2458.36,2458.58,2453.6,2455.55,570.6662
1788057000000,2455.56,2458.04,2453.76,2456.18,994.2479
1788057900000,2456.18,2458.99,2454.79,2454.97,1053.3363
1788058800000,2454.97,2456.17,2454.17,2456.14,667.5485
1788059700000,2456.13,2459.11,2455.37,2459.11,1082.5066
1788060600000,2459.11,2460.72,2458.17,2458.5,1308.7621
1788061500000,2458.49,2458.5,2456.85,2457.15,354.2406
1788062400000,2457.14,2458.75,2456.48,2457.21,599.9073
1788063300000,2457.21,2458.69,2454.54,2455.55,1840.9482
1788064200000,2455.54,2456.18,2452.92,2453.39,2982.8775
1788065100000,2453.39,2455.87,2451.55,2455.87,1546.9441
1788066000000,2455.86,2460,2455.67,2457.03,1382.4445
1788066900000,2457.02,2457.03,2455.57,2455.87,385.2207
1788067800000,2455.86,2456.88,2455.11,2455.86,736.0897
1788068700000,2455.85,2456.36,2455.19,2456.36,598.8198
1788069600000,2456.35,2456.43,2455.01,2455.87,515.6402
1788070500000,2455.87,2457.85,2455.87,2456.66,497.2576
1788071400000,2456.66,2460.26,2456.66,2459.42,1483.4416
1788072300000,2459.43,2461.52,2458.89,2461.07,819.1049
1788073200000,2461.07,2461.29,2458.7,2459.57,923.1156
1788074100000,2459.57,2459.58,2458,2458.01,288.5622
1788075000000,2458.01,2458.94,2456.15,2456.2,1179.9132
1788075900000,2456.2,2457.47,2455,2455.28,1021.7114
1788076800000,2455.28,2458.94,2455.28,2456.53,1093.9382
1788077700000,2456.54,2459.9,2456.53,2458.6,550.954
1788078600000,2458.6,2458.66,2455,2455.96,473.0671
1788079500000,2455.95,2457.16,2454.72,2456.86,496.3682
1788080400000,2456.87,2457.6,2455.89,2457.03,528.1467
1788081300000,2457.03,2458.24,2453.13,2453.34,964.8598
1788082200000,2453.34,2455.59,2451.79,2454,1381.3755
1788083100000,2454.01,2455.77,2452.92,2453.54,940.3668
1788084000000,2453.54,2455.65,2452.58,2453.47,664.057
1788084900000,2453.48,2458.75,2452.5,2455.5,1466.3256
1788085800000,2455.49,2458.43,2455.31,2457.91,1003.5585
1788086700000,2457.91,2459.8,2457.91,2459.68,735.6632
1788087600000,2459.68,2460.29,2457.84,2459.02,758.039
1788088500000,2459.01,2461.81,2457.91,2461.36,1408.5571
1788089400000,2461.36,2461.39,2457.79,2459.75,1324.8714
1788090300000,2459.75,2460.42,2456.51,2460.41,996.3056
1788091200000,2460.42,2473.3,2460.19,2470.1,5416.2833
1788092100000,2470.09,2470.09,2462.64,2466.29,1723.2742
1788093000000,2466.29,2467.25,2458.73,2464.77,3182.7982
1788093900000,2464.77,2469.71,2462.69,2469.47,3285.7195
1788094800000,2469.47,2470.92,2462.11,2462.12,2147.5829
1788095700000,2462.11,2467.08,2460.87,2466.72,785.9037
1788096600000,2466.73,2471.77,2465.16,2470.22,1897.1596
1788097500000,2470.21,2478.44,2470.2,2475.59,4994.7173
1788098400000,2475.58,2479.61,2470.91,2478.7,3438.5509
1788099300000,2478.7,2479.45,2475,2476.75,2475.0812
1788100200000,2476.76,2479.71,2473.52,2475.59,2692.0678
1788101100000,2475.59,2479.04,2474.4,2477.12,2477.2788
1788102000000,2477.13,2482.2,2473.15,2473.79,3844.7596
1788102900000,2473.79,2480.2,2471.86,2477.59,2970.5406
1788103800000,2477.58,2479.95,2476.15,2479.95,1012.6091
1788104700000,2479.95,2484,2478.36,2481.11,1641.9983
1788105600000,2481.11,2513,2479.28,2510.7,9332.435
1788106500000,2510.7,2519.68,2507.02,2513.67,9962.8334
1788107400000,2513.68,2534.98,2512.34,2529.15,15832.0235
1788108300000,2529.15,2530.98,2520.45,2529.28,5548.0355
1788109200000,2529.27,2529.27,2519.25,2521.09,3864.1105
1788110100000,2521.09,2521.1,2494.36,2498.07,9091.2582
1788111000000,2498.08,2508.26,2494.84,2506.91,2854.0059
1788111900000,2506.91,2509.52,2501.45,2505.73,1769.9497
1788112800000,2505.73,2508.34,2496.59,2499.69,2104.5492
1788113700000,2499.69,2512.82,2498.69,2511.8,1886.9784
1788114600000,2511.81,2517.54,2510.7,2514.17,2961.9919
1788115500000,2514.17,2514.66,2509.21,2510.64,1058.8017
1788116400000,2510.64,2512.15,2506.11,2512.15,1304.1221
1788117300000,2512.15,2513.33,2505.68,2506.17,899.7693
1788118200000,2506.17,2507.38,2499.37,2499.37,1636.3528
1788119100000,2499.36,2503.83,2496.25,2503.83,1390.9206
1788120000000,2503.82,2507.88,2503.52,2504.72,1121.7214
1788120900000,2504.72,2508.6,2503.13,2503.58,1320.8715
1788121800000,2503.58,2504.46,2485.28,2488.46,4994.7196
1788122700000,2488.46,2499.9,2487.37,2490.81,2309.8433
1788123600000,2490.82,2490.82,2460.18,2474.23,12118.5031
1788124500000,2474.24,2479.06,2471.48,2477.7,2011.8454
1788125400000,2477.7,2483.72,2476.77,2480,1934.6518
1788126300000,2479.99,2483.02,2474.97,2481.56,1515.4915
1788127200000,2481.57,2488.77,2474.56,2474.57,3134.1854
1788128100000,2474.57,2476.13,2465.15,2467.41,2352.4428
1788129000000,2467.4,2475.26,2460.4,2471.66,3357.9035
1788129900000,2471.65,2473.11,2465.96,2470.63,3040.0951
1788130800000,2470.62,2470.62,2463.86,2464.73,2462.1824
1788131700000,2464.72,2465.88,2422.75,2426.74,21907.7077
1788132600000,2426.74,2435.72,2403.43,2412.07,22639.3106
1788133500000,2412.08,2420.01,2387.28,2416.88,18400.3214
1788134400000,2416.89,2421.74,2406.53,2420.35,7950.2521
1788135300000,2420.35,2432.33,2419.12,2430.48,5415.5355
1788136200000,2430.48,2441.9,2428.95,2432.32,5585.1985
1788137100000,2432.33,2433.59,2426.29,2428.25,2850.4732
1788138000000,2428.24,2430.75,2413.59,2418,7382.7929
1788138900000,2418,2423.15,2415,2420.08,4588.1793
1788139800000,2420.07,2426.66,2415.16,2418.44,2958.6412
1788140700000,2418.44,2421.81,2409.49,2412.95,2520.0337
1788141600000,2412.95,2425.31,2408.18,2422.73,2941.985
1788142500000,2422.72,2423.47,2415,2416.57,2076.9488
1788143400000,2416.58,2418.95,2412.41,2413.3,1275.3255
1788144300000,2413.31,2414.24,2401.35,2407.9,3301.0973
1788145200000,2407.91,2416.71,2405.03,2415.41,2390.6139
1788146100000,2415.4,2422.4,2413.75,2420.13,1344.499
1788147000000,2420.12,2423.57,2418.45,2423.38,1319.0387
1788147900000,2423.39,2424.24,2420.67,2420.94,1079.4253
1788148800000,2420.94,2421.29,2413.44,2414.74,1800.8401
1788149700000,2414.75,2415.06,2411.34,2412.62,2229.7032
1788150600000,2412.62,2416.2,2412.05,2415.37,2592.5015
1788151500000,2415.37,2418.46,2411.43,2417.68,1695.9124
1788152400000,2417.67,2423.7,2414.1,2422.48,1850.0272
1788153300000,2422.48,2441.93,2422.37,2434.99,5827.2645
1788154200000,2435,2437.73,2429.16,2435.72,3210.932
1788155100000,2435.73,2438.59,2433.63,2435.99,1472.2876
1788156000000,2436,2437.68,2431.32,2436.2,1627.4907
1788156900000,2436.2,2444.83,2436.17,2441.59,3725.8543
1788157800000,2441.59,2444.38,2437.05,2442.37,2596.1066
1788158700000,2442.37,2443.6,2438.38,2438.66,1130.8239
1788159600000,2438.66,2441.79,2436.17,2439.7,1503.4579
1788160500000,2439.69,2446.6,2439.69,2442.97,2508.8558
1788161400000,2442.97,2443,2438.83,2441.15,1771.4597
1788162300000,2441.15,2441.67,2438.83,2440.38,1814.6942
1788163200000,2440.38,2445.83,2434.16,2440.81,3281.0368
1788164100000,2440.81,2440.81,2433.56,2436.25,2274.6179
1788165000000,2436.24,2449.69,2435.54,2443.21,2925.7762
1788165900000,2443.21,2448.25,2442.63,2446.14,1593.5636
1788166800000,2446.15,2453.13,2443.03,2445.7,2681.8498
1788167700000,2445.69,2452.32,2444.15,2446.97,2337.76
1788168600000,2446.98,2449.64,2446.33,2449.27,1551.6936
1788169500000,2449.27,2456.7,2446.32,2446.7,2781.8101
1788170400000,2446.71,2449.49,2440.82,2449.48,2671.2112
1788171300000,2449.48,2449.49,2445.39,2449.19,1950.3594
1788172200000,2449.19,2451.79,2446.08,2450.91,2470.0524
1788173100000,2450.91,2456.9,2449.83,2455.63,5784.9587
1788174000000,2455.64,2458.02,2452.31,2454.64,2639.8528
1788174900000,2454.65,2457,2450.96,2452.19,2029.7715
1788175800000,2452.19,2452.31,2446.64,2447.33,1665.3537
1788176700000,2447.33,2448.38,2444.02,2446.35,1060.5151
1788177600000,2446.36,2457.25,2444.8,2453.21,3543.5478
1788178500000,2453.21,2464.27,2447.36,2454.62,4422.9567
1788179400000,2454.61,2458.92,2444.59,2450.94,4317.6876
1788180300000,2450.95,2452.21,2446.47,2451.55,1622.8573
1788181200000,2451.55,2459.03,2451.43,2453.71,2082.1309
1788182100000,2453.71,2454.79,2445.37,2450.46,2258.3317
1788183000000,2450.46,2458.56,2445.12,2447.96,4048.3178
1788183900000,2447.96,2449.38,2437.05,2440.28,4783.7811
1788184800000,2440.29,2447.9,2438.28,2440.54,3230.7773
1788185700000,2440.55,2448.93,2437.75,2445.48,3916.5057
1788186600000,2445.48,2475,2444,2465.32,10925.9741
1788187500000,2465.32,2471.32,2460.75,2467.56,6017.0885
1788188400000,2467.57,2470.96,2458.89,2459.49,4397.8671
1788189300000,2459.49,2470.5,2458.28,2468.54,3655.1646
1788190200000,2468.54,2478.09,2465.96,2476.61,4689.0913
1788191100000,2476.62,2477.64,2467.14,2467.68,2731.5271
1788192000000,2467.68,2472.6,2464.59,2465.55,3086.534
1788192900000,2465.55,2471,2462.05,2464.77,3154.497
1788193800000,2464.78,2472.33,2464,2471.52,2804.4715
1788194700000,2471.52,2477.24,2468.5,2469.2,2705.4295
1788195600000,2469.19,2473.85,2468.18,2471.69,1579.3665
1788196500000,2471.7,2472.05,2461.26,2463.73,2740.9635
1788197400000,2463.74,2474.63,2462.38,2471.28,2298.865
1788198300000,2471.28,2477.37,2469.61,2475.42,2980.9485
1788199200000,2475.41,2475.41,2469.81,2473.47,1648.412
1788200100000,2473.47,2480.75,2468.98,2471.09,4452.5176
1788201000000,2471.09,2489.89,2470.24,2487.89,4163.3783
1788201900000,2487.89,2487.9,2476.26,2477.8,2576.4233
1788202800000,2477.81,2489.95,2477.8,2486.44,3799.8176
1788203700000,2486.43,2486.44,2481.77,2485.53,2743.3458
1788204600000,2485.53,2486.05,2478.4,2480.37,3186.276
1788205500000,2480.37,2485.4,2477.4,2481.84,2770.7894
1788206400000,2481.84,2483.35,2478.1,2480,954.2612
1788207300000,2479.99,2487,2475.26,2476.12,1682.7736
1788208200000,2476.11,2477.76,2470.06,2473.87,1844.379
1788209100000,2473.87,2475.06,2470.94,2472.62,1299.5525
1788210000000,2472.63,2476.23,2467.64,2472.65,1988.8745
1788210900000,2472.64,2478.52,2470.58,2478.51,1172.6108
1788211800000,2478.52,2483.51,2477.89,2481.48,1782.4864
1788212700000,2481.48,2483.19,2478.26,2478.27,1341.5703
1788213600000,2478.27,2480.91,2474.38,2474.7,956.4796
1788214500000,2474.7,2474.96,2470.73,2471.12,1073.469
1788215400000,2471.13,2471.86,2468,2468.86,1024.809
1788216300000,2468.86,2470.68,2467.72,2469.45,810.7676
1788217200000,2469.45,2469.45,2462,2464.4,1798.2155
1788218100000,2464.41,2466.8,2463.43,2466.49,601.6671
1788219000000,2466.49,2468.05,2464.52,2467.41,731.4827
1788219900000,2467.41,2468.05,2465.99,2467.65,784.3793
1788220800000,2467.64,2473.8,2465.42,2472.47,1734.69
1788221700000,2472.47,2477.55,2471.58,2475.49,1703.4948
1788222600000,2475.49,2476.8,2470.92,2472.04,1832.74
1788223500000,2472.04,2475.9,2468.75,2471.61,1284.833
1788224400000,2471.62,2476.22,2467.01,2467.84,1703.5791
1788225300000,2467.84,2470.14,2458.18,2461.13,2413.4864
1788226200000,2461.13,2468,2458.27,2467.4,1869.6957
1788227100000,2467.4,2467.8,2461.45,2462.86,1195.5103
1788228000000,2462.85,2462.85,2454.66,2457.94,2303.185
1788228900000,2457.94,2462.76,2455,2458.5,2393.1011
1788229800000,2458.5,2463.3,2458.5,2460.38,1129.7392
1788230700000,2460.37,2465.34,2459.27,2465.08,1389.5344
1788231600000,2465.09,2467.31,2464.15,2466.12,925.1872
1788232500000,2466.11,2467.31,2463.3,2466.8,788.2069
1788233400000,2466.79,2482.8,2466.39,2476.56,5192.5587
1788234300000,2476.55,2476.55,2471.03,2472.21,1637.5085
1788235200000,2472.21,2475.18,2470.39,2473.03,1532.4489
1788236100000,2473.04,2478.2,2473.03,2476.13,1230.9747
1788237000000,2476.13,2477,2470.77,2471.21,1183.0463
1788237900000,2471.21,2472.49,2468.72,2470.02,1976.3203
1788238800000,2470.02,2477.01,2468.73,2472.82,1568.3327
1788239700000,2472.82,2475.79,2470.56,2475.53,1282.4344
1788240600000,2475.53,2482,2475.28,2481.99,2044.5421
1788241500000,2481.99,2485.5,2479.55,2484.54,3877.9344
1788242400000,2484.54,2484.55,2478.39,2479.76,1736.6386
1788243300000,2479.76,2479.77,2473.38,2475.69,1707.5071
1788244200000,2475.68,2477.8,2475.35,2476.71,1411.8554
1788245100000,2476.7,2476.71,2471.61,2471.61,1259.1341
1788246000000,2471.61,2475.27,2471.29,2473.97,1414.3893
1788246900000,2473.97,2477.22,2473.14,2475.13,1384.9964
1788247800000,2475.13,2476.02,2466.57,2470.6,2229.8633
1788248700000,2470.59,2473.93,2468.74,2472.72,1404.8198
1788249600000,2472.72,2473.62,2461.43,2464.15,3362.9579
1788250500000,2464.15,2464.99,2447.83,2448.11,6107.3931
1788251400000,2448.1,2455.67,2444.92,2451.65,6247.9982
1788252300000,2451.65,2454.36,2446.2,2448.17,5359.6762
1788253200000,2448.18,2450.09,2443.44,2444.73,1980.2584
1788254100000,2444.72,2453.3,2444.25,2451.34,2911.3423
1788255000000,2451.34,2455,2449.15,2454.65,1872.5579
1788255900000,2454.7,2454.92,2451.74,2452.44,1517.647
1788256800000,2452.44,2455.11,2449.3,2452.32,2252.1919
1788257700000,2452.33,2459.48,2448.35,2458.02,4132.7156
1788258600000,2458.01,2463.55,2458.01,2460.49,1648.3722
1788259500000,2460.5,2462.61,2456.02,2456.97,1681.772
1788260400000,2456.97,2457.05,2453.16,2454.73,1906.2266
1788261300000,2454.74,2457.02,2452.77,2456.43,968.5174
1788262200000,2456.44,2463.56,2454.61,2460.23,1474.2422
1788263100000,2460.23,2464.73,2458.14,2459.18,2035.3647
1788264000000,2459.18,2459.32,2453.39,2455.61,2076.3481
1788264900000,2455.62,2458.58,2452.2,2455.3,1598.4527
1788265800000,2455.29,2455.3,2438.43,2446.22,6221.4624
1788266700000,2446.22,2449.48,2444.42,2446.61,2209.722
1788267600000,2446.62,2447.3,2426.58,2441.51,8395.7599
1788268500000,2441.51,2445,2438.78,2444.31,3012.486
1788269400000,2444.31,2450,2431.5,2442.63,5629.9155
1788270300000,2442.63,2449.5,2440.19,2444.41,3931.1109
1788271200000,2444.42,2456.65,2442.05,2451.36,7303.0618
1788272100000,2451.35,2455,2446.68,2451.37,3435.7041
1788273000000,2451.36,2455.83,2450.19,2455,2561.5114
1788273900000,2455,2457.64,2447.44,2449.29,2810.11
1788274800000,2449.3,2449.58,2435,2438.01,5004.4731
1788275700000,2438.01,2443.43,2435.5,2443.43,2281.5792
1788276600000,2443.43,2449.23,2441.44,2449.22,1983.0562
1788277500000,2449.22,2454.68,2448.22,2448.97,2107.686
1788278400000,2448.97,2449.6,2434.4,2434.69,3516.7519
1788279300000,2434.69,2438.68,2426,2433.59,5135.4988
1788280200000,2433.58,2435.57,2420.01,2429.2,5208.0473
1788281100000,2429.2,2435,2428.2,2432.83,1802.5019
1788282000000,2432.83,2434.7,2431.01,2432.94,1321.3246
1788282900000,2432.93,2436.91,2428.46,2432.99,2052.769
1788283800000,2432.99,2439.53,2432.65,2433.37,1211.5043
1788284700000,2433.37,2433.37,2416.85,2418.18,7500.6037
1788285600000,2418.18,2421.98,2408.56,2416.93,7272.6439
1788286500000,2416.92,2418.4,2401.76,2414.8,5552.3589
1788287400000,2414.8,2417.13,2389.33,2389.76,12822.8299
1788288300000,2389.75,2413.25,2383.34,2412.83,10357.7174
1788289200000,2412.83,2420.24,2412.24,2415.62,3852.2262
1788290100000,2415.62,2424.89,2412.67,2420.68,4618.3038
1788291000000,2420.67,2422.13,2416.86,2417.42,1256.5493
1788291900000,2417.42,2419.27,2413,2419.18,1856.1937
1788292800000,2419.19,2420.4,2413.07,2420.4,2428.8259
1788293700000,2420.4,2422.43,2416.56,2420.16,1693.7208
1788294600000,2420.16,2423.12,2418.5,2419.36,1589.8893
1788295500000,2419.36,2421.56,2416.88,2421.32,1281.7844
1788296400000,2421.33,2423.39,2405,2408.7,3674.0307
1788297300000,2408.71,2417.32,2400.42,2414.78,3509.3303
1788298200000,2414.77,2414.78,2407.63,2412.49,2040.0232
1788299100000,2412.49,2417.66,2412.49,2415.46,2236.4717
1788300000000,2415.46,2418.7,2413.82,2416.35,1215.3279
1788300900000,2416.35,2416.35,2407.23,2407.66,4083.2089
1788301800000,2407.65,2410.04,2405.85,2407.76,5204.7156
1788302700000,2407.75,2415.88,2407.75,2413.18,1774.4854
1788303600000,2413.17,2414.92,2411,2412.98,1155.988
1788304500000,2412.98,2417.25,2412.8,2417.25,1387.8057
1788305400000,2417.24,2427.15,2416.55,2423.24,3014.584
1788306300000,2423.23,2425.59,2418.41,2418.57,2195.705
1788307200000,2418.58,2420.99,2416.91,2420.15,1253.7674
1788308100000,2420.15,2422.32,2410.86,2412.34,2000.258
1788309000000,2412.33,2415.53,2405.87,2409.14,2693.0373
1788309900000,2409.14,2411.75,2406.96,2408.85,1327.2067
1788310800000,2408.84,2415,2407.06,2413.14,2078.5544
1788311700000,2413.14,2415,2408.99,2409.21,2013.0569
1788312600000,2409.21,2411.64,2391.09,2395.15,5405.4491
1788313500000,2395.16,2400.79,2386.74,2399.32,5314.6312
1788314400000,2399.32,2406,2395,2402.06,2844.4605
1788315300000,2402.07,2411.01,2401.37,2409.97,2817.1162
1788316200000,2409.96,2410.53,2404.49,2406.96,2501.7857
1788317100000,2406.96,2409.93,2406.26,2409.92,1238.1204
1788318000000,2409.93,2420.56,2408.64,2415.61,4052.2284
1788318900000,2415.62,2424.3,2412.8,2420,4456.311
1788319800000,2420,2420.3,2413.92,2414.77,1950.9554
1788320700000,2414.76,2417.24,2412.04,2414.42,1692.233
1788321600000,2414.42,2415.46,2406.52,2408.17,2382.4249
1788322500000,2408.16,2413.43,2405.44,2412.44,1713.673
1788323400000,2412.45,2416.46,2412.01,2415.69,2077.2214
1788324300000,2415.69,2416.49,2414.24,2415.23,1186.1773
1788325200000,2415.23,2416.33,2409.45,2415.3,1737.6834
1788326100000,2415.3,2423.33,2415.08,2422.52,2256.8202
1788327000000,2422.52,2423.23,2419.54,2420.77,1432.8017
1788327900000,2420.78,2425,2420.46,2422.53,1466.3812
1788328800000,2422.53,2424.72,2418.48,2418.55,2267.1888
1788329700000,2418.55,2422.53,2416.4,2418.3,1690.0258
1788330600000,2418.3,2425.5,2414.98,2422.44,2777.7508
1788331500000,2422.44,2422.89,2417.03,2420.73,1754.8155
1788332400000,2420.73,2429,2420.44,2426.69,2291.7596
1788333300000,2426.69,2426.69,2421.24,2421.79,1397.6069
1788334200000,2421.79,2424.8,2420.88,2421.74,1060.2256
1788335100000,2421.74,2422.85,2417.6,2417.9,1578.9725
1788336000000,2417.9,2420.64,2414.89,2417.45,2498.3838
1788336900000,2417.46,2419.1,2413.63,2414.01,1921.7644
1788337800000,2414,2414.01,2395.36,2396.23,5947.4189
1788338700000,2396.23,2400.69,2390.09,2393.16,6307.8655
1788339600000,2393.15,2400,2393.05,2395.6,2956.9612
1788340500000,2395.6,2395.94,2378,2388,9203.1754
1788341400000,2388,2388.65,2368.11,2369.85,11450.3192
1788342300000,2369.84,2377.31,2366.9,2376.61,4963.1545
1788343200000,2376.62,2376.89,2370,2373,3267.3723
1788344100000,2373,2376.02,2369.4,2369.8,3446.8753
1788345000000,2369.79,2370.53,2360,2366.32,5470.1058
1788345900000,2366.32,2373.31,2356.41,2372.76,6601.0779
1788346800000,2372.73,2377.17,2367.52,2376.08,4556.4901
1788347700000,2376.08,2377.17,2369.16,2374.3,5474.9773
1788348600000,2374.3,2382.28,2373.4,2377.92,3863.9138
1788349500000,2377.91,2382.09,2376.04,2381.88,2455.1128
1788350400000,2381.87,2383,2377.53,2382.42,3180.9861
1788351300000,2382.42,2390,2379.32,2386.6,5688.1972
1788352200000,2386.6,2386.92,2380.05,2382.25,1890.1483
1788353100000,2382.25,2382.26,2377.21,2377.65,2242.2486
1788354000000,2377.65,2385.58,2377.64,2381.96,2308.4692
1788354900000,2381.96,2389.82,2381.95,2388.08,3435.1011
1788355800000,2388.09,2417.52,2380,2417.17,8809.4883
1788356700000,2417.17,2419.72,2397.54,2402.99,11727.5583
1788357600000,2403,2408.51,2394.82,2406.82,5698.1062
1788358500000,2406.83,2410.9,2401,2404.29,2554.4949
1788359400000,2404.29,2404.59,2393.15,2403.75,3110.8599
1788360300000,2403.76,2404.72,2393.93,2394.45,2236.2416
1788361200000,2394.46,2397.67,2379.01,2385.15,6236.2557
1788362100000,2385.15,2394,2384.57,2388.57,3092.5124
1788363000000,2388.58,2399.09,2385.46,2397.7,4118.1828
1788363900000,2397.71,2397.92,2384,2390.98,3616.5222
1788364800000,2390.98,2396.76,2386.68,2394.23,4006.7191
1788365700000,2394.23,2404.8,2392.56,2398.31,3281.3821
1788366600000,2398.32,2402.73,2388.42,2388.42,2781.4148
1788367500000,2388.43,2392,2384.81,2386.2,2509.5838
1788368400000,2386.21,2388.16,2375.51,2380.25,5314.7898
1788369300000,2380.24,2381.18,2372.55,2379.6,2474.5051
1788370200000,2379.59,2389.47,2378.6,2389.47,2226.8412
1788371100000,2389.47,2394.3,2389.47,2393.77,1826.9867
1788372000000,2393.77,2396.89,2391.45,2395.24,2857.8554
1788372900000,2395.25,2399.91,2393.95,2396.38,2282.5868
1788373800000,2396.37,2397.82,2391.02,2392.02,1906.7763
1788374700000,2392.02,2395.64,2390.39,2394.93,937.7749
1788375600000,2394.92,2396.64,2393.45,2396.02,903.5806
1788376500000,2396.01,2396.67,2386.68,2386.69,1214.9221
1788377400000,2386.68,2388.16,2383.14,2387.06,1658.8328
1788378300000,2387.06,2393,2386.07,2392.99,3099.5386
1788379200000,2393,2399.74,2390.79,2393.03,2149.9878
1788380100000,2393.04,2396.89,2386.08,2391.56,1871.9273
1788381000000,2391.56,2395.52,2390.33,2390.95,2054.1451
1788381900000,2390.94,2395.43,2388.74,2393.56,1647.3036
1788382800000,2393.56,2394.46,2391.13,2392.61,710.809
1788383700000,2392.61,2393.16,2390.81,2391.1,689.194
1788384600000,2391.09,2395.09,2389.38,2394.01,1294.2137
1788385500000,2394.01,2394.02,2390.06,2390.15,1398.6786
1788386400000,2390.14,2390.15,2381.79,2385.03,2283.7461
1788387300000,2385.03,2385.94,2378.64,2379.1,1387.7263
1788388200000,2379.11,2385.24,2379.11,2383.3,1323.5323
1788389100000,2383.3,2383.6,2379.46,2379.81,1118.3434
1788390000000,2379.81,2386.97,2377.77,2386.96,1878.2301
1788390900000,2386.96,2387.02,2383.25,2386.05,1270.2946
1788391800000,2386.06,2388.54,2383.33,2384.35,764.8481
1788392700000,2384.35,2393.63,2384.35,2391.92,1441.535
1788393600000,2391.91,2395.41,2387.8,2387.8,1802.3862
1788394500000,2387.81,2387.81,2380.58,2381.02,2453.6278
1788395400000,2381.01,2385.81,2379.26,2383.93,1440.4009
1788396300000,2383.92,2384.82,2379.56,2379.84,1147.6401
1788397200000,2379.82,2391.56,2370.14,2390.77,5139.5167
1788398100000,2390.76,2392.45,2386.11,2392.45,1632.9397
1788399000000,2392.46,2394.61,2387.67,2389.17,2489.0206
1788399900000,2389.16,2391.53,2384.69,2386.81,1620.2525
1788400800000,2386.8,2391.6,2382.53,2391.18,1830.88
1788401700000,2391.19,2396.75,2389,2395.77,1451.3354
1788402600000,2395.76,2407.57,2394.26,2405.18,4036.5603
1788403500000,2405.15,2409.73,2402.75,2406.08,2915.0657
1788404400000,2406.09,2409.01,2403.19,2407.76,2769.84
1788405300000,2407.76,2410.94,2403.99,2403.99,2769.9333
1788406200000,2403.99,2405.61,2399.8,2400.41,1459.6196
1788407100000,2400.42,2403.55,2399.78,2403.3,732.9649
1788408000000,2403.29,2407.1,2401.33,2401.62,1349.2558
1788408900000,2401.63,2402.09,2396.94,2398.26,1697.9023
1788409800000,2398.26,2400,2397.55,2397.71,584.2038
1788410700000,2397.71,2408.31,2397.7,2408.31,2612.1435
1788411600000,2408.3,2410,2400.92,2402.18,1848.3656
1788412500000,2402.19,2402.85,2379.41,2385.27,4524.2384
1788413400000,2385.26,2397.68,2384.25,2396.24,1974.449
1788414300000,2396.23,2405.49,2393.8,2404.81,2848.7189
1788415200000,2404.82,2406.49,2400.69,2401.4,1804.2606
1788416100000,2401.41,2408.59,2400.37,2407.89,2934.0924
1788417000000,2407.9,2409.93,2406.08,2409.93,2479.2308
1788417900000,2409.93,2410.24,2407.11,2408.6,1848.0829
1788418800000,2408.6,2419.33,2407.8,2413.03,4529.7118
1788419700000,2413.03,2413.05,2404.96,2408.06,3413.8431
1788420600000,2408.05,2412.99,2403.6,2408.01,2671.8004
1788421500000,2408.01,2409.46,2395.85,2398.68,3407.522
1788422400000,2398.68,2413.04,2398.67,2405.73,3566.0737
1788423300000,2405.72,2409.17,2400.44,2408.81,3022.9029
1788424200000,2408.81,2409.68,2405.15,2405.7,1740.0031
1788425100000,2405.7,2407.46,2401.19,2403.69,2124.2588
1788426000000,2403.69,2407.64,2401.33,2404.9,1776.0786
1788426900000,2404.91,2406.49,2399.15,2399.16,2215.357
1788427800000,2399.16,2399.91,2393.98,2396.81,2406.8196
1788428700000,2396.81,2399.4,2393.57,2393.58,2387.0675
1788429600000,2393.57,2396.94,2390.68,2391.66,2207.7213
1788430500000,2391.66,2398.86,2390.11,2396.5,2393.4447
1788431400000,2396.5,2397.14,2390,2391.61,1949.4416
1788432300000,2391.6,2397.5,2391.28,2396.83,1523.9672
1788433200000,2396.83,2400.39,2395.71,2399.85,2402.2827
1788434100000,2399.85,2406.1,2399.85,2405.66,2181.5108
1788435000000,2405.67,2409.17,2402.47,2408.71,2369.5923
1788435900000,2408.71,2411.35,2405.65,2407.2,2459.8188
1788436800000,2407.2,2411.13,2405.09,2409.77,1625.4258
1788437700000,2409.76,2411.93,2405.63,2408.09,2432.7711
1788438600000,2408.1,2423.61,2408.09,2413.75,7397.0276
1788439500000,2413.75,2427,2413.12,2423.27,6936.1439
1788440400000,2423.27,2424.9,2417.28,2419.69,3991.0972
1788441300000,2419.7,2421.54,2415.87,2420.11,2004.8101
1788442200000,2420.12,2435.76,2418.24,2435.07,8854.139
1788443100000,2435.06,2436.21,2424.71,2430.17,6809.3948
1788444000000,2430.17,2439.81,2425.71,2439.78,5354.2619
1788444900000,2439.78,2451.36,2438.31,2450.79,11125.9442
1788445800000,2450.79,2464.78,2448.44,2457.04,12447.4835
1788446700000,2457.04,2489.9,2456.6,2489.46,18078.5683
1788447600000,2489.46,2503.43,2479.2,2486.27,17908.4115
1788448500000,2486.27,2493,2482.24,2490.46,6114.7815
1788449400000,2490.46,2497.57,2488.42,2492.9,5290.4668
1788450300000,2492.91,2517.17,2487.36,2516.58,13537.3054
1788451200000,2516.58,2519,2496.43,2501.02,11097.4656
1788452100000,2501.01,2501.08,2488.84,2491.85,5353.4982
1788453000000,2491.85,2497.94,2488.84,2488.99,3406.0525
1788453900000,2488.99,2496,2488.38,2494.09,2200.2595
1788454800000,2494.1,2499.44,2492.08,2499.42,2268.7575
1788455700000,2499.42,2503.25,2496.04,2499.61,3083.1511
1788456600000,2499.61,2506,2498.66,2502.02,3230.594
1788457500000,2502.02,2505.52,2499.71,2500.49,1778.5601
1788458400000,2500.49,2511.39,2499.95,2507.89,3963.3462
1788459300000,2507.9,2508.96,2499.71,2500.4,2709.0226
1788460200000,2500.4,2503.22,2498.37,2499.02,2171.6552
1788461100000,2499.02,2514.45,2499.01,2512.8,2712.1164
1788462000000,2512.8,2529.84,2508.58,2509.09,12518.0815
1788462900000,2509.09,2519,2507.19,2514.74,3822.2481
1788463800000,2514.75,2517.59,2508.36,2515.67,3144.657
1788464700000,2515.66,2518.18,2510.3,2518.18,3180.302
1788465600000,2518.18,2518.3,2506.11,2511.14,4043.114
1788466500000,2511.13,2514.36,2506.6,2510.17,3078.2673
1788467400000,2510.18,2511.35,2502.37,2503.94,2456.5338
1788468300000,2503.95,2508.71,2503.67,2505.13,1236.8018
1788469200000,2505.13,2512,2500.62,2511.78,2189.279
1788470100000,2511.77,2513.31,2506.99,2513.15,3704.11
1788471000000,2513.16,2526.19,2509,2509.01,6038.5537
1788471900000,2509.01,2516.13,2506.22,2511.19,2140.2593
1788472800000,2511.19,2512.57,2501.56,2504.26,2428.4093
1788473700000,2504.25,2506.24,2494.5,2494.68,2482.8706
1788474600000,2494.68,2496.92,2490.13,2496.91,3196.4598
1788475500000,2496.92,2501.36,2496.44,2496.54,1647.8005
1788476400000,2496.54,2499.44,2495.5,2497.13,2055.5886
1788477300000,2497.13,2502,2495.75,2501.99,1210.136
1788478200000,2501.99,2508.33,2497.88,2506.84,1434.0688
1788479100000,2506.85,2509.16,2503.31,2507.51,2311.1027
1788480000000,2507.5,2509.51,2503,2507.76,2459.3372
1788480900000,2507.76,2512.27,2505,2506.47,1986.722
1788481800000,2506.46,2515.76,2504.88,2506.39,3353.1406
1788482700000,2506.4,2508.1,2500.86,2501.48,3005.3223
1788483600000,2501.48,2507.76,2497.26,2504.11,2195.7827
1788484500000,2504.11,2509.91,2502.31,2504.62,1868.7622
1788485400000,2504.62,2508.61,2498.29,2499.56,1682.8339
1788486300000,2499.56,2507.98,2498.4,2506.79,1562.2406
1788487200000,2506.79,2506.79,2499.96,2502.62,862.3838
1788488100000,2502.63,2505.39,2497.05,2498.99,2269.6936
1788489000000,2498.99,2504.8,2497.08,2500.67,1956.5314
1788489900000,2500.67,2507.74,2499.6,2507.74,2104.4876
1788490800000,2507.74,2517.2,2507.68,2510.99,5752.9359
1788491700000,2510.99,2511.84,2507.49,2507.54,1733.3835
1788492600000,2507.54,2509.13,2505.39,2506.98,1483.2123
1788493500000,2506.98,2508.28,2505.13,2505.14,1518.699
1788494400000,2505.14,2507.44,2502.55,2507.43,2331.0698
1788495300000,2507.43,2524,2506.94,2523.57,5441.6498
1788496200000,2523.58,2525,2512.26,2512.27,3512.9358
1788497100000,2512.27,2513.67,2508.39,2509.4,2261.9967
1788498000000,2509.41,2514.35,2506.84,2511.38,2723.6551
1788498900000,2511.39,2516.56,2510.69,2511.01,2265.6431
1788499800000,2511,2512.54,2507.57,2512.53,2468.9547
1788500700000,2512.54,2514.07,2504.52,2509.25,2442.9957
1788501600000,2509.25,2519.08,2507.05,2514.89,2786.0984
1788502500000,2514.9,2514.9,2504.99,2505.61,2033.3843
1788503400000,2505.61,2509,2500.19,2509,3445.2987
1788504300000,2509,2509.04,2504.53,2508.19,1777.4485
1788505200000,2508.19,2516.5,2507.76,2515.41,4028.3976
1788506100000,2515.41,2515.83,2509.9,2511.34,2297.3983
1788507000000,2511.35,2513,2505.24,2507.16,5009.9657
1788507900000,2507.15,2508.71,2503.86,2504.39,6624.7238
1788508800000,2504.39,2513.14,2503.4,2512.93,3754.9241
1788509700000,2512.93,2517.21,2511.58,2516.71,3063.871
1788510600000,2516.71,2521.68,2514.46,2519.07,4162.6262
1788511500000,2519.07,2534.47,2516.18,2527.15,13661.2154
1788512400000,2527.16,2536.4,2525.26,2530.28,9800.4785
1788513300000,2530.28,2546.66,2519.5,2522.37,11926.5492
1788514200000,2522.37,2533.23,2520,2529.48,4816.6113
1788515100000,2529.47,2531.23,2520.77,2521.33,3588.1313
1788516000000,2521.33,2525,2516.98,2519.99,3841.7111
1788516900000,2519.99,2522.03,2514.67,2521.06,3534.3983
1788517800000,2521.07,2528.51,2519.53,2527.91,2583.2401
1788518700000,2527.92,2528.3,2522.84,2526.52,2762.1016
1788519600000,2526.52,2526.52,2520.43,2522.62,2686.231
1788520500000,2522.62,2526.9,2521.58,2525.6,3344.6287
1788521400000,2525.59,2527.89,2522.97,2525.3,4185.3415
1788522300000,2525.29,2527.78,2521.87,2523.02,2035.7776
1788523200000,2523.03,2525.7,2520.97,2524.64,5769.559
1788524100000,2524.64,2532.21,2519.61,2530.13,4086.5388
1788525000000,2530.13,2530.13,2436.07,2451.24,70175.621
1788525900000,2451.25,2458.26,2434.69,2451.24,23474.3102
1788526800000,2451.25,2454.63,2445,2446.05,9738.568
1788527700000,2446.06,2455.43,2445.03,2449.97,5880.5902
1788528600000,2449.98,2457.03,2435.38,2450.56,10140.0749
1788529500000,2450.56,2463.86,2447.72,2452.27,7710.718
1788530400000,2452.26,2458.49,2447.78,2453.95,6055.1871
1788531300000,2453.95,2456.16,2443.4,2453.81,7420.2867
1788532200000,2453.81,2458.12,2438.85,2444.2,6449.465
1788533100000,2444.21,2448.13,2431.61,2440.18,8480.8806
1788534000000,2440.19,2448.72,2437.95,2448.72,3375.3909
1788534900000,2448.73,2456.34,2448.02,2454.49,3047.7402
1788535800000,2454.5,2458.76,2452.68,2455.79,3253.2451
1788536700000,2455.79,2456.26,2450.39,2451.98,2506.7055
1788537600000,2451.98,2454.45,2450.1,2450.58,2057.9798
1788538500000,2450.57,2454.28,2450.49,2454.27,3349.0263
1788539400000,2454.27,2462.03,2454.26,2461.08,3190.4275
1788540300000,2461.09,2464.49,2459.02,2460.23,5056.9902
1788541200000,2460.24,2460.81,2451.41,2452.04,4297.918
1788542100000,2452.04,2452.24,2447.08,2447.76,4275.0218
1788543000000,2447.77,2450.21,2444.44,2447.03,4307.9028
1788543900000,2447.03,2447.27,2443.04,2445.36,3285.2486
1788544800000,2445.35,2450,2444.66,2445.19,2756.3225
1788545700000,2445.19,2449.44,2445.19,2448,2081.7118
1788546600000,2448,2452.13,2448,2451.18,2207.4799
1788547500000,2451.17,2451.5,2449.1,2450.74,1821.4553
1788548400000,2450.75,2455.3,2450.75,2454.25,2284.7159
1788549300000,2454.25,2457.75,2453.95,2457.56,2669.0168
1788550200000,2457.56,2457.56,2453.05,2454.73,2653.4642
1788551100000,2454.73,2457.32,2454,2455.84,2649.343
1788552000000,2455.85,2458.91,2453.04,2453.88,1252.8633
1788552900000,2453.88,2457.44,2452.63,2453.21,2013.9702
1788553800000,2453.2,2454.89,2452.22,2453.95,1183.3206
1788554700000,2453.96,2455.51,2450.8,2451.18,850.1788
1788555600000,2451.19,2454.7,2450.61,2453.34,1207.3152
1788556500000,2453.33,2454.91,2452.25,2452.8,1076.2441
1788557400000,2452.8,2456.79,2452.72,2456.24,2248.3725
1788558300000,2456.25,2456.84,2449.81,2451.8,2024.0872
1788559200000,2451.79,2454.57,2451.41,2452.59,1770.305
1788560100000,2452.58,2453.05,2451.03,2452.47,936.655
1788561000000,2452.47,2454.41,2452.17,2452.18,485.0163
1788561900000,2452.17,2452.48,2450.56,2451.31,619.2312
1788562800000,2451.32,2451.75,2450,2450.57,641.0874
1788563700000,2450.57,2455.02,2450.49,2453.8,907.3782
1788564600000,2453.81,2453.87,2452.69,2453.49,364.6455
1788565500000,2453.49,2456.02,2453.48,2455.85,1183.2611
1788566400000,2455.86,2456.58,2453.38,2454.61,940.6477
1788567300000,2454.61,2454.61,2452.59,2452.95,490.2787
1788568200000,2452.95,2455.86,2451.82,2454.22,951.8208
1788569100000,2454.22,2455.26,2451.69,2452.14,912.445
1788570000000,2452.15,2455.73,2451.51,2453.37,988.8159
1788570900000,2453.37,2456.21,2452.49,2456.2,942.2578
1788571800000,2456.21,2456.21,2453.36,2453.88,718.1306
1788572700000,2453.88,2454.96,2451.95,2451.95,1035.5673
1788573600000,2451.95,2452.65,2450.12,2452.03,802.2209
1788574500000,2452.04,2453.07,2450.67,2450.84,670.2546
1788575400000,2450.84,2453.12,2450.34,2453,775.9526
1788576300000,2453.01,2453.17,2450.39,2453.17,686.6455
1788577200000,2453.17,2453.17,2451.09,2452.46,602.5939
1788578100000,2452.46,2455.02,2452.09,2453.55,1061.9174
1788579000000,2453.54,2456,2453.3,2454.04,1045.9422
1788579900000,2454.05,2454.54,2452.15,2452.49,679.3447
1788580800000,2452.5,2453,2450.16,2450.97,1675.3991
1788581700000,2450.96,2452.5,2450.96,2452.33,620.9222
1788582600000,2452.34,2452.36,2450.31,2451,1283.4642
1788583500000,2451.01,2451.31,2447.9,2448.95,1632.1558
1788584400000,2448.95,2450.07,2444.47,2450,2479.197
1788585300000,2450,2450.88,2448.7,2450.88,702.0696
1788586200000,2450.87,2452.17,2450.07,2450.08,776.1714
1788587100000,2450.08,2451.8,2448.64,2450.93,881.1707
1788588000000,2450.93,2452.95,2450.44,2451.79,766.7207
1788588900000,2451.79,2451.89,2450.79,2451.14,749.0522
1788589800000,2451.13,2454.71,2451.13,2452.65,1152.5741
1788590700000,2452.65,2453.88,2452.58,2453.4,678.2704
1788591600000,2453.41,2455,2452.94,2455,1381.9284
1788592500000,2455,2458.14,2453.73,2456.87,907.5536
1788593400000,2456.87,2459.18,2456.32,2458.38,1445.776
1788594300000,2458.38,2459.33,2456.78,2457.53,1286.5818
1788595200000,2457.53,2457.6,2455,2455.1,1983.0806
1788596100000,2455.11,2457.34,2453.46,2455.54,1384.0795
1788597000000,2455.54,2455.68,2453.15,2455.38,992.9227
1788597900000,2455.38,2456.91,2453.96,2456.84,685.554
1788598800000,2456.85,2460.21,2456.83,2459.04,1299.7441
1788599700000,2459.04,2459.05,2457.65,2458.25,924.2667
1788600600000,2458.24,2460.11,2457.91,2459.99,1208.8875
1788601500000,2459.98,2460.28,2458.52,2458.55,813.9778
1788602400000,2458.54,2458.55,2457.39,2457.51,683.2458
1788603300000,2457.5,2457.52,2454.7,2454.71,1578.354
1788604200000,2454.71,2456.66,2454.71,2454.77,832.3248
